[{"frase":"mamá tengo frío ","frecuencia":1,"complejidad":{"valor":0,"pictos componentes":[{"id":628,"esSugerencia":false},{"id":49,"esSugerencia":false},{"id":177,"esSugerencia":false}]},"fecha":1569953861893},{"frase":"quiero jugar con el juguete azul ","frecuencia":1,"complejidad":{"valor":0,"pictos componentes":[{"id":44,"esSugerencia":false},{"id":34,"edad":["NINO"],"esSugerencia":false},{"id":761,"esSugerencia":false},{"id":734,"esSugerencia":false}]},"fecha":1570142097298},{"frase":"quiero jugar con el juguete azul ternera antílope pistacho cartera vos huevo frito pan blanco galleta Sopa comer pollo ","frecuencia":1,"complejidad":{"valor":0,"pictos componentes":[{"id":44,"esSugerencia":false},{"id":34,"edad":["NINO"],"esSugerencia":false},{"id":761,"esSugerencia":false},{"id":734,"esSugerencia":false},{"id":374,"esSugerencia":true},{"id":285,"esSugerencia":true},{"id":446,"esSugerencia":true},{"id":944,"esSugerencia":true},{"id":642,"esSugerencia":true},{"id":421,"esSugerencia":true},{"id":438,"esSugerencia":true},{"id":415,"esSugerencia":true},{"id":472,"esSugerencia":true},{"id":118,"esSugerencia":true},{"id":504,"esSugerencia":false}]},"fecha":1570142354138},{"frase":"Hola ¿Cómo estás? estoy aburrido ","frecuencia":2,"complejidad":{"valor":0,"pictos componentes":[{"id":377,"esSugerencia":false},{"id":378,"esSugerencia":false},{"id":22,"esSugerencia":false},{"id":119,"esSugerencia":false}]},"fecha":[1570142653918,1570816489898]},{"frase":"Hola ¿Cómo estás? estoy bien ","frecuencia":1,"complejidad":{"valor":0,"pictos componentes":[{"id":377,"esSugerencia":false},{"id":378,"esSugerencia":false},{"id":22,"esSugerencia":false},{"id":133,"esSugerencia":false}]},"fecha":1570557388681},{"frase":"","frecuencia":15,"complejidad":{"valor":0,"pictos componentes":[]},"fecha":[1570557741378,1570557743502,1570557752543,1595441456617,1595441458724,1595441502292,1595441503746,1595441503945,1595441504143,1595441505010,1595441505232,1595441506086,1595441506333,1595441507023,1595441508555]},{"frase":"yo ","frecuencia":2,"complejidad":{"valor":0,"pictos componentes":[{"id":643,"esSugerencia":false}]},"fecha":[1570573882838,1570573891002]},{"frase":"yo estoy aburrido ","frecuencia":1,"complejidad":{"valor":0,"pictos componentes":[{"id":643,"esSugerencia":false},{"id":22,"esSugerencia":false},{"id":119,"esSugerencia":false}]},"fecha":1570574084796},{"frase":"quiero ir a comer hamburguesa ","frecuencia":1,"complejidad":{"valor":0,"pictos componentes":[{"id":44,"esSugerencia":false},{"id":30,"esSugerencia":false},{"id":118,"esSugerencia":false},{"id":515,"esSugerencia":false}]},"fecha":1570574176919},{"frase":"yo estoy mas o menos goloso ","frecuencia":1,"complejidad":{"valor":0,"pictos componentes":[{"id":643,"esSugerencia":false},{"id":22,"esSugerencia":false},{"id":204,"esSugerencia":false},{"id":183,"esSugerencia":true}]},"fecha":1570574246191}]