[{"frase":"papá estoy aburrido quiero ir a casa ","frecuencia":1,"complejidad":{"valor":0,"pictos componentes":[{"id":632,"esSugerencia":false},{"id":22,"esSugerencia":false},{"id":119,"esSugerencia":false},{"id":44,"esSugerencia":false},{"id":30,"esSugerencia":false},{"id":653,"esSugerencia":false}]},"fecha":1583692054464},{"frase":"Hola Buen día ","frecuencia":2,"complejidad":{"valor":0,"pictos componentes":[{"id":377,"esSugerencia":false},{"id":379,"horario":["MANANA"],"esSugerencia":false,"hora":["MANANA"]}]},"fecha":[1583692084344,1584151296395]},{"frase":"Hola Buen día quiero ir a hospital ","frecuencia":1,"complejidad":{"valor":0,"pictos componentes":[{"id":377,"esSugerencia":false},{"id":379,"horario":["MANANA"],"esSugerencia":false,"hora":["MANANA"]},{"id":44,"esSugerencia":false},{"id":30,"esSugerencia":false},{"id":668,"esSugerencia":false}]},"fecha":1583692098544},{"frase":"Hola Buen día quiero comer ","frecuencia":5,"complejidad":{"valor":0,"pictos componentes":[]},"fecha":[1583803486809,1583803489848,1583803492757,1583803500719,1583803506731]},{"frase":"Hola Buen día estoy ","frecuencia":1,"complejidad":{"valor":0,"pictos componentes":[{"id":377,"esSugerencia":false},{"id":379,"horario":["MANANA"],"esSugerencia":false,"hora":["MANANA"]},{"id":22,"esSugerencia":false}]},"fecha":1583803594955},{"frase":"Hola Buen día estoy bien ","frecuencia":4,"complejidad":{"valor":0,"pictos componentes":[{"id":377,"esSugerencia":false},{"id":379,"horario":["MANANA"],"esSugerencia":false,"hora":["MANANA"]},{"id":22,"esSugerencia":false},{"id":133,"esSugerencia":false}]},"fecha":[1583803599869,1583803602398,1583803604527,1583803606780]},{"frase":"Hola ¿Cómo estás? tengo frío ","frecuencia":3,"complejidad":{"valor":0,"pictos componentes":[{"id":377,"esSugerencia":false},{"id":378,"esSugerencia":false},{"id":49,"esSugerencia":false},{"id":177,"esSugerencia":false}]},"fecha":[1583843465553,1583843472970,1583843476565]},{"frase":"mamá ","frecuencia":1,"complejidad":{"valor":0,"pictos componentes":[{"id":628,"esSugerencia":false}]},"fecha":1583843572855},{"frase":"Hola ¿Cómo estás? quiero comer ","frecuencia":1,"complejidad":{"valor":0,"pictos componentes":[]},"fecha":1583969672431},{"frase":"Hola ¿Cómo estás? quiero comer pollo ","frecuencia":1,"complejidad":{"valor":0,"pictos componentes":[]},"fecha":1583969681931},{"frase":"Hola ¿Cómo estás? ","frecuencia":1,"complejidad":{"valor":0,"pictos componentes":[{"id":377,"esSugerencia":false},{"id":378,"esSugerencia":false}]},"fecha":1584023196447},{"frase":"Hola Buen día tengo hambre ","frecuencia":5,"complejidad":{"valor":0,"pictos componentes":[]},"fecha":[1584151052796,1584151138994,1584151140767,1584151147099,1584151149677]},{"frase":"yo tengo hambre ","frecuencia":15,"complejidad":{"valor":0,"pictos componentes":[{"id":643,"esSugerencia":false},{"id":49,"esSugerencia":false},{"id":597,"esSugerencia":false}]},"fecha":[1584151174119,1584151175409,1584151176651,1584151177825,1584151179028,1584151180139,1584151181463,1584151182795,1584151184890,1584151186006,1584151187314,1584151188473,1584151189958,1584151191218,1584151196913]},{"frase":"Hola Buen día quiero ","frecuencia":1,"complejidad":{"valor":0,"pictos componentes":[{"id":377,"esSugerencia":false},{"id":379,"horario":["MANANA"],"esSugerencia":false,"hora":["MANANA"]},{"id":44,"esSugerencia":false}]},"fecha":1584151303938},{"frase":"Hola Buen día quiero buscar comida ","frecuencia":2,"complejidad":{"valor":0,"pictos componentes":[{"id":377,"esSugerencia":false},{"id":379,"horario":["MANANA"],"esSugerencia":false,"hora":["MANANA"]},{"id":44,"esSugerencia":false},{"id":5,"esSugerencia":false},{"id":1014,"esSugerencia":false}]},"fecha":[1584151310659,1584151314868]},{"frase":"Hola Buen día quiero buscar colores ","frecuencia":2,"complejidad":{"valor":0,"pictos componentes":[{"id":377,"esSugerencia":false},{"id":379,"horario":["MANANA"],"esSugerencia":false,"hora":["MANANA"]},{"id":44,"esSugerencia":false},{"id":5,"esSugerencia":false},{"id":737,"esSugerencia":false}]},"fecha":[1584151322379,1584151326503]},{"frase":"","frecuencia":2,"complejidad":{"valor":0,"pictos componentes":[]},"fecha":[1595104540239,1595104543532]},{"frase":"Hola pato ","frecuencia":3,"complejidad":{"valor":0,"pictos componentes":[{"id":377,"esSugerencia":false},{"id":337}]},"fecha":[1595104591997,1595104624240,1595104627349]},{"frase":"papá quiero ir a un supermercado ","frecuencia":2,"complejidad":{"valor":0,"pictos componentes":[{"id":632,"esSugerencia":false},{"id":44,"esSugerencia":false},{"id":30,"esSugerencia":false},{"id":688,"esSugerencia":false}]},"fecha":[1595104658680,1595104664751]},{"frase":"papá quiero ir a un supermercado aceite ","frecuencia":1,"complejidad":{"valor":0,"pictos componentes":[{"id":632,"esSugerencia":false},{"id":44,"esSugerencia":false},{"id":30,"esSugerencia":false},{"id":688,"esSugerencia":false},{"id":487}]},"fecha":1595104880387},{"frase":"Hola Buen día quiero jugar con la pelota ","frecuencia":1,"complejidad":{"valor":0,"pictos componentes":[{"id":377,"esSugerencia":false},{"id":379,"horario":["MANANA"],"esSugerencia":false,"hora":["MANANA"]},{"id":44,"esSugerencia":false},{"id":34,"edad":["NINO"],"esSugerencia":false},{"id":996,"esSugerencia":false}]},"fecha":1595104919089},{"frase":"Hola Buen día quiero jugar con la pelota blanco ","frecuencia":1,"complejidad":{"valor":0,"pictos componentes":[{"id":377,"esSugerencia":false},{"id":379,"horario":["MANANA"],"esSugerencia":false,"hora":["MANANA"]},{"id":44,"esSugerencia":false},{"id":34,"edad":["NINO"],"esSugerencia":false},{"id":996,"esSugerencia":false},{"id":736,"esSugerencia":false}]},"fecha":1595104927052}]