[{"frase":"","frecuencia":6,"complejidad":{"valor":0,"pictos componentes":[]},"fecha":[1571435168173,1571435173584,1571435581246,1571436417490,1572043748487,1573252272311]},{"frase":"quiero jugar con la tablet ","frecuencia":1,"complejidad":{"valor":0,"pictos componentes":[{"id":44,"esSugerencia":false},{"id":34,"edad":["NINO"],"esSugerencia":false},{"id":774,"esSugerencia":true}]},"fecha":1571435207359},{"frase":"No no me gusta eructo ","frecuencia":1,"complejidad":{"valor":0,"pictos componentes":[{"id":389,"esSugerencia":false},{"id":907,"esSugerencia":true},{"id":1033}]},"fecha":1571435493710},{"frase":"Hola ","frecuencia":2,"complejidad":{"valor":0,"pictos componentes":[{"id":377,"esSugerencia":false}]},"fecha":[1571435596826,1571435599517]},{"frase":"Hola Buenas tardes ","frecuencia":1,"complejidad":{"valor":0,"pictos componentes":[{"id":377,"esSugerencia":false},{"id":380,"horario":["MEDIODIA","TARDE"],"esSugerencia":false}]},"fecha":1571435602855},{"frase":"Hola Buenas tardes quiero ir a casa ","frecuencia":5,"complejidad":{"valor":0,"pictos componentes":[{"id":377,"esSugerencia":false},{"id":380,"horario":["MEDIODIA","TARDE"],"esSugerencia":false},{"id":44,"esSugerencia":false},{"id":30,"esSugerencia":false},{"id":653,"esSugerencia":false}]},"fecha":[1571435613160,1571435622111,1571435625871,1571435628727,1571435633386]},{"frase":"Hola Buenas tardes quiero ir a casa café gambas ","frecuencia":1,"complejidad":{"valor":0,"pictos componentes":[{"id":377,"esSugerencia":false},{"id":380,"horario":["MEDIODIA","TARDE"],"esSugerencia":false},{"id":44,"esSugerencia":false},{"id":30,"esSugerencia":false},{"id":653,"esSugerencia":false},{"id":496,"esSugerencia":true},{"id":416,"esSugerencia":true}]},"fecha":1571435636911},{"frase":"quiero apagar ","frecuencia":1,"complejidad":{"valor":0,"pictos componentes":[{"id":44,"esSugerencia":false},{"id":2,"esSugerencia":false}]},"fecha":1571435650779},{"frase":"quiero apagar la radio ","frecuencia":1,"complejidad":{"valor":0,"pictos componentes":[{"id":44,"esSugerencia":false},{"id":2,"esSugerencia":false},{"id":1019,"esSugerencia":false}]},"fecha":1571435654631},{"frase":"quiero apagar la radio la bateria asustado ","frecuencia":1,"complejidad":{"valor":0,"pictos componentes":[{"id":44,"esSugerencia":false},{"id":2,"esSugerencia":false},{"id":1019,"esSugerencia":false},{"id":849,"esSugerencia":true},{"id":121,"esSugerencia":true}]},"fecha":1571435660558},{"frase":"quiero jugar con la pelota ","frecuencia":5,"complejidad":{"valor":0,"pictos componentes":[{"id":44,"esSugerencia":false},{"id":34,"edad":["NINO"],"esSugerencia":false},{"id":996,"esSugerencia":false}]},"fecha":[1571435673002,1571435676563,1571435684042,1571435751484,1571435764814]},{"frase":"quiero jugar con la pelota violeta tocar la guitarra ","frecuencia":1,"complejidad":{"valor":0,"pictos componentes":[{"id":44,"esSugerencia":false},{"id":34,"edad":["NINO"],"esSugerencia":false},{"id":996,"esSugerencia":false},{"id":748,"esSugerencia":false},{"id":50,"esSugerencia":true}]},"fecha":1571435696853},{"frase":"yo estoy Cansado ","frecuencia":1,"complejidad":{"valor":0,"pictos componentes":[{"id":643,"esSugerencia":false},{"id":22,"esSugerencia":false},{"id":137,"esSugerencia":true}]},"fecha":1571435730190},{"frase":"quiero jugar con la pelota blanco azul rosa ","frecuencia":2,"complejidad":{"valor":0,"pictos componentes":[{"id":44,"esSugerencia":false},{"id":34,"edad":["NINO"],"esSugerencia":false},{"id":996,"esSugerencia":false},{"id":736,"esSugerencia":false},{"id":734,"esSugerencia":true},{"id":747,"esSugerencia":true}]},"fecha":[1571435787192,1571435827864]},{"frase":"quiero jugar con la pelota blanco azul rosa blanco blanco blanco azul rosa rojo ¿Qué color es? ","frecuencia":1,"complejidad":{"valor":0,"pictos componentes":[{"id":44,"esSugerencia":false},{"id":34,"edad":["NINO"],"esSugerencia":false},{"id":996,"esSugerencia":false},{"id":736,"esSugerencia":false},{"id":734,"esSugerencia":true},{"id":747,"esSugerencia":true},{"id":736,"esSugerencia":true},{"id":736,"esSugerencia":true},{"id":736,"esSugerencia":false},{"id":734,"esSugerencia":false},{"id":747,"esSugerencia":false},{"id":746,"esSugerencia":true},{"id":745,"esSugerencia":true}]},"fecha":1571435812471},{"frase":"yo quiero comer galleta ","frecuencia":5,"complejidad":{"valor":0,"pictos componentes":[{"id":643,"esSugerencia":false},{"id":44,"esSugerencia":false},{"id":118,"esSugerencia":false},{"id":415,"esSugerencia":true}]},"fecha":[1571435878121,1571435883981,1571435885802,1571435887871,1571435889693]},{"frase":"No compró ","frecuencia":2,"complejidad":{"valor":0,"pictos componentes":[{"id":389,"esSugerencia":false},{"id":1034}]},"fecha":[1571436244596,1571436279366]},{"frase":"No compró galleta ","frecuencia":1,"complejidad":{"valor":0,"pictos componentes":[{"id":389,"esSugerencia":false},{"id":1034},{"id":415,"esSugerencia":true}]},"fecha":1571436297749},{"frase":"No compró galleta papá ","frecuencia":2,"complejidad":{"valor":0,"pictos componentes":[{"id":389,"esSugerencia":false},{"id":1034},{"id":415,"esSugerencia":true},{"id":632,"esSugerencia":false}]},"fecha":[1571436303730,1571436311933]},{"frase":"No compró galleta papá estoy ","frecuencia":1,"complejidad":{"valor":0,"pictos componentes":[{"id":389,"esSugerencia":false},{"id":1034},{"id":415,"esSugerencia":true},{"id":632,"esSugerencia":false},{"id":22,"esSugerencia":false}]},"fecha":1571436320572},{"frase":"No compró galleta papá estoy tríste ","frecuencia":1,"complejidad":{"valor":0,"pictos componentes":[{"id":389,"esSugerencia":false},{"id":1034},{"id":415,"esSugerencia":true},{"id":632,"esSugerencia":false},{"id":22,"esSugerencia":false},{"id":272,"esSugerencia":false}]},"fecha":1571436326945},{"frase":"No ","frecuencia":3,"complejidad":{"valor":0,"pictos componentes":[{"id":389,"esSugerencia":false}]},"fecha":[1571436423196,1571436425908,1571436987330]},{"frase":"No tirar el pelo ","frecuencia":5,"complejidad":{"valor":0,"pictos componentes":[{"id":389,"esSugerencia":false},{"id":1035}]},"fecha":[1571437012312,1571437016398,1571437019758,1571437030660,1571437045483]},{"frase":"No tirar el pelo mamá ","frecuencia":1,"complejidad":{"valor":0,"pictos componentes":[{"id":389,"esSugerencia":false},{"id":1035},{"id":628,"esSugerencia":false}]},"fecha":1571437052591},{"frase":"No tirar el pelo mamá estoy enojado ","frecuencia":3,"complejidad":{"valor":0,"pictos componentes":[{"id":389,"esSugerencia":false},{"id":1035},{"id":628,"esSugerencia":false},{"id":22,"esSugerencia":false},{"id":167,"esSugerencia":true}]},"fecha":[1571437073084,1571437081051,1571437094779]},{"frase":"papá No ","frecuencia":2,"complejidad":{"valor":0,"pictos componentes":[{"id":632,"esSugerencia":false},{"id":389,"esSugerencia":true}]},"fecha":[1571437145772,1571437148410]},{"frase":"dolor mano ","frecuencia":2,"complejidad":{"valor":0,"pictos componentes":[{"id":821},{"id":786}]},"fecha":[1571437263852,1571437270349]},{"frase":"búho ","frecuencia":2,"complejidad":{"valor":0,"pictos componentes":[{"id":291}]},"fecha":[1571437361864,1571437363488]},{"frase":"banana ","frecuencia":1,"complejidad":{"valor":0,"pictos componentes":[{"id":473,"esSugerencia":true}]},"fecha":1571437442858},{"frase":"samuel ","frecuencia":5,"complejidad":{"valor":0,"pictos componentes":[{"id":1036}]},"fecha":[1571438098113,1572042326910,1572042340695,1573250383005,1573250389902]},{"frase":"samuel quiero ir a casa ","frecuencia":2,"complejidad":{"valor":0,"pictos componentes":[{"id":1036},{"id":44,"esSugerencia":false},{"id":30,"esSugerencia":false},{"id":653,"esSugerencia":false}]},"fecha":[1571438104812,1571438113009]},{"frase":"samuel quiero ir a casa ayuda dedos moco divertido ","frecuencia":2,"complejidad":{"valor":0,"pictos componentes":[{"id":1036},{"id":44,"esSugerencia":false},{"id":30,"esSugerencia":false},{"id":653,"esSugerencia":false},{"id":703,"esSugerencia":true},{"id":782,"esSugerencia":true},{"id":787,"esSugerencia":true},{"id":161,"esSugerencia":true}]},"fecha":[1571438122094,1571438129361]},{"frase":"samuel quiero ir a casa amigos primavera escuchar música cantar ","frecuencia":1,"complejidad":{"valor":0,"pictos componentes":[{"id":1036},{"id":44,"esSugerencia":false},{"id":30,"esSugerencia":false},{"id":653,"esSugerencia":false},{"id":615,"esSugerencia":true},{"id":817,"esSugerencia":true},{"id":20,"esSugerencia":true},{"id":6,"esSugerencia":true}]},"fecha":1571438150560},{"frase":"samuel quiero ir a casa amigos primavera escuchar música cantar apagar la radio la bateria asustado asustado sentimientos ","frecuencia":1,"complejidad":{"valor":0,"pictos componentes":[{"id":1036},{"id":44,"esSugerencia":false},{"id":30,"esSugerencia":false},{"id":653,"esSugerencia":false},{"id":615,"esSugerencia":true},{"id":817,"esSugerencia":true},{"id":20,"esSugerencia":true},{"id":6,"esSugerencia":true},{"id":2,"esSugerencia":true},{"id":1019,"esSugerencia":false},{"id":849,"esSugerencia":false},{"id":121,"esSugerencia":false},{"id":121,"esSugerencia":true},{"id":722,"esSugerencia":true}]},"fecha":1571438157103},{"frase":"samuel quiero ir a la plaza ","frecuencia":1,"complejidad":{"valor":0,"pictos componentes":[{"id":1036},{"id":44,"esSugerencia":false},{"id":30,"esSugerencia":false},{"id":682,"esSugerencia":false}]},"fecha":1571438176261},{"frase":"samuel quiero ir a la plaza Me encantaría ","frecuencia":1,"complejidad":{"valor":0,"pictos componentes":[{"id":1036},{"id":44,"esSugerencia":false},{"id":30,"esSugerencia":false},{"id":682,"esSugerencia":false},{"id":390,"esSugerencia":true}]},"fecha":1571438184077},{"frase":"mamá tomar helado ","frecuencia":2,"complejidad":{"valor":0,"pictos componentes":[{"id":628,"esSugerencia":false},{"id":51,"esSugerencia":true},{"id":486,"esSugerencia":false}]},"fecha":[1572042130185,1572042139600]},{"frase":"mamá tomar helado tomar leche ","frecuencia":1,"complejidad":{"valor":0,"pictos componentes":[{"id":628,"esSugerencia":false},{"id":51,"esSugerencia":true},{"id":486,"esSugerencia":false},{"id":51,"esSugerencia":true},{"id":495,"esSugerencia":false}]},"fecha":1572042170353},{"frase":"mamá tomar helado pizzería tienda de música ","frecuencia":1,"complejidad":{"valor":0,"pictos componentes":[{"id":628,"esSugerencia":false},{"id":51,"esSugerencia":true},{"id":486,"esSugerencia":false},{"id":679,"esSugerencia":true},{"id":695,"esSugerencia":true}]},"fecha":1572042182624},{"frase":"papá ","frecuencia":1,"complejidad":{"valor":0,"pictos componentes":[{"id":632,"esSugerencia":false}]},"fecha":1572042209204},{"frase":"papá comer pollo ","frecuencia":1,"complejidad":{"valor":0,"pictos componentes":[{"id":632,"esSugerencia":false},{"id":118,"esSugerencia":true},{"id":504,"esSugerencia":false}]},"fecha":1572042231509},{"frase":"papá comer hamburguesa ","frecuencia":2,"complejidad":{"valor":0,"pictos componentes":[{"id":632,"esSugerencia":false},{"id":118,"esSugerencia":true},{"id":515,"esSugerencia":false}]},"fecha":[1572042255615,1572042262470]},{"frase":"papá comer banana ","frecuencia":2,"complejidad":{"valor":0,"pictos componentes":[{"id":632,"esSugerencia":false},{"id":118,"esSugerencia":true},{"id":473,"esSugerencia":true}]},"fecha":[1572042283247,1572042286772]},{"frase":"samuel Hola ","frecuencia":1,"complejidad":{"valor":0,"pictos componentes":[{"id":1036},{"id":377,"esSugerencia":false}]},"fecha":1572042333781},{"frase":"samuel llamar a alguien papá ","frecuencia":1,"complejidad":{"valor":0,"pictos componentes":[{"id":1036},{"id":33},{"id":632,"esSugerencia":false}]},"fecha":1572042384329},{"frase":"samuel casa ","frecuencia":1,"complejidad":{"valor":0,"pictos componentes":[{"id":1036},{"id":653,"esSugerencia":false}]},"fecha":1572042444096},{"frase":"samuel cambiarme el pañal ","frecuencia":1,"complejidad":{"valor":0,"pictos componentes":[{"id":1036},{"id":9}]},"fecha":1572042513823},{"frase":"samuel quiero galleta ","frecuencia":1,"complejidad":{"valor":0,"pictos componentes":[{"id":1036},{"id":44,"esSugerencia":false},{"id":415,"esSugerencia":false}]},"fecha":1572042722197},{"frase":"samuel Adiós ","frecuencia":4,"complejidad":{"valor":0,"pictos componentes":[{"id":1036},{"id":382}]},"fecha":[1572043886125,1572043892571,1572043906173,1572043917338]},{"frase":"samuel ventilador ","frecuencia":1,"complejidad":{"valor":0,"pictos componentes":[{"id":1036,"esSugerencia":false},{"id":1037}]},"fecha":1573250509717},{"frase":"samuel quiero leche ","frecuencia":1,"complejidad":{"valor":0,"pictos componentes":[{"id":1036,"esSugerencia":false},{"id":44,"esSugerencia":false},{"id":495,"esSugerencia":true}]},"fecha":1573250527093},{"frase":"samuel quiero ventilador ","frecuencia":5,"complejidad":{"valor":0,"pictos componentes":[{"id":1036,"esSugerencia":false},{"id":44,"esSugerencia":false},{"id":1037}]},"fecha":[1573250564863,1573250582963,1573250590366,1573250603098,1573250657041]},{"frase":"yo quiero ventilador ","frecuencia":12,"complejidad":{"valor":0,"pictos componentes":[{"id":643,"esSugerencia":false},{"id":44,"esSugerencia":false},{"id":1037,"esSugerencia":false}]},"fecha":[1573250717493,1573250727145,1573250743538,1573250764457,1573250774682,1573250783251,1573250791373,1573250824311,1573250866767,1573250897111,1573250930123,1573250972503]},{"frase":"yo ","frecuencia":2,"complejidad":{"valor":0,"pictos componentes":[{"id":643,"esSugerencia":false}]},"fecha":[1573251006304,1573252401184]},{"frase":"yo No quiero ventilador ","frecuencia":2,"complejidad":{"valor":0,"pictos componentes":[{"id":643,"esSugerencia":false},{"id":389,"esSugerencia":true},{"id":44,"esSugerencia":false},{"id":1037,"esSugerencia":false}]},"fecha":[1573251045709,1573251048176]},{"frase":"yo quiero jugar con papá ","frecuencia":2,"complejidad":{"valor":0,"pictos componentes":[{"id":643,"esSugerencia":false},{"id":44,"esSugerencia":false},{"id":34,"edad":["NINO"],"esSugerencia":false},{"id":632,"esSugerencia":false}]},"fecha":[1573251399877,1573252425017]},{"frase":"yo quiero jugar con ","frecuencia":1,"complejidad":{"valor":0,"pictos componentes":[{"id":643,"esSugerencia":false},{"id":44,"esSugerencia":false},{"id":34,"edad":["NINO"],"esSugerencia":false}]},"fecha":1573252417999},{"frase":"yo quiero ir a comer pollo huevo frito y tomar ","frecuencia":1,"complejidad":{"valor":0,"pictos componentes":[{"id":643,"esSugerencia":false},{"id":44,"esSugerencia":false},{"id":30,"esSugerencia":false},{"id":118,"esSugerencia":false},{"id":504,"esSugerencia":false},{"id":421,"esSugerencia":true},{"id":923,"esSugerencia":true},{"id":51,"esSugerencia":true}]},"fecha":1573252443822},{"frase":"yo quiero ir a comer pollo huevo frito ","frecuencia":1,"complejidad":{"valor":0,"pictos componentes":[{"id":643,"esSugerencia":false},{"id":44,"esSugerencia":false},{"id":30,"esSugerencia":false},{"id":118,"esSugerencia":false},{"id":504,"esSugerencia":false},{"id":421,"esSugerencia":true}]},"fecha":1573252457557},{"frase":"yo quiero ir a comer hamburguesa ","frecuencia":1,"complejidad":{"valor":0,"pictos componentes":[{"id":643,"esSugerencia":false},{"id":44,"esSugerencia":false},{"id":30,"esSugerencia":false},{"id":118,"esSugerencia":false},{"id":515,"esSugerencia":false}]},"fecha":1573252471419}]