[{"frase":"Hola Buenas tardes ","frecuencia":2,"complejidad":{"valor":0,"pictos componentes":[{"id":377},{"id":380,"horario":["MEDIODIA","TARDE"]}]},"fecha":[1534725069,1568913367582]},{"frase":"Hola ","frecuencia":6,"complejidad":{"valor":0,"pictos componentes":[{"id":377}]},"fecha":[1534736387,1534736437,1534736454,1541037433,1568913353995,1568913363766]},{"frase":"Hola Buenas tardes tengo frío ","frecuencia":2,"complejidad":{"valor":0,"pictos componentes":[{"id":377},{"id":380,"horario":["MEDIODIA","TARDE"]},{"id":49},{"id":177}]},"fecha":[1534736471,1534736515]},{"frase":"Hola Buenas tardes estoy bien ","frecuencia":2,"complejidad":{"valor":0,"pictos componentes":[{"id":377},{"id":380,"horario":["MEDIODIA","TARDE"]},{"id":22},{"id":133}]},"fecha":[1535502348,1535502394]},{"frase":"Hola ¿Cómo estás? estoy aburrido ","frecuencia":2,"complejidad":{"valor":0,"pictos componentes":[{"id":377},{"id":378},{"id":22},{"id":119}]},"fecha":[1535926567,1535926578]},{"frase":"Hola tengo hambre ","frecuencia":2,"complejidad":{"valor":0,"pictos componentes":[{"id":377},{"id":49},{"id":597}]},"fecha":[1541037446,1541037522]},{"frase":"Hola Buen día tengo frío frío frío ","frecuencia":1,"complejidad":{"valor":0,"pictos componentes":[{"id":377,"esSugerencia":false},{"id":379,"horario":["MANANA"],"esSugerencia":false},{"id":49,"esSugerencia":false},{"id":177,"esSugerencia":false},{"id":177,"esSugerencia":true},{"id":177,"esSugerencia":false}]},"fecha":1559387944788},{"frase":"Hola ¿Cómo estás? quiero ir a comer pollo ","frecuencia":1,"complejidad":{"valor":0,"pictos componentes":[{"id":377,"esSugerencia":false},{"id":378,"esSugerencia":false},{"id":44,"esSugerencia":false},{"id":30,"esSugerencia":false},{"id":118,"esSugerencia":false},{"id":504,"esSugerencia":false}]},"fecha":1559388009094}]