[{"frase":"quiero ir a ","frecuencia":4,"complejidad":{"valor":0,"pictos componentes":[{"id":44,"esSugerencia":false},{"id":30,"esSugerencia":false}]},"fecha":[1551216944064,1551216946792,1551216977782,1551217165420]},{"frase":"quiero ir a un supermercado ","frecuencia":2,"complejidad":{"valor":0,"pictos componentes":[{"id":44,"esSugerencia":false},{"id":30,"esSugerencia":false},{"id":688,"esSugerencia":false}]},"fecha":[1551216953832,1551216972242]},{"frase":"quiero ir a un supermercado galleta ","frecuencia":2,"complejidad":{"valor":0,"pictos componentes":[{"id":44,"esSugerencia":false},{"id":30,"esSugerencia":false},{"id":688,"esSugerencia":false},{"id":415,"esSugerencia":true}]},"fecha":[1551216959288,1551216966663]},{"frase":"quiero ir a comer ","frecuencia":5,"complejidad":{"valor":0,"pictos componentes":[{"id":44,"esSugerencia":false},{"id":30,"esSugerencia":false},{"id":118,"esSugerencia":false}]},"fecha":[1551216983165,1551217088382,1551217154305,1551217156186,1551217159466]},{"frase":"quiero ir a comer pollo ","frecuencia":1,"complejidad":{"valor":0,"pictos componentes":[{"id":44,"esSugerencia":false},{"id":30,"esSugerencia":false},{"id":118,"esSugerencia":false},{"id":504,"esSugerencia":false}]},"fecha":1551217093801},{"frase":"quiero ir a comer pollo flan ","frecuencia":2,"complejidad":{"valor":0,"pictos componentes":[{"id":44,"esSugerencia":false},{"id":30,"esSugerencia":false},{"id":118,"esSugerencia":false},{"id":504,"esSugerencia":false},{"id":412,"esSugerencia":true}]},"fecha":[1551217108168,1551217111199]},{"frase":"quiero ","frecuencia":3,"complejidad":{"valor":0,"pictos componentes":[{"id":44,"esSugerencia":false}]},"fecha":[1551217173135,1551217181788,1551281367129]},{"frase":"mamá ¿Cómo estás? ","frecuencia":3,"complejidad":{"valor":0,"pictos componentes":[{"id":628,"esSugerencia":false},{"id":378,"esSugerencia":false}]},"fecha":[1551217198437,1551217201040,1551217207174]},{"frase":"yo estoy mal ","frecuencia":3,"complejidad":{"valor":0,"pictos componentes":[{"id":643,"esSugerencia":false},{"id":22,"esSugerencia":false},{"id":205,"esSugerencia":false}]},"fecha":[1551217258827,1551788239704,1551788272447]},{"frase":"Hola Buenas tardes quiero jugar con ","frecuencia":2,"complejidad":{"valor":0,"pictos componentes":[{"id":377,"esSugerencia":false},{"id":380,"horario":["MEDIODIA","TARDE"],"esSugerencia":false},{"id":44,"esSugerencia":false},{"id":34,"edad":["NINO"],"esSugerencia":false}]},"fecha":[1551254592095,1551254597724]},{"frase":"Hola Buenas tardes quiero ","frecuencia":1,"complejidad":{"valor":0,"pictos componentes":[{"id":377,"esSugerencia":false},{"id":380,"horario":["MEDIODIA","TARDE"],"esSugerencia":false},{"id":44,"esSugerencia":false}]},"fecha":1551254603537},{"frase":"Hola Buenas tardes ","frecuencia":2,"complejidad":{"valor":0,"pictos componentes":[{"id":377,"esSugerencia":false},{"id":380,"horario":["MEDIODIA","TARDE"],"esSugerencia":false}]},"fecha":[1551254605518,1551286520983]},{"frase":"Hola Buen día ","frecuencia":8,"complejidad":{"valor":0,"pictos componentes":[{"id":377,"esSugerencia":false},{"id":379,"horario":["MANANA"],"esSugerencia":false}]},"fecha":[1551254710832,1551254722686,1551254727021,1551254747737,1551254750901,1551254754657,1551254760603,1551254768216]},{"frase":"Hola Buen día ¿Cómo estás? tengo ","frecuencia":4,"complejidad":{"valor":0,"pictos componentes":[{"id":377,"esSugerencia":false},{"id":379,"horario":["MANANA"],"esSugerencia":false},{"id":378,"esSugerencia":true},{"id":49,"esSugerencia":false}]},"fecha":[1551254791627,1551254798953,1551254803391,1551254810758]},{"frase":"Hola Buen día ¿Cómo estás? ","frecuencia":4,"complejidad":{"valor":0,"pictos componentes":[{"id":377,"esSugerencia":false},{"id":379,"horario":["MANANA"],"esSugerencia":false},{"id":378,"esSugerencia":true}]},"fecha":[1551254815096,1551254819205,1551254832185,1551254887548]},{"frase":"quiero jugar con amigos ","frecuencia":5,"complejidad":{"valor":0,"pictos componentes":[{"id":44,"esSugerencia":false},{"id":34,"edad":["NINO"],"esSugerencia":false},{"id":615,"esSugerencia":false}]},"fecha":[1551281229582,1551281242637,1551281271501,1551281274381,1551281276529]},{"frase":"quiero jugar con amigos ¿Qué color es? asustado ","frecuencia":2,"complejidad":{"valor":0,"pictos componentes":[{"id":44,"esSugerencia":false},{"id":34,"edad":["NINO"],"esSugerencia":false},{"id":615,"esSugerencia":false},{"id":745,"esSugerencia":true},{"id":121,"esSugerencia":true}]},"fecha":[1551281283351,1551281291894]},{"frase":"quiero jugar con amigos ¿Qué color es? ","frecuencia":1,"complejidad":{"valor":0,"pictos componentes":[{"id":44,"esSugerencia":false},{"id":34,"edad":["NINO"],"esSugerencia":false},{"id":615,"esSugerencia":false},{"id":745,"esSugerencia":true}]},"fecha":1551281298527},{"frase":"quiero jugar con ","frecuencia":3,"complejidad":{"valor":0,"pictos componentes":[{"id":44,"esSugerencia":false},{"id":34,"edad":["NINO"],"esSugerencia":false}]},"fecha":[1551281315725,1551281362931,1551281365411]},{"frase":"quiero jugar con la pelota ","frecuencia":4,"complejidad":{"valor":0,"pictos componentes":[{"id":44,"esSugerencia":false},{"id":34,"edad":["NINO"],"esSugerencia":false},{"id":996,"esSugerencia":false}]},"fecha":[1551281323361,1551281325357,1551281327860,1551281330589]},{"frase":"quiero jugar con la pelota colores ¿Qué color es? ","frecuencia":1,"complejidad":{"valor":0,"pictos componentes":[{"id":44,"esSugerencia":false},{"id":34,"edad":["NINO"],"esSugerencia":false},{"id":996,"esSugerencia":false},{"id":737,"esSugerencia":false},{"id":745,"esSugerencia":true}]},"fecha":1551281338345},{"frase":"quiero jugar con la pelota colores ¿Qué color es? asustado ","frecuencia":1,"complejidad":{"valor":0,"pictos componentes":[{"id":44,"esSugerencia":false},{"id":34,"edad":["NINO"],"esSugerencia":false},{"id":996,"esSugerencia":false},{"id":737,"esSugerencia":false},{"id":745,"esSugerencia":true},{"id":121,"esSugerencia":false}]},"fecha":1551281344718},{"frase":"quiero jugar con la pelota colores ¿Qué color es? asustado ácido jóven ","frecuencia":1,"complejidad":{"valor":0,"pictos componentes":[{"id":44,"esSugerencia":false},{"id":34,"edad":["NINO"],"esSugerencia":false},{"id":996,"esSugerencia":false},{"id":737,"esSugerencia":false},{"id":745,"esSugerencia":true},{"id":121,"esSugerencia":false},{"id":122,"esSugerencia":true},{"id":195,"esSugerencia":true}]},"fecha":1551281350938},{"frase":"quiero jugar con la pelota colores ¿Qué color es? asustado ácido jóven águila ","frecuencia":1,"complejidad":{"valor":0,"pictos componentes":[{"id":44,"esSugerencia":false},{"id":34,"edad":["NINO"],"esSugerencia":false},{"id":996,"esSugerencia":false},{"id":737,"esSugerencia":false},{"id":745,"esSugerencia":true},{"id":121,"esSugerencia":false},{"id":122,"esSugerencia":true},{"id":195,"esSugerencia":true},{"id":284,"esSugerencia":true}]},"fecha":1551281357070},{"frase":"","frecuencia":1,"complejidad":{"valor":0,"pictos componentes":[]},"fecha":1551286496209},{"frase":"Hola ","frecuencia":8,"complejidad":{"valor":0,"pictos componentes":[{"id":377,"esSugerencia":false}]},"fecha":[1551286505776,1551286511053,1551286512735,1551286516560,1551286557154,1551286564861,1551286566162,1551286567604]},{"frase":"Hola Buenas tardes tengo frío ","frecuencia":2,"complejidad":{"valor":0,"pictos componentes":[{"id":377,"esSugerencia":false},{"id":380,"horario":["MEDIODIA","TARDE"],"esSugerencia":false},{"id":49,"esSugerencia":false},{"id":177,"esSugerencia":false}]},"fecha":[1551286529516,1551286534205]},{"frase":"Hola Buenas tardes tengo frío mamá ","frecuencia":1,"complejidad":{"valor":0,"pictos componentes":[{"id":377,"esSugerencia":false},{"id":380,"horario":["MEDIODIA","TARDE"],"esSugerencia":false},{"id":49,"esSugerencia":false},{"id":177,"esSugerencia":false},{"id":628,"esSugerencia":true}]},"fecha":1551286537434},{"frase":"Hola ¿Cómo estás? ","frecuencia":4,"complejidad":{"valor":0,"pictos componentes":[{"id":377,"esSugerencia":false},{"id":378,"esSugerencia":false}]},"fecha":[1551286595736,1551286597396,1551286599312,1551286602255]},{"frase":"Hola ¿Cómo estás? estoy mal ","frecuencia":3,"complejidad":{"valor":0,"pictos componentes":[{"id":377,"esSugerencia":false},{"id":378,"esSugerencia":false},{"id":22,"esSugerencia":false},{"id":205,"esSugerencia":false}]},"fecha":[1551286683965,1551286687135,1551286694731]},{"frase":"Hola ¿Cómo estás? estoy bien ","frecuencia":3,"complejidad":{"valor":0,"pictos componentes":[{"id":377,"esSugerencia":false},{"id":378,"esSugerencia":false},{"id":22,"esSugerencia":false},{"id":133,"esSugerencia":false}]},"fecha":[1551286704279,1551286707381,1551286709707]},{"frase":"yo comer pollo ","frecuencia":3,"complejidad":{"valor":0,"pictos componentes":[{"id":643,"esSugerencia":false},{"id":118,"esSugerencia":true},{"id":504,"esSugerencia":false}]},"fecha":[1551787969049,1551787971205,1551787980800]},{"frase":"yo comer pollo jirafa ","frecuencia":2,"complejidad":{"valor":0,"pictos componentes":[{"id":643,"esSugerencia":false},{"id":118,"esSugerencia":true},{"id":504,"esSugerencia":false},{"id":320,"esSugerencia":true}]},"fecha":[1551787984431,1551787987692]},{"frase":"yo comer pollo flan galleta ","frecuencia":4,"complejidad":{"valor":0,"pictos componentes":[{"id":643,"esSugerencia":false},{"id":118,"esSugerencia":true},{"id":504,"esSugerencia":false},{"id":412,"esSugerencia":false},{"id":415,"esSugerencia":true}]},"fecha":[1551788018729,1551788064040,1551788073775,1551788076461]},{"frase":"yo comer pollo flan galleta Sopa ","frecuencia":3,"complejidad":{"valor":0,"pictos componentes":[{"id":643,"esSugerencia":false},{"id":118,"esSugerencia":true},{"id":504,"esSugerencia":false},{"id":412,"esSugerencia":false},{"id":415,"esSugerencia":true},{"id":472,"esSugerencia":true}]},"fecha":[1551788025246,1551788031095,1551788039478]},{"frase":"yo comer pollo flan galleta galleta ","frecuencia":1,"complejidad":{"valor":0,"pictos componentes":[{"id":643,"esSugerencia":false},{"id":118,"esSugerencia":true},{"id":504,"esSugerencia":false},{"id":412,"esSugerencia":false},{"id":415,"esSugerencia":true},{"id":415,"esSugerencia":true}]},"fecha":1551788054226},{"frase":"yo comer pollo flan galleta bar ","frecuencia":1,"complejidad":{"valor":0,"pictos componentes":[{"id":643,"esSugerencia":false},{"id":118,"esSugerencia":true},{"id":504,"esSugerencia":false},{"id":412,"esSugerencia":false},{"id":415,"esSugerencia":true},{"id":649,"edad":["ADULTO"],"esSugerencia":true}]},"fecha":1551788070435},{"frase":"yo comer pollo flan ","frecuencia":1,"complejidad":{"valor":0,"pictos componentes":[{"id":643,"esSugerencia":false},{"id":118,"esSugerencia":true},{"id":504,"esSugerencia":false},{"id":412,"esSugerencia":false}]},"fecha":1551788078728},{"frase":"yo comer pollo muslo de pollo ","frecuencia":1,"complejidad":{"valor":0,"pictos componentes":[{"id":643,"esSugerencia":false},{"id":118,"esSugerencia":true},{"id":504,"esSugerencia":false},{"id":505,"esSugerencia":true}]},"fecha":1551788086408},{"frase":"yo comer carne tomar ","frecuencia":2,"complejidad":{"valor":0,"pictos componentes":[{"id":643,"esSugerencia":false},{"id":118,"esSugerencia":false},{"id":482,"esSugerencia":false},{"id":51,"esSugerencia":true}]},"fecha":[1551788150776,1551788153397]},{"frase":"yo comer ","frecuencia":2,"complejidad":{"valor":0,"pictos componentes":[{"id":643,"esSugerencia":false},{"id":118,"esSugerencia":false}]},"fecha":[1551788156845,1551788224537]},{"frase":"yo comer verduras dibujar ","frecuencia":3,"complejidad":{"valor":0,"pictos componentes":[{"id":643,"esSugerencia":false},{"id":118,"esSugerencia":false},{"id":478,"esSugerencia":false},{"id":15,"esSugerencia":true}]},"fecha":[1551788201429,1551788204169,1551788220695]},{"frase":"yo comer verduras ","frecuencia":2,"complejidad":{"valor":0,"pictos componentes":[{"id":643,"esSugerencia":false},{"id":118,"esSugerencia":false},{"id":478,"esSugerencia":false}]},"fecha":[1551788216333,1551788222917]},{"frase":"yo estoy ","frecuencia":1,"complejidad":{"valor":0,"pictos componentes":[{"id":643,"esSugerencia":false},{"id":22,"esSugerencia":false}]},"fecha":1551788234714},{"frase":"yo estoy mal pagar con tarjeta heroe ","frecuencia":1,"complejidad":{"valor":0,"pictos componentes":[{"id":643,"esSugerencia":false},{"id":22,"esSugerencia":false},{"id":205,"esSugerencia":false},{"id":37,"esSugerencia":true},{"id":544,"esSugerencia":true}]},"fecha":1551788262978},{"frase":"yo estoy mal pagar con tarjeta ","frecuencia":1,"complejidad":{"valor":0,"pictos componentes":[{"id":643,"esSugerencia":false},{"id":22,"esSugerencia":false},{"id":205,"esSugerencia":false},{"id":37,"esSugerencia":true}]},"fecha":1551788267798}]