[{"frase":"Hola Buenas tardes ","frecuencia":2,"complejidad":{"valor":0,"pictos componentes":[{"id":377},{"id":380,"horario":["MEDIODIA","TARDE"]}]},"fecha":[1538682470,1553873120017]},{"frase":"quiero ir a hospital ","frecuencia":1,"complejidad":{"valor":0,"pictos componentes":[{"id":44},{"id":30},{"id":668}]},"fecha":[1538682758]},{"frase":"Hola ¿Cómo estás? estoy aburrido ","frecuencia":1,"complejidad":{"valor":0,"pictos componentes":[{"id":377},{"id":378},{"id":22},{"id":119}]},"fecha":[1538682836]},{"frase":"yo estoy mas o menos ","frecuencia":1,"complejidad":{"valor":0,"pictos componentes":[{"id":643},{"id":22},{"id":204}]},"fecha":[1538682871]},{"frase":"Hola acompañar ","frecuencia":1,"complejidad":{"valor":0,"pictos componentes":[{"id":377},{"id":1}]},"fecha":[1538683020]},{"frase":"Hola Buenas tardes tengo frío ","frecuencia":1,"complejidad":{"valor":0,"pictos componentes":[{"id":377},{"id":380,"horario":["MEDIODIA","TARDE"]},{"id":49},{"id":177}]},"fecha":[1538695255]},{"frase":"yo quiero jugar con la pelota ","frecuencia":1,"complejidad":{"valor":0,"pictos componentes":[{"id":643},{"id":44},{"id":34},{"id":996}]},"fecha":[1538695273]},{"frase":"mamá dame leche y galletas ","frecuencia":1,"complejidad":{"valor":0,"pictos componentes":[{"id":628},{"id":14},{"id":427}]},"fecha":[1538695317]},{"frase":"abuelo estoy mas o menos ","frecuencia":1,"complejidad":{"valor":0,"pictos componentes":[{"id":614},{"id":22},{"id":204}]},"fecha":[1538695339]},{"frase":"abuelo estoy un poco loco ","frecuencia":1,"complejidad":{"valor":0,"pictos componentes":[{"id":614},{"id":22},{"id":274}]},"fecha":[1538695349]},{"frase":"No estoy mal ","frecuencia":1,"complejidad":{"valor":0,"pictos componentes":[{"id":389},{"id":22},{"id":205}]},"fecha":[1538695364]},{"frase":"Hola Buenas noches quiero ir a un supermercado ","frecuencia":1,"complejidad":{"valor":0,"pictos componentes":[{"id":377},{"id":381,"horario":["NOCHE"]},{"id":44},{"id":30},{"id":688}]},"fecha":[1538695383]},{"frase":"Hola Buenas noches quiero ir a casa ","frecuencia":1,"complejidad":{"valor":0,"pictos componentes":[{"id":377},{"id":381,"horario":["NOCHE"]},{"id":44},{"id":30},{"id":653}]},"fecha":[1538695391]},{"frase":"mamá ¿Cómo estás? quiero comer carne ","frecuencia":1,"complejidad":{"valor":0,"pictos componentes":[{"id":628},{"id":378},{"id":44},{"id":118},{"id":482}]},"fecha":[1538695410]},{"frase":"Hola ¿Cómo estás? quiero comer pollo ","frecuencia":2,"complejidad":{"valor":0,"pictos componentes":[{"id":377},{"id":378},{"id":44},{"id":118},{"id":504}]},"fecha":[1538745221,1538745228]},{"frase":"mamá ¿Cómo estás? tengo escuela ","frecuencia":1,"complejidad":{"valor":0,"pictos componentes":[{"id":628},{"id":378},{"id":49},{"id":662}]},"fecha":[1538745243]},{"frase":"Hola ¿Cómo estás? estoy aburrido quiero ir a comer ","frecuencia":1,"complejidad":{"valor":0,"pictos componentes":[{"id":377},{"id":378},{"id":22},{"id":119},{"id":44},{"id":30},{"id":118}]},"fecha":[1540769950]},{"frase":"Hola ¿Cómo estás? estoy aburrido quiero ir a comer pollo ","frecuencia":2,"complejidad":{"valor":0,"pictos componentes":[{"id":377},{"id":378},{"id":22},{"id":119},{"id":44},{"id":30},{"id":118},{"id":504}]},"fecha":[1540769975,1540769981]},{"frase":"mamá quiero ir a hospital ","frecuencia":2,"complejidad":{"valor":0,"pictos componentes":[{"id":628},{"id":44},{"id":30},{"id":668}]},"fecha":[1540770011,1540770015]},{"frase":"Hola ¿Cómo estás? ","frecuencia":4,"complejidad":{"valor":0,"pictos componentes":[{"id":377,"esSugerencia":false},{"id":378,"esSugerencia":false}]},"fecha":[1543374117,1543374123,1543374127,1553873328344]},{"frase":"Hola ¿Cómo estás? estoy aburrido quiero comer ","frecuencia":1,"complejidad":{"valor":0,"pictos componentes":[{"id":377,"esSugerencia":false},{"id":378,"esSugerencia":false},{"id":22,"esSugerencia":false},{"id":119,"esSugerencia":false},{"id":44,"esSugerencia":false},{"id":118,"esSugerencia":false}]},"fecha":[1543374139]},{"frase":"yo quiero ir a casa ","frecuencia":2,"complejidad":{"valor":0,"pictos componentes":[{"id":643,"esSugerencia":false},{"id":44,"esSugerencia":false},{"id":30,"esSugerencia":false},{"id":653,"esSugerencia":false}]},"fecha":[1543374185,1568056405462]},{"frase":"Hola ¿Cómo estás? tengo hambre ","frecuencia":2,"complejidad":{"valor":0,"pictos componentes":[{"id":377,"esSugerencia":false},{"id":378,"esSugerencia":false},{"id":49,"esSugerencia":false},{"id":597,"esSugerencia":false}]},"fecha":[1544452528,1544452534]},{"frase":"quiero ir a casa ","frecuencia":1,"complejidad":{"valor":0,"pictos componentes":[{"id":44,"esSugerencia":false},{"id":30,"esSugerencia":false},{"id":653,"esSugerencia":false}]},"fecha":[1544452545]},{"frase":"yo estoy aburrido quiero buscar colores ","frecuencia":1,"complejidad":{"valor":0,"pictos componentes":[{"id":643,"esSugerencia":false},{"id":22,"esSugerencia":false},{"id":119,"esSugerencia":false},{"id":44,"esSugerencia":false},{"id":5,"esSugerencia":false},{"id":737,"esSugerencia":false}]},"fecha":[1544452577]},{"frase":"Hola ¿Cómo estás? estoy aburrido quiero ir a casa ","frecuencia":1,"complejidad":{"valor":0,"pictos componentes":[{"id":377,"esSugerencia":false},{"id":378,"esSugerencia":false},{"id":22,"esSugerencia":false},{"id":119,"esSugerencia":false},{"id":44,"esSugerencia":false},{"id":30,"esSugerencia":false},{"id":653,"esSugerencia":false}]},"fecha":1553873345492},{"frase":"Hola ¿Cómo estás? estoy ","frecuencia":1,"complejidad":{"valor":0,"pictos componentes":[{"id":377,"esSugerencia":false},{"id":378,"esSugerencia":false},{"id":22,"esSugerencia":false}]},"fecha":1553882780034},{"frase":"Hola tengo hambre chuleta ","frecuencia":1,"complejidad":{"valor":0,"pictos componentes":[{"id":377,"esSugerencia":false},{"id":49,"esSugerencia":false},{"id":597,"esSugerencia":false},{"id":513,"esSugerencia":true}]},"fecha":1553882807203},{"frase":"Hola ¿Cómo estás? tengo frío ","frecuencia":2,"complejidad":{"valor":0,"pictos componentes":[{"id":377,"esSugerencia":false},{"id":378,"esSugerencia":false},{"id":49,"esSugerencia":false},{"id":177,"esSugerencia":false}]},"fecha":[1557413653983,1568056303198]},{"frase":"yo quiero ir a comer ","frecuencia":1,"complejidad":{"valor":0,"pictos componentes":[{"id":643,"esSugerencia":false},{"id":44,"esSugerencia":false},{"id":30,"esSugerencia":false},{"id":118,"esSugerencia":false}]},"fecha":1557413672709},{"frase":"Hola Buenas tardes estoy mas o menos ","frecuencia":1,"complejidad":{"valor":0,"pictos componentes":[{"id":377,"esSugerencia":false},{"id":380,"horario":["MEDIODIA","TARDE"],"esSugerencia":false},{"id":22,"esSugerencia":false},{"id":204,"esSugerencia":false}]},"fecha":1560556917073},{"frase":"yo quiero ir a hospital ","frecuencia":1,"complejidad":{"valor":0,"pictos componentes":[{"id":643,"esSugerencia":false},{"id":44,"esSugerencia":false},{"id":30,"esSugerencia":false},{"id":668,"esSugerencia":false}]},"fecha":1568056342861},{"frase":"mamá dame la tablet ","frecuencia":1,"complejidad":{"valor":0,"pictos componentes":[{"id":628,"esSugerencia":false},{"id":14,"esSugerencia":false},{"id":774,"esSugerencia":false}]},"fecha":1568056367265},{"frase":"mamá tengo verguenza ","frecuencia":1,"complejidad":{"valor":0,"pictos componentes":[{"id":628,"esSugerencia":false},{"id":49,"esSugerencia":false},{"id":729,"esSugerencia":false}]},"fecha":1568056425804},{"frase":"quiero jugar con amigos ","frecuencia":1,"complejidad":{"valor":0,"pictos componentes":[{"id":44,"esSugerencia":false},{"id":34,"esSugerencia":false},{"id":615,"esSugerencia":false}]},"fecha":1568056441902}]