[{"frase":"papá quiero apagar ","frecuencia":1,"complejidad":{"valor":0,"pictos componentes":[{"id":632,"esSugerencia":false},{"id":44,"esSugerencia":false},{"id":2,"esSugerencia":false}]},"fecha":1559339398796},{"frase":"papá quiero ir a comer ","frecuencia":4,"complejidad":{"valor":0,"pictos componentes":[{"id":632,"esSugerencia":false},{"id":44,"esSugerencia":false},{"id":30,"esSugerencia":false},{"id":118,"esSugerencia":false}]},"fecha":[1559339405310,1559339471046,1559339502914,1559339505344]}]