[{"frase":"papá quiero comer ","frecuencia":1,"complejidad":{"valor":0,"pictos componentes":[{"id":632,"esSugerencia":false},{"id":44,"esSugerencia":false},{"id":118,"esSugerencia":false}]},"fecha":1559588652811},{"frase":"papá quiero comer hamburguesa y tomar agua ","frecuencia":2,"complejidad":{"valor":0,"pictos componentes":[{"id":632,"esSugerencia":false},{"id":44,"esSugerencia":false},{"id":118,"esSugerencia":false},{"id":515,"esSugerencia":false},{"id":923,"esSugerencia":true},{"id":51,"esSugerencia":true},{"id":500,"esSugerencia":false}]},"fecha":[1559588666553,1559588673860]},{"frase":"yo quiero ir a casa ","frecuencia":2,"complejidad":{"valor":0,"pictos componentes":[{"id":643,"esSugerencia":false},{"id":44,"esSugerencia":false},{"id":30,"esSugerencia":false},{"id":653,"esSugerencia":false}]},"fecha":[1559588742778,1559588752337]},{"frase":"el acordeón la bateria ","frecuencia":5,"complejidad":{"valor":0,"pictos componentes":[{"id":847},{"id":849}]},"fecha":[1560450816414,1560450818693,1560450833858,1560450840761,1560450934285]}]