[{"frase":"abuelo dame el cuento ","frecuencia":5,"complejidad":{"valor":0,"pictos componentes":[{"id":614,"esSugerencia":false},{"id":14,"esSugerencia":false},{"id":986,"esSugerencia":false}]},"fecha":[1571217150571,1571217153019,1571217155314,1571217160693,1571217162712]},{"frase":"yo quiero comer hamburguesa ","frecuencia":3,"complejidad":{"valor":0,"pictos componentes":[{"id":643,"esSugerencia":false},{"id":44,"esSugerencia":false},{"id":118,"esSugerencia":false},{"id":515,"esSugerencia":false}]},"fecha":[1571217184282,1571217187482,1571217191521]},{"frase":"yo quiero comer pollo ","frecuencia":4,"complejidad":{"valor":0,"pictos componentes":[{"id":643,"esSugerencia":false},{"id":44,"esSugerencia":false},{"id":118,"esSugerencia":false},{"id":504,"esSugerencia":false}]},"fecha":[1571217197697,1571217201501,1571217208468,1571217211954]},{"frase":"yo quiero comer salchichón ","frecuencia":2,"complejidad":{"valor":0,"pictos componentes":[{"id":643,"esSugerencia":false},{"id":44,"esSugerencia":false},{"id":118,"esSugerencia":false},{"id":519}]},"fecha":[1571217244858,1571217249175]}]