[{"frase":"abeja abuelo dame el cuento ","frecuencia":1,"complejidad":{"valor":0,"pictos componentes":[{"id":283},{"id":614,"esSugerencia":true},{"id":14,"esSugerencia":false},{"id":986,"esSugerencia":false}]},"fecha":1560175216812},{"frase":"Hola ","frecuencia":1,"complejidad":{"valor":0,"pictos componentes":[{"id":377,"esSugerencia":false}]},"fecha":1560203242798},{"frase":"Hola Buen día ir a ","frecuencia":3,"complejidad":{"valor":0,"pictos componentes":[{"id":377,"esSugerencia":false},{"id":379,"horario":["MANANA"],"esSugerencia":false},{"id":30,"esSugerencia":true}]},"fecha":[1560203267345,1560213495047,1560213499261]},{"frase":"Hola Buen día ir a casa ","frecuencia":1,"complejidad":{"valor":0,"pictos componentes":[{"id":377,"esSugerencia":false},{"id":379,"horario":["MANANA"],"esSugerencia":false},{"id":30,"esSugerencia":true},{"id":653,"esSugerencia":false}]},"fecha":1560203293332},{"frase":"Hola Buen día ir a casa café leche caliente ","frecuencia":1,"complejidad":{"valor":0,"pictos componentes":[{"id":377,"esSugerencia":false},{"id":379,"horario":["MANANA"],"esSugerencia":false},{"id":30,"esSugerencia":true},{"id":653,"esSugerencia":false},{"id":496,"esSugerencia":true},{"id":495,"esSugerencia":true},{"id":140,"esSugerencia":true}]},"fecha":1560204152858},{"frase":"antipático Hola Buenas tardes quiero comer carne ","frecuencia":1,"complejidad":{"valor":0,"pictos componentes":[{"id":120},{"id":377,"esSugerencia":false},{"id":380,"horario":["MEDIODIA","TARDE"],"esSugerencia":false},{"id":44,"esSugerencia":false},{"id":118,"esSugerencia":false},{"id":482,"esSugerencia":false}]},"fecha":1571020754735},{"frase":"mamá estoy aburrido salir del agua ir a hospital dolor de Garganta ","frecuencia":1,"complejidad":{"valor":0,"pictos componentes":[{"id":628,"esSugerencia":false},{"id":22,"esSugerencia":false},{"id":119,"esSugerencia":false},{"id":99,"esSugerencia":true},{"id":30,"esSugerencia":true},{"id":668,"esSugerencia":false},{"id":826,"esSugerencia":true}]},"fecha":1571020912572},{"frase":"Hola Buenas tardes estoy bien bajar volumen cambiar pintar crayones teatro de marionetas niña en ropa interior Hola ¿Cómo estás? ","frecuencia":1,"complejidad":{"valor":0,"pictos componentes":[{"id":377,"esSugerencia":false},{"id":380,"horario":["MEDIODIA","TARDE"],"esSugerencia":false},{"id":22,"esSugerencia":false},{"id":133,"esSugerencia":false},{"id":3,"esSugerencia":true},{"id":7,"esSugerencia":true},{"id":43,"esSugerencia":true},{"id":756,"esSugerencia":true},{"id":555,"esSugerencia":true},{"id":958},{"id":377,"esSugerencia":false},{"id":378,"esSugerencia":false}]},"fecha":1571021200235},{"frase":"","frecuencia":2,"complejidad":{"valor":0,"pictos componentes":[]},"fecha":[1571021219120,1571021249891]},{"frase":"yo ","frecuencia":1,"complejidad":{"valor":0,"pictos componentes":[{"id":643,"esSugerencia":false}]},"fecha":1571021243450},{"frase":"yo bajar volumen ","frecuencia":1,"complejidad":{"valor":0,"pictos componentes":[{"id":643,"esSugerencia":false},{"id":3,"esSugerencia":true}]},"fecha":1571021248137},{"frase":"yo hacer pis ","frecuencia":1,"complejidad":{"valor":0,"pictos componentes":[{"id":643,"esSugerencia":false},{"id":29,"esSugerencia":true}]},"fecha":1571021269298},{"frase":"yo hacer pis despues axila ","frecuencia":1,"complejidad":{"valor":0,"pictos componentes":[{"id":643,"esSugerencia":false},{"id":29,"esSugerencia":true},{"id":812,"esSugerencia":true},{"id":776,"esSugerencia":true}]},"fecha":1571021283525},{"frase":"yo hacer pis despues moco ","frecuencia":2,"complejidad":{"valor":0,"pictos componentes":[{"id":643,"esSugerencia":false},{"id":29,"esSugerencia":true},{"id":812,"esSugerencia":true},{"id":787}]},"fecha":[1571021329040,1571021334652]},{"frase":"mamá ¿Cómo estás? ","frecuencia":3,"complejidad":{"valor":0,"pictos componentes":[{"id":628,"esSugerencia":false},{"id":378,"esSugerencia":false}]},"fecha":[1575336215015,1575336219947,1575336229424]},{"frase":"Hola Buenas tardes ","frecuencia":1,"complejidad":{"valor":0,"pictos componentes":[{"id":377,"esSugerencia":false},{"id":380,"horario":["MEDIODIA","TARDE"],"esSugerencia":false}]},"fecha":1575336808446},{"frase":"Hola Buenas tardes estoy mal ","frecuencia":3,"complejidad":{"valor":0,"pictos componentes":[{"id":377,"esSugerencia":false},{"id":380,"horario":["MEDIODIA","TARDE"],"esSugerencia":false},{"id":22,"esSugerencia":false},{"id":205,"esSugerencia":false}]},"fecha":[1575336819610,1575336823893,1575336828038]}]