[{"frase":"Hola Buenas tardes ","frecuencia":3,"complejidad":{"valor":0,"pictos componentes":[{"id":377,"esSugerencia":false},{"id":380,"horario":["MEDIODIA","TARDE"],"esSugerencia":false}]},"fecha":[1548619086722,1549053757179,1549053761171]},{"frase":"mamá ir a abrazar ","frecuencia":2,"complejidad":{"valor":0,"pictos componentes":[{"id":628,"esSugerencia":false},{"id":30,"esSugerencia":true},{"id":52,"esSugerencia":true}]},"fecha":[1549053609993,1549053614483]},{"frase":"Hola tengo frío borrar ","frecuencia":3,"complejidad":{"valor":0,"pictos componentes":[{"id":377,"esSugerencia":false},{"id":49,"esSugerencia":false},{"id":177,"esSugerencia":false},{"id":4,"esSugerencia":true}]},"fecha":[1549053645734,1549053657369,1549053672360]},{"frase":"Hola tengo frío ","frecuencia":1,"complejidad":{"valor":0,"pictos componentes":[{"id":377,"esSugerencia":false},{"id":49,"esSugerencia":false},{"id":177,"esSugerencia":false}]},"fecha":1549053652951},{"frase":"Hola tengo frío borrar cambiarme el pañal ","frecuencia":1,"complejidad":{"valor":0,"pictos componentes":[{"id":377,"esSugerencia":false},{"id":49,"esSugerencia":false},{"id":177,"esSugerencia":false},{"id":4,"esSugerencia":true},{"id":9,"esSugerencia":true}]},"fecha":1549053666518},{"frase":"No ","frecuencia":1,"complejidad":{"valor":0,"pictos componentes":[{"id":389,"esSugerencia":false}]},"fecha":1549053691904},{"frase":"Si ","frecuencia":1,"complejidad":{"valor":0,"pictos componentes":[{"id":388,"esSugerencia":false}]},"fecha":1549053706731},{"frase":"lavarme las manos ","frecuencia":1,"complejidad":{"valor":0,"pictos componentes":[{"id":31,"esSugerencia":false}]},"fecha":1549053718430},{"frase":"lavarme las manos secar ","frecuencia":1,"complejidad":{"valor":0,"pictos componentes":[{"id":31,"esSugerencia":false},{"id":100,"esSugerencia":true}]},"fecha":1549053721630},{"frase":"Hola Buenas tardes esperar abrir ","frecuencia":2,"complejidad":{"valor":0,"pictos componentes":[{"id":377,"esSugerencia":false},{"id":380,"horario":["MEDIODIA","TARDE"],"esSugerencia":false},{"id":23,"esSugerencia":true},{"id":53,"esSugerencia":true}]},"fecha":[1549053739174,1549053747039]},{"frase":"Hola Buenas tardes esperar ","frecuencia":2,"complejidad":{"valor":0,"pictos componentes":[{"id":377,"esSugerencia":false},{"id":380,"horario":["MEDIODIA","TARDE"],"esSugerencia":false},{"id":23,"esSugerencia":true}]},"fecha":[1549053750240,1549053753543]},{"frase":"Hola Buen día ir a casa reina ","frecuencia":5,"complejidad":{"valor":0,"pictos componentes":[{"id":377,"esSugerencia":false},{"id":379,"horario":["MANANA"],"esSugerencia":false},{"id":30,"esSugerencia":true},{"id":653,"esSugerencia":false},{"id":638,"esSugerencia":true}]},"fecha":[1549053779348,1549053786300,1549053799938,1549053804922,1567719338434]},{"frase":"Hola Buen día ir a casa ","frecuencia":2,"complejidad":{"valor":0,"pictos componentes":[{"id":377,"esSugerencia":false},{"id":379,"horario":["MANANA"],"esSugerencia":false},{"id":30,"esSugerencia":true},{"id":653,"esSugerencia":false}]},"fecha":[1549053818072,1567719329235]},{"frase":"Hola Buen día ir a ","frecuencia":2,"complejidad":{"valor":0,"pictos componentes":[{"id":377,"esSugerencia":false},{"id":379,"horario":["MANANA"],"esSugerencia":false},{"id":30,"esSugerencia":true}]},"fecha":[1549053824017,1567719323175]},{"frase":"Hola Buen día ","frecuencia":9,"complejidad":{"valor":0,"pictos componentes":[{"id":377,"esSugerencia":false},{"id":379,"horario":["MANANA"],"esSugerencia":false}]},"fecha":[1549053829039,1549053832543,1549053836110,1549053837707,1549053839344,1549053841040,1549053842264,1554036381818,1567719318449]},{"frase":"Hola ¿Cómo estás? en la abeja ","frecuencia":3,"complejidad":{"valor":0,"pictos componentes":[{"id":377,"esSugerencia":false},{"id":378,"esSugerencia":false},{"id":533,"esSugerencia":true},{"id":900,"esSugerencia":true},{"id":283,"esSugerencia":true}]},"fecha":[1549053862674,1549053898328,1549053939960]},{"frase":"Hola ¿Cómo estás? en la abeja damasco escuela chupetin dorado ","frecuencia":1,"complejidad":{"valor":0,"pictos componentes":[{"id":377,"esSugerencia":false},{"id":378,"esSugerencia":false},{"id":533,"esSugerencia":true},{"id":900,"esSugerencia":true},{"id":283,"esSugerencia":true},{"id":408,"esSugerencia":true},{"id":662,"esSugerencia":true},{"id":406,"edad":["NINO"],"esSugerencia":true},{"id":738,"esSugerencia":true}]},"fecha":1549053947222},{"frase":"Hola ¿Cómo estás? en la abeja damasco escuela chupetin dorado bar dorado ácido ausente abeja abuelo ","frecuencia":1,"complejidad":{"valor":0,"pictos componentes":[{"id":377,"esSugerencia":false},{"id":378,"esSugerencia":false},{"id":533,"esSugerencia":true},{"id":900,"esSugerencia":true},{"id":283,"esSugerencia":true},{"id":408,"esSugerencia":true},{"id":662,"esSugerencia":true},{"id":406,"edad":["NINO"],"esSugerencia":true},{"id":738,"esSugerencia":true},{"id":649,"edad":["ADULTO"],"esSugerencia":true},{"id":738,"esSugerencia":true},{"id":122,"esSugerencia":true},{"id":129,"esSugerencia":true},{"id":283,"esSugerencia":true},{"id":614,"esSugerencia":true}]},"fecha":1549053956661},{"frase":"","frecuencia":1,"complejidad":{"valor":0,"pictos componentes":[]},"fecha":1549053970328},{"frase":"quiero jugar con papá ","frecuencia":4,"complejidad":{"valor":0,"pictos componentes":[{"id":44,"esSugerencia":false},{"id":34,"edad":["NINO"],"esSugerencia":false},{"id":632,"esSugerencia":false}]},"fecha":[1549053984783,1549053993273,1549054115905,1549105152967]},{"frase":"quiero jugar con papá ¿Cómo estás? en azul chimpancé ","frecuencia":1,"complejidad":{"valor":0,"pictos componentes":[{"id":44,"esSugerencia":false},{"id":34,"edad":["NINO"],"esSugerencia":false},{"id":632,"esSugerencia":false},{"id":378,"esSugerencia":false},{"id":533,"esSugerencia":false},{"id":734,"esSugerencia":true},{"id":302,"esSugerencia":true}]},"fecha":1549054140177},{"frase":"quiero jugar con papá ¿Cómo estás? en azul chimpancé Si ","frecuencia":3,"complejidad":{"valor":0,"pictos componentes":[{"id":44,"esSugerencia":false},{"id":34,"edad":["NINO"],"esSugerencia":false},{"id":632,"esSugerencia":false},{"id":378,"esSugerencia":false},{"id":533,"esSugerencia":false},{"id":734,"esSugerencia":true},{"id":302,"esSugerencia":true},{"id":388,"esSugerencia":true}]},"fecha":[1549054148955,1549054155497,1549054159750]},{"frase":"Hola Buenas tardes quiero buscar ","frecuencia":2,"complejidad":{"valor":0,"pictos componentes":[{"id":377,"esSugerencia":false},{"id":380,"horario":["MEDIODIA","TARDE"],"esSugerencia":false},{"id":44,"esSugerencia":false},{"id":5,"esSugerencia":false}]},"fecha":[1549054184101,1549054188179]},{"frase":"Hola Buenas tardes quiero buscar mamá ","frecuencia":1,"complejidad":{"valor":0,"pictos componentes":[{"id":377,"esSugerencia":false},{"id":380,"horario":["MEDIODIA","TARDE"],"esSugerencia":false},{"id":44,"esSugerencia":false},{"id":5,"esSugerencia":false},{"id":628,"esSugerencia":false}]},"fecha":1549054195921},{"frase":"Hola Buenas tardes quiero buscar mamá ¿Cómo estás? ","frecuencia":2,"complejidad":{"valor":0,"pictos componentes":[{"id":377,"esSugerencia":false},{"id":380,"horario":["MEDIODIA","TARDE"],"esSugerencia":false},{"id":44,"esSugerencia":false},{"id":5,"esSugerencia":false},{"id":628,"esSugerencia":false},{"id":378,"esSugerencia":false}]},"fecha":[1549054219523,1549054226401]},{"frase":"Hola Buenas tardes quiero buscar mamá ¿Cómo estás? abrochar ","frecuencia":2,"complejidad":{"valor":0,"pictos componentes":[{"id":377,"esSugerencia":false},{"id":380,"horario":["MEDIODIA","TARDE"],"esSugerencia":false},{"id":44,"esSugerencia":false},{"id":5,"esSugerencia":false},{"id":628,"esSugerencia":false},{"id":378,"esSugerencia":false},{"id":54,"esSugerencia":true}]},"fecha":[1549054242463,1549054249878]},{"frase":"Hola Buenas tardes quiero buscar mamá ¿Cómo estás? abrochar secar ","frecuencia":1,"complejidad":{"valor":0,"pictos componentes":[{"id":377,"esSugerencia":false},{"id":380,"horario":["MEDIODIA","TARDE"],"esSugerencia":false},{"id":44,"esSugerencia":false},{"id":5,"esSugerencia":false},{"id":628,"esSugerencia":false},{"id":378,"esSugerencia":false},{"id":54,"esSugerencia":true},{"id":100,"esSugerencia":true}]},"fecha":1549054260413},{"frase":"quiero ","frecuencia":2,"complejidad":{"valor":0,"pictos componentes":[{"id":44,"esSugerencia":false}]},"fecha":[1549105134278,1549105148978]},{"frase":"yo ","frecuencia":3,"complejidad":{"valor":0,"pictos componentes":[{"id":643,"esSugerencia":false}]},"fecha":[1549105164792,1551295505541,1551295515017]},{"frase":"quiero ir a comer ","frecuencia":1,"complejidad":{"valor":0,"pictos componentes":[{"id":44,"esSugerencia":false},{"id":30,"esSugerencia":false},{"id":118,"esSugerencia":false}]},"fecha":1551295236409},{"frase":"quiero ir a comer verduras ","frecuencia":1,"complejidad":{"valor":0,"pictos componentes":[{"id":44,"esSugerencia":false},{"id":30,"esSugerencia":false},{"id":118,"esSugerencia":false},{"id":478,"esSugerencia":false}]},"fecha":1551295242202},{"frase":"quiero ir a comer verduras dibujar ","frecuencia":1,"complejidad":{"valor":0,"pictos componentes":[{"id":44,"esSugerencia":false},{"id":30,"esSugerencia":false},{"id":118,"esSugerencia":false},{"id":478,"esSugerencia":false},{"id":15,"esSugerencia":true}]},"fecha":1551295246759},{"frase":"mamá ","frecuencia":1,"complejidad":{"valor":0,"pictos componentes":[{"id":628,"esSugerencia":false}]},"fecha":1551295261645},{"frase":"mamá dame ","frecuencia":1,"complejidad":{"valor":0,"pictos componentes":[{"id":628,"esSugerencia":false},{"id":14,"esSugerencia":false}]},"fecha":1551295271149},{"frase":"mamá dame los juguetes ","frecuencia":4,"complejidad":{"valor":0,"pictos componentes":[{"id":628,"esSugerencia":false},{"id":14,"esSugerencia":false},{"id":989,"esSugerencia":false}]},"fecha":[1551295276914,1551295290660,1551295320620,1551295463796]},{"frase":"mamá dame los juguetes buscar ","frecuencia":4,"complejidad":{"valor":0,"pictos componentes":[{"id":628,"esSugerencia":false},{"id":14,"esSugerencia":false},{"id":989,"esSugerencia":false},{"id":5,"esSugerencia":true}]},"fecha":[1551295303650,1551295316044,1551295327910,1551295402953]},{"frase":"mamá dame los juguetes buscar . ¿me ayudas? aunque ","frecuencia":1,"complejidad":{"valor":0,"pictos componentes":[{"id":628,"esSugerencia":false},{"id":14,"esSugerencia":false},{"id":989,"esSugerencia":false},{"id":5,"esSugerencia":true},{"id":385,"esSugerencia":false},{"id":889,"esSugerencia":true}]},"fecha":1551295340921},{"frase":"mamá dame los juguetes buscar . ¿me ayudas? para que jugar con la tablet ","frecuencia":2,"complejidad":{"valor":0,"pictos componentes":[{"id":628,"esSugerencia":false},{"id":14,"esSugerencia":false},{"id":989,"esSugerencia":false},{"id":5,"esSugerencia":true},{"id":385,"esSugerencia":false},{"id":537,"esSugerencia":true},{"id":912,"esSugerencia":true},{"id":82,"edad":["JOVEN"],"esSugerencia":true}]},"fecha":[1551295358888,1551295366803]},{"frase":"mamá dame los juguetes buscar . ¿me ayudas? para que ","frecuencia":1,"complejidad":{"valor":0,"pictos componentes":[{"id":628,"esSugerencia":false},{"id":14,"esSugerencia":false},{"id":989,"esSugerencia":false},{"id":5,"esSugerencia":true},{"id":385,"esSugerencia":false},{"id":537,"esSugerencia":true},{"id":912,"esSugerencia":true}]},"fecha":1551295377287},{"frase":"mamá dame los juguetes buscar . ¿me ayudas? para ","frecuencia":1,"complejidad":{"valor":0,"pictos componentes":[{"id":628,"esSugerencia":false},{"id":14,"esSugerencia":false},{"id":989,"esSugerencia":false},{"id":5,"esSugerencia":true},{"id":385,"esSugerencia":false},{"id":537,"esSugerencia":true}]},"fecha":1551295386841},{"frase":"mamá dame los juguetes buscar . ¿me ayudas? ","frecuencia":1,"complejidad":{"valor":0,"pictos componentes":[{"id":628,"esSugerencia":false},{"id":14,"esSugerencia":false},{"id":989,"esSugerencia":false},{"id":5,"esSugerencia":true},{"id":385,"esSugerencia":false}]},"fecha":1551295397119},{"frase":"mamá dame los juguetes berenjena bacteria borrar ","frecuencia":3,"complejidad":{"valor":0,"pictos componentes":[{"id":628,"esSugerencia":false},{"id":14,"esSugerencia":false},{"id":989,"esSugerencia":false},{"id":397,"esSugerencia":true},{"id":289,"esSugerencia":true},{"id":4,"esSugerencia":true}]},"fecha":[1551295418766,1551295425338,1551295430440]},{"frase":"mamá dame los juguetes berenjena bacteria ","frecuencia":2,"complejidad":{"valor":0,"pictos componentes":[{"id":628,"esSugerencia":false},{"id":14,"esSugerencia":false},{"id":989,"esSugerencia":false},{"id":397,"esSugerencia":true},{"id":289,"esSugerencia":true}]},"fecha":[1551295445227,1551295451387]},{"frase":"mamá dame los juguetes berenjena ","frecuencia":1,"complejidad":{"valor":0,"pictos componentes":[{"id":628,"esSugerencia":false},{"id":14,"esSugerencia":false},{"id":989,"esSugerencia":false},{"id":397,"esSugerencia":true}]},"fecha":1551295459170},{"frase":"mamá dame los juguetes acompañar ","frecuencia":1,"complejidad":{"valor":0,"pictos componentes":[{"id":628,"esSugerencia":false},{"id":14,"esSugerencia":false},{"id":989,"esSugerencia":false},{"id":1,"esSugerencia":true}]},"fecha":1551295473485},{"frase":"mamá dame los juguetes acompañar leer ","frecuencia":1,"complejidad":{"valor":0,"pictos componentes":[{"id":628,"esSugerencia":false},{"id":14,"esSugerencia":false},{"id":989,"esSugerencia":false},{"id":1,"esSugerencia":true},{"id":32,"esSugerencia":true}]},"fecha":1551295481690},{"frase":"Hola ","frecuencia":2,"complejidad":{"valor":0,"pictos componentes":[{"id":377,"esSugerencia":false}]},"fecha":[1554036388967,1567719309806]},{"frase":"Hola tengo hambre ","frecuencia":1,"complejidad":{"valor":0,"pictos componentes":[{"id":377,"esSugerencia":false},{"id":49,"esSugerencia":false},{"id":597,"esSugerencia":false}]},"fecha":1554036398466},{"frase":"Hola tengo ","frecuencia":2,"complejidad":{"valor":0,"pictos componentes":[{"id":377,"esSugerencia":false},{"id":49,"esSugerencia":false}]},"fecha":[1554036402442,1554036413003]},{"frase":"Hola tengo verguenza ","frecuencia":1,"complejidad":{"valor":0,"pictos componentes":[{"id":377,"esSugerencia":false},{"id":49,"esSugerencia":false},{"id":729,"esSugerencia":false}]},"fecha":1554036406590},{"frase":"abuelo dame ","frecuencia":1,"complejidad":{"valor":0,"pictos componentes":[{"id":614,"esSugerencia":false},{"id":14,"esSugerencia":false}]},"fecha":1554036581441},{"frase":"abuelo dame leche y galletas ","frecuencia":1,"complejidad":{"valor":0,"pictos componentes":[{"id":614,"esSugerencia":false},{"id":14,"esSugerencia":false},{"id":427,"esSugerencia":false}]},"fecha":1554036587851},{"frase":"amigos patatas ","frecuencia":1,"complejidad":{"valor":0,"pictos componentes":[{"id":615,"esSugerencia":false},{"id":442}]},"fecha":1554036728376},{"frase":"abuela ","frecuencia":1,"complejidad":{"valor":0,"pictos componentes":[{"id":1034,"edad":["ADULTO"]}]},"fecha":1554037074369},{"frase":"abuela quiero ","frecuencia":1,"complejidad":{"valor":0,"pictos componentes":[{"id":1034,"edad":["ADULTO"]},{"id":44,"esSugerencia":false}]},"fecha":1554037133622},{"frase":"abuela quiero comer ","frecuencia":3,"complejidad":{"valor":0,"pictos componentes":[{"id":1034,"edad":["ADULTO"]},{"id":44,"esSugerencia":false},{"id":118,"esSugerencia":false}]},"fecha":[1554037136460,1554037156936,1554037201122]},{"frase":"mamá tengo frío mamá ¿Cómo estás? en dolor de Garganta leer ","frecuencia":1,"complejidad":{"valor":0,"pictos componentes":[{"id":628,"esSugerencia":false},{"id":49,"esSugerencia":false},{"id":177,"esSugerencia":false},{"id":628,"esSugerencia":true},{"id":378,"esSugerencia":false},{"id":533,"esSugerencia":false},{"id":826,"esSugerencia":true},{"id":32,"esSugerencia":true}]},"fecha":1562865099181},{"frase":"Hola Buen día ir a casa reina la pandereta ","frecuencia":1,"complejidad":{"valor":0,"pictos componentes":[{"id":377,"esSugerencia":false},{"id":379,"horario":["MANANA"],"esSugerencia":false},{"id":30,"esSugerencia":false},{"id":653,"esSugerencia":false},{"id":638,"esSugerencia":false},{"id":862,"esSugerencia":true}]},"fecha":1567719347209},{"frase":"Hola Buen día ir a casa reina la pandereta el xilofón ","frecuencia":1,"complejidad":{"valor":0,"pictos componentes":[{"id":377,"esSugerencia":false},{"id":379,"horario":["MANANA"],"esSugerencia":false},{"id":30,"esSugerencia":false},{"id":653,"esSugerencia":false},{"id":638,"esSugerencia":false},{"id":862,"esSugerencia":true},{"id":877,"esSugerencia":true}]},"fecha":1567719356225},{"frase":"Hola Buen día ir a casa reina la pandereta el xilofón uno ","frecuencia":1,"complejidad":{"valor":0,"pictos componentes":[{"id":377,"esSugerencia":false},{"id":379,"horario":["MANANA"],"esSugerencia":false},{"id":30,"esSugerencia":false},{"id":653,"esSugerencia":false},{"id":638,"esSugerencia":false},{"id":862,"esSugerencia":true},{"id":877,"esSugerencia":true},{"id":836,"esSugerencia":true}]},"fecha":1567719371475},{"frase":"jugar con la tablet ","frecuencia":1,"complejidad":{"valor":0,"pictos componentes":[{"id":82,"edad":["JOVEN"],"esSugerencia":true}]},"fecha":1567719459563},{"frase":"jugar con la tablet alto ","frecuencia":1,"complejidad":{"valor":0,"pictos componentes":[{"id":82,"edad":["JOVEN"],"esSugerencia":true},{"id":123,"esSugerencia":true}]},"fecha":1567719466598}]