[{"frase":"Hola Buenas tardes ","frecuencia":2,"complejidad":{"valor":0,"pictos componentes":[{"id":377,"esSugerencia":false},{"id":380,"horario":["MEDIODIA","TARDE"],"esSugerencia":false}]},"fecha":[1549923355035,1550296383498]},{"frase":"mamá ¿Cómo estás? ","frecuencia":3,"complejidad":{"valor":0,"pictos componentes":[{"id":628,"esSugerencia":false},{"id":378,"esSugerencia":false}]},"fecha":[1550007418538,1550007424747,1550007427226]},{"frase":"mamá ¿Cómo estás? tengo frío ","frecuencia":2,"complejidad":{"valor":0,"pictos componentes":[{"id":628,"esSugerencia":false},{"id":378,"esSugerencia":false},{"id":49,"esSugerencia":false},{"id":177,"esSugerencia":false}]},"fecha":[1550007438657,1550007442417]},{"frase":"mamá ¿Cómo estás? tengo frío escuchar de nuevo escribir colores ","frecuencia":1,"complejidad":{"valor":0,"pictos componentes":[{"id":628,"esSugerencia":false},{"id":378,"esSugerencia":false},{"id":49,"esSugerencia":false},{"id":177,"esSugerencia":false},{"id":19,"esSugerencia":true},{"id":18,"esSugerencia":true},{"id":737,"esSugerencia":true}]},"fecha":1550007462427},{"frase":"mamá ¿Cómo estás? tengo frío escuchar de nuevo escribir colores Hola ¿Cómo estás? estoy bien animales ","frecuencia":1,"complejidad":{"valor":0,"pictos componentes":[{"id":628,"esSugerencia":false},{"id":378,"esSugerencia":false},{"id":49,"esSugerencia":false},{"id":177,"esSugerencia":false},{"id":19,"esSugerencia":true},{"id":18,"esSugerencia":true},{"id":737,"esSugerencia":true},{"id":377,"esSugerencia":true},{"id":378,"esSugerencia":false},{"id":22,"esSugerencia":false},{"id":133,"esSugerencia":false},{"id":286,"esSugerencia":true}]},"fecha":1550007500574},{"frase":"mamá ¿Cómo estás? tengo frío escuchar de nuevo escribir colores Hola ¿Cómo estás? estoy bien animales abuelo dame la tablet almendras bajar la cama banana ","frecuencia":1,"complejidad":{"valor":0,"pictos componentes":[{"id":628,"esSugerencia":false},{"id":378,"esSugerencia":false},{"id":49,"esSugerencia":false},{"id":177,"esSugerencia":false},{"id":19,"esSugerencia":true},{"id":18,"esSugerencia":true},{"id":737,"esSugerencia":true},{"id":377,"esSugerencia":true},{"id":378,"esSugerencia":false},{"id":22,"esSugerencia":false},{"id":133,"esSugerencia":false},{"id":286,"esSugerencia":true},{"id":614,"esSugerencia":true},{"id":14,"esSugerencia":false},{"id":774,"esSugerencia":false},{"id":393,"esSugerencia":true},{"id":62,"esSugerencia":true},{"id":473,"esSugerencia":true}]},"fecha":1550007537246},{"frase":"Hola ","frecuencia":3,"complejidad":{"valor":0,"pictos componentes":[{"id":377,"esSugerencia":false}]},"fecha":[1550010239600,1550296376787,1550296378697]},{"frase":"Hola ¿Cómo estás? ","frecuencia":2,"complejidad":{"valor":0,"pictos componentes":[{"id":377,"esSugerencia":false},{"id":378,"esSugerencia":false}]},"fecha":[1550010246233,1552939409816]},{"frase":"Hola ¿Cómo estás? tengo escuela ","frecuencia":1,"complejidad":{"valor":0,"pictos componentes":[{"id":377,"esSugerencia":false},{"id":378,"esSugerencia":false},{"id":49,"esSugerencia":false},{"id":662,"esSugerencia":false}]},"fecha":1550010257311},{"frase":"Hola ¿Cómo estás? quiero tomar leche ","frecuencia":1,"complejidad":{"valor":0,"pictos componentes":[{"id":377,"esSugerencia":false},{"id":378,"esSugerencia":false},{"id":44,"esSugerencia":false},{"id":51,"esSugerencia":false},{"id":495,"esSugerencia":false}]},"fecha":1550010330398},{"frase":"Hola ¿Cómo estás? quiero tomar leche caliente ","frecuencia":1,"complejidad":{"valor":0,"pictos componentes":[{"id":377,"esSugerencia":false},{"id":378,"esSugerencia":false},{"id":44,"esSugerencia":false},{"id":51,"esSugerencia":false},{"id":495,"esSugerencia":false},{"id":140,"esSugerencia":true}]},"fecha":1550010347559},{"frase":"Hola ¿Cómo estás? quiero tomar agua banana ","frecuencia":1,"complejidad":{"valor":0,"pictos componentes":[{"id":377,"esSugerencia":false},{"id":378,"esSugerencia":false},{"id":44,"esSugerencia":false},{"id":51,"esSugerencia":false},{"id":500,"esSugerencia":false},{"id":473,"esSugerencia":true}]},"fecha":1550010382441},{"frase":"Hola ¿Cómo estás? quiero comer banana y berenjena ","frecuencia":2,"complejidad":{"valor":0,"pictos componentes":[{"id":377,"esSugerencia":false},{"id":378,"esSugerencia":false},{"id":44,"esSugerencia":false},{"id":118,"esSugerencia":false},{"id":473,"esSugerencia":true},{"id":923,"esSugerencia":true},{"id":397,"esSugerencia":true}]},"fecha":[1550010500347,1550010511009]},{"frase":"Hola ¿Cómo estás? quiero tomar vino ","frecuencia":1,"complejidad":{"valor":0,"pictos componentes":[{"id":377,"esSugerencia":false},{"id":378,"esSugerencia":false},{"id":44,"esSugerencia":false},{"id":51,"esSugerencia":false},{"id":503,"edad":["ADULTO"],"esSugerencia":true}]},"fecha":1550010544187},{"frase":"quiero cambiarme el pañal ","frecuencia":1,"complejidad":{"valor":0,"pictos componentes":[{"id":44,"esSugerencia":false},{"id":9,"esSugerencia":true}]},"fecha":1550010585925},{"frase":"quiero hacer el amor con vos ","frecuencia":1,"complejidad":{"valor":0,"pictos componentes":[{"id":44,"esSugerencia":false},{"id":78,"edad":["ADULTO"],"esSugerencia":true},{"id":528,"esSugerencia":true},{"id":642,"esSugerencia":true}]},"fecha":1550010621328},{"frase":"yo comer hamburguesa gato ","frecuencia":1,"complejidad":{"valor":0,"pictos componentes":[{"id":643,"esSugerencia":false},{"id":118,"esSugerencia":true},{"id":515,"esSugerencia":false},{"id":313,"esSugerencia":true}]},"fecha":1550010701953},{"frase":"quiero ir a el colchón ","frecuencia":1,"complejidad":{"valor":0,"pictos componentes":[{"id":44,"esSugerencia":false},{"id":30,"esSugerencia":false},{"id":1015,"esSugerencia":true}]},"fecha":1550010752750},{"frase":"mamá ","frecuencia":2,"complejidad":{"valor":0,"pictos componentes":[{"id":628,"esSugerencia":false}]},"fecha":[1550117277171,1550117281704]},{"frase":"mamá quiero ","frecuencia":1,"complejidad":{"valor":0,"pictos componentes":[{"id":628,"esSugerencia":false},{"id":44,"esSugerencia":false}]},"fecha":1550117290592},{"frase":"mamá quiero jugar con ","frecuencia":3,"complejidad":{"valor":0,"pictos componentes":[{"id":628,"esSugerencia":false},{"id":44,"esSugerencia":false},{"id":34,"edad":["NINO"],"esSugerencia":false}]},"fecha":[1550117309222,1550117313364,1550117315866]},{"frase":"yo ","frecuencia":6,"complejidad":{"valor":0,"pictos componentes":[{"id":643,"esSugerencia":false}]},"fecha":[1550296345318,1550296348762,1550296350925,1550296351958,1550296353912,1550296354529]},{"frase":"Hola Buenas tardes quiero ","frecuencia":1,"complejidad":{"valor":0,"pictos componentes":[{"id":377,"esSugerencia":false},{"id":380,"horario":["MEDIODIA","TARDE"],"esSugerencia":false},{"id":44,"esSugerencia":false}]},"fecha":1550296386750},{"frase":"Hola Buenas tardes quiero buscar ","frecuencia":1,"complejidad":{"valor":0,"pictos componentes":[{"id":377,"esSugerencia":false},{"id":380,"horario":["MEDIODIA","TARDE"],"esSugerencia":false},{"id":44,"esSugerencia":false},{"id":5,"esSugerencia":false}]},"fecha":1550296394224},{"frase":"Hola Buenas tardes quiero buscar comida ","frecuencia":3,"complejidad":{"valor":0,"pictos componentes":[{"id":377,"esSugerencia":false},{"id":380,"horario":["MEDIODIA","TARDE"],"esSugerencia":false},{"id":44,"esSugerencia":false},{"id":5,"esSugerencia":false},{"id":1014,"esSugerencia":false}]},"fecha":[1550296402928,1550296410153,1550296443853]},{"frase":"Hola Buenas tardes quiero buscar comida sentarme ","frecuencia":1,"complejidad":{"valor":0,"pictos componentes":[{"id":377,"esSugerencia":false},{"id":380,"horario":["MEDIODIA","TARDE"],"esSugerencia":false},{"id":44,"esSugerencia":false},{"id":5,"esSugerencia":false},{"id":1014,"esSugerencia":false},{"id":101,"esSugerencia":true}]},"fecha":1550296414736},{"frase":"Hola Buenas tardes quiero buscar comida sentarme bocadillo ","frecuencia":1,"complejidad":{"valor":0,"pictos componentes":[{"id":377,"esSugerencia":false},{"id":380,"horario":["MEDIODIA","TARDE"],"esSugerencia":false},{"id":44,"esSugerencia":false},{"id":5,"esSugerencia":false},{"id":1014,"esSugerencia":false},{"id":101,"esSugerencia":true},{"id":398,"esSugerencia":true}]},"fecha":1550296423749},{"frase":"Hola Buenas tardes quiero buscar comida sentarme bocadillo higiene personal ","frecuencia":1,"complejidad":{"valor":0,"pictos componentes":[{"id":377,"esSugerencia":false},{"id":380,"horario":["MEDIODIA","TARDE"],"esSugerencia":false},{"id":44,"esSugerencia":false},{"id":5,"esSugerencia":false},{"id":1014,"esSugerencia":false},{"id":101,"esSugerencia":true},{"id":398,"esSugerencia":true},{"id":708,"esSugerencia":true}]},"fecha":1550296432204},{"frase":"sorpresa garra ","frecuencia":1,"complejidad":{"valor":0,"pictos componentes":[{"id":725},{"id":312,"esSugerencia":true}]},"fecha":1550547918896},{"frase":"sorpresa garra cebra ","frecuencia":2,"complejidad":{"valor":0,"pictos componentes":[{"id":725},{"id":312,"esSugerencia":true},{"id":300,"esSugerencia":true}]},"fecha":[1550547922633,1550547925215]},{"frase":"sorpresa garra cebra asno ","frecuencia":1,"complejidad":{"valor":0,"pictos componentes":[{"id":725},{"id":312,"esSugerencia":true},{"id":300,"esSugerencia":true},{"id":288,"esSugerencia":true}]},"fecha":1550547928449},{"frase":"sorpresa garra cebra asno negro ","frecuencia":2,"complejidad":{"valor":0,"pictos componentes":[{"id":725},{"id":312,"esSugerencia":true},{"id":300,"esSugerencia":true},{"id":288,"esSugerencia":true},{"id":743,"esSugerencia":true}]},"fecha":[1550547932558,1550547941743]},{"frase":"sorpresa garra cebra asno negro acá ","frecuencia":2,"complejidad":{"valor":0,"pictos componentes":[{"id":725},{"id":312,"esSugerencia":true},{"id":300,"esSugerencia":true},{"id":288,"esSugerencia":true},{"id":743,"esSugerencia":true},{"id":644,"esSugerencia":true}]},"fecha":[1550547936596,1550547947942]},{"frase":"sorpresa garra cebra asno negro acá carne ","frecuencia":1,"complejidad":{"valor":0,"pictos componentes":[{"id":725},{"id":312,"esSugerencia":true},{"id":300,"esSugerencia":true},{"id":288,"esSugerencia":true},{"id":743,"esSugerencia":true},{"id":644,"esSugerencia":true},{"id":482,"esSugerencia":true}]},"fecha":1550547953156},{"frase":"integración maltrato verbal maltrato físico ","frecuencia":3,"complejidad":{"valor":0,"pictos componentes":[{"id":709},{"id":713,"esSugerencia":true},{"id":712,"esSugerencia":true}]},"fecha":[1551058552114,1551058556340,1551058564668]},{"frase":"quiero jugar con ","frecuencia":2,"complejidad":{"valor":0,"pictos componentes":[{"id":44,"esSugerencia":false},{"id":34,"edad":["NINO"],"esSugerencia":false}]},"fecha":[1552540954928,1552540967160]},{"frase":"quiero jugar con la pelota ","frecuencia":1,"complejidad":{"valor":0,"pictos componentes":[{"id":44,"esSugerencia":false},{"id":34,"edad":["NINO"],"esSugerencia":false},{"id":996,"esSugerencia":false}]},"fecha":1552540971819},{"frase":"quiero jugar con la pelota violeta ","frecuencia":1,"complejidad":{"valor":0,"pictos componentes":[{"id":44,"esSugerencia":false},{"id":34,"edad":["NINO"],"esSugerencia":false},{"id":996,"esSugerencia":false},{"id":748,"esSugerencia":false}]},"fecha":1552540977138},{"frase":"quiero jugar con la pelota violeta animales ","frecuencia":1,"complejidad":{"valor":0,"pictos componentes":[{"id":44,"esSugerencia":false},{"id":34,"edad":["NINO"],"esSugerencia":false},{"id":996,"esSugerencia":false},{"id":748,"esSugerencia":false},{"id":286,"esSugerencia":true}]},"fecha":1552540984663},{"frase":"Hola apagar la computadora ","frecuencia":4,"complejidad":{"valor":0,"pictos componentes":[{"id":377,"esSugerencia":false},{"id":2,"esSugerencia":false},{"id":1016,"esSugerencia":false}]},"fecha":[1552939479338,1552939522747,1552939528455,1552939536304]},{"frase":"Hola apagar la radio ","frecuencia":3,"complejidad":{"valor":0,"pictos componentes":[{"id":377,"esSugerencia":false},{"id":2,"esSugerencia":false},{"id":1019,"esSugerencia":false}]},"fecha":[1552939545703,1552939549629,1552939551708]},{"frase":"Hola apagar la radio encender ","frecuencia":1,"complejidad":{"valor":0,"pictos componentes":[{"id":377,"esSugerencia":false},{"id":2,"esSugerencia":false},{"id":1019,"esSugerencia":false},{"id":17,"esSugerencia":true}]},"fecha":1552939559500},{"frase":"Hola apagar la radio encender la bateria ","frecuencia":1,"complejidad":{"valor":0,"pictos componentes":[{"id":377,"esSugerencia":false},{"id":2,"esSugerencia":false},{"id":1019,"esSugerencia":false},{"id":17,"esSugerencia":true},{"id":849,"esSugerencia":true}]},"fecha":1552939569155}]