[{"frase":"papá estoy aburrido ","frecuencia":1,"complejidad":{"valor":0,"pictos componentes":[{"id":632,"esSugerencia":false},{"id":22,"esSugerencia":false},{"id":119,"esSugerencia":false}]},"fecha":1558619960101},{"frase":"papá estoy aburrido salir del agua Si despeinada ","frecuencia":1,"complejidad":{"valor":0,"pictos componentes":[{"id":632,"esSugerencia":false},{"id":22,"esSugerencia":false},{"id":119,"esSugerencia":false},{"id":99,"esSugerencia":true},{"id":388,"esSugerencia":true},{"id":158,"esSugerencia":true}]},"fecha":1558619978646},{"frase":"Hola Buen día ","frecuencia":3,"complejidad":{"valor":0,"pictos componentes":[{"id":377,"esSugerencia":false},{"id":379,"horario":["MANANA"],"esSugerencia":false}]},"fecha":[1558620018220,1558620029662,1558620033751]},{"frase":"yo quiero comer ","frecuencia":4,"complejidad":{"valor":0,"pictos componentes":[{"id":643,"esSugerencia":false},{"id":44,"esSugerencia":false},{"id":118,"esSugerencia":false}]},"fecha":[1558620066911,1558620076909,1558620081558,1558687874361]},{"frase":"Hola Buen día quiero ir a ","frecuencia":4,"complejidad":{"valor":0,"pictos componentes":[{"id":377,"esSugerencia":false},{"id":379,"horario":["MANANA"],"esSugerencia":false},{"id":44,"esSugerencia":false},{"id":30,"esSugerencia":false}]},"fecha":[1558631804266,1558631810678,1558631833302,1558631836803]},{"frase":"Hola Buen día tengo verguenza ","frecuencia":1,"complejidad":{"valor":0,"pictos componentes":[{"id":377,"esSugerencia":false},{"id":379,"horario":["MANANA"],"esSugerencia":false},{"id":49,"esSugerencia":false},{"id":729,"esSugerencia":false}]},"fecha":1558687753947},{"frase":"mamá ","frecuencia":1,"complejidad":{"valor":0,"pictos componentes":[{"id":628,"esSugerencia":false}]},"fecha":1558687781499},{"frase":"mamá ¿Cómo estás? ","frecuencia":1,"complejidad":{"valor":0,"pictos componentes":[{"id":628,"esSugerencia":false},{"id":378,"esSugerencia":false}]},"fecha":1558687787177},{"frase":"mamá ¿Cómo estás? quiero comer ","frecuencia":1,"complejidad":{"valor":0,"pictos componentes":[{"id":628,"esSugerencia":false},{"id":378,"esSugerencia":false},{"id":44,"esSugerencia":false},{"id":118,"esSugerencia":false}]},"fecha":1558687803563},{"frase":"yo quiero jugar con la pelota ","frecuencia":1,"complejidad":{"valor":0,"pictos componentes":[{"id":643,"esSugerencia":false},{"id":44,"esSugerencia":false},{"id":34,"edad":["NINO"],"esSugerencia":false},{"id":996,"esSugerencia":false}]},"fecha":1558687827981},{"frase":"mamá ¿Cómo estás? tengo hambre ","frecuencia":1,"complejidad":{"valor":0,"pictos componentes":[{"id":628,"esSugerencia":false},{"id":378,"esSugerencia":false},{"id":49,"esSugerencia":false},{"id":597,"esSugerencia":false}]},"fecha":1558687851740},{"frase":"quiero comer pollo ","frecuencia":1,"complejidad":{"valor":0,"pictos componentes":[{"id":44,"esSugerencia":false},{"id":118,"esSugerencia":false},{"id":504,"esSugerencia":false}]},"fecha":1558723592837},{"frase":"Hola tengo verguenza aburrido ","frecuencia":2,"complejidad":{"valor":0,"pictos componentes":[{"id":377,"esSugerencia":false},{"id":49,"esSugerencia":false},{"id":729,"esSugerencia":false},{"id":119,"esSugerencia":false}]},"fecha":[1559329088669,1559329099273]},{"frase":"Hola ¿Cómo estás? ","frecuencia":1,"complejidad":{"valor":0,"pictos componentes":[{"id":377,"esSugerencia":false},{"id":378,"esSugerencia":false}]},"fecha":1560329952454},{"frase":"Hola Buen día quiero jugar con el juguete ","frecuencia":1,"complejidad":{"valor":0,"pictos componentes":[{"id":377,"esSugerencia":false},{"id":379,"horario":["MANANA"],"esSugerencia":false},{"id":44,"esSugerencia":false},{"id":34,"edad":["NINO"],"esSugerencia":false},{"id":761,"esSugerencia":false}]},"fecha":1560636541877},{"frase":"yo ","frecuencia":1,"complejidad":{"valor":0,"pictos componentes":[{"id":643,"esSugerencia":false}]},"fecha":1565725770135}]