[{"frase":"Hola Buenas tardes ","frecuencia":1,"complejidad":{"valor":0,"pictos componentes":[{"id":377,"esSugerencia":false},{"id":380,"horario":["MEDIODIA","TARDE"],"esSugerencia":false}]},"fecha":1561989413210},{"frase":"papá ","frecuencia":4,"complejidad":{"valor":0,"pictos componentes":[{"id":632,"esSugerencia":false}]},"fecha":[1561989458681,1561989459792,1561990267600,1561990268883]},{"frase":"papá quiero comer ","frecuencia":13,"complejidad":{"valor":0,"pictos componentes":[{"id":632,"esSugerencia":false},{"id":44,"esSugerencia":false},{"id":118,"esSugerencia":false}]},"fecha":[1561989547986,1561989549002,1561989564998,1561989565651,1561989567573,1561989568074,1561989568502,1561989568920,1561989569330,1561989569864,1561989570353,1561989571010,1561989571238]},{"frase":"Hola ","frecuencia":21,"complejidad":{"valor":0,"pictos componentes":[{"id":377,"esSugerencia":false}]},"fecha":[1561990095622,1561990099508,1561990100096,1561990102017,1561990106160,1561990449551,1561990450394,1561990450581,1561990450743,1561990451425,1561990451615,1561990451790,1561991515634,1561991525562,1562110176892,1562110189235,1562110193921,1562110195725,1562110272579,1568585726450,1604158129026]},{"frase":"papá quiero jugar con ","frecuencia":2,"complejidad":{"valor":0,"pictos componentes":[{"id":632,"esSugerencia":false},{"id":44,"esSugerencia":false},{"id":34,"edad":["NINO"],"esSugerencia":false}]},"fecha":[1561990274822,1561990278677]},{"frase":"papá quiero jugar con amigos ","frecuencia":3,"complejidad":{"valor":0,"pictos componentes":[{"id":632,"esSugerencia":false},{"id":44,"esSugerencia":false},{"id":34,"edad":["NINO"],"esSugerencia":false},{"id":615,"esSugerencia":false}]},"fecha":[1561990283273,1561990289242,1561990298068]},{"frase":"yo ","frecuencia":2,"complejidad":{"valor":0,"pictos componentes":[{"id":643,"esSugerencia":false}]},"fecha":[1561990312524,1561994026234]},{"frase":"yo quiero ","frecuencia":1,"complejidad":{"valor":0,"pictos componentes":[{"id":643,"esSugerencia":false},{"id":44,"esSugerencia":false}]},"fecha":1561990316766},{"frase":"yo quiero ir a ","frecuencia":1,"complejidad":{"valor":0,"pictos componentes":[{"id":643,"esSugerencia":false},{"id":44,"esSugerencia":false},{"id":30,"esSugerencia":false}]},"fecha":1561990320826},{"frase":"yo quiero ir a un supermercado ","frecuencia":1,"complejidad":{"valor":0,"pictos componentes":[{"id":643,"esSugerencia":false},{"id":44,"esSugerencia":false},{"id":30,"esSugerencia":false},{"id":688,"esSugerencia":false}]},"fecha":1561990333024},{"frase":"mamá ","frecuencia":2,"complejidad":{"valor":0,"pictos componentes":[{"id":628,"esSugerencia":false}]},"fecha":[1561990347220,1562002423528]},{"frase":"mamá ¿Cómo estás? ","frecuencia":2,"complejidad":{"valor":0,"pictos componentes":[{"id":628,"esSugerencia":false},{"id":378,"esSugerencia":false}]},"fecha":[1561990349965,1561991919695]},{"frase":"mamá ¿Cómo estás? estoy bien ","frecuencia":1,"complejidad":{"valor":0,"pictos componentes":[{"id":628,"esSugerencia":false},{"id":378,"esSugerencia":false},{"id":22,"esSugerencia":false},{"id":133,"esSugerencia":false}]},"fecha":1561990361696},{"frase":"Hola ¿Cómo estás? estoy bien ","frecuencia":2,"complejidad":{"valor":0,"pictos componentes":[{"id":377,"esSugerencia":false},{"id":378,"esSugerencia":false},{"id":22,"esSugerencia":false},{"id":133,"esSugerencia":false}]},"fecha":[1561991545011,1561991839207]},{"frase":"Hola ¿Cómo estás? estoy bien escuchar el cuento ","frecuencia":1,"complejidad":{"valor":0,"pictos componentes":[{"id":377,"esSugerencia":false},{"id":378,"esSugerencia":false},{"id":22,"esSugerencia":false},{"id":133,"esSugerencia":false},{"id":21,"esSugerencia":true},{"id":986,"esSugerencia":true}]},"fecha":1561991859653},{"frase":"Hola ¿Cómo estás? estoy bien escuchar el cuento el tambor ","frecuencia":1,"complejidad":{"valor":0,"pictos componentes":[{"id":377,"esSugerencia":false},{"id":378,"esSugerencia":false},{"id":22,"esSugerencia":false},{"id":133,"esSugerencia":false},{"id":21,"esSugerencia":true},{"id":986,"esSugerencia":true},{"id":870,"esSugerencia":true}]},"fecha":1561991868012},{"frase":"quiero ","frecuencia":2,"complejidad":{"valor":0,"pictos componentes":[{"id":44,"esSugerencia":false}]},"fecha":[1561991877858,1562885266355]},{"frase":"quiero comer ","frecuencia":2,"complejidad":{"valor":0,"pictos componentes":[{"id":44,"esSugerencia":false},{"id":118,"esSugerencia":false}]},"fecha":[1561991884400,1561991886445]},{"frase":"quiero comer hamburguesa ","frecuencia":1,"complejidad":{"valor":0,"pictos componentes":[{"id":44,"esSugerencia":false},{"id":118,"esSugerencia":false},{"id":515,"esSugerencia":false}]},"fecha":1561991889828},{"frase":"quiero comer hamburguesa gato ","frecuencia":2,"complejidad":{"valor":0,"pictos componentes":[{"id":44,"esSugerencia":false},{"id":118,"esSugerencia":false},{"id":515,"esSugerencia":false},{"id":313,"esSugerencia":true}]},"fecha":[1561991894162,1561991901643]},{"frase":"mamá tengo hambre ","frecuencia":1,"complejidad":{"valor":0,"pictos componentes":[{"id":628,"esSugerencia":false},{"id":49,"esSugerencia":false},{"id":597,"esSugerencia":false}]},"fecha":1561991939278},{"frase":"mamá tengo hambre canelones ","frecuencia":1,"complejidad":{"valor":0,"pictos componentes":[{"id":628,"esSugerencia":false},{"id":49,"esSugerencia":false},{"id":597,"esSugerencia":false},{"id":400,"esSugerencia":true}]},"fecha":1561991943487},{"frase":"mamá ¿Cómo estás? quiero comer ","frecuencia":1,"complejidad":{"valor":0,"pictos componentes":[{"id":628,"esSugerencia":false},{"id":378,"esSugerencia":false},{"id":44,"esSugerencia":false},{"id":118,"esSugerencia":false}]},"fecha":1561991986357},{"frase":"mamá ¿Cómo estás? quiero comer pollo ","frecuencia":1,"complejidad":{"valor":0,"pictos componentes":[{"id":628,"esSugerencia":false},{"id":378,"esSugerencia":false},{"id":44,"esSugerencia":false},{"id":118,"esSugerencia":false},{"id":504,"esSugerencia":false}]},"fecha":1561991994241},{"frase":"mamá ¿Cómo estás? quiero comer pollo flan ","frecuencia":1,"complejidad":{"valor":0,"pictos componentes":[{"id":628,"esSugerencia":false},{"id":378,"esSugerencia":false},{"id":44,"esSugerencia":false},{"id":118,"esSugerencia":false},{"id":504,"esSugerencia":false},{"id":412,"esSugerencia":true}]},"fecha":1561992004204},{"frase":"mamá ¿Cómo estás? quiero comer pollo flan arbitro ","frecuencia":1,"complejidad":{"valor":0,"pictos componentes":[{"id":628,"esSugerencia":false},{"id":378,"esSugerencia":false},{"id":44,"esSugerencia":false},{"id":118,"esSugerencia":false},{"id":504,"esSugerencia":false},{"id":412,"esSugerencia":true},{"id":616,"esSugerencia":true}]},"fecha":1561992034158},{"frase":"","frecuencia":9,"complejidad":{"valor":0,"pictos componentes":[]},"fecha":[1561993965443,1562002276751,1562002276887,1562002278049,1562002278228,1562002278376,1562002279094,1562002279260,1562005893442]},{"frase":"mamá dame ","frecuencia":1,"complejidad":{"valor":0,"pictos componentes":[{"id":628,"esSugerencia":false},{"id":14,"esSugerencia":false}]},"fecha":1561993984688},{"frase":"mamá dame leche y galletas ","frecuencia":1,"complejidad":{"valor":0,"pictos componentes":[{"id":628,"esSugerencia":false},{"id":14,"esSugerencia":false},{"id":427,"esSugerencia":false}]},"fecha":1561994002076},{"frase":"yo dame ","frecuencia":1,"complejidad":{"valor":0,"pictos componentes":[{"id":643,"esSugerencia":false},{"id":14,"esSugerencia":true}]},"fecha":1561994037035},{"frase":"yo tengo ","frecuencia":1,"complejidad":{"valor":0,"pictos componentes":[{"id":643,"esSugerencia":false},{"id":49,"esSugerencia":false}]},"fecha":1561994074902},{"frase":"yo tengo escuchar música boca ","frecuencia":1,"complejidad":{"valor":0,"pictos componentes":[{"id":643,"esSugerencia":false},{"id":49,"esSugerencia":false},{"id":20},{"id":777}]},"fecha":1561994124134},{"frase":"Hola ¿Cómo estás? estoy ","frecuencia":1,"complejidad":{"valor":0,"pictos componentes":[{"id":377,"esSugerencia":false},{"id":378,"esSugerencia":false},{"id":22,"esSugerencia":false}]},"fecha":1561994144240},{"frase":"Hola ¿Cómo estás? estoy bien escuchar ","frecuencia":1,"complejidad":{"valor":0,"pictos componentes":[{"id":377,"esSugerencia":false},{"id":378,"esSugerencia":false},{"id":22,"esSugerencia":false},{"id":133,"esSugerencia":false},{"id":21,"esSugerencia":false}]},"fecha":1561994155838},{"frase":"amistad ","frecuencia":1,"complejidad":{"valor":0,"pictos componentes":[{"id":702}]},"fecha":1561994275433},{"frase":"yo abuelo ","frecuencia":1,"complejidad":{"valor":0,"pictos componentes":[{"id":643,"esSugerencia":false},{"id":614,"esSugerencia":false}]},"fecha":1561994400094},{"frase":"yo abuelo dame la tablet ","frecuencia":1,"complejidad":{"valor":0,"pictos componentes":[{"id":643,"esSugerencia":false},{"id":614,"esSugerencia":false},{"id":14,"esSugerencia":false},{"id":774,"esSugerencia":false}]},"fecha":1561994413714},{"frase":"yo abuelo dame la tablet almendras bajar la cama ","frecuencia":1,"complejidad":{"valor":0,"pictos componentes":[{"id":643,"esSugerencia":false},{"id":614,"esSugerencia":false},{"id":14,"esSugerencia":false},{"id":774,"esSugerencia":false},{"id":393,"esSugerencia":true},{"id":62,"esSugerencia":true}]},"fecha":1561994422793},{"frase":"yo abuelo dame la tablet almendras bajar la cama verbos mamá ","frecuencia":1,"complejidad":{"valor":0,"pictos componentes":[{"id":643,"esSugerencia":false},{"id":614,"esSugerencia":false},{"id":14,"esSugerencia":false},{"id":774,"esSugerencia":false},{"id":393,"esSugerencia":true},{"id":62,"esSugerencia":true},{"id":728},{"id":628,"esSugerencia":false}]},"fecha":1561994463430},{"frase":"leer computadora ","frecuencia":1,"complejidad":{"valor":0,"pictos componentes":[{"id":32,"esSugerencia":true},{"id":755,"esSugerencia":true}]},"fecha":1562002397613},{"frase":"yo estoy ","frecuencia":1,"complejidad":{"valor":0,"pictos componentes":[{"id":643,"esSugerencia":false},{"id":22,"esSugerencia":false}]},"fecha":1562004455415},{"frase":"yo YO SOY BARÓN   ","frecuencia":3,"complejidad":{"valor":0,"pictos componentes":[{"id":643,"esSugerencia":false},{"id":1033}]},"fecha":[1562004471582,1562004475460,1565909901041]},{"frase":"Hola YO SOY BARÓN   ","frecuencia":5,"complejidad":{"valor":0,"pictos componentes":[{"id":377,"esSugerencia":false},{"id":1033}]},"fecha":[1562004510379,1562004514347,1562110832794,1562110860735,1568585785956]},{"frase":"Hola YO SOY BARÓN   EL ES MI HERMANO BERNARDO ","frecuencia":2,"complejidad":{"valor":0,"pictos componentes":[{"id":377,"esSugerencia":false},{"id":1033},{"id":1034}]},"fecha":[1562004557935,1562004680582]},{"frase":"Hola YO SOY BARÓN   EL ES MI HERMANO BERNARDO EL ES MI PERRO BEILI ","frecuencia":1,"complejidad":{"valor":0,"pictos componentes":[{"id":377,"esSugerencia":false},{"id":1033},{"id":1034},{"id":1035}]},"fecha":1562004813038},{"frase":"Hola YO SOY BARÓN   EL ES MI HERMANO BERNARDO EL ES MI PERRO BEILI todos ","frecuencia":1,"complejidad":{"valor":0,"pictos componentes":[{"id":377,"esSugerencia":false},{"id":1033},{"id":1034},{"id":1035},{"id":267}]},"fecha":1562004948746},{"frase":"Hola YO SOY BARÓN   EL ES MI HERMANO BERNARDO EL ES MI PERRO BEILI todos quiero ","frecuencia":1,"complejidad":{"valor":0,"pictos componentes":[{"id":377,"esSugerencia":false},{"id":1033},{"id":1034},{"id":1035},{"id":267},{"id":44,"esSugerencia":false}]},"fecha":1562004963824},{"frase":"Hola Buenas tardes YO SOY BARÓN   EL ES MI HERMANO BERNARDO ","frecuencia":1,"complejidad":{"valor":0,"pictos componentes":[{"id":377,"esSugerencia":false},{"id":380,"horario":["MEDIODIA","TARDE"],"esSugerencia":false},{"id":1033},{"id":1034,"esSugerencia":false}]},"fecha":1562005140360},{"frase":"Hola Buenas tardes YO SOY BARÓN   EL ES MI HERMANO BERNARDO EL ES MI PERRO BEILI ","frecuencia":1,"complejidad":{"valor":0,"pictos componentes":[{"id":377,"esSugerencia":false},{"id":380,"horario":["MEDIODIA","TARDE"],"esSugerencia":false},{"id":1033},{"id":1034,"esSugerencia":false},{"id":1035,"esSugerencia":false}]},"fecha":1562005157582},{"frase":"Hola Buenas tardes YO SOY BARÓN   EL ES MI HERMANO BERNARDO EL ES MI PERRO BEILI ELLA ES ANDREA MI MAMI ","frecuencia":1,"complejidad":{"valor":0,"pictos componentes":[{"id":377,"esSugerencia":false},{"id":380,"horario":["MEDIODIA","TARDE"],"esSugerencia":false},{"id":1033},{"id":1034,"esSugerencia":false},{"id":1035,"esSugerencia":false},{"id":1036}]},"fecha":1562005183851},{"frase":"Hola YO SOY BARÓN   EL ES MI HERMANO BERNARDO EL ES MI PERRO BEILI ELLA ES ANDREA MI MAMI ","frecuencia":2,"complejidad":{"valor":0,"pictos componentes":[{"id":377,"esSugerencia":false},{"id":1033},{"id":1034,"esSugerencia":false},{"id":1035,"esSugerencia":false},{"id":1036}]},"fecha":[1562006101818,1562006225492]},{"frase":"Hola tengo ","frecuencia":1,"complejidad":{"valor":0,"pictos componentes":[{"id":377,"esSugerencia":false},{"id":49,"esSugerencia":false}]},"fecha":1562110285419},{"frase":"Hola tengo hambre ","frecuencia":1,"complejidad":{"valor":0,"pictos componentes":[{"id":377,"esSugerencia":false},{"id":49,"esSugerencia":false},{"id":597,"esSugerencia":false}]},"fecha":1562110297045},{"frase":"Hola tengo hambre canelones ","frecuencia":1,"complejidad":{"valor":0,"pictos componentes":[{"id":377,"esSugerencia":false},{"id":49,"esSugerencia":false},{"id":597,"esSugerencia":false},{"id":400,"esSugerencia":false}]},"fecha":1562110312423},{"frase":"YO SOY BARÓN   ","frecuencia":3,"complejidad":{"valor":0,"pictos componentes":[{"id":1033}]},"fecha":[1562110345916,1562110375532,1562110391082]},{"frase":"YO SOY BARÓN   Hola ","frecuencia":2,"complejidad":{"valor":0,"pictos componentes":[{"id":1033},{"id":377,"esSugerencia":false}]},"fecha":[1562110378857,1562110385877]},{"frase":"YO SOY BARÓN   EL ES MI HERMANO BERNARDO ","frecuencia":1,"complejidad":{"valor":0,"pictos componentes":[{"id":1033},{"id":1034,"esSugerencia":false}]},"fecha":1562110406903},{"frase":"YO SOY BARÓN   EL ES MI HERMANO BERNARDO EL ES MI PERRO BEILI ELLA ES ANDREA MI MAMI ","frecuencia":1,"complejidad":{"valor":0,"pictos componentes":[{"id":1033},{"id":1034,"esSugerencia":false},{"id":1035,"esSugerencia":false},{"id":1036}]},"fecha":1562110445471},{"frase":"No estoy aburrido ","frecuencia":1,"complejidad":{"valor":0,"pictos componentes":[{"id":389,"esSugerencia":false},{"id":22,"esSugerencia":false},{"id":119,"esSugerencia":false}]},"fecha":1562110482285},{"frase":"Si quiero ir a comer ","frecuencia":1,"complejidad":{"valor":0,"pictos componentes":[{"id":388,"esSugerencia":false},{"id":44,"esSugerencia":false},{"id":30,"esSugerencia":false},{"id":118,"esSugerencia":false}]},"fecha":1562110504837},{"frase":"Si quiero ir a comer carne ","frecuencia":1,"complejidad":{"valor":0,"pictos componentes":[{"id":388,"esSugerencia":false},{"id":44,"esSugerencia":false},{"id":30,"esSugerencia":false},{"id":118,"esSugerencia":false},{"id":482,"esSugerencia":false}]},"fecha":1562110513331},{"frase":"yo dame los juguetes ","frecuencia":1,"complejidad":{"valor":0,"pictos componentes":[{"id":643,"esSugerencia":false},{"id":14,"esSugerencia":false},{"id":989,"esSugerencia":false}]},"fecha":1562110551263},{"frase":"yo cambiarme la ropa quiero ","frecuencia":2,"complejidad":{"valor":0,"pictos componentes":[{"id":643,"esSugerencia":false},{"id":10},{"id":44,"esSugerencia":false}]},"fecha":[1562110597294,1562110606297]},{"frase":"yo quiero escuchar música ","frecuencia":2,"complejidad":{"valor":0,"pictos componentes":[{"id":643,"esSugerencia":false},{"id":44,"esSugerencia":false},{"id":20,"esSugerencia":true}]},"fecha":[1562110629491,1562110636588]},{"frase":"yo quiero escuchar música mamá ","frecuencia":5,"complejidad":{"valor":0,"pictos componentes":[{"id":643,"esSugerencia":false},{"id":44,"esSugerencia":false},{"id":20,"esSugerencia":true},{"id":628,"esSugerencia":false}]},"fecha":[1562110662054,1562110688159,1562110694379,1562110705919,1562110729051]},{"frase":"quiero ir a casa ","frecuencia":1,"complejidad":{"valor":0,"pictos componentes":[{"id":44,"esSugerencia":false},{"id":30,"esSugerencia":false},{"id":653,"esSugerencia":false}]},"fecha":1562885271347},{"frase":"quiero ir a casa papá ¿Cómo estás? tengo ","frecuencia":1,"complejidad":{"valor":0,"pictos componentes":[{"id":44,"esSugerencia":false},{"id":30,"esSugerencia":false},{"id":653,"esSugerencia":false},{"id":632,"esSugerencia":true},{"id":378,"esSugerencia":false},{"id":49,"esSugerencia":false}]},"fecha":1562885335892},{"frase":"quiero ir a casa papá ¿Cómo estás? tengo frío ","frecuencia":1,"complejidad":{"valor":0,"pictos componentes":[{"id":44,"esSugerencia":false},{"id":30,"esSugerencia":false},{"id":653,"esSugerencia":false},{"id":632,"esSugerencia":true},{"id":378,"esSugerencia":false},{"id":49,"esSugerencia":false},{"id":177,"esSugerencia":false}]},"fecha":1562885343504},{"frase":"quiero ir a casa papá ¿Cómo estás? tengo frío veloz ","frecuencia":1,"complejidad":{"valor":0,"pictos componentes":[{"id":44,"esSugerencia":false},{"id":30,"esSugerencia":false},{"id":653,"esSugerencia":false},{"id":632,"esSugerencia":true},{"id":378,"esSugerencia":false},{"id":49,"esSugerencia":false},{"id":177,"esSugerencia":false},{"id":278,"esSugerencia":true}]},"fecha":1562885357706},{"frase":"yo cambiarme el pañal verguenza ","frecuencia":1,"complejidad":{"valor":0,"pictos componentes":[{"id":643,"esSugerencia":false},{"id":9},{"id":729,"esSugerencia":true}]},"fecha":1565909787999},{"frase":"yo cambiarme el pañal ","frecuencia":1,"complejidad":{"valor":0,"pictos componentes":[{"id":643,"esSugerencia":false},{"id":9}]},"fecha":1565909797713},{"frase":"yo cambiarme el pañal quiero ","frecuencia":2,"complejidad":{"valor":0,"pictos componentes":[{"id":643,"esSugerencia":false},{"id":9},{"id":44,"esSugerencia":true}]},"fecha":[1565909834730,1565909856280]},{"frase":"yo YO SOY BARÓN   EL ES MI HERMANO BERNARDO ","frecuencia":1,"complejidad":{"valor":0,"pictos componentes":[{"id":643,"esSugerencia":false},{"id":1033,"esSugerencia":false},{"id":1034,"esSugerencia":false}]},"fecha":1565909912387},{"frase":"mamá dame la tablet ","frecuencia":1,"complejidad":{"valor":0,"pictos componentes":[{"id":628,"esSugerencia":false},{"id":14,"esSugerencia":false},{"id":774,"esSugerencia":false}]},"fecha":1565910067612},{"frase":"mamá dame la tablet uno ","frecuencia":1,"complejidad":{"valor":0,"pictos componentes":[{"id":628,"esSugerencia":false},{"id":14,"esSugerencia":false},{"id":774,"esSugerencia":false},{"id":836}]},"fecha":1565910098763},{"frase":"Si quiero ir a responder ","frecuencia":2,"complejidad":{"valor":0,"pictos componentes":[{"id":388,"esSugerencia":false},{"id":44,"esSugerencia":false},{"id":30,"esSugerencia":false},{"id":45}]},"fecha":[1565910294106,1565910307101]},{"frase":"Si quiero ir a responder mamá ","frecuencia":1,"complejidad":{"valor":0,"pictos componentes":[{"id":388,"esSugerencia":false},{"id":44,"esSugerencia":false},{"id":30,"esSugerencia":false},{"id":45},{"id":628,"esSugerencia":false}]},"fecha":1565910315285},{"frase":"súcio ","frecuencia":1,"complejidad":{"valor":0,"pictos componentes":[{"id":263,"esSugerencia":true}]},"fecha":1565910355989},{"frase":"súcio Hola ","frecuencia":1,"complejidad":{"valor":0,"pictos componentes":[{"id":263,"esSugerencia":true},{"id":377,"esSugerencia":false}]},"fecha":1565910488462},{"frase":"Hola YO SOY BARÓN   yo tengo seis ","frecuencia":1,"complejidad":{"valor":0,"pictos componentes":[{"id":377,"esSugerencia":false},{"id":1033,"esSugerencia":false},{"id":643,"esSugerencia":false},{"id":49,"esSugerencia":false},{"id":841,"esSugerencia":true}]},"fecha":1568585926936}]