[{"frase":"Hola tengo hambre ","frecuencia":1,"complejidad":{"valor":0,"pictos componentes":[{"id":377,"esSugerencia":false},{"id":49,"esSugerencia":false},{"id":597,"esSugerencia":false}]},"fecha":1583932202143},{"frase":"","frecuencia":3,"complejidad":{"valor":0,"pictos componentes":[]},"fecha":[1583932291153,1583932291792,1583934925259]},{"frase":"Hola ¿Cómo estás? ","frecuencia":1,"complejidad":{"valor":0,"pictos componentes":[{"id":377,"esSugerencia":false},{"id":378,"esSugerencia":false}]},"fecha":1583933209851},{"frase":"yo quiero tomar agua ","frecuencia":1,"complejidad":{"valor":0,"pictos componentes":[{"id":643,"esSugerencia":false},{"id":44,"esSugerencia":false},{"id":51,"esSugerencia":false},{"id":500,"esSugerencia":false}]},"fecha":1583933824140},{"frase":"quiero ir a casa ","frecuencia":2,"complejidad":{"valor":0,"pictos componentes":[{"id":44,"esSugerencia":false},{"id":30,"esSugerencia":false},{"id":653,"esSugerencia":false}]},"fecha":[1583933975580,1583934045851]}]