[{"frase":"Hola Buenas tardes ","frecuencia":4,"complejidad":{"valor":0,"pictos componentes":[{"id":377},{"id":380,"horario":["MEDIODIA","TARDE"]}]},"fecha":[1541112933,1541113008,1543239621,1581086318329]},{"frase":"Hola ¿Cómo estás? estoy mas o menos ","frecuencia":2,"complejidad":{"valor":0,"pictos componentes":[{"id":377},{"id":378},{"id":22},{"id":204}]},"fecha":[1541113041,1541113131]},{"frase":"Hola ¿Cómo estás? estoy ","frecuencia":1,"complejidad":{"valor":0,"pictos componentes":[{"id":377},{"id":378},{"id":22}]},"fecha":[1541113050]},{"frase":"Hola ¿Cómo estás? estoy aburrido ","frecuencia":2,"complejidad":{"valor":0,"pictos componentes":[{"id":377},{"id":378},{"id":22},{"id":119}]},"fecha":[1541113119,1541113124]},{"frase":"Hola ¿Cómo estás? estoy mal ","frecuencia":1,"complejidad":{"valor":0,"pictos componentes":[{"id":377},{"id":378},{"id":22},{"id":205}]},"fecha":[1541113138]},{"frase":"Hola ¿Cómo estás? estoy mal la flauta ","frecuencia":1,"complejidad":{"valor":0,"pictos componentes":[{"id":377},{"id":378},{"id":22},{"id":205},{"id":854}]},"fecha":[1541113210]},{"frase":"Hola ¿Cómo estás? ","frecuencia":4,"complejidad":{"valor":0,"pictos componentes":[{"id":377,"esSugerencia":false},{"id":378,"esSugerencia":false}]},"fecha":[1543239815,1555775829507,1564006316613,1581086239546]},{"frase":"Hola ¿Cómo estás? quiero jugar con el juguete ","frecuencia":1,"complejidad":{"valor":0,"pictos componentes":[{"id":377,"esSugerencia":false},{"id":378,"esSugerencia":false},{"id":44,"esSugerencia":false},{"id":34,"esSugerencia":false},{"id":761,"esSugerencia":false}]},"fecha":[1543239829]},{"frase":"Hola ¿Cómo estás? quiero jugar con el juguete despues ","frecuencia":1,"complejidad":{"valor":0,"pictos componentes":[{"id":377,"esSugerencia":false},{"id":378,"esSugerencia":false},{"id":44,"esSugerencia":false},{"id":34,"esSugerencia":false},{"id":761,"esSugerencia":false},{"id":812,"esSugerencia":true}]},"fecha":[1543239852]},{"frase":"yo quiero abrazar besar ","frecuencia":1,"complejidad":{"valor":0,"pictos componentes":[{"id":643,"esSugerencia":true},{"id":44,"esSugerencia":false},{"id":52,"esSugerencia":true},{"id":64,"esSugerencia":true}]},"fecha":[1543239896]},{"frase":"Hola Buen día ","frecuencia":1,"complejidad":{"valor":0,"pictos componentes":[{"id":377,"esSugerencia":false},{"id":379,"horario":["MANANA"],"esSugerencia":false}]},"fecha":[1543268341]},{"frase":"Hola Buen día quiero ","frecuencia":1,"complejidad":{"valor":0,"pictos componentes":[{"id":377,"esSugerencia":false},{"id":379,"horario":["MANANA"],"esSugerencia":false},{"id":44,"esSugerencia":false}]},"fecha":[1543268358]},{"frase":"quiero comer alcaucil ","frecuencia":1,"complejidad":{"valor":0,"pictos componentes":[{"id":44,"esSugerencia":false},{"id":118,"esSugerencia":false},{"id":392}]},"fecha":[1543358257]},{"frase":"quiero ir a hospital la discoteca ","frecuencia":1,"complejidad":{"valor":0,"pictos componentes":[{"id":44,"esSugerencia":false},{"id":30,"esSugerencia":true},{"id":668,"esSugerencia":false},{"id":661}]},"fecha":[1543358308]},{"frase":"papá ","frecuencia":1,"complejidad":{"valor":0,"pictos componentes":[{"id":632,"esSugerencia":false}]},"fecha":1558916118359},{"frase":"papá ¿Cómo estás? ","frecuencia":1,"complejidad":{"valor":0,"pictos componentes":[{"id":632,"esSugerencia":false},{"id":378,"esSugerencia":false}]},"fecha":1558916130247},{"frase":"yo quiero ir a casa amigos ","frecuencia":1,"complejidad":{"valor":0,"pictos componentes":[{"id":643,"esSugerencia":false},{"id":44,"esSugerencia":false},{"id":30,"esSugerencia":false},{"id":653,"esSugerencia":false},{"id":615,"esSugerencia":true}]},"fecha":1558916154288},{"frase":"yo quiero ir a casa amigos borrar ","frecuencia":2,"complejidad":{"valor":0,"pictos componentes":[{"id":643,"esSugerencia":false},{"id":44,"esSugerencia":false},{"id":30,"esSugerencia":false},{"id":653,"esSugerencia":false},{"id":615,"esSugerencia":true},{"id":4,"esSugerencia":true}]},"fecha":[1558916162725,1558916225663]},{"frase":"yo quiero ir a hamburguesería ","frecuencia":3,"complejidad":{"valor":0,"pictos componentes":[{"id":643,"esSugerencia":false},{"id":44,"esSugerencia":false},{"id":30,"esSugerencia":false},{"id":666}]},"fecha":[1564006279586,1564006283167,1564006286244]},{"frase":"Hola ¿Cómo estás? estoy bien ","frecuencia":2,"complejidad":{"valor":0,"pictos componentes":[{"id":377,"esSugerencia":false},{"id":378,"esSugerencia":false},{"id":22,"esSugerencia":false},{"id":133,"esSugerencia":false}]},"fecha":[1564006336659,1581086924049]},{"frase":"Hola ¿Cómo estás? estoy bien escuchar ","frecuencia":1,"complejidad":{"valor":0,"pictos componentes":[{"id":377,"esSugerencia":false},{"id":378,"esSugerencia":false},{"id":22,"esSugerencia":false},{"id":133,"esSugerencia":false},{"id":21,"esSugerencia":true}]},"fecha":1564006346252},{"frase":"Hola ¿Cómo estás? estoy bien escuchar cantar ","frecuencia":1,"complejidad":{"valor":0,"pictos componentes":[{"id":377,"esSugerencia":false},{"id":378,"esSugerencia":false},{"id":22,"esSugerencia":false},{"id":133,"esSugerencia":false},{"id":21,"esSugerencia":true},{"id":6,"esSugerencia":true}]},"fecha":1564006356212},{"frase":"gato ","frecuencia":1,"complejidad":{"valor":0,"pictos componentes":[{"id":313}]},"fecha":1564006584379},{"frase":"gato dormir ","frecuencia":1,"complejidad":{"valor":0,"pictos componentes":[{"id":313},{"id":1036}]},"fecha":1564006707715},{"frase":"gato dormir zapato ","frecuencia":1,"complejidad":{"valor":0,"pictos componentes":[{"id":313},{"id":1036},{"id":1035}]},"fecha":1564006764661},{"frase":"gato dormir zapato gata ","frecuencia":2,"complejidad":{"valor":0,"pictos componentes":[{"id":313},{"id":1036},{"id":1035},{"id":1037}]},"fecha":[1564006898310,1564006929062]},{"frase":"gato dormir zapato gata dormir cocina ","frecuencia":1,"complejidad":{"valor":0,"pictos componentes":[{"id":313},{"id":1036},{"id":1035},{"id":1037},{"id":1036},{"id":1023}]},"fecha":1564007065138},{"frase":"Hola tengo verguenza ","frecuencia":1,"complejidad":{"valor":0,"pictos componentes":[{"id":377,"esSugerencia":false},{"id":49,"esSugerencia":false},{"id":729,"esSugerencia":false}]},"fecha":1573647121677},{"frase":"Hola tengo verguenza ¿Qué color es? colores ","frecuencia":2,"complejidad":{"valor":0,"pictos componentes":[{"id":377,"esSugerencia":false},{"id":49,"esSugerencia":false},{"id":729,"esSugerencia":false},{"id":745,"esSugerencia":true},{"id":737,"esSugerencia":true}]},"fecha":[1573647170459,1573647178942]},{"frase":"Hola ¿Cómo estás? bien bien suyos robusto turno ","frecuencia":1,"complejidad":{"valor":0,"pictos componentes":[{"id":377,"esSugerencia":false},{"id":378,"esSugerencia":false},{"id":133,"esSugerencia":true},{"id":133,"esSugerencia":true},{"id":918,"esSugerencia":true},{"id":244,"esSugerencia":true},{"id":727,"esSugerencia":true}]},"fecha":1581086546864},{"frase":"ballena ","frecuencia":3,"complejidad":{"valor":0,"pictos componentes":[{"id":290}]},"fecha":[1581087319727,1581087321275,1581087322719]}]