[{"frase":"Hola ¿Cómo estás? ","frecuencia":3,"complejidad":{"valor":0,"pictos componentes":[{"id":377},{"id":378}]},"fecha":[1533577736,1533600823,1533671429]},{"frase":"Hola Buenas tardes ","frecuencia":3,"complejidad":{"valor":0,"pictos componentes":[{"id":377},{"id":380,"horario":["MEDIODIA","TARDE"]}]},"fecha":[1533577782,1533577883,1533577885]},{"frase":"Hola Buenas tardes borrar ","frecuencia":1,"complejidad":{"valor":0,"pictos componentes":[{"id":377},{"id":380,"horario":["MEDIODIA","TARDE"]},{"id":4}]},"fecha":[1533577818]},{"frase":"quiero ","frecuencia":5,"complejidad":{"valor":0,"pictos componentes":[{"id":44}]},"fecha":[1533577899,1533577900,1533577902,1533577943,1533577965]},{"frase":"quiero jugar con la pelota ","frecuencia":1,"complejidad":{"valor":0,"pictos componentes":[{"id":44},{"id":34},{"id":996}]},"fecha":[1533577910]},{"frase":"quiero comer hamburguesa ","frecuencia":1,"complejidad":{"valor":0,"pictos componentes":[{"id":44},{"id":118},{"id":515}]},"fecha":[1533577920]},{"frase":"quiero cantar ","frecuencia":1,"complejidad":{"valor":0,"pictos componentes":[{"id":44},{"id":6}]},"fecha":[1533577992]},{"frase":"quiero cantar alto ","frecuencia":1,"complejidad":{"valor":0,"pictos componentes":[{"id":44},{"id":6},{"id":123}]},"fecha":[1533578028]},{"frase":"quiero hacer pis ","frecuencia":1,"complejidad":{"valor":0,"pictos componentes":[{"id":44},{"id":29}]},"fecha":[1533578059]},{"frase":"Hola tengo frío ","frecuencia":1,"complejidad":{"valor":0,"pictos componentes":[{"id":377},{"id":49},{"id":177}]},"fecha":[1533671450]},{"frase":"mamá ¿Cómo estás? clases sentarme sentarme ","frecuencia":1,"complejidad":{"valor":0,"pictos componentes":[{"id":628,"esSugerencia":false},{"id":378,"esSugerencia":false},{"id":754},{"id":101,"esSugerencia":true},{"id":101,"esSugerencia":true}]},"fecha":1559489840278}]