[{"frase":"Hola Buenas tardes ","frecuencia":6,"complejidad":{"valor":0,"pictos componentes":[{"id":377,"esSugerencia":false},{"id":380,"horario":["MEDIODIA","TARDE"],"esSugerencia":false}]},"fecha":[1554770482794,1554770567909,1585923741026,1587412885420,1591966898287,1592422639076]},{"frase":"No tengo hambre abeja ","frecuencia":1,"complejidad":{"valor":0,"pictos componentes":[{"id":389,"esSugerencia":false},{"id":49,"esSugerencia":false},{"id":597,"esSugerencia":false},{"id":283,"esSugerencia":true}]},"fecha":1554770514321},{"frase":"Hola ","frecuencia":13,"complejidad":{"valor":0,"pictos componentes":[{"id":377,"esSugerencia":false}]},"fecha":[1554770566004,1591720478272,1591797716100,1591797854838,1591886701736,1591886707210,1591966917344,1592422432902,1592422447304,1592422461016,1592422633018,1596217470589,1596217477476]},{"frase":"Hola Buenas tardes quiero ","frecuencia":1,"complejidad":{"valor":0,"pictos componentes":[{"id":377,"esSugerencia":false},{"id":380,"horario":["MEDIODIA","TARDE"],"esSugerencia":false},{"id":44,"esSugerencia":false}]},"fecha":1554770570560},{"frase":"No estoy bien ","frecuencia":1,"complejidad":{"valor":0,"pictos componentes":[{"id":389,"esSugerencia":false},{"id":22,"esSugerencia":false},{"id":133,"esSugerencia":false}]},"fecha":1561391189190},{"frase":"quiero ir a un supermercado ","frecuencia":2,"complejidad":{"valor":0,"pictos componentes":[{"id":44,"esSugerencia":false},{"id":30,"esSugerencia":false},{"id":688,"esSugerencia":false}]},"fecha":[1561391227173,1591720520056]},{"frase":"Hola ¿Cómo estás? quiero ","frecuencia":1,"complejidad":{"valor":0,"pictos componentes":[{"id":377,"esSugerencia":false},{"id":378,"esSugerencia":false},{"id":44,"esSugerencia":false}]},"fecha":1561391248502},{"frase":"Hola el coro ","frecuencia":1,"complejidad":{"valor":0,"pictos componentes":[{"id":377,"esSugerencia":false},{"id":853}]},"fecha":1585853655066},{"frase":"quiero jugar con el juguete azul ","frecuencia":1,"complejidad":{"valor":0,"pictos componentes":[{"id":44,"esSugerencia":false},{"id":34,"edad":["NINO"],"esSugerencia":false},{"id":761,"esSugerencia":false},{"id":734,"esSugerencia":false}]},"fecha":1585853669388},{"frase":"yo quiero comer pollo ","frecuencia":1,"complejidad":{"valor":0,"pictos componentes":[{"id":643,"esSugerencia":false},{"id":44,"esSugerencia":false},{"id":118,"esSugerencia":false},{"id":504,"esSugerencia":false}]},"fecha":1585923720706},{"frase":"No tengo hambre ","frecuencia":1,"complejidad":{"valor":0,"pictos componentes":[{"id":389,"esSugerencia":false},{"id":49,"esSugerencia":false},{"id":597,"esSugerencia":false}]},"fecha":1585923769214},{"frase":"yo estoy mal ","frecuencia":1,"complejidad":{"valor":0,"pictos componentes":[{"id":643,"esSugerencia":false},{"id":22,"esSugerencia":false},{"id":205,"esSugerencia":false}]},"fecha":1585923795044},{"frase":"quiero ir a casa ","frecuencia":1,"complejidad":{"valor":0,"pictos componentes":[{"id":44,"esSugerencia":false},{"id":30,"esSugerencia":false},{"id":653,"esSugerencia":false}]},"fecha":1585928784183},{"frase":"yo estoy bien ","frecuencia":3,"complejidad":{"valor":0,"pictos componentes":[{"id":643,"esSugerencia":false},{"id":22,"esSugerencia":false},{"id":133,"esSugerencia":false}]},"fecha":[1585928796740,1587412897079,1591806392764]},{"frase":"yo quiero jugar con ","frecuencia":1,"complejidad":{"valor":0,"pictos componentes":[{"id":643,"esSugerencia":false},{"id":44,"esSugerencia":false},{"id":34,"edad":["NINO"],"esSugerencia":false}]},"fecha":1585928840804},{"frase":"quiero buscar comida ","frecuencia":1,"complejidad":{"valor":0,"pictos componentes":[{"id":44,"esSugerencia":false},{"id":5,"esSugerencia":false},{"id":1014,"esSugerencia":false}]},"fecha":1585930057103},{"frase":"Hola Buenas tardes estoy aburrido ","frecuencia":1,"complejidad":{"valor":0,"pictos componentes":[{"id":377,"esSugerencia":false},{"id":380,"horario":["MEDIODIA","TARDE"],"esSugerencia":false},{"id":22,"esSugerencia":false},{"id":119,"esSugerencia":false}]},"fecha":1585930069691},{"frase":"yo quiero ir a casa ","frecuencia":1,"complejidad":{"valor":0,"pictos componentes":[{"id":643,"esSugerencia":false},{"id":44,"esSugerencia":false},{"id":30,"esSugerencia":false},{"id":653,"esSugerencia":false}]},"fecha":1587412874635},{"frase":"No tengo frío ","frecuencia":1,"complejidad":{"valor":0,"pictos componentes":[{"id":389,"esSugerencia":false},{"id":49,"esSugerencia":false},{"id":177,"esSugerencia":false}]},"fecha":1587412906932},{"frase":"quiero ","frecuencia":2,"complejidad":{"valor":0,"pictos componentes":[{"id":44,"esSugerencia":false}]},"fecha":[1591720488990,1592422605861]},{"frase":"quiero ir a comer carne ","frecuencia":1,"complejidad":{"valor":0,"pictos componentes":[{"id":44,"esSugerencia":false},{"id":30,"esSugerencia":false},{"id":118,"esSugerencia":false},{"id":482,"esSugerencia":false}]},"fecha":1591720572403},{"frase":"","frecuencia":4,"complejidad":{"valor":0,"pictos componentes":[]},"fecha":[1591797711509,1591797839862,1591798040590,1591798042132]},{"frase":"Hola ¿Cómo estás? ","frecuencia":3,"complejidad":{"valor":0,"pictos componentes":[{"id":377,"esSugerencia":false},{"id":378,"esSugerencia":false}]},"fecha":[1591797728026,1591797914966,1591806360647]},{"frase":"yo estoy mas o menos ","frecuencia":1,"complejidad":{"valor":0,"pictos componentes":[{"id":643,"esSugerencia":false},{"id":22,"esSugerencia":false},{"id":204,"esSugerencia":false}]},"fecha":1591797736298},{"frase":"Adiós ","frecuencia":1,"complejidad":{"valor":0,"pictos componentes":[{"id":382,"esSugerencia":false}]},"fecha":1591797747971},{"frase":"quiero comer carne ","frecuencia":1,"complejidad":{"valor":0,"pictos componentes":[{"id":44,"esSugerencia":false},{"id":118,"esSugerencia":false},{"id":482,"esSugerencia":false}]},"fecha":1591797862509},{"frase":"No ","frecuencia":1,"complejidad":{"valor":0,"pictos componentes":[{"id":389,"esSugerencia":false}]},"fecha":1591797867142},{"frase":"vino ","frecuencia":1,"complejidad":{"valor":0,"pictos componentes":[{"id":503,"edad":["ADULTO"],"esSugerencia":false}]},"fecha":1591797877062},{"frase":"quiero tomar helado ","frecuencia":1,"complejidad":{"valor":0,"pictos componentes":[{"id":44,"esSugerencia":false},{"id":51,"esSugerencia":false},{"id":486,"esSugerencia":false}]},"fecha":1591797885639},{"frase":"Hola Buen día ","frecuencia":3,"complejidad":{"valor":0,"pictos componentes":[{"id":377,"esSugerencia":false},{"id":379,"horario":["MANANA"],"esSugerencia":false}]},"fecha":[1591797919579,1591798037924,1591884020189]},{"frase":"yo estoy aburrido ","frecuencia":1,"complejidad":{"valor":0,"pictos componentes":[{"id":643,"esSugerencia":false},{"id":22,"esSugerencia":false},{"id":119,"esSugerencia":false}]},"fecha":1591797931646},{"frase":"Hola Buen día tengo ","frecuencia":1,"complejidad":{"valor":0,"pictos componentes":[{"id":377,"esSugerencia":false},{"id":379,"horario":["MANANA"],"esSugerencia":false},{"id":49,"esSugerencia":false}]},"fecha":1591806980879},{"frase":"otoño ","frecuencia":1,"complejidad":{"valor":0,"pictos componentes":[{"id":816}]},"fecha":1591807612551},{"frase":"leer cuarto ","frecuencia":1,"complejidad":{"valor":0,"pictos componentes":[{"id":32,"esSugerencia":true},{"id":758}]},"fecha":1591807783247},{"frase":"autobús ","frecuencia":1,"complejidad":{"valor":0,"pictos componentes":[{"id":607}]},"fecha":1591883941042},{"frase":"asustado ","frecuencia":1,"complejidad":{"valor":0,"pictos componentes":[{"id":121}]},"fecha":1591883954657},{"frase":"Hola Buen día estoy asustado ","frecuencia":1,"complejidad":{"valor":0,"pictos componentes":[{"id":377,"esSugerencia":false},{"id":379,"horario":["MANANA"],"esSugerencia":false},{"id":22,"esSugerencia":false},{"id":121}]},"fecha":1591883971624},{"frase":"buscar . ¿me ayudas? ","frecuencia":1,"complejidad":{"valor":0,"pictos componentes":[{"id":5,"esSugerencia":false},{"id":385,"esSugerencia":false}]},"fecha":1591883991396},{"frase":"camello ","frecuencia":1,"complejidad":{"valor":0,"pictos componentes":[{"id":296}]},"fecha":1591884011219},{"frase":"cabra ","frecuencia":1,"complejidad":{"valor":0,"pictos componentes":[{"id":294}]},"fecha":1591966889694},{"frase":"Hola tengo verguenza ","frecuencia":1,"complejidad":{"valor":0,"pictos componentes":[{"id":377,"esSugerencia":false},{"id":49,"esSugerencia":false},{"id":729,"esSugerencia":false}]},"fecha":1591966910887},{"frase":"quiero canario ","frecuencia":1,"complejidad":{"valor":0,"pictos componentes":[{"id":44,"esSugerencia":false},{"id":297}]},"fecha":1591966931166},{"frase":"Hola colores ","frecuencia":1,"complejidad":{"valor":0,"pictos componentes":[{"id":377,"esSugerencia":false},{"id":737,"esSugerencia":false}]},"fecha":1592422563588},{"frase":"durazno ","frecuencia":1,"complejidad":{"valor":0,"pictos componentes":[{"id":432}]},"fecha":1595003682566},{"frase":"apenado ","frecuencia":2,"complejidad":{"valor":0,"pictos componentes":[{"id":125,"esSugerencia":true}]},"fecha":[1596122051114,1596218116012]},{"frase":"carne ","frecuencia":1,"complejidad":{"valor":0,"pictos componentes":[{"id":482,"esSugerencia":false}]},"fecha":1596217461682}]