[{"frase":"Hola Buenas tardes ","frecuencia":1,"complejidad":{"valor":0,"pictos componentes":[{"id":377,"esSugerencia":false},{"id":380,"horario":["MEDIODIA","TARDE"],"esSugerencia":false}]},"fecha":1554831626270},{"frase":"papá dame el cuento los globos ¿Qué color es? colores Hola Buen día ","frecuencia":4,"complejidad":{"valor":0,"pictos componentes":[{"id":632,"esSugerencia":false},{"id":14,"esSugerencia":false},{"id":986,"esSugerencia":false},{"id":987,"esSugerencia":true},{"id":745,"esSugerencia":true},{"id":737,"esSugerencia":true},{"id":377,"esSugerencia":true},{"id":379,"horario":["MANANA"],"esSugerencia":false}]},"fecha":[1554831699687,1554831705733,1554831711632,1554831717488]},{"frase":"papá dame el cuento los globos ¿Qué color es? colores Hola Buen día ir a casa ayuda dedos moco panza tetas sangre el cine ","frecuencia":1,"complejidad":{"valor":0,"pictos componentes":[{"id":632,"esSugerencia":false},{"id":14,"esSugerencia":false},{"id":986,"esSugerencia":false},{"id":987,"esSugerencia":true},{"id":745,"esSugerencia":true},{"id":737,"esSugerencia":true},{"id":377,"esSugerencia":true},{"id":379,"horario":["MANANA"],"esSugerencia":false},{"id":30,"esSugerencia":true},{"id":653,"esSugerencia":false},{"id":703,"esSugerencia":true},{"id":782,"esSugerencia":true},{"id":787,"esSugerencia":true},{"id":795,"esSugerencia":true},{"id":806,"esSugerencia":true},{"id":804,"esSugerencia":true},{"id":1013,"esSugerencia":true}]},"fecha":1554831743555},{"frase":"ir a lavarme las manos ","frecuencia":1,"complejidad":{"valor":0,"pictos componentes":[{"id":30,"esSugerencia":true},{"id":31}]},"fecha":1556492951788},{"frase":"ir a lavarme las manos secar ","frecuencia":5,"complejidad":{"valor":0,"pictos componentes":[{"id":30,"esSugerencia":true},{"id":31},{"id":100,"esSugerencia":true}]},"fecha":[1556492962100,1556492975696,1556493113967,1556493125180,1556493129950]}]