[{"frase":"Hola Buenas tardes ","frecuencia":1,"complejidad":{"valor":0,"pictos componentes":[{"id":377,"esSugerencia":false},{"id":380,"horario":["MEDIODIA","TARDE"],"esSugerencia":false}]},"fecha":1552311863284},{"frase":"Hola Buenas tardes tengo verguenza ","frecuencia":2,"complejidad":{"valor":0,"pictos componentes":[{"id":377,"esSugerencia":false},{"id":380,"horario":["MEDIODIA","TARDE"],"esSugerencia":false},{"id":49,"esSugerencia":false},{"id":729,"esSugerencia":false}]},"fecha":[1552311951243,1552311956530]},{"frase":"Hola ¿Cómo estás? ","frecuencia":1,"complejidad":{"valor":0,"pictos componentes":[{"id":377,"esSugerencia":false},{"id":378,"esSugerencia":false}]},"fecha":1552312081098},{"frase":"Hola ¿Cómo estás? en casa papá ","frecuencia":3,"complejidad":{"valor":0,"pictos componentes":[{"id":377,"esSugerencia":false},{"id":378,"esSugerencia":false},{"id":533,"esSugerencia":true},{"id":653,"esSugerencia":true},{"id":632,"esSugerencia":true}]},"fecha":[1552312099946,1552312105090,1552314139292]},{"frase":"yo quiero comer pollo huevo frito pan blanco galleta ","frecuencia":2,"complejidad":{"valor":0,"pictos componentes":[{"id":643,"esSugerencia":false},{"id":44,"esSugerencia":false},{"id":118,"esSugerencia":false},{"id":504,"esSugerencia":false},{"id":421,"esSugerencia":true},{"id":438,"esSugerencia":true},{"id":415,"esSugerencia":true}]},"fecha":[1552314177064,1552314181943]},{"frase":"Hola Buen día tengo frío ","frecuencia":2,"complejidad":{"valor":0,"pictos componentes":[{"id":377,"esSugerencia":false},{"id":379,"horario":["MANANA"],"esSugerencia":false},{"id":49,"esSugerencia":false},{"id":177,"esSugerencia":false}]},"fecha":[1552314276740,1552314279800]},{"frase":"Hola Buen día tengo frío borrar ","frecuencia":3,"complejidad":{"valor":0,"pictos componentes":[{"id":377,"esSugerencia":false},{"id":379,"horario":["MANANA"],"esSugerencia":false},{"id":49,"esSugerencia":false},{"id":177,"esSugerencia":false},{"id":4,"esSugerencia":true}]},"fecha":[1552314285012,1552314291267,1552314294301]},{"frase":"mamá dame la tablet aburrido ","frecuencia":2,"complejidad":{"valor":0,"pictos componentes":[{"id":628,"esSugerencia":false},{"id":14,"esSugerencia":false},{"id":774,"esSugerencia":false},{"id":119,"esSugerencia":true}]},"fecha":[1552314321150,1552314325443]},{"frase":"quiero ir a un supermercado galleta Sopa costilla cerveza ","frecuencia":1,"complejidad":{"valor":0,"pictos componentes":[{"id":44,"esSugerencia":false},{"id":30,"esSugerencia":false},{"id":688,"esSugerencia":false},{"id":415,"esSugerencia":true},{"id":472,"esSugerencia":true},{"id":514,"esSugerencia":true},{"id":502,"edad":["ADULTO"],"esSugerencia":true}]},"fecha":1552314352574},{"frase":"papá quiero ir a hospital dolor de Garganta Por favor ","frecuencia":2,"complejidad":{"valor":0,"pictos componentes":[{"id":632,"esSugerencia":false},{"id":44,"esSugerencia":false},{"id":30,"esSugerencia":false},{"id":668,"esSugerencia":false},{"id":826,"esSugerencia":true},{"id":383,"esSugerencia":true}]},"fecha":[1552314422138,1552314427235]},{"frase":"Hola Buenas tardes quiero jugar con ","frecuencia":3,"complejidad":{"valor":0,"pictos componentes":[{"id":377,"esSugerencia":false},{"id":380,"horario":["MEDIODIA","TARDE"],"esSugerencia":false},{"id":44,"esSugerencia":false},{"id":34,"edad":["NINO"],"esSugerencia":false}]},"fecha":[1552315385622,1552315391102,1552315413173]},{"frase":"Hola Buen día tengo verguenza ","frecuencia":1,"complejidad":{"valor":0,"pictos componentes":[{"id":377,"esSugerencia":false},{"id":379,"horario":["MANANA"],"esSugerencia":false},{"id":49,"esSugerencia":false},{"id":729,"esSugerencia":false}]},"fecha":1552358523110},{"frase":"Si despeinada leer ","frecuencia":1,"complejidad":{"valor":0,"pictos componentes":[{"id":388,"esSugerencia":false},{"id":158,"esSugerencia":true},{"id":32,"esSugerencia":true}]},"fecha":1552358605399},{"frase":"Si despeinada leer leer ","frecuencia":1,"complejidad":{"valor":0,"pictos componentes":[{"id":388,"esSugerencia":false},{"id":158,"esSugerencia":true},{"id":32,"esSugerencia":true},{"id":32,"esSugerencia":true}]},"fecha":1552358610824},{"frase":"yo estoy mas o menos goloso ","frecuencia":2,"complejidad":{"valor":0,"pictos componentes":[{"id":643,"esSugerencia":false},{"id":22,"esSugerencia":false},{"id":204,"esSugerencia":false},{"id":183,"esSugerencia":true}]},"fecha":[1552358625114,1552358628954]}]