[{"frase":"gallo antipático ","frecuencia":1,"complejidad":{"valor":0,"pictos componentes":[{"id":310},{"id":120,"esSugerencia":true}]},"fecha":1555341301584},{"frase":"mamá ","frecuencia":1,"complejidad":{"valor":0,"pictos componentes":[{"id":628,"esSugerencia":false}]},"fecha":1555341310767},{"frase":"","frecuencia":1,"complejidad":{"valor":0,"pictos componentes":[]},"fecha":1555341313494},{"frase":"papá apagar ","frecuencia":1,"complejidad":{"valor":0,"pictos componentes":[{"id":632,"esSugerencia":false},{"id":2,"esSugerencia":true}]},"fecha":1555341336335},{"frase":"papá apagar la armónica ","frecuencia":1,"complejidad":{"valor":0,"pictos componentes":[{"id":632,"esSugerencia":false},{"id":2,"esSugerencia":true},{"id":848,"esSugerencia":true}]},"fecha":1555341345160},{"frase":"papá apagar la armónica los globos Por favor ","frecuencia":2,"complejidad":{"valor":0,"pictos componentes":[{"id":632,"esSugerencia":false},{"id":2,"esSugerencia":true},{"id":848,"esSugerencia":true},{"id":987,"esSugerencia":true},{"id":383,"esSugerencia":true}]},"fecha":[1555341352387,1555341355930]},{"frase":"amarillo ","frecuencia":1,"complejidad":{"valor":0,"pictos componentes":[{"id":733}]},"fecha":1555341598652}]