[{"frase":"Hola ¿Cómo estás? ","frecuencia":4,"complejidad":{"valor":0,"pictos componentes":[{"id":377},{"id":378}]},"fecha":[1534107960,1534108076,1534108079,1534108081]},{"frase":"Hola ¿Cómo estás? quiero comer hamburguesa ","frecuencia":1,"complejidad":{"valor":0,"pictos componentes":[{"id":377,"esSugerencia":false},{"id":378,"esSugerencia":false},{"id":44,"esSugerencia":false},{"id":118,"esSugerencia":false},{"id":515,"esSugerencia":false}]},"fecha":[1542924286]},{"frase":"Hola ¿Cómo estás? quiero comer hamburguesa cantar la bateria ir a un supermercado ","frecuencia":1,"complejidad":{"valor":0,"pictos componentes":[{"id":377,"esSugerencia":false},{"id":378,"esSugerencia":false},{"id":44,"esSugerencia":false},{"id":118,"esSugerencia":false},{"id":515,"esSugerencia":false},{"id":6,"esSugerencia":true},{"id":849,"esSugerencia":true},{"id":30,"esSugerencia":true},{"id":688,"esSugerencia":false}]},"fecha":[1542924413]},{"frase":"Hola ","frecuencia":1,"complejidad":{"valor":0,"pictos componentes":[{"id":377,"esSugerencia":false}]},"fecha":[1542981454]},{"frase":"Hola Buen día ","frecuencia":2,"complejidad":{"valor":0,"pictos componentes":[{"id":377,"esSugerencia":false},{"id":379,"horario":["MANANA"],"esSugerencia":false}]},"fecha":[1542981460,1542981467]},{"frase":"Hola Buen día ¿Cómo estás? ","frecuencia":1,"complejidad":{"valor":0,"pictos componentes":[{"id":377,"esSugerencia":false},{"id":379,"horario":["MANANA"],"esSugerencia":false},{"id":378,"esSugerencia":true}]},"fecha":[1542981472]},{"frase":"Hola Buen día ¿Cómo estás? quiero ","frecuencia":1,"complejidad":{"valor":0,"pictos componentes":[{"id":377,"esSugerencia":false},{"id":379,"horario":["MANANA"],"esSugerencia":false},{"id":378,"esSugerencia":true},{"id":44,"esSugerencia":false}]},"fecha":[1542981478]},{"frase":"Hola Buen día ¿Cómo estás? quiero jugar con amigos ","frecuencia":2,"complejidad":{"valor":0,"pictos componentes":[{"id":377,"esSugerencia":false},{"id":379,"horario":["MANANA"],"esSugerencia":false},{"id":378,"esSugerencia":true},{"id":44,"esSugerencia":false},{"id":34,"esSugerencia":false},{"id":615,"esSugerencia":false}]},"fecha":[1542981492,1542981525]},{"frase":"Hola Buen día ¿Cómo estás? quiero jugar con amigos escuela bien ","frecuencia":1,"complejidad":{"valor":0,"pictos componentes":[{"id":377,"esSugerencia":false},{"id":379,"horario":["MANANA"],"esSugerencia":false},{"id":378,"esSugerencia":true},{"id":44,"esSugerencia":false},{"id":34,"esSugerencia":false},{"id":615,"esSugerencia":false},{"id":662,"esSugerencia":true},{"id":133,"esSugerencia":true}]},"fecha":[1542981558]},{"frase":"","frecuencia":2,"complejidad":{"valor":0,"pictos componentes":[]},"fecha":[1554144929975,1554145083812]},{"frase":"Hola Buen día quiero ir a casa ","frecuencia":2,"complejidad":{"valor":0,"pictos componentes":[{"id":377,"esSugerencia":false},{"id":379,"horario":["MANANA"],"esSugerencia":false},{"id":44,"esSugerencia":false},{"id":30,"esSugerencia":false},{"id":653,"esSugerencia":false}]},"fecha":[1554145312982,1554145317821]},{"frase":"Hola Buen día quiero ir a casa ayuda dibujar ","frecuencia":1,"complejidad":{"valor":0,"pictos componentes":[{"id":377,"esSugerencia":false},{"id":379,"horario":["MANANA"],"esSugerencia":false},{"id":44,"esSugerencia":false},{"id":30,"esSugerencia":false},{"id":653,"esSugerencia":false},{"id":703,"esSugerencia":true},{"id":15,"esSugerencia":true}]},"fecha":1554145334152}]