[{"frase":"yo estoy aburrido quiero ir a casa ","frecuencia":2,"complejidad":{"valor":0,"pictos componentes":[{"id":643,"esSugerencia":false},{"id":22,"esSugerencia":false},{"id":119,"esSugerencia":false},{"id":44,"esSugerencia":false},{"id":30,"esSugerencia":false},{"id":653,"esSugerencia":false}]},"fecha":[1558630714359,1558630718291]},{"frase":"mamá ¿Cómo estás? en ","frecuencia":1,"complejidad":{"valor":0,"pictos componentes":[{"id":628,"esSugerencia":false},{"id":378,"esSugerencia":false},{"id":533,"esSugerencia":true}]},"fecha":1558630744349},{"frase":"Hola Buen día ir a comer hamburguesa tomar gaseosa ","frecuencia":2,"complejidad":{"valor":0,"pictos componentes":[{"id":377,"esSugerencia":false},{"id":379,"horario":["MANANA"],"esSugerencia":false},{"id":30,"esSugerencia":true},{"id":118,"esSugerencia":false},{"id":515,"esSugerencia":false},{"id":51,"esSugerencia":true},{"id":501,"esSugerencia":false}]},"fecha":[1558631295192,1558631299509]},{"frase":"yo estoy enfermo dame ","frecuencia":2,"complejidad":{"valor":0,"pictos componentes":[{"id":643,"esSugerencia":false},{"id":22,"esSugerencia":false},{"id":819,"esSugerencia":false},{"id":14,"esSugerencia":true}]},"fecha":[1558631394768,1558631476382]},{"frase":"yo estoy enfermo dame agua ","frecuencia":1,"complejidad":{"valor":0,"pictos componentes":[{"id":643,"esSugerencia":false},{"id":22,"esSugerencia":false},{"id":819,"esSugerencia":false},{"id":14,"esSugerencia":true},{"id":500,"esSugerencia":false}]},"fecha":1558631484043}]