[{"frase":"papá estoy mal ","frecuencia":1,"complejidad":{"valor":0,"pictos componentes":[{"id":632,"esSugerencia":false},{"id":22,"esSugerencia":false},{"id":205,"esSugerencia":false}]},"fecha":1571955713365},{"frase":"papá estoy mal mas o menos ","frecuencia":1,"complejidad":{"valor":0,"pictos componentes":[{"id":632,"esSugerencia":false},{"id":22,"esSugerencia":false},{"id":205,"esSugerencia":false},{"id":204,"esSugerencia":true}]},"fecha":1571955717813},{"frase":"yo dame leche y galletas ","frecuencia":1,"complejidad":{"valor":0,"pictos componentes":[{"id":643,"esSugerencia":false},{"id":14,"esSugerencia":true},{"id":427,"esSugerencia":false}]},"fecha":1571955733776},{"frase":"abuelo tengo clases ","frecuencia":1,"complejidad":{"valor":0,"pictos componentes":[{"id":614,"esSugerencia":false},{"id":49,"esSugerencia":false},{"id":754,"esSugerencia":false}]},"fecha":1571955774688},{"frase":"yo estoy con papá ","frecuencia":2,"complejidad":{"valor":0,"pictos componentes":[{"id":643,"esSugerencia":false},{"id":22,"esSugerencia":false},{"id":528,"esSugerencia":true},{"id":632,"esSugerencia":true}]},"fecha":[1571959459363,1571960194274]},{"frase":"Hola Buen día ","frecuencia":1,"complejidad":{"valor":0,"pictos componentes":[{"id":377,"esSugerencia":false},{"id":379,"horario":["MANANA"],"esSugerencia":false}]},"fecha":1571961854788},{"frase":"quiero jugar con la tablet la tablet ","frecuencia":1,"complejidad":{"valor":0,"pictos componentes":[{"id":44,"esSugerencia":false},{"id":82,"edad":["JOVEN"],"esSugerencia":true},{"id":774,"esSugerencia":true}]},"fecha":1571961903932},{"frase":"quiero apagar computadora ","frecuencia":2,"complejidad":{"valor":0,"pictos componentes":[{"id":44,"esSugerencia":false},{"id":2,"esSugerencia":false},{"id":755,"esSugerencia":true}]},"fecha":[1571961951819,1571962029589]},{"frase":"Hola Buen día abuelo ","frecuencia":1,"complejidad":{"valor":0,"pictos componentes":[{"id":377,"esSugerencia":false},{"id":379,"horario":["MANANA"],"esSugerencia":false},{"id":614,"esSugerencia":true}]},"fecha":1572025063229},{"frase":"mamá quiero comer yogur ","frecuencia":1,"complejidad":{"valor":0,"pictos componentes":[{"id":628,"esSugerencia":false},{"id":44,"esSugerencia":false},{"id":118,"esSugerencia":false},{"id":484,"esSugerencia":true}]},"fecha":1572025091816}]