[{"frase":"Hola Buenas tardes ","frecuencia":2,"complejidad":{"valor":0,"pictos componentes":[{"id":377,"esSugerencia":false},{"id":380,"horario":["MEDIODIA","TARDE"],"esSugerencia":false}]},"fecha":[1547483028778,1547502938944]},{"frase":"No tengo hambre ","frecuencia":1,"complejidad":{"valor":0,"pictos componentes":[{"id":389,"esSugerencia":false},{"id":49,"esSugerencia":false},{"id":597,"esSugerencia":false}]},"fecha":1547483110681},{"frase":"No tengo ","frecuencia":1,"complejidad":{"valor":0,"pictos componentes":[{"id":389,"esSugerencia":false},{"id":49,"esSugerencia":false}]},"fecha":1547483120265},{"frase":"quiero comer ","frecuencia":2,"complejidad":{"valor":0,"pictos componentes":[{"id":44,"esSugerencia":false},{"id":118,"esSugerencia":false}]},"fecha":[1547483134558,1547502980138]},{"frase":"quiero ir a casa ","frecuencia":1,"complejidad":{"valor":0,"pictos componentes":[{"id":44,"esSugerencia":false},{"id":30,"esSugerencia":false},{"id":653,"esSugerencia":false}]},"fecha":1547502961595},{"frase":"yo quiero hacer pis ","frecuencia":1,"complejidad":{"valor":0,"pictos componentes":[{"id":643,"esSugerencia":false},{"id":44,"esSugerencia":false},{"id":29,"esSugerencia":false}]},"fecha":1547503045300},{"frase":"yo quiero ir a casa ","frecuencia":1,"complejidad":{"valor":0,"pictos componentes":[{"id":643,"esSugerencia":false},{"id":44,"esSugerencia":false},{"id":30,"esSugerencia":false},{"id":653,"esSugerencia":false}]},"fecha":1548351960509},{"frase":"yo quiero comer ","frecuencia":1,"complejidad":{"valor":0,"pictos componentes":[{"id":643,"esSugerencia":false},{"id":44,"esSugerencia":false},{"id":118,"esSugerencia":false}]},"fecha":1548352071559},{"frase":"Hola ","frecuencia":1,"complejidad":{"valor":0,"pictos componentes":[{"id":377,"esSugerencia":false}]},"fecha":1550284032862},{"frase":"Hola ¿Cómo estás? ","frecuencia":1,"complejidad":{"valor":0,"pictos componentes":[{"id":377,"esSugerencia":false},{"id":378,"esSugerencia":false}]},"fecha":1550284038775},{"frase":"Hola ¿Cómo estás? cambiarme la ropa . ¿me ayudas? ","frecuencia":1,"complejidad":{"valor":0,"pictos componentes":[{"id":377,"esSugerencia":false},{"id":378,"esSugerencia":false},{"id":10,"esSugerencia":true},{"id":385,"esSugerencia":false}]},"fecha":1550284077506},{"frase":"yo quiero ","frecuencia":3,"complejidad":{"valor":0,"pictos componentes":[{"id":643,"esSugerencia":false},{"id":44,"esSugerencia":false}]},"fecha":[1550284168005,1550284168887,1550284169746]},{"frase":"yo comer ","frecuencia":2,"complejidad":{"valor":0,"pictos componentes":[{"id":643,"esSugerencia":false},{"id":118,"esSugerencia":true}]},"fecha":[1550284183262,1550284184074]},{"frase":"yo comer carne ","frecuencia":1,"complejidad":{"valor":0,"pictos componentes":[{"id":643,"esSugerencia":false},{"id":118,"esSugerencia":true},{"id":482,"esSugerencia":false}]},"fecha":1550284193656},{"frase":"Hola Buenas tardes estoy ","frecuencia":2,"complejidad":{"valor":0,"pictos componentes":[{"id":377,"esSugerencia":false},{"id":380,"horario":["MEDIODIA","TARDE"],"esSugerencia":false},{"id":22,"esSugerencia":false}]},"fecha":[1550414135481,1550414142730]},{"frase":"Hola Buenas tardes estoy aburrido ","frecuencia":1,"complejidad":{"valor":0,"pictos componentes":[{"id":377,"esSugerencia":false},{"id":380,"horario":["MEDIODIA","TARDE"],"esSugerencia":false},{"id":22,"esSugerencia":false},{"id":119,"esSugerencia":false}]},"fecha":1550414147829},{"frase":"Hola Buenas tardes estoy aburrido ansioso ","frecuencia":1,"complejidad":{"valor":0,"pictos componentes":[{"id":377,"esSugerencia":false},{"id":380,"horario":["MEDIODIA","TARDE"],"esSugerencia":false},{"id":22,"esSugerencia":false},{"id":119,"esSugerencia":false},{"id":124,"esSugerencia":true}]},"fecha":1550414153944}]