[{"frase":"Hola Buenas tardes ","frecuencia":2,"complejidad":{"valor":0,"pictos componentes":[{"id":377,"esSugerencia":false},{"id":380,"horario":["MEDIODIA","TARDE"],"esSugerencia":false}]},"fecha":[1545423195,1551298759166]},{"frase":"yo estoy yogur ","frecuencia":1,"complejidad":{"valor":0,"pictos componentes":[{"id":643,"esSugerencia":false},{"id":22,"esSugerencia":false},{"id":484}]},"fecha":[1551120133]},{"frase":"botines pantalones cortos polo ","frecuencia":9,"complejidad":{"valor":0,"pictos componentes":[{"id":932},{"id":962},{"id":964}]},"fecha":[1551120312,1551297200213,1551297210006,1551297219297,1551297230185,1551297244600,1551297259914,1551297273986,1551297278962]},{"frase":"yo estoy jugar con la cancha ","frecuencia":1,"complejidad":{"valor":0,"pictos componentes":[{"id":643,"esSugerencia":false},{"id":22,"esSugerencia":false},{"id":34,"edad":["NINO"]},{"id":651}]},"fecha":[1551120431]},{"frase":"yo tengo ","frecuencia":1,"complejidad":{"valor":0,"pictos componentes":[{"id":643,"esSugerencia":false},{"id":49,"esSugerencia":false}]},"fecha":[1551120449]},{"frase":"yo estoy ","frecuencia":2,"complejidad":{"valor":0,"pictos componentes":[{"id":643,"esSugerencia":false},{"id":22,"esSugerencia":false}]},"fecha":[1551120453,1551120456]},{"frase":"yo ir a la cancha ","frecuencia":1,"complejidad":{"valor":0,"pictos componentes":[{"id":643,"esSugerencia":false},{"id":30,"esSugerencia":true},{"id":651,"esSugerencia":false}]},"fecha":[1551120475]},{"frase":"yo ir a la cancha jugar con ","frecuencia":1,"complejidad":{"valor":0,"pictos componentes":[{"id":643,"esSugerencia":false},{"id":30,"esSugerencia":true},{"id":651,"esSugerencia":false},{"id":34,"edad":["NINO"]}]},"fecha":[1551120513]},{"frase":"yo ir a la cancha jugar con la pelota ","frecuencia":5,"complejidad":{"valor":0,"pictos componentes":[{"id":643,"esSugerencia":false},{"id":30,"esSugerencia":true},{"id":651,"esSugerencia":false},{"id":34,"edad":["NINO"]},{"id":996,"esSugerencia":false}]},"fecha":[1551120523,1551120545,1551120567,1551121115060,1551121161944]},{"frase":"yo ir a botines pantalones cortos polo ","frecuencia":8,"complejidad":{"valor":0,"pictos componentes":[{"id":643,"esSugerencia":false},{"id":30,"esSugerencia":false},{"id":932},{"id":962,"esSugerencia":false},{"id":964,"esSugerencia":false}]},"fecha":[1551297317312,1551297337416,1551297345378,1551297350885,1551297356574,1551297360684,1551297380624,1551297398419]},{"frase":"yo ir a botines pantalones cortos polo el tambor ","frecuencia":2,"complejidad":{"valor":0,"pictos componentes":[{"id":643,"esSugerencia":false},{"id":30,"esSugerencia":false},{"id":932},{"id":962,"esSugerencia":false},{"id":964,"esSugerencia":false},{"id":870}]},"fecha":[1551297420040,1551297577803]},{"frase":"yo ir a botines pantalones cortos polo el tambor la cancha ","frecuencia":17,"complejidad":{"valor":0,"pictos componentes":[{"id":643,"esSugerencia":false},{"id":30,"esSugerencia":false},{"id":932},{"id":962,"esSugerencia":false},{"id":964,"esSugerencia":false},{"id":870},{"id":651,"esSugerencia":false}]},"fecha":[1551297445239,1551297473170,1551297521074,1551297602518,1551297666049,1551297689993,1551297727536,1551297761365,1551297770383,1551297795856,1551297823388,1551297858306,1551297889791,1551297928081,1551297961220,1551297980055,1551298008019]},{"frase":"yo ir a botines pantalones cortos polo el tambor la cancha el camión de juguete ","frecuencia":1,"complejidad":{"valor":0,"pictos componentes":[{"id":643,"esSugerencia":false},{"id":30,"esSugerencia":false},{"id":932},{"id":962,"esSugerencia":false},{"id":964,"esSugerencia":false},{"id":870},{"id":651,"esSugerencia":false},{"id":980,"esSugerencia":true}]},"fecha":1551297673304},{"frase":"Hola ","frecuencia":2,"complejidad":{"valor":0,"pictos componentes":[{"id":377,"esSugerencia":false}]},"fecha":[1551298595604,1551298608590]}]