[{"frase":"Hola Buenas tardes ","frecuencia":1,"complejidad":{"valor":0,"pictos componentes":[{"id":377,"esSugerencia":false},{"id":380,"horario":["MEDIODIA","TARDE"],"esSugerencia":false}]},"fecha":1552602597840},{"frase":"abuelo tengo verguenza ","frecuencia":1,"complejidad":{"valor":0,"pictos componentes":[{"id":614,"esSugerencia":false},{"id":49,"esSugerencia":false},{"id":729,"esSugerencia":false}]},"fecha":1552602640952},{"frase":"abuelo tengo ","frecuencia":1,"complejidad":{"valor":0,"pictos componentes":[{"id":614,"esSugerencia":false},{"id":49,"esSugerencia":false}]},"fecha":1552602650391},{"frase":"Hola ¿Cómo estás? ","frecuencia":1,"complejidad":{"valor":0,"pictos componentes":[{"id":377,"esSugerencia":false},{"id":378,"esSugerencia":false}]},"fecha":1552602663382},{"frase":"quiero ","frecuencia":1,"complejidad":{"valor":0,"pictos componentes":[{"id":44,"esSugerencia":false}]},"fecha":1552602674189},{"frase":"quiero comer verduras caliente axila ","frecuencia":1,"complejidad":{"valor":0,"pictos componentes":[{"id":44,"esSugerencia":false},{"id":118,"esSugerencia":false},{"id":478,"esSugerencia":false},{"id":140,"esSugerencia":true},{"id":776,"esSugerencia":true}]},"fecha":1552602685834},{"frase":"quiero comer verduras caliente ","frecuencia":1,"complejidad":{"valor":0,"pictos componentes":[{"id":44,"esSugerencia":false},{"id":118,"esSugerencia":false},{"id":478,"esSugerencia":false},{"id":140,"esSugerencia":true}]},"fecha":1552602692683},{"frase":"mamá tengo frío ","frecuencia":1,"complejidad":{"valor":0,"pictos componentes":[{"id":628,"esSugerencia":false},{"id":49,"esSugerencia":false},{"id":177,"esSugerencia":false}]},"fecha":1552602817529},{"frase":"mamá tengo frío borrar ","frecuencia":1,"complejidad":{"valor":0,"pictos componentes":[{"id":628,"esSugerencia":false},{"id":49,"esSugerencia":false},{"id":177,"esSugerencia":false},{"id":4,"esSugerencia":true}]},"fecha":1552602823472},{"frase":"mamá tengo frío borrar cambiarme el pañal ","frecuencia":1,"complejidad":{"valor":0,"pictos componentes":[{"id":628,"esSugerencia":false},{"id":49,"esSugerencia":false},{"id":177,"esSugerencia":false},{"id":4,"esSugerencia":true},{"id":9,"esSugerencia":true}]},"fecha":1552602827288},{"frase":"quiero buscar comida ","frecuencia":1,"complejidad":{"valor":0,"pictos componentes":[{"id":44,"esSugerencia":false},{"id":5,"esSugerencia":false},{"id":1014,"esSugerencia":false}]},"fecha":1552602850148},{"frase":"Hola tengo hambre ","frecuencia":1,"complejidad":{"valor":0,"pictos componentes":[{"id":377,"esSugerencia":false},{"id":49,"esSugerencia":false},{"id":597,"esSugerencia":false}]},"fecha":1552603018404},{"frase":"Hola tengo hambre de ","frecuencia":1,"complejidad":{"valor":0,"pictos componentes":[{"id":377,"esSugerencia":false},{"id":49,"esSugerencia":false},{"id":597,"esSugerencia":false},{"id":530}]},"fecha":1552603057648},{"frase":"Hola tengo hambre de canelones ","frecuencia":1,"complejidad":{"valor":0,"pictos componentes":[{"id":377,"esSugerencia":false},{"id":49,"esSugerencia":false},{"id":597,"esSugerencia":false},{"id":530},{"id":400,"esSugerencia":true}]},"fecha":1552603063044},{"frase":"yo quiero ir a comer verduras caliente ","frecuencia":1,"complejidad":{"valor":0,"pictos componentes":[{"id":643,"esSugerencia":false},{"id":44,"esSugerencia":false},{"id":30,"esSugerencia":false},{"id":118,"esSugerencia":false},{"id":478,"esSugerencia":false},{"id":140,"esSugerencia":false}]},"fecha":1552845489429},{"frase":"yo quiero ir a comer verduras caliente té ","frecuencia":1,"complejidad":{"valor":0,"pictos componentes":[{"id":643,"esSugerencia":false},{"id":44,"esSugerencia":false},{"id":30,"esSugerencia":false},{"id":118,"esSugerencia":false},{"id":478,"esSugerencia":false},{"id":140,"esSugerencia":false},{"id":499,"esSugerencia":true}]},"fecha":1552845509747},{"frase":"mamá quiero ir a comer carne ","frecuencia":1,"complejidad":{"valor":0,"pictos componentes":[{"id":628,"esSugerencia":false},{"id":44,"esSugerencia":false},{"id":30,"esSugerencia":false},{"id":118,"esSugerencia":false},{"id":482,"esSugerencia":false}]},"fecha":1552845566246},{"frase":"mamá quiero ir a comer carne cambiar de canal la bateria ","frecuencia":1,"complejidad":{"valor":0,"pictos componentes":[{"id":628,"esSugerencia":false},{"id":44,"esSugerencia":false},{"id":30,"esSugerencia":false},{"id":118,"esSugerencia":false},{"id":482,"esSugerencia":false},{"id":8,"esSugerencia":true},{"id":849,"esSugerencia":true}]},"fecha":1552845596749},{"frase":"mamá estoy despeinado ","frecuencia":1,"complejidad":{"valor":0,"pictos componentes":[{"id":628,"esSugerencia":false},{"id":22,"esSugerencia":false},{"id":159,"esSugerencia":true}]},"fecha":1552845647212},{"frase":"mamá estoy despeinado melenudo chupetin dame leche y galletas ","frecuencia":1,"complejidad":{"valor":0,"pictos componentes":[{"id":628,"esSugerencia":false},{"id":22,"esSugerencia":false},{"id":159,"esSugerencia":true},{"id":209,"esSugerencia":true},{"id":406,"edad":["NINO"],"esSugerencia":true},{"id":14,"esSugerencia":true},{"id":427,"esSugerencia":false}]},"fecha":1552845662529},{"frase":"mamá estoy despeinado melenudo chupetin dame leche y galletas bocadillo canelones gambas música aventurero ","frecuencia":1,"complejidad":{"valor":0,"pictos componentes":[{"id":628,"esSugerencia":false},{"id":22,"esSugerencia":false},{"id":159,"esSugerencia":true},{"id":209,"esSugerencia":true},{"id":406,"edad":["NINO"],"esSugerencia":true},{"id":14,"esSugerencia":true},{"id":427,"esSugerencia":false},{"id":398,"esSugerencia":true},{"id":400,"esSugerencia":true},{"id":416,"esSugerencia":true},{"id":573,"esSugerencia":true},{"id":545,"esSugerencia":true}]},"fecha":1552845679615},{"frase":"","frecuencia":1,"complejidad":{"valor":0,"pictos componentes":[]},"fecha":1552845703212},{"frase":"Hola Buenas tardes quiero comer verduras dame leche y galletas bocadillo canelones gambas judia verde kiwi arroz pollo muslo de pollo babero arándanos higos puré flan caballo ","frecuencia":1,"complejidad":{"valor":0,"pictos componentes":[{"id":377,"esSugerencia":false},{"id":380,"horario":["MEDIODIA","TARDE"],"esSugerencia":false},{"id":44,"esSugerencia":false},{"id":118,"esSugerencia":false},{"id":478,"esSugerencia":false},{"id":14,"esSugerencia":true},{"id":427,"esSugerencia":false},{"id":398,"esSugerencia":false},{"id":400,"esSugerencia":false},{"id":416,"esSugerencia":false},{"id":422,"esSugerencia":true},{"id":423,"esSugerencia":true},{"id":481,"esSugerencia":true},{"id":504,"esSugerencia":true},{"id":505,"esSugerencia":true},{"id":926,"esSugerencia":true},{"id":395,"esSugerencia":true},{"id":418,"esSugerencia":true},{"id":449,"esSugerencia":true},{"id":412,"esSugerencia":true},{"id":293,"esSugerencia":true}]},"fecha":1552845755631}]