[{"frase":"yo Fui alpi ","frecuencia":1,"complejidad":{"valor":0,"pictos componentes":[{"id":614,"esSugerencia":false},{"id":1047,"esSugerencia":false},{"id":1166}]},"fecha":1559739304814},{"frase":"yo Fui ","frecuencia":1,"complejidad":{"valor":0,"pictos componentes":[{"id":614,"esSugerencia":false},{"id":1047,"esSugerencia":false}]},"fecha":1559739327414},{"frase":"yo Fui Bar ","frecuencia":1,"complejidad":{"valor":0,"pictos componentes":[{"id":614,"esSugerencia":false},{"id":1047,"esSugerencia":false},{"id":1174}]},"fecha":1559739440912},{"frase":"yo Fui al Bar ","frecuencia":1,"complejidad":{"valor":0,"pictos componentes":[{"id":614,"esSugerencia":false},{"id":1047,"esSugerencia":false},{"id":1048,"esSugerencia":false},{"id":1174,"esSugerencia":false}]},"fecha":1559739450843},{"frase":"yo Fui banco ","frecuencia":1,"complejidad":{"valor":0,"pictos componentes":[{"id":614,"esSugerencia":false},{"id":1047,"esSugerencia":false},{"id":1185}]},"fecha":1559739631702},{"frase":"yo Fui al banco ","frecuencia":1,"complejidad":{"valor":0,"pictos componentes":[{"id":614,"esSugerencia":false},{"id":1047,"esSugerencia":false},{"id":1048,"esSugerencia":false},{"id":1185}]},"fecha":1559739671363},{"frase":"yo Fui al Bar I pedí ","frecuencia":1,"complejidad":{"valor":0,"pictos componentes":[{"id":614,"esSugerencia":false},{"id":1047,"esSugerencia":false},{"id":1048,"esSugerencia":false},{"id":1174,"esSugerencia":false},{"id":1122},{"id":1186}]},"fecha":1559739999242},{"frase":"yo Fui al Bar I pedí cafe con leche medialuna ","frecuencia":1,"complejidad":{"valor":0,"pictos componentes":[{"id":614,"esSugerencia":false},{"id":1047,"esSugerencia":false},{"id":1048,"esSugerencia":false},{"id":1174,"esSugerencia":false},{"id":1122},{"id":1186},{"id":1050},{"id":1175,"esSugerencia":false}]},"fecha":1559740065818},{"frase":"","frecuencia":26,"complejidad":{"valor":0,"pictos componentes":[]},"fecha":[1560170669798,1560948057463,1570625197047,1574096137765,1574987824323,1583326156634,1583755135670,1583755137040,1583755142589,1584106816490,1591994473955,1593568530433,1593568531173,1593568532664,1593568654220,1593568655696,1593568657124,1593568658572,1593568660021,1593568661535,1593568671594,1594504593415,1594504595644,1594504639736,1596500729518,1596500730942]},{"frase":"yo Fui al restaurante ","frecuencia":1,"complejidad":{"valor":0,"pictos componentes":[{"id":614,"esSugerencia":false},{"id":1047,"esSugerencia":false},{"id":1048,"esSugerencia":false},{"id":1178,"esSugerencia":false}]},"fecha":1560170717592},{"frase":"sábado quiero ","frecuencia":1,"complejidad":{"valor":0,"pictos componentes":[{"id":1081},{"id":44,"esSugerencia":false}]},"fecha":1560947982459},{"frase":"yo Fui al Flor y Nico Lea ","frecuencia":1,"complejidad":{"valor":0,"pictos componentes":[{"id":614,"esSugerencia":false},{"id":1047,"esSugerencia":false},{"id":1048,"esSugerencia":false},{"id":1184},{"id":1191}]},"fecha":1560948217200},{"frase":"farmacia Flor y Nico ","frecuencia":2,"complejidad":{"valor":0,"pictos componentes":[{"id":1172},{"id":1184}]},"fecha":[1561121467384,1561121471910]},{"frase":"yo mirar partido ","frecuencia":1,"complejidad":{"valor":0,"pictos componentes":[{"id":614,"esSugerencia":false},{"id":85},{"id":1194}]},"fecha":1561727642735},{"frase":"? ","frecuencia":1,"complejidad":{"valor":0,"pictos componentes":[{"id":1181}]},"fecha":1561936281624},{"frase":"Bruno y familia ","frecuencia":1,"complejidad":{"valor":0,"pictos componentes":[{"id":1187}]},"fecha":1561979058837},{"frase":"Gerardo ","frecuencia":1,"complejidad":{"valor":0,"pictos componentes":[{"id":377,"esSugerencia":false}]},"fecha":1563199829032},{"frase":"viernes No vengo A alpi ","frecuencia":8,"complejidad":{"valor":0,"pictos componentes":[{"id":1080},{"id":389,"esSugerencia":false},{"id":1200},{"id":1049,"esSugerencia":false},{"id":1166}]},"fecha":[1563367714333,1563367982703,1563368141940,1563368446397,1563368456156,1563368462769,1563368499621,1563368625449]},{"frase":"viernes ","frecuencia":1,"complejidad":{"valor":0,"pictos componentes":[{"id":1080}]},"fecha":1563367881204},{"frase":"viernes No ","frecuencia":1,"complejidad":{"valor":0,"pictos componentes":[{"id":1080},{"id":389,"esSugerencia":false}]},"fecha":1563367926800},{"frase":"viernes No vengo ","frecuencia":1,"complejidad":{"valor":0,"pictos componentes":[{"id":1080},{"id":389,"esSugerencia":false},{"id":1200}]},"fecha":1563367965806},{"frase":"voy A ortopedia ","frecuencia":5,"complejidad":{"valor":0,"pictos componentes":[{"id":1176},{"id":1049,"esSugerencia":false},{"id":1201}]},"fecha":[1563368275811,1563368539821,1563368555459,1563368676366,1563368684828]},{"frase":"viernes No vengo A ","frecuencia":1,"complejidad":{"valor":0,"pictos componentes":[{"id":1080},{"id":389,"esSugerencia":false},{"id":1200},{"id":1049,"esSugerencia":false}]},"fecha":1563368458914},{"frase":"voy A alpi ortopedia ","frecuencia":1,"complejidad":{"valor":0,"pictos componentes":[{"id":1176,"esSugerencia":false},{"id":1049,"esSugerencia":false},{"id":1166,"esSugerencia":false},{"id":1201,"esSugerencia":false}]},"fecha":1563370117793},{"frase":"viernes viernes miércoles miércoles miércoles miércoles miércoles miércoles miércoles miércoles miércoles ","frecuencia":1,"complejidad":{"valor":0,"pictos componentes":[{"id":1080,"esSugerencia":false},{"id":1080,"esSugerencia":false},{"id":1078},{"id":1078},{"id":1078,"esSugerencia":false},{"id":1078,"esSugerencia":false},{"id":1078,"esSugerencia":false},{"id":1078,"esSugerencia":false},{"id":1078,"esSugerencia":false},{"id":1078,"esSugerencia":false},{"id":1078,"esSugerencia":false}]},"fecha":1563800017368},{"frase":"yo Fui verdulería ","frecuencia":1,"complejidad":{"valor":0,"pictos componentes":[{"id":614,"esSugerencia":false},{"id":1047,"esSugerencia":false},{"id":1202}]},"fecha":1564750463100},{"frase":"yo Fui verdulería I ","frecuencia":1,"complejidad":{"valor":0,"pictos componentes":[{"id":614,"esSugerencia":false},{"id":1047,"esSugerencia":false},{"id":1202},{"id":1122}]},"fecha":1564751153633},{"frase":"yo Fui verdulería I ferretería ","frecuencia":2,"complejidad":{"valor":0,"pictos componentes":[{"id":614,"esSugerencia":false},{"id":1047,"esSugerencia":false},{"id":1202},{"id":1122},{"id":1203}]},"fecha":[1564751182287,1564751281237]},{"frase":"luz kinesiologa  Feliz cumpleaños ","frecuencia":10,"complejidad":{"valor":0,"pictos componentes":[{"id":1037,"esSugerencia":false},{"id":1204}]},"fecha":[1565960122637,1565960125561,1565960126747,1565960128854,1565960136280,1565960141116,1565960149640,1565960151011,1565960152341,1565960153633]},{"frase":" Feliz cumpleaños ","frecuencia":1,"complejidad":{"valor":0,"pictos componentes":[{"id":1204}]},"fecha":1565960222618},{"frase":"luz kinesiologa luz kinesiologa luz kinesiologa Eugenia y familia ","frecuencia":1,"complejidad":{"valor":0,"pictos componentes":[{"id":1037,"esSugerencia":false},{"id":1037,"esSugerencia":false},{"id":1037,"esSugerencia":false},{"id":1190}]},"fecha":1566391487579},{"frase":"mercado sábado ","frecuencia":1,"complejidad":{"valor":0,"pictos componentes":[{"id":1173},{"id":1081}]},"fecha":1566823746323},{"frase":"Flor y Nico luz kinesiologa Romina terapeuta Ocupacional ","frecuencia":1,"complejidad":{"valor":0,"pictos componentes":[{"id":1184},{"id":1037,"esSugerencia":false},{"id":1045,"esSugerencia":false}]},"fecha":1568808020958},{"frase":"hola Buen día ","frecuencia":7,"complejidad":{"valor":0,"pictos componentes":[{"id":1207},{"id":379,"horario":["MANANA"],"esSugerencia":false}]},"fecha":[1569243256451,1569243314251,1569243417436,1569243451182,1569243520814,1569245090002,1570625286576]},{"frase":"Buenas tardes ","frecuencia":1,"complejidad":{"valor":0,"pictos componentes":[{"id":380,"horario":["MEDIODIA","TARDE"]}]},"fecha":1570625445352},{"frase":"Fede y familia Lea Lea Buen día quiero ","frecuencia":1,"complejidad":{"valor":0,"pictos componentes":[{"id":1181},{"id":1191},{"id":1191},{"id":379,"horario":["MANANA"],"esSugerencia":false},{"id":44,"esSugerencia":false}]},"fecha":1572876783587},{"frase":"Gastón y familia ","frecuencia":1,"complejidad":{"valor":0,"pictos componentes":[]},"fecha":1574095965825},{"frase":"viernes viernes ","frecuencia":1,"complejidad":{"valor":0,"pictos componentes":[{"id":1080,"esSugerencia":false},{"id":1080,"esSugerencia":false}]},"fecha":1574427416527},{"frase":"bicicletería ","frecuencia":1,"complejidad":{"valor":0,"pictos componentes":[{"id":650}]},"fecha":1574894271266},{"frase":"hola Buen día quiero cambiar fecha ","frecuencia":1,"complejidad":{"valor":0,"pictos componentes":[{"id":1207,"esSugerencia":false},{"id":379,"horario":["MANANA"],"esSugerencia":false},{"id":44,"esSugerencia":false},{"id":-1688506581},{"id":-1688393606}]},"fecha":1583154666998},{"frase":"Buen día quiero cambiar fecha ","frecuencia":8,"complejidad":{"valor":0,"pictos componentes":[{"id":379,"horario":["MANANA"],"esSugerencia":false},{"id":44,"esSugerencia":false},{"id":-1688506581},{"id":-1688393606,"esSugerencia":false}]},"fecha":[1583154774739,1583326213689,1583326248304,1583326799810,1583327738911,1583712056445,1583757946249,1583758002916]},{"frase":"Buen día ","frecuencia":1,"complejidad":{"valor":0,"pictos componentes":[{"id":379,"horario":["MANANA"],"esSugerencia":false}]},"fecha":1583712083335},{"frase":"quiero cambiar fecha ","frecuencia":1,"complejidad":{"valor":0,"pictos componentes":[{"id":44,"esSugerencia":false},{"id":-1688506581,"esSugerencia":false},{"id":-1688393606,"esSugerencia":false}]},"fecha":1583712125450},{"frase":"Buen día quiero jugar con ","frecuencia":1,"complejidad":{"valor":0,"pictos componentes":[{"id":379,"horario":["MANANA"],"esSugerencia":false},{"id":44,"esSugerencia":false},{"id":34,"esSugerencia":false}]},"fecha":1583712179857},{"frase":"Buen día quiero cambiar ","frecuencia":1,"complejidad":{"valor":0,"pictos componentes":[{"id":379,"horario":["MANANA"],"esSugerencia":false},{"id":44,"esSugerencia":false},{"id":-1688506581,"esSugerencia":false}]},"fecha":1583712303543},{"frase":"Buen día mercado ","frecuencia":1,"complejidad":{"valor":0,"pictos componentes":[{"id":379,"horario":["MANANA"],"esSugerencia":false},{"id":675,"esSugerencia":false}]},"fecha":1583755130689},{"frase":"Buen día quiero jugar con la pelota ","frecuencia":1,"complejidad":{"valor":0,"pictos componentes":[{"id":379,"horario":["MANANA"],"esSugerencia":false},{"id":44,"esSugerencia":false},{"id":34,"esSugerencia":false},{"id":996,"esSugerencia":false}]},"fecha":1583755502700},{"frase":"Lea y novia ","frecuencia":1,"complejidad":{"valor":0,"pictos componentes":[{"id":-615247308}]},"fecha":1589236805366}]