[{"frase":"Hola Buenas tardes ","frecuencia":2,"complejidad":{"valor":0,"pictos componentes":[{"id":377},{"id":380,"horario":["MEDIODIA","TARDE"]}]},"fecha":[1535681836,1536195485]},{"frase":"Hola ¿Cómo estás? ","frecuencia":5,"complejidad":{"valor":0,"pictos componentes":[{"id":377},{"id":378}]},"fecha":[1535681909,1535681916,1536195468,1536238983,1591287581624]},{"frase":"Hola ¿Cómo estás? quiero ir a boca ","frecuencia":1,"complejidad":{"valor":0,"pictos componentes":[{"id":377},{"id":378},{"id":44},{"id":30},{"id":777}]},"fecha":[1535682053]},{"frase":"Hola ","frecuencia":9,"complejidad":{"valor":0,"pictos componentes":[{"id":377}]},"fecha":[1535682242,1536114590,1545056506,1545056508,1591287569557,1591287573801,1591287575481,1598451951548,1598451952912]},{"frase":"Hola Buen día ","frecuencia":3,"complejidad":{"valor":0,"pictos componentes":[{"id":377},{"id":379,"horario":["MANANA"]}]},"fecha":[1535682250,1536241941,1536241943]},{"frase":"Hola Buen día quiero jugar con la pelota ","frecuencia":1,"complejidad":{"valor":0,"pictos componentes":[{"id":377},{"id":379,"horario":["MANANA"]},{"id":44},{"id":34},{"id":996}]},"fecha":[1535682266]},{"frase":"Hola Buenas tardes tengo frío ","frecuencia":3,"complejidad":{"valor":0,"pictos componentes":[{"id":377},{"id":380,"horario":["MEDIODIA","TARDE"]},{"id":49},{"id":177}]},"fecha":[1535682422,1535682426,1535682433]},{"frase":"Hola Buenas noches quiero comer verduras ","frecuencia":2,"complejidad":{"valor":0,"pictos componentes":[{"id":377},{"id":381,"horario":["NOCHE"]},{"id":44},{"id":118},{"id":478}]},"fecha":[1535682445,1535682453]},{"frase":"Hola Buen día estoy aburrido quiero ","frecuencia":1,"complejidad":{"valor":0,"pictos componentes":[{"id":377},{"id":379,"horario":["MANANA"]},{"id":22},{"id":119},{"id":44}]},"fecha":[1535682494]},{"frase":"No ","frecuencia":1,"complejidad":{"valor":0,"pictos componentes":[{"id":389}]},"fecha":[1536195505]},{"frase":"mamá ","frecuencia":1,"complejidad":{"valor":0,"pictos componentes":[{"id":628}]},"fecha":[1536195523]},{"frase":"Hola ¿Cómo estás? quiero ir a casa ","frecuencia":1,"complejidad":{"valor":0,"pictos componentes":[{"id":377},{"id":378},{"id":44},{"id":30},{"id":653}]},"fecha":[1536238992]},{"frase":"quiero ","frecuencia":7,"complejidad":{"valor":0,"pictos componentes":[{"id":44,"esSugerencia":false}]},"fecha":[1544010414,1551984715713,1551984717441,1551985526537,1551985528227,1572883926363,1595783457510]},{"frase":"encender escuela ¿Qué color es? ","frecuencia":1,"complejidad":{"valor":0,"pictos componentes":[{"id":17},{"id":662,"esSugerencia":true},{"id":745,"esSugerencia":true}]},"fecha":[1545056548]},{"frase":"quiero jugar con ","frecuencia":1,"complejidad":{"valor":0,"pictos componentes":[{"id":44,"esSugerencia":false},{"id":34,"esSugerencia":false}]},"fecha":1551984732732},{"frase":"quiero jugar con amigos ¿Qué color es? asustado ","frecuencia":1,"complejidad":{"valor":0,"pictos componentes":[{"id":44,"esSugerencia":false},{"id":34,"esSugerencia":false},{"id":615,"esSugerencia":false},{"id":745,"esSugerencia":true},{"id":121,"esSugerencia":true}]},"fecha":1551984743059},{"frase":"quiero jugar con amigos ","frecuencia":1,"complejidad":{"valor":0,"pictos componentes":[{"id":44,"esSugerencia":false},{"id":34,"esSugerencia":false},{"id":615,"esSugerencia":false}]},"fecha":1551985508891},{"frase":"quiero ir a comer ","frecuencia":5,"complejidad":{"valor":0,"pictos componentes":[{"id":44,"esSugerencia":false},{"id":30,"esSugerencia":false},{"id":118,"esSugerencia":false}]},"fecha":[1552417268908,1552417584030,1552417590101,1552417594542,1552417602382]},{"frase":"quiero ir a comer pollo flan ","frecuencia":2,"complejidad":{"valor":0,"pictos componentes":[{"id":44,"esSugerencia":false},{"id":30,"esSugerencia":false},{"id":118,"esSugerencia":false},{"id":504,"esSugerencia":false},{"id":412,"esSugerencia":true}]},"fecha":[1552417624070,1552417632501]},{"frase":"lavarme las manos secar ","frecuencia":2,"complejidad":{"valor":0,"pictos componentes":[{"id":31,"esSugerencia":true},{"id":100,"esSugerencia":true}]},"fecha":[1553713902153,1553713908839]},{"frase":"lavarme las manos secar mas o menos ","frecuencia":1,"complejidad":{"valor":0,"pictos componentes":[{"id":31,"esSugerencia":true},{"id":100,"esSugerencia":true},{"id":204,"esSugerencia":true}]},"fecha":1553713920800},{"frase":"lavarme las manos secar mas o menos bien ","frecuencia":2,"complejidad":{"valor":0,"pictos componentes":[{"id":31,"esSugerencia":true},{"id":100,"esSugerencia":true},{"id":204,"esSugerencia":true},{"id":133,"esSugerencia":true}]},"fecha":[1553713954085,1553713958752]},{"frase":"yo comer ","frecuencia":1,"complejidad":{"valor":0,"pictos componentes":[{"id":643,"esSugerencia":false},{"id":118,"esSugerencia":true}]},"fecha":1553714024075},{"frase":"yo comer carne tomar ","frecuencia":1,"complejidad":{"valor":0,"pictos componentes":[{"id":643,"esSugerencia":false},{"id":118,"esSugerencia":true},{"id":482,"esSugerencia":false},{"id":51,"esSugerencia":true}]},"fecha":1553714038794},{"frase":"quiero jugar con la pelota violeta me gusta primavera lindo muslo de pollo ","frecuencia":3,"complejidad":{"valor":0,"pictos componentes":[{"id":44,"esSugerencia":false},{"id":34,"esSugerencia":false},{"id":996,"esSugerencia":false},{"id":748,"esSugerencia":false},{"id":901,"esSugerencia":true},{"id":817,"esSugerencia":true},{"id":200,"esSugerencia":true},{"id":505,"esSugerencia":true}]},"fecha":[1572883993711,1572884001426,1572884007711]},{"frase":"mamá tengo escuela bien cantar lata de atún jugo de tomate gelatina ","frecuencia":3,"complejidad":{"valor":0,"pictos componentes":[{"id":628,"esSugerencia":false},{"id":49,"esSugerencia":false},{"id":662,"esSugerencia":false},{"id":133,"esSugerencia":true},{"id":6,"esSugerencia":true},{"id":424,"esSugerencia":true},{"id":470,"esSugerencia":true},{"id":417,"esSugerencia":true}]},"fecha":[1572884060988,1572884069936,1572884075216]},{"frase":"mamá quiero comer hamburguesa ","frecuencia":2,"complejidad":{"valor":0,"pictos componentes":[{"id":628,"esSugerencia":false},{"id":44,"esSugerencia":false},{"id":118,"esSugerencia":false},{"id":515,"esSugerencia":false}]},"fecha":[1598451983916,1598451990787]},{"frase":"mamá quiero comer hamburguesa gato cebolla ","frecuencia":1,"complejidad":{"valor":0,"pictos componentes":[{"id":628,"esSugerencia":false},{"id":44,"esSugerencia":false},{"id":118,"esSugerencia":false},{"id":515,"esSugerencia":false},{"id":313,"esSugerencia":true},{"id":403,"esSugerencia":true}]},"fecha":1598452001123},{"frase":"mamá quiero ","frecuencia":2,"complejidad":{"valor":0,"pictos componentes":[{"id":628,"esSugerencia":false},{"id":44,"esSugerencia":false}]},"fecha":[1598732567603,1598732570983]}]