[{"frase":"","frecuencia":4,"complejidad":{"valor":0,"pictos componentes":[]},"fecha":[1572360050119,1572360203649,1572360205017,1572360206355]},{"frase":"Hola ","frecuencia":3,"complejidad":{"valor":0,"pictos componentes":[{"id":377,"esSugerencia":false}]},"fecha":[1572360196995,1572360201586,1572531901597]},{"frase":"Buen día ","frecuencia":2,"complejidad":{"valor":0,"pictos componentes":[{"id":379,"horario":["MANANA"],"esSugerencia":false}]},"fecha":[1572360222222,1572360230060]},{"frase":"Hola Buen día ","frecuencia":6,"complejidad":{"valor":0,"pictos componentes":[{"id":377,"esSugerencia":false},{"id":379,"horario":["MANANA"],"esSugerencia":false}]},"fecha":[1572360246662,1572360277500,1572360315352,1572360418028,1572360529692,1572360541939]},{"frase":"Hola ¿Cómo estás? ","frecuencia":1,"complejidad":{"valor":0,"pictos componentes":[{"id":377,"esSugerencia":false},{"id":378,"esSugerencia":false}]},"fecha":1572360270349},{"frase":"Hola Buen día pintar ","frecuencia":3,"complejidad":{"valor":0,"pictos componentes":[{"id":377,"esSugerencia":false},{"id":379,"horario":["MANANA"],"esSugerencia":false},{"id":43,"esSugerencia":true}]},"fecha":[1572360324151,1572360326378,1572360328345]},{"frase":"Hola Buen día Buen día ","frecuencia":1,"complejidad":{"valor":0,"pictos componentes":[{"id":377,"esSugerencia":false},{"id":379,"horario":["MANANA"],"esSugerencia":false},{"id":379,"horario":["MANANA"],"esSugerencia":false}]},"fecha":1572360413219},{"frase":"Hola Buen día ¿Cómo estás? ","frecuencia":1,"complejidad":{"valor":0,"pictos componentes":[{"id":377,"esSugerencia":false},{"id":379,"horario":["MANANA"],"esSugerencia":false},{"id":378,"esSugerencia":true}]},"fecha":1572360443266}]