[{"frase":"Hola Buenas tardes ","frecuencia":15,"complejidad":{"valor":0,"pictos componentes":[{"id":377,"esSugerencia":false},{"id":380,"horario":["MEDIODIA","TARDE"],"esSugerencia":false}]},"fecha":[1553032434477,1553647775480,1553648005254,1553648020979,1553648025114,1553649338268,1553649342322,1553649346309,1553649347808,1553649349993,1553649355347,1553649360734,1553649366209,1553649370839,1553649372644]},{"frase":"mamá ","frecuencia":5,"complejidad":{"valor":0,"pictos componentes":[{"id":628,"esSugerencia":false}]},"fecha":[1553296683291,1553649437227,1553649440885,1553650154500,1568896055296]},{"frase":"mamá dame ","frecuencia":1,"complejidad":{"valor":0,"pictos componentes":[{"id":628,"esSugerencia":false},{"id":14,"esSugerencia":false}]},"fecha":1553296686951},{"frase":"mamá dame el cuento ","frecuencia":3,"complejidad":{"valor":0,"pictos componentes":[{"id":628,"esSugerencia":false},{"id":14,"esSugerencia":false},{"id":986,"esSugerencia":false}]},"fecha":[1553296711989,1553296716375,1553650167744]},{"frase":"mamá dame la tablet ","frecuencia":2,"complejidad":{"valor":0,"pictos componentes":[{"id":628,"esSugerencia":false},{"id":14,"esSugerencia":false},{"id":774,"esSugerencia":false}]},"fecha":[1553296747283,1555820135475]},{"frase":"mamá dame leche y galletas ","frecuencia":2,"complejidad":{"valor":0,"pictos componentes":[{"id":628,"esSugerencia":false},{"id":14,"esSugerencia":false},{"id":427,"esSugerencia":false}]},"fecha":[1553296769944,1553296773620]},{"frase":"mamá dame los juguetes ","frecuencia":2,"complejidad":{"valor":0,"pictos componentes":[{"id":628,"esSugerencia":false},{"id":14,"esSugerencia":false},{"id":989,"esSugerencia":false}]},"fecha":[1553296786064,1553296789310]},{"frase":"Hola tengo hambre ","frecuencia":13,"complejidad":{"valor":0,"pictos componentes":[{"id":377,"esSugerencia":false},{"id":49,"esSugerencia":false},{"id":597,"esSugerencia":false}]},"fecha":[1553296835602,1553296837944,1553648779351,1553648786091,1553648790196,1553648791701,1553648793416,1553648798490,1553648802497,1553648805465,1553648806985,1553648809683,1553648811794]},{"frase":"Hola ","frecuencia":31,"complejidad":{"valor":0,"pictos componentes":[{"id":377,"esSugerencia":false}]},"fecha":[1553305555407,1553305561199,1553473420880,1553473431128,1553473432804,1553473433584,1553473434312,1553473435606,1553473437179,1553473439489,1553473440396,1553473442237,1553473443644,1553473444754,1553647726806,1553647752824,1553647754987,1553647755864,1553647757252,1553647758876,1553647763444,1553647764637,1553647765524,1553647766590,1553647767323,1553649323820,1553649328677,1553650348761,1553650349493,1560354209614,1568896223980]},{"frase":"Hola Buen día ","frecuencia":7,"complejidad":{"valor":0,"pictos componentes":[{"id":377,"esSugerencia":false},{"id":379,"horario":["MANANA"],"esSugerencia":false}]},"fecha":[1553305645739,1553305649894,1553305651308,1553305717988,1553305719622,1553305721444,1553305722796]},{"frase":"Hola ¿Cómo estás? ","frecuencia":12,"complejidad":{"valor":0,"pictos componentes":[{"id":377,"esSugerencia":false},{"id":378,"esSugerencia":false}]},"fecha":[1553473445671,1553473447158,1553473449825,1553473451929,1553473453334,1553473455053,1553473459936,1553473476410,1553473478036,1553473479620,1553807406316,1555820101034]},{"frase":"Hola ¿Cómo estás? estoy ","frecuencia":2,"complejidad":{"valor":0,"pictos componentes":[{"id":377,"esSugerencia":false},{"id":378,"esSugerencia":false},{"id":22,"esSugerencia":false}]},"fecha":[1553473481319,1553473484015]},{"frase":"yo ","frecuencia":13,"complejidad":{"valor":0,"pictos componentes":[{"id":643,"esSugerencia":false}]},"fecha":[1553647489498,1553647494101,1553647494877,1553647502002,1553647506443,1553647508178,1553647508920,1553647509626,1553647511965,1553647515276,1553649278666,1553649286561,1553650268862]},{"frase":"yo tengo frío veloz ","frecuencia":7,"complejidad":{"valor":0,"pictos componentes":[{"id":643,"esSugerencia":false},{"id":49,"esSugerencia":false},{"id":177,"esSugerencia":false},{"id":278,"esSugerencia":true}]},"fecha":[1553647519794,1553647528006,1553647529811,1553647556750,1553647559226,1553647561260,1553647563139]},{"frase":"","frecuencia":2,"complejidad":{"valor":0,"pictos componentes":[]},"fecha":[1553649270360,1553649312899]},{"frase":"yo quiero jugar con la pelota blanco ","frecuencia":1,"complejidad":{"valor":0,"pictos componentes":[{"id":643,"esSugerencia":false},{"id":44,"esSugerencia":false},{"id":34,"edad":["NINO"],"esSugerencia":false},{"id":996,"esSugerencia":false},{"id":736,"esSugerencia":false}]},"fecha":1553649298098},{"frase":"quiero comer ","frecuencia":1,"complejidad":{"valor":0,"pictos componentes":[{"id":44,"esSugerencia":false},{"id":118,"esSugerencia":false}]},"fecha":1553650200359},{"frase":"quiero comer verduras ","frecuencia":1,"complejidad":{"valor":0,"pictos componentes":[{"id":44,"esSugerencia":false},{"id":118,"esSugerencia":false},{"id":478,"esSugerencia":false}]},"fecha":1553650206684},{"frase":"yo estoy ","frecuencia":1,"complejidad":{"valor":0,"pictos componentes":[{"id":643,"esSugerencia":false},{"id":22,"esSugerencia":false}]},"fecha":1553650230008},{"frase":"yo estoy bien ","frecuencia":3,"complejidad":{"valor":0,"pictos componentes":[{"id":643,"esSugerencia":false},{"id":22,"esSugerencia":false},{"id":133,"esSugerencia":false}]},"fecha":[1553650243529,1553650245308,1553650246779]},{"frase":"yo quiero ","frecuencia":1,"complejidad":{"valor":0,"pictos componentes":[{"id":643,"esSugerencia":false},{"id":44,"esSugerencia":false}]},"fecha":1553650286412},{"frase":"yo quiero buscar ","frecuencia":1,"complejidad":{"valor":0,"pictos componentes":[{"id":643,"esSugerencia":false},{"id":44,"esSugerencia":false},{"id":5,"esSugerencia":false}]},"fecha":1553650323790},{"frase":"yo quiero buscar mamá ","frecuencia":1,"complejidad":{"valor":0,"pictos componentes":[{"id":643,"esSugerencia":false},{"id":44,"esSugerencia":false},{"id":5,"esSugerencia":false},{"id":628,"esSugerencia":false}]},"fecha":1553650332997},{"frase":"Hola Buenas noches ","frecuencia":1,"complejidad":{"valor":0,"pictos componentes":[{"id":377,"esSugerencia":false},{"id":381,"horario":["NOCHE"],"esSugerencia":false}]},"fecha":1553650357237},{"frase":"mamá quiero comer ","frecuencia":1,"complejidad":{"valor":0,"pictos componentes":[{"id":628,"esSugerencia":false},{"id":44,"esSugerencia":false},{"id":118,"esSugerencia":false}]},"fecha":1553807423356},{"frase":"mamá tengo verguenza seis ocho ","frecuencia":1,"complejidad":{"valor":0,"pictos componentes":[{"id":628,"esSugerencia":false},{"id":49,"esSugerencia":false},{"id":729,"esSugerencia":false},{"id":841,"esSugerencia":true},{"id":843,"esSugerencia":true}]},"fecha":1553947752988},{"frase":"Hola ¿Cómo estás? estoy bien ","frecuencia":1,"complejidad":{"valor":0,"pictos componentes":[{"id":377,"esSugerencia":false},{"id":378,"esSugerencia":false},{"id":22,"esSugerencia":false},{"id":133,"esSugerencia":false}]},"fecha":1555820119853},{"frase":"Hola tengo frío ","frecuencia":1,"complejidad":{"valor":0,"pictos componentes":[{"id":377,"esSugerencia":false},{"id":49,"esSugerencia":false},{"id":177,"esSugerencia":false}]},"fecha":1560354219618},{"frase":"mamá estoy ","frecuencia":1,"complejidad":{"valor":0,"pictos componentes":[{"id":628,"esSugerencia":false},{"id":22,"esSugerencia":false}]},"fecha":1568896063446},{"frase":"quiero ","frecuencia":1,"complejidad":{"valor":0,"pictos componentes":[{"id":44,"esSugerencia":false}]},"fecha":1568896227071},{"frase":"quiero comer pollo ","frecuencia":1,"complejidad":{"valor":0,"pictos componentes":[{"id":44,"esSugerencia":false},{"id":118,"esSugerencia":false},{"id":504,"esSugerencia":false}]},"fecha":1568896234921}]