[{"frase":"Hola Buenas tardes ","frecuencia":1,"complejidad":{"valor":0,"pictos componentes":[{"id":377,"esSugerencia":false},{"id":380,"horario":["MEDIODIA","TARDE"],"esSugerencia":false}]},"fecha":1552311778733},{"frase":"papá estoy aburrido quiero ir a pasear ","frecuencia":2,"complejidad":{"valor":0,"pictos componentes":[{"id":632,"esSugerencia":false},{"id":22,"esSugerencia":false},{"id":119,"esSugerencia":false},{"id":44,"esSugerencia":false},{"id":30,"esSugerencia":false},{"id":87,"esSugerencia":false}]},"fecha":[1552311916196,1552312070850]},{"frase":"Hola ","frecuencia":1,"complejidad":{"valor":0,"pictos componentes":[{"id":377,"esSugerencia":false}]},"fecha":1552312629698},{"frase":"yo tengo hambre quiero comer hamburguesa y tomar yogur ","frecuencia":1,"complejidad":{"valor":0,"pictos componentes":[{"id":643,"esSugerencia":false},{"id":49,"esSugerencia":false},{"id":597,"esSugerencia":false},{"id":44,"esSugerencia":true},{"id":118,"esSugerencia":false},{"id":515,"esSugerencia":false},{"id":923,"esSugerencia":true},{"id":51,"esSugerencia":true},{"id":484,"esSugerencia":false}]},"fecha":1552312798411},{"frase":"yo quiero jugar con la pelota ","frecuencia":2,"complejidad":{"valor":0,"pictos componentes":[{"id":643,"esSugerencia":false},{"id":44,"esSugerencia":false},{"id":34,"edad":["NINO"],"esSugerencia":false},{"id":996,"esSugerencia":false}]},"fecha":[1552337360520,1552337363302]},{"frase":"quiero ir a un supermercado galleta Sopa costilla alcaucil ","frecuencia":1,"complejidad":{"valor":0,"pictos componentes":[{"id":44,"esSugerencia":false},{"id":30,"esSugerencia":false},{"id":688,"esSugerencia":false},{"id":415,"esSugerencia":true},{"id":472,"esSugerencia":true},{"id":514,"esSugerencia":true},{"id":392,"esSugerencia":true}]},"fecha":1552337520902},{"frase":"Hola mamá quiero comer pollo ","frecuencia":2,"complejidad":{"valor":0,"pictos componentes":[{"id":377,"esSugerencia":false},{"id":628,"esSugerencia":false},{"id":44,"esSugerencia":false},{"id":118,"esSugerencia":false},{"id":504,"esSugerencia":false}]},"fecha":[1552344576705,1552344582012]},{"frase":"yo tengo hambre ","frecuencia":1,"complejidad":{"valor":0,"pictos componentes":[{"id":643,"esSugerencia":false},{"id":49,"esSugerencia":false},{"id":597,"esSugerencia":false}]},"fecha":1552344602386},{"frase":"quiero ir a comer ","frecuencia":1,"complejidad":{"valor":0,"pictos componentes":[{"id":44,"esSugerencia":false},{"id":30,"esSugerencia":false},{"id":118,"esSugerencia":false}]},"fecha":1552344621286},{"frase":"mamá tengo hambre quiero hacer pis dame leche y galletas ","frecuencia":1,"complejidad":{"valor":0,"pictos componentes":[{"id":628,"esSugerencia":false},{"id":49,"esSugerencia":false},{"id":597,"esSugerencia":false},{"id":44,"esSugerencia":false},{"id":29,"esSugerencia":false},{"id":14,"esSugerencia":true},{"id":427,"esSugerencia":false}]},"fecha":1552363710051},{"frase":"mamá ¿Cómo estás? estoy mas o menos ","frecuencia":1,"complejidad":{"valor":0,"pictos componentes":[{"id":628,"esSugerencia":false},{"id":378,"esSugerencia":false},{"id":22,"esSugerencia":false},{"id":204,"esSugerencia":false}]},"fecha":1552363743765},{"frase":"Adiós ","frecuencia":1,"complejidad":{"valor":0,"pictos componentes":[{"id":382,"esSugerencia":false}]},"fecha":1552363770389},{"frase":"dame agua y ","frecuencia":1,"complejidad":{"valor":0,"pictos componentes":[{"id":14,"esSugerencia":true},{"id":500,"esSugerencia":false},{"id":923,"esSugerencia":true}]},"fecha":1552363836566},{"frase":"dame agua y panecillo ","frecuencia":1,"complejidad":{"valor":0,"pictos componentes":[{"id":14,"esSugerencia":true},{"id":500,"esSugerencia":false},{"id":923,"esSugerencia":true},{"id":440,"esSugerencia":true}]},"fecha":1552363851357},{"frase":"el perro ","frecuencia":1,"complejidad":{"valor":0,"pictos componentes":[{"id":899},{"id":342,"esSugerencia":true}]},"fecha":1552363956836},{"frase":"el perro aburrido ","frecuencia":1,"complejidad":{"valor":0,"pictos componentes":[{"id":899},{"id":342,"esSugerencia":true},{"id":119,"esSugerencia":true}]},"fecha":1552363976007},{"frase":"Hola ¿Cómo estás? estoy ","frecuencia":1,"complejidad":{"valor":0,"pictos componentes":[{"id":377,"esSugerencia":false},{"id":378,"esSugerencia":false},{"id":22,"esSugerencia":false}]},"fecha":1557771934739},{"frase":"Hola ¿Cómo estás? estoy mas o menos ","frecuencia":1,"complejidad":{"valor":0,"pictos componentes":[{"id":377,"esSugerencia":false},{"id":378,"esSugerencia":false},{"id":22,"esSugerencia":false},{"id":204,"esSugerencia":false}]},"fecha":1557771940356}]