[{"frase":"Hola Buen día ","frecuencia":1,"complejidad":{"valor":0,"pictos componentes":[{"id":377},{"id":379,"horario":["MANANA"]}]},"fecha":[1534686167]}, {"frase":"yo quiero ir a casa ","frecuencia":1,"complejidad":{"valor":0,"pictos componentes":[{"id":643},{"id":44},{"id":30},{"id":653}]},"fecha":[1534686254]}, {"frase":"yo quiero ","frecuencia":1,"complejidad":{"valor":0,"pictos componentes":[{"id":643},{"id":44}]},"fecha":[1534686327]}, {"frase":"yo tengo frío ","frecuencia":1,"complejidad":{"valor":0,"pictos componentes":[{"id":643},{"id":49},{"id":177}]},"fecha":[1534686342]}, {"frase":"Hola ¿Cómo estás? con cotorra ","frecuencia":1,"complejidad":{"valor":0,"pictos componentes":[{"id":377},{"id":378},{"id":528},{"id":305}]},"fecha":[1534686499]}, {"frase":"yo estoy aburrido quiero ir a la plaza ","frecuencia":1,"complejidad":{"valor":0,"pictos componentes":[{"id":643},{"id":22},{"id":119},{"id":44},{"id":30},{"id":682}]},"fecha":[1534686764]}, {"frase":"Hola Buenas tardes quiero comer hamburguesa ","frecuencia":1,"complejidad":{"valor":0,"pictos componentes":[{"id":377},{"id":380,"horario":["MEDIODIA","TARDE"]},{"id":44},{"id":118},{"id":515}]},"fecha":[1534879914]}, {"frase":"Hola Buenas tardes quiero ir a comer pollo ","frecuencia":1,"complejidad":{"valor":0,"pictos componentes":[{"id":377},{"id":380,"horario":["MEDIODIA","TARDE"]},{"id":44},{"id":30},{"id":118},{"id":504}]},"fecha":[1535055006]}, {"frase":"Hola ¿Cómo estás? ","frecuencia":1,"complejidad":{"valor":0,"pictos componentes":[{"id":377},{"id":378}]},"fecha":[1535111636]}, {"frase":"quiero jugar con la pelota ","frecuencia":1,"complejidad":{"valor":0,"pictos componentes":[{"id":44},{"id":34},{"id":996}]},"fecha":[1535111744]}, {"frase":"papá quiero comer ","frecuencia":1,"complejidad":{"valor":0,"pictos componentes":[{"id":632},{"id":44},{"id":118}]},"fecha":[1535111927]}, {"frase":"papá quiero jugar con mamá quiero ","frecuencia":1,"complejidad":{"valor":0,"pictos componentes":[{"id":632},{"id":44},{"id":34},{"id":628},{"id":44}]},"fecha":[1535111966]}, {"frase":"Hola ¿Cómo estás? tengo frío ","frecuencia":1,"complejidad":{"valor":0,"pictos componentes":[{"id":377},{"id":378},{"id":49},{"id":177}]},"fecha":[1538438667]}, {"frase":"Hola ¿Cómo estás? tengo frío jugar con el juguete rosa ","frecuencia":1,"complejidad":{"valor":0,"pictos componentes":[{"id":377},{"id":378},{"id":49},{"id":177},{"id":34},{"id":761},{"id":747}]},"fecha":[1538438692]}, {"frase":"Hola Buen día estoy aburrido quiero ","frecuencia":1,"complejidad":{"valor":0,"pictos componentes":[{"id":377},{"id":379,"horario":["MANANA"]},{"id":22},{"id":119},{"id":44}]},"fecha":[1538577658]}, {"frase":"Hola Buen día tengo hambre ","frecuencia":3,"complejidad":{"valor":0,"pictos componentes":[{"id":377},{"id":379,"horario":["MANANA"]},{"id":49},{"id":597}]},"fecha":[1538577702,1538577721,1538577776]}, {"frase":"yo quiero hacer pis . ¿me ayudas? ","frecuencia":1,"complejidad":{"valor":0,"pictos componentes":[{"id":643},{"id":44},{"id":29},{"id":385}]},"fecha":[1538577869]}, {"frase":"papá ","frecuencia":1,"complejidad":{"valor":0,"pictos componentes":[{"id":632}]},"fecha":[1539974265]}, {"frase":"papá dame la tablet ","frecuencia":1,"complejidad":{"valor":0,"pictos componentes":[{"id":632},{"id":14},{"id":774}]},"fecha":[1539974272]}, {"frase":"Hola Buenas tardes tengo hambre ","frecuencia":1,"complejidad":{"valor":0,"pictos componentes":[{"id":377},{"id":380,"horario":["MEDIODIA","TARDE"]},{"id":49},{"id":597}]},"fecha":[1544718940]}, {"frase":"Hola Buen día quiero comer verduras ","frecuencia":1,"complejidad":{"valor":0,"pictos componentes":[{"id":377},{"id":379,"horario":["MANANA"]},{"id":44},{"id":118},{"id":478}]},"fecha":[1550175436]}]