[{"frase":"Hola ","frecuencia":16,"complejidad":{"valor":0,"pictos componentes":[{"id":377,"esSugerencia":false}]},"fecha":[1573152275842,1573152278399,1573511197000,1573511199252,1573511202632,1573737230166,1573738020183,1574431663238,1574431671446,1574431674979,1574431749715,1574431838423,1574431982713,1574432423878,1574432428830,1574432608460]},{"frase":"Hola ¿Cómo estás? ","frecuencia":7,"complejidad":{"valor":0,"pictos componentes":[{"id":377,"esSugerencia":false},{"id":378,"esSugerencia":false}]},"fecha":[1573152294576,1573152382975,1573152473530,1573223527709,1573270456771,1573738401581,1574431772744]},{"frase":"Hola ¿Cómo estás? estoy bien ","frecuencia":2,"complejidad":{"valor":0,"pictos componentes":[{"id":377,"esSugerencia":false},{"id":378,"esSugerencia":false},{"id":22,"esSugerencia":false},{"id":133,"esSugerencia":false}]},"fecha":[1573152540540,1573738165240]},{"frase":"mamá dame los juguetes ","frecuencia":2,"complejidad":{"valor":0,"pictos componentes":[{"id":628,"esSugerencia":false},{"id":14,"esSugerencia":false},{"id":989,"esSugerencia":false}]},"fecha":[1573176963738,1573177003861]},{"frase":"yo tengo frío ","frecuencia":3,"complejidad":{"valor":0,"pictos componentes":[{"id":643,"esSugerencia":false},{"id":49,"esSugerencia":false},{"id":177,"esSugerencia":false}]},"fecha":[1573177106477,1573737867455,1573737876530]},{"frase":"Hola Buenas tardes ","frecuencia":2,"complejidad":{"valor":0,"pictos componentes":[{"id":377,"esSugerencia":false},{"id":380,"horario":["MEDIODIA","TARDE"],"esSugerencia":false,"hora":["TARDE"]}]},"fecha":[1573666465377,1573738485617]},{"frase":"Hola Buen día ","frecuencia":9,"complejidad":{"valor":0,"pictos componentes":[{"id":377,"esSugerencia":false},{"id":379,"horario":["MANANA"],"esSugerencia":false,"hora":["MANANA"]}]},"fecha":[1573737286251,1573737488710,1573737490487,1573738237134,1573738506121,1573738508633,1573739276207,1574687499453,1574687503013]},{"frase":"Hola Buen día estoy bien ","frecuencia":1,"complejidad":{"valor":0,"pictos componentes":[{"id":377,"esSugerencia":false},{"id":379,"horario":["MANANA"],"esSugerencia":false,"hora":["MANANA"]},{"id":22,"esSugerencia":false},{"id":133,"esSugerencia":false}]},"fecha":1573737349514},{"frase":"Hola Buen día ¿Cómo estás? ","frecuencia":1,"complejidad":{"valor":0,"pictos componentes":[{"id":377,"esSugerencia":false},{"id":379,"horario":["MANANA"],"esSugerencia":false,"hora":["MANANA"]},{"id":378,"esSugerencia":false}]},"fecha":1573737536577},{"frase":"yo tengo verguenza ","frecuencia":1,"complejidad":{"valor":0,"pictos componentes":[{"id":643,"esSugerencia":false},{"id":49,"esSugerencia":false},{"id":729,"esSugerencia":false}]},"fecha":1573737832072},{"frase":"yo tengo ","frecuencia":1,"complejidad":{"valor":0,"pictos componentes":[{"id":643,"esSugerencia":false},{"id":49,"esSugerencia":false}]},"fecha":1573737843157},{"frase":"Hola ¿Cómo estás? estoy mal ","frecuencia":2,"complejidad":{"valor":0,"pictos componentes":[{"id":377,"esSugerencia":false},{"id":378,"esSugerencia":false},{"id":22,"esSugerencia":false},{"id":205,"esSugerencia":false}]},"fecha":[1573738215874,1573738569986]},{"frase":"","frecuencia":1,"complejidad":{"valor":0,"pictos componentes":[]},"fecha":1573738227456},{"frase":"Hola ¿Cómo estás? estoy aburrido quiero comer ","frecuencia":1,"complejidad":{"valor":0,"pictos componentes":[{"id":377,"esSugerencia":false},{"id":378,"esSugerencia":false},{"id":22,"esSugerencia":false},{"id":119,"esSugerencia":false},{"id":44,"esSugerencia":false},{"id":118,"esSugerencia":false}]},"fecha":1573738283486},{"frase":"Hola ¿Cómo estás? estoy aburrido quiero comer pollo ","frecuencia":1,"complejidad":{"valor":0,"pictos componentes":[{"id":377,"esSugerencia":false},{"id":378,"esSugerencia":false},{"id":22,"esSugerencia":false},{"id":119,"esSugerencia":false},{"id":44,"esSugerencia":false},{"id":118,"esSugerencia":false},{"id":504,"esSugerencia":false}]},"fecha":1573738340801},{"frase":"Hola ¿Cómo estás? quiero ir a casa ","frecuencia":1,"complejidad":{"valor":0,"pictos componentes":[{"id":377,"esSugerencia":false},{"id":378,"esSugerencia":false},{"id":44,"esSugerencia":false},{"id":30,"esSugerencia":false},{"id":653,"esSugerencia":false}]},"fecha":1573738378840},{"frase":"Hola ¿Cómo estás? estoy mal quiero ","frecuencia":1,"complejidad":{"valor":0,"pictos componentes":[{"id":377,"esSugerencia":false},{"id":378,"esSugerencia":false},{"id":22,"esSugerencia":false},{"id":205,"esSugerencia":false},{"id":44,"esSugerencia":false}]},"fecha":1573738617829},{"frase":"Hola ¿Cómo estás? estoy mal quiero ir a casa ","frecuencia":3,"complejidad":{"valor":0,"pictos componentes":[{"id":377,"esSugerencia":false},{"id":378,"esSugerencia":false},{"id":22,"esSugerencia":false},{"id":205,"esSugerencia":false},{"id":44,"esSugerencia":false},{"id":30,"esSugerencia":false},{"id":653,"esSugerencia":false}]},"fecha":[1573738658864,1573738671737,1573738738228]},{"frase":"Hola ¿Cómo estás? estoy bien quiero ir a comer pollo ","frecuencia":3,"complejidad":{"valor":0,"pictos componentes":[{"id":377,"esSugerencia":false},{"id":378,"esSugerencia":false},{"id":22,"esSugerencia":false},{"id":133,"esSugerencia":false},{"id":44,"esSugerencia":false},{"id":30,"esSugerencia":false},{"id":118,"esSugerencia":false},{"id":504,"esSugerencia":false}]},"fecha":[1573739096492,1573739310676,1573739365231]},{"frase":"Hola ¿Cómo estás? estoy bien quiero comer ","frecuencia":1,"complejidad":{"valor":0,"pictos componentes":[{"id":377,"esSugerencia":false},{"id":378,"esSugerencia":false},{"id":22,"esSugerencia":false},{"id":133,"esSugerencia":false},{"id":44,"esSugerencia":false},{"id":118,"esSugerencia":false}]},"fecha":1573739186127},{"frase":"Hola ¿Cómo estás? estoy bien quiero ","frecuencia":1,"complejidad":{"valor":0,"pictos componentes":[{"id":377,"esSugerencia":false},{"id":378,"esSugerencia":false},{"id":22,"esSugerencia":false},{"id":133,"esSugerencia":false},{"id":44,"esSugerencia":false}]},"fecha":1573739191602},{"frase":"No ","frecuencia":3,"complejidad":{"valor":0,"pictos componentes":[{"id":389,"esSugerencia":false}]},"fecha":[1574431790788,1574431861351,1574432134011]},{"frase":"Si ","frecuencia":5,"complejidad":{"valor":0,"pictos componentes":[{"id":388,"esSugerencia":false}]},"fecha":[1574431805235,1574431812775,1574431816501,1574431881935,1574432153792]},{"frase":"mamá ","frecuencia":5,"complejidad":{"valor":0,"pictos componentes":[{"id":628,"esSugerencia":false}]},"fecha":[1574431890561,1574431897060,1574431913471,1574432003071,1574432017924]},{"frase":"papá ","frecuencia":3,"complejidad":{"valor":0,"pictos componentes":[{"id":632,"esSugerencia":false}]},"fecha":[1574431963734,1574431972100,1574432198544]},{"frase":"yo ","frecuencia":2,"complejidad":{"valor":0,"pictos componentes":[{"id":643,"esSugerencia":false}]},"fecha":[1574432213842,1574432218630]},{"frase":"Gracias ","frecuencia":2,"complejidad":{"valor":0,"pictos componentes":[{"id":384,"esSugerencia":false}]},"fecha":[1574432230420,1574432238031]},{"frase":"Adiós ","frecuencia":4,"complejidad":{"valor":0,"pictos componentes":[{"id":382,"esSugerencia":false}]},"fecha":[1574432250697,1574432258940,1574432262217,1574432265924]},{"frase":"Hola soy facu ","frecuencia":14,"complejidad":{"valor":0,"pictos componentes":[{"id":377,"esSugerencia":false},{"id":-1820414523}]},"fecha":[1574432639683,1574432660221,1574432689177,1574432715118,1574432726140,1574432729435,1574432731439,1574432733801,1574432848021,1574432850068,1574433099652,1574433104664,1574433138650,1574433959362]},{"frase":"Hola soy anto ","frecuencia":3,"complejidad":{"valor":0,"pictos componentes":[{"id":377,"esSugerencia":false},{"id":-1820070020}]},"fecha":[1574432957979,1574432968855,1574432976878]},{"frase":"caballo ","frecuencia":1,"complejidad":{"valor":0,"pictos componentes":[{"id":293}]},"fecha":1574433217260},{"frase":"oso ","frecuencia":1,"complejidad":{"valor":0,"pictos componentes":[{"id":331}]},"fecha":1574433251701},{"frase":"boca ","frecuencia":3,"complejidad":{"valor":0,"pictos componentes":[{"id":777}]},"fecha":[1574433343470,1574433678751,1574433685260]},{"frase":"mano ","frecuencia":1,"complejidad":{"valor":0,"pictos componentes":[{"id":786}]},"fecha":1574433562774},{"frase":"ojos ","frecuencia":2,"complejidad":{"valor":0,"pictos componentes":[{"id":791}]},"fecha":[1574433601354,1574433609491]},{"frase":"gato ","frecuencia":1,"complejidad":{"valor":0,"pictos componentes":[{"id":313}]},"fecha":1574433938192},{"frase":"Hola tengo hambre ","frecuencia":2,"complejidad":{"valor":0,"pictos componentes":[{"id":377,"esSugerencia":false},{"id":49,"esSugerencia":false},{"id":597,"esSugerencia":false}]},"fecha":[1574687536872,1574687550806]},{"frase":"Hola ¿Cómo estás? tengo hambre ","frecuencia":2,"complejidad":{"valor":0,"pictos componentes":[{"id":377,"esSugerencia":false},{"id":378,"esSugerencia":false},{"id":49,"esSugerencia":false},{"id":597,"esSugerencia":false}]},"fecha":[1575899927006,1575899934164]}]