[{"frase":"Hola ¿Cómo estás? estoy mas o menos ","frecuencia":1,"complejidad":{"valor":0,"pictos componentes":[{"id":377,"esSugerencia":false},{"id":378,"esSugerencia":false},{"id":22,"esSugerencia":false},{"id":204,"esSugerencia":false}]},"fecha":1559850449631},{"frase":"Hola ","frecuencia":1,"complejidad":{"valor":0,"pictos componentes":[{"id":377,"esSugerencia":false}]},"fecha":1559850454403},{"frase":"quiero ir a ","frecuencia":1,"complejidad":{"valor":0,"pictos componentes":[{"id":44,"esSugerencia":false},{"id":30,"esSugerencia":false}]},"fecha":1559850696353},{"frase":"Hola tengo verguenza ¿Qué color es? asustado descripción descripción ","frecuencia":1,"complejidad":{"valor":0,"pictos componentes":[{"id":377,"esSugerencia":false},{"id":49,"esSugerencia":false},{"id":729,"esSugerencia":false},{"id":745,"esSugerencia":true},{"id":121,"esSugerencia":true},{"id":707,"esSugerencia":true},{"id":707,"esSugerencia":true}]},"fecha":1559850726916}]