[{"frase":"Hola Buenas tardes ","frecuencia":5,"complejidad":{"valor":0,"pictos componentes":[{"id":377},{"id":380,"horario":["MEDIODIA","TARDE"]}]},"fecha":[1534530924,1550849358111,1551288433022,1551288437674,1551288844288]},{"frase":"papá ","frecuencia":1,"complejidad":{"valor":0,"pictos componentes":[{"id":632}]},"fecha":[1534530968]},{"frase":"papá quiero ","frecuencia":1,"complejidad":{"valor":0,"pictos componentes":[{"id":632},{"id":44}]},"fecha":[1534530974]},{"frase":"papá quiero ir a ","frecuencia":1,"complejidad":{"valor":0,"pictos componentes":[{"id":632},{"id":44},{"id":30}]},"fecha":[1534530979]},{"frase":"papá quiero ir a un supermercado ","frecuencia":2,"complejidad":{"valor":0,"pictos componentes":[{"id":632},{"id":44},{"id":30},{"id":688}]},"fecha":[1534530987,1534530994]},{"frase":"mamá quiero ","frecuencia":1,"complejidad":{"valor":0,"pictos componentes":[{"id":628},{"id":44}]},"fecha":[1534531002]},{"frase":"Si ","frecuencia":3,"complejidad":{"valor":0,"pictos componentes":[{"id":388}]},"fecha":[1534531019,1534531023,1541557866]},{"frase":"Hola ","frecuencia":28,"complejidad":{"valor":0,"pictos componentes":[{"id":377}]},"fecha":[1534628844,1534628879,1534628884,1534628887,1535307243,1535307246,1541452549,1541531117,1541822426,1551288024479,1551288027656,1551288028732,1551288033115,1551288241224,1551288242749,1551288243805,1551288244836,1551288245313,1551288245857,1551288246987,1551288247436,1551288315327,1551288326400,1551288328950,1551288839766,1551288841274,1551288842554,1551585142131]},{"frase":"Hola ¿Cómo estás? ","frecuencia":13,"complejidad":{"valor":0,"pictos componentes":[{"id":377},{"id":378}]},"fecha":[1534628854,1534628889,1541452552,1541531122,1551288036801,1551288252319,1551288256278,1551288258300,1551288266102,1551288269425,1551288271627,1551288274127,1551288331246]},{"frase":"Hola ¿Cómo estás? tengo frío ","frecuencia":2,"complejidad":{"valor":0,"pictos componentes":[{"id":377},{"id":378},{"id":49},{"id":177}]},"fecha":[1534628898,1541452566]},{"frase":"yo tengo hambre ","frecuencia":2,"complejidad":{"valor":0,"pictos componentes":[{"id":643},{"id":49},{"id":597}]},"fecha":[1535030871,1541452610]},{"frase":"yo tengo ","frecuencia":10,"complejidad":{"valor":0,"pictos componentes":[{"id":643},{"id":49}]},"fecha":[1535030880,1535030884,1535030885,1535030886,1535030892,1551288137301,1551288139645,1551288141109,1551288142114,1551288144384]},{"frase":"Hola rana ","frecuencia":1,"complejidad":{"valor":0,"pictos componentes":[{"id":377},{"id":348}]},"fecha":[1535307289]},{"frase":"Hola ¿Cómo estás? tengo ","frecuencia":1,"complejidad":{"valor":0,"pictos componentes":[{"id":377},{"id":378},{"id":49}]},"fecha":[1541452557]},{"frase":"mamá ","frecuencia":1,"complejidad":{"valor":0,"pictos componentes":[{"id":628}]},"fecha":[1541452598]},{"frase":"Hola ¿Cómo estás? estoy ","frecuencia":1,"complejidad":{"valor":0,"pictos componentes":[{"id":377},{"id":378},{"id":22}]},"fecha":[1541531131]},{"frase":"Hola ¿Cómo estás? estoy mal ","frecuencia":1,"complejidad":{"valor":0,"pictos componentes":[{"id":377},{"id":378},{"id":22},{"id":205}]},"fecha":[1541531137]},{"frase":"yo estoy ","frecuencia":3,"complejidad":{"valor":0,"pictos componentes":[{"id":643},{"id":22}]},"fecha":[1541531149,1551288417734,1551288419469]},{"frase":"yo estoy aburrido ","frecuencia":1,"complejidad":{"valor":0,"pictos componentes":[{"id":643},{"id":22},{"id":119}]},"fecha":[1541531152]},{"frase":"Si tengo ","frecuencia":3,"complejidad":{"valor":0,"pictos componentes":[{"id":388},{"id":49}]},"fecha":[1541557871,1550849392155,1550849397397]},{"frase":"Si tengo hambre ","frecuencia":1,"complejidad":{"valor":0,"pictos componentes":[{"id":388},{"id":49},{"id":597}]},"fecha":[1541557874]},{"frase":"nalgas ","frecuencia":2,"complejidad":{"valor":0,"pictos componentes":[{"id":789}]},"fecha":[1541558031,1541558035]},{"frase":"Hola Buenas noches ","frecuencia":1,"complejidad":{"valor":0,"pictos componentes":[{"id":377},{"id":381,"horario":["NOCHE"]}]},"fecha":[1543799676]},{"frase":"Hola Buenas noches quiero ir a ","frecuencia":1,"complejidad":{"valor":0,"pictos componentes":[{"id":377},{"id":381,"horario":["NOCHE"]},{"id":44},{"id":30}]},"fecha":[1543799692]},{"frase":"yo estoy bien ","frecuencia":2,"complejidad":{"valor":0,"pictos componentes":[{"id":643},{"id":22},{"id":133}]},"fecha":[1543799708,1543799710]},{"frase":"gato ","frecuencia":1,"complejidad":{"valor":0,"pictos componentes":[{"id":313}]},"fecha":[1543807590]},{"frase":"Si tengo frío ","frecuencia":1,"complejidad":{"valor":0,"pictos componentes":[{"id":388,"esSugerencia":false},{"id":49,"esSugerencia":false},{"id":177,"esSugerencia":false}]},"fecha":1550849400481},{"frase":"mamá quiero jugar con la pelota ","frecuencia":1,"complejidad":{"valor":0,"pictos componentes":[{"id":628,"esSugerencia":false},{"id":44,"esSugerencia":false},{"id":34,"esSugerencia":false},{"id":996,"esSugerencia":false}]},"fecha":1550849415940},{"frase":"yo tengo frío ","frecuencia":3,"complejidad":{"valor":0,"pictos componentes":[{"id":643,"esSugerencia":false},{"id":49,"esSugerencia":false},{"id":177,"esSugerencia":false}]},"fecha":[1551288146547,1551288148909,1551288152962]},{"frase":"yo quiero ","frecuencia":2,"complejidad":{"valor":0,"pictos componentes":[{"id":643,"esSugerencia":false},{"id":44,"esSugerencia":false}]},"fecha":[1551288167242,1551288782434]},{"frase":"yo quiero buscar colores asno asno ","frecuencia":1,"complejidad":{"valor":0,"pictos componentes":[{"id":643,"esSugerencia":false},{"id":44,"esSugerencia":false},{"id":5,"esSugerencia":false},{"id":737,"esSugerencia":false},{"id":288,"esSugerencia":true},{"id":288,"esSugerencia":true}]},"fecha":1551288186729},{"frase":"yo quiero buscar comida sentarme ","frecuencia":1,"complejidad":{"valor":0,"pictos componentes":[{"id":643,"esSugerencia":false},{"id":44,"esSugerencia":false},{"id":5,"esSugerencia":false},{"id":1014,"esSugerencia":false},{"id":101,"esSugerencia":true}]},"fecha":1551288195042},{"frase":"yo quiero buscar comida sentarme panza ","frecuencia":1,"complejidad":{"valor":0,"pictos componentes":[{"id":643,"esSugerencia":false},{"id":44,"esSugerencia":false},{"id":5,"esSugerencia":false},{"id":1014,"esSugerencia":false},{"id":101,"esSugerencia":true},{"id":795,"esSugerencia":true}]},"fecha":1551288198021},{"frase":"Hola ¿Cómo estás? quiero ir a casa ","frecuencia":3,"complejidad":{"valor":0,"pictos componentes":[{"id":377,"esSugerencia":false},{"id":378,"esSugerencia":false},{"id":44,"esSugerencia":false},{"id":30,"esSugerencia":false},{"id":653,"esSugerencia":false}]},"fecha":[1551288342449,1551288348267,1551585159544]},{"frase":"Hola ¿Cómo estás? quiero jugar con la pelota ","frecuencia":3,"complejidad":{"valor":0,"pictos componentes":[{"id":377,"esSugerencia":false},{"id":378,"esSugerencia":false},{"id":44,"esSugerencia":false},{"id":34,"esSugerencia":false},{"id":996,"esSugerencia":false}]},"fecha":[1551288362407,1551288367692,1551288378198]},{"frase":"yo tengo verguenza aburrido ","frecuencia":1,"complejidad":{"valor":0,"pictos componentes":[{"id":643,"esSugerencia":false},{"id":49,"esSugerencia":false},{"id":729,"esSugerencia":false},{"id":119,"esSugerencia":true}]},"fecha":1551288401975},{"frase":"yo ","frecuencia":1,"complejidad":{"valor":0,"pictos componentes":[{"id":643,"esSugerencia":false}]},"fecha":1551288415841},{"frase":"quiero ","frecuencia":4,"complejidad":{"valor":0,"pictos componentes":[{"id":44,"esSugerencia":false}]},"fecha":[1551288449929,1551288451164,1551288866061,1551288868016]},{"frase":"quiero jugar con la pelota ","frecuencia":2,"complejidad":{"valor":0,"pictos componentes":[{"id":44,"esSugerencia":false},{"id":34,"esSugerencia":false},{"id":996,"esSugerencia":false}]},"fecha":[1551288459289,1551288472063]},{"frase":"quiero jugar con la pelota violeta ","frecuencia":5,"complejidad":{"valor":0,"pictos componentes":[{"id":44,"esSugerencia":false},{"id":34,"esSugerencia":false},{"id":996,"esSugerencia":false},{"id":748,"esSugerencia":false}]},"fecha":[1551288476440,1551288506714,1551288517193,1551288528988,1551288540722]},{"frase":"quiero jugar con la pelota violeta animales ","frecuencia":1,"complejidad":{"valor":0,"pictos componentes":[{"id":44,"esSugerencia":false},{"id":34,"esSugerencia":false},{"id":996,"esSugerencia":false},{"id":748,"esSugerencia":false},{"id":286,"esSugerencia":true}]},"fecha":1551288497231},{"frase":"quiero jugar con la pelota verde ","frecuencia":2,"complejidad":{"valor":0,"pictos componentes":[{"id":44,"esSugerencia":false},{"id":34,"esSugerencia":false},{"id":996,"esSugerencia":false},{"id":749,"esSugerencia":false}]},"fecha":[1551288559271,1551288565863]},{"frase":"quiero jugar con la pelota colores ","frecuencia":1,"complejidad":{"valor":0,"pictos componentes":[{"id":44,"esSugerencia":false},{"id":34,"esSugerencia":false},{"id":996,"esSugerencia":false},{"id":737,"esSugerencia":false}]},"fecha":1551288574999},{"frase":"quiero jugar con la pelota blanco ","frecuencia":7,"complejidad":{"valor":0,"pictos componentes":[{"id":44,"esSugerencia":false},{"id":34,"esSugerencia":false},{"id":996,"esSugerencia":false},{"id":736,"esSugerencia":false}]},"fecha":[1551288582896,1551288585944,1551288589597,1551288594017,1551288598220,1551288604684,1551288610629]},{"frase":"quiero jugar con la pelota blanco cambiarme el pañal ","frecuencia":2,"complejidad":{"valor":0,"pictos componentes":[{"id":44,"esSugerencia":false},{"id":34,"esSugerencia":false},{"id":996,"esSugerencia":false},{"id":736,"esSugerencia":false},{"id":9,"esSugerencia":true}]},"fecha":[1551288615048,1551288619444]},{"frase":"yo quiero ir a ","frecuencia":2,"complejidad":{"valor":0,"pictos componentes":[{"id":643,"esSugerencia":false},{"id":44,"esSugerencia":false},{"id":30,"esSugerencia":false}]},"fecha":[1551288657019,1551288790377]},{"frase":"yo quiero ir a casa ","frecuencia":3,"complejidad":{"valor":0,"pictos componentes":[{"id":643,"esSugerencia":false},{"id":44,"esSugerencia":false},{"id":30,"esSugerencia":false},{"id":653,"esSugerencia":false}]},"fecha":[1551288661202,1551288670404,1551288688724]},{"frase":"yo quiero buscar mamá ","frecuencia":2,"complejidad":{"valor":0,"pictos componentes":[{"id":643,"esSugerencia":false},{"id":44,"esSugerencia":false},{"id":5,"esSugerencia":false},{"id":628,"esSugerencia":false}]},"fecha":[1551288727178,1551288744787]},{"frase":"yo quiero jugar con ","frecuencia":1,"complejidad":{"valor":0,"pictos componentes":[{"id":643,"esSugerencia":false},{"id":44,"esSugerencia":false},{"id":34,"esSugerencia":false}]},"fecha":1551288764444},{"frase":"yo quiero jugar con el juguete ","frecuencia":2,"complejidad":{"valor":0,"pictos componentes":[{"id":643,"esSugerencia":false},{"id":44,"esSugerencia":false},{"id":34,"esSugerencia":false},{"id":761,"esSugerencia":false}]},"fecha":[1551288768452,1551288771209]},{"frase":"Hola Buenas tardes estoy ","frecuencia":1,"complejidad":{"valor":0,"pictos componentes":[{"id":377,"esSugerencia":false},{"id":380,"horario":["MEDIODIA","TARDE"],"esSugerencia":false},{"id":22,"esSugerencia":false}]},"fecha":1551288850329},{"frase":"Hola Buenas tardes estoy bien ","frecuencia":2,"complejidad":{"valor":0,"pictos componentes":[{"id":377,"esSugerencia":false},{"id":380,"horario":["MEDIODIA","TARDE"],"esSugerencia":false},{"id":22,"esSugerencia":false},{"id":133,"esSugerencia":false}]},"fecha":[1551288854158,1551288858805]},{"frase":"quiero ir a ","frecuencia":2,"complejidad":{"valor":0,"pictos componentes":[{"id":44,"esSugerencia":false},{"id":30,"esSugerencia":false}]},"fecha":[1551288870320,1551288937799]},{"frase":"quiero ir a comer ","frecuencia":4,"complejidad":{"valor":0,"pictos componentes":[{"id":44,"esSugerencia":false},{"id":30,"esSugerencia":false},{"id":118,"esSugerencia":false}]},"fecha":[1551288874305,1551288942805,1551288950632,1551288952897]},{"frase":"quiero ir a comer pollo ","frecuencia":4,"complejidad":{"valor":0,"pictos componentes":[{"id":44,"esSugerencia":false},{"id":30,"esSugerencia":false},{"id":118,"esSugerencia":false},{"id":504,"esSugerencia":false}]},"fecha":[1551288878083,1551288881193,1551288887231,1551288895877]},{"frase":"quiero ir a comer verduras ","frecuencia":2,"complejidad":{"valor":0,"pictos componentes":[{"id":44,"esSugerencia":false},{"id":30,"esSugerencia":false},{"id":118,"esSugerencia":false},{"id":478,"esSugerencia":false}]},"fecha":[1551288900655,1551288903509]},{"frase":"quiero ir a comer hamburguesa ","frecuencia":1,"complejidad":{"valor":0,"pictos componentes":[{"id":44,"esSugerencia":false},{"id":30,"esSugerencia":false},{"id":118,"esSugerencia":false},{"id":515,"esSugerencia":false}]},"fecha":1551288914202},{"frase":"quiero ir a un supermercado ","frecuencia":1,"complejidad":{"valor":0,"pictos componentes":[{"id":44,"esSugerencia":false},{"id":30,"esSugerencia":false},{"id":688,"esSugerencia":false}]},"fecha":1551288933599},{"frase":"quiero ir a comer carne ","frecuencia":1,"complejidad":{"valor":0,"pictos componentes":[{"id":44,"esSugerencia":false},{"id":30,"esSugerencia":false},{"id":118,"esSugerencia":false},{"id":482,"esSugerencia":false}]},"fecha":1551288946413},{"frase":"Hola ¿Cómo estás? quiero ir a casa papá ","frecuencia":1,"complejidad":{"valor":0,"pictos componentes":[{"id":377,"esSugerencia":false},{"id":378,"esSugerencia":false},{"id":44,"esSugerencia":false},{"id":30,"esSugerencia":false},{"id":653,"esSugerencia":false},{"id":632,"esSugerencia":true}]},"fecha":1551585166521}]