[{"frase":"Hola Buen día ","frecuencia":1,"complejidad":{"valor":0,"pictos componentes":[{"id":377},{"id":379,"horario":["MANANA"]}]},"fecha":[1535029225]},{"frase":"yo quiero comer carne ","frecuencia":3,"complejidad":{"valor":0,"pictos componentes":[{"id":643},{"id":44},{"id":118},{"id":482}]},"fecha":[1535030083,1535030087,1535030094]},{"frase":"yo quiero comer verduras ","frecuencia":1,"complejidad":{"valor":0,"pictos componentes":[{"id":643},{"id":44},{"id":118},{"id":478}]},"fecha":[1535030104]},{"frase":"yo quiero ir a casa ","frecuencia":1,"complejidad":{"valor":0,"pictos componentes":[{"id":643},{"id":44},{"id":30},{"id":653}]},"fecha":[1535030124]},{"frase":"Hola ¿Cómo estás? tengo frío ","frecuencia":2,"complejidad":{"valor":0,"pictos componentes":[{"id":377},{"id":378},{"id":49},{"id":177}]},"fecha":[1535030378,1535073219]},{"frase":"quiero comer hamburguesa ","frecuencia":1,"complejidad":{"valor":0,"pictos componentes":[{"id":44},{"id":118},{"id":515}]},"fecha":[1535030511]},{"frase":"mamá dame la tablet ","frecuencia":4,"complejidad":{"valor":0,"pictos componentes":[{"id":628},{"id":14},{"id":774}]},"fecha":[1535030674,1535030681,1535653305,1535653308]},{"frase":"mamá dame la tablet aburrido ","frecuencia":1,"complejidad":{"valor":0,"pictos componentes":[{"id":628},{"id":14},{"id":774},{"id":119}]},"fecha":[1535030735]},{"frase":"Hola quiero comer pollo ","frecuencia":2,"complejidad":{"valor":0,"pictos componentes":[{"id":377},{"id":44},{"id":118},{"id":504}]},"fecha":[1535073192,1535073195]},{"frase":"Hola ¿Cómo estás? ","frecuencia":1,"complejidad":{"valor":0,"pictos componentes":[{"id":377},{"id":378}]},"fecha":[1535129903]},{"frase":"Hola ¿Cómo estás? tengo hambre ","frecuencia":2,"complejidad":{"valor":0,"pictos componentes":[{"id":377},{"id":378},{"id":49},{"id":597}]},"fecha":[1535129919,1535129923]},{"frase":"quiero comer pollo ","frecuencia":1,"complejidad":{"valor":0,"pictos componentes":[{"id":44},{"id":118},{"id":504}]},"fecha":[1535129970]},{"frase":"yo estoy mas o menos ","frecuencia":1,"complejidad":{"valor":0,"pictos componentes":[{"id":643},{"id":22},{"id":204}]},"fecha":[1535132404]},{"frase":"yo estoy mal ","frecuencia":1,"complejidad":{"valor":0,"pictos componentes":[{"id":643},{"id":22},{"id":205}]},"fecha":[1535132413]},{"frase":"yo estoy aburrido ","frecuencia":2,"complejidad":{"valor":0,"pictos componentes":[{"id":643},{"id":22},{"id":119}]},"fecha":[1535132420,1535132435]},{"frase":"yo quiero jugar con la pelota ","frecuencia":2,"complejidad":{"valor":0,"pictos componentes":[{"id":643},{"id":44},{"id":34},{"id":996}]},"fecha":[1535132451,1535132460]},{"frase":"quiero abuelo ","frecuencia":5,"complejidad":{"valor":0,"pictos componentes":[{"id":44},{"id":614}]},"fecha":[1535488947,1535488972,1535488991,1535488995,1535489005]},{"frase":"quiero jugar con papá ","frecuencia":5,"complejidad":{"valor":0,"pictos componentes":[{"id":44},{"id":34},{"id":632}]},"fecha":[1535489077,1535489086,1535489098,1535489252,1535489490]},{"frase":"quiero jugar con amigos ","frecuencia":1,"complejidad":{"valor":0,"pictos componentes":[{"id":44},{"id":34},{"id":615}]},"fecha":[1535489166]},{"frase":"quiero jugar con ","frecuencia":2,"complejidad":{"valor":0,"pictos componentes":[{"id":44},{"id":34}]},"fecha":[1535489272,1535489275]},{"frase":"quiero jugar con abuelo ","frecuencia":2,"complejidad":{"valor":0,"pictos componentes":[{"id":44},{"id":34},{"id":614}]},"fecha":[1535489346,1535489604]},{"frase":"quiero ","frecuencia":9,"complejidad":{"valor":0,"pictos componentes":[{"id":44}]},"fecha":[1535489444,1535569945,1535652694,1535652821,1537930012,1537930014,1537930033,1566931004778,1566933374751]},{"frase":"","frecuencia":15,"complejidad":{"valor":0,"pictos componentes":[]},"fecha":[1535489549,1535570193,1535570194,1535570196,1535652621,1535652634,1535652638,1535652642,1535652644,1535652651,1535652702,1535653273,1536778171,1536778188,1557606762607]},{"frase":"quiero comer verduras ","frecuencia":1,"complejidad":{"valor":0,"pictos componentes":[{"id":44},{"id":118},{"id":478}]},"fecha":[1535567900]},{"frase":"yo estoy mas o menos enamorado ","frecuencia":4,"complejidad":{"valor":0,"pictos componentes":[{"id":643},{"id":22},{"id":204},{"id":164}]},"fecha":[1535570249,1535570253,1535570258,1535570536]},{"frase":"yo estoy ","frecuencia":13,"complejidad":{"valor":0,"pictos componentes":[{"id":643},{"id":22}]},"fecha":[1535570285,1535570321,1535570378,1535570379,1535570473,1535570475,1535570528,1535653084,1535653124,1535653127,1537907739,1537907788,1537907813]},{"frase":"yo estoy feliz ","frecuencia":4,"complejidad":{"valor":0,"pictos componentes":[{"id":643},{"id":22},{"id":181}]},"fecha":[1535570347,1537907860,1537930181,1566932458733]},{"frase":"yo tengo ","frecuencia":3,"complejidad":{"valor":0,"pictos componentes":[{"id":643},{"id":49}]},"fecha":[1535570881,1535570933,1535570936]},{"frase":"quiero comer ","frecuencia":6,"complejidad":{"valor":0,"pictos componentes":[{"id":44},{"id":118}]},"fecha":[1535652681,1535652942,1535652948,1535653024,1535653042,1572654095810]},{"frase":"yo estoy enfermo ","frecuencia":3,"complejidad":{"valor":0,"pictos componentes":[{"id":643},{"id":22},{"id":819}]},"fecha":[1535653101,1535653107,1535653117]},{"frase":"yo estoy Cansado ","frecuencia":9,"complejidad":{"valor":0,"pictos componentes":[{"id":643},{"id":22},{"id":137}]},"fecha":[1535653187,1535653200,1535653223,1535653228,1566931194025,1566931209678,1566932351353,1566933330625,1566933544548]},{"frase":"mamá ","frecuencia":1,"complejidad":{"valor":0,"pictos componentes":[{"id":628}]},"fecha":[1535653286]},{"frase":"mamá dame ","frecuencia":1,"complejidad":{"valor":0,"pictos componentes":[{"id":628},{"id":14}]},"fecha":[1535653315]},{"frase":"mamá ¿Cómo estás? estoy ","frecuencia":1,"complejidad":{"valor":0,"pictos componentes":[{"id":628},{"id":378},{"id":22}]},"fecha":[1535653437]},{"frase":"Hola ¿Cómo estás? estoy ","frecuencia":5,"complejidad":{"valor":0,"pictos componentes":[{"id":377},{"id":378},{"id":22}]},"fecha":[1536959401,1536959425,1536959429,1542217094,1566918493716]},{"frase":"Hola tengo frío ","frecuencia":3,"complejidad":{"valor":0,"pictos componentes":[{"id":377},{"id":49},{"id":177}]},"fecha":[1537115631,1537115635,1563977977923]},{"frase":"abuelo quiero ","frecuencia":1,"complejidad":{"valor":0,"pictos componentes":[{"id":614},{"id":44}]},"fecha":[1537907211]},{"frase":"abuelo quiero comer ","frecuencia":1,"complejidad":{"valor":0,"pictos componentes":[{"id":614},{"id":44},{"id":118}]},"fecha":[1537907217]},{"frase":"yo quiero jugar con abuelo ","frecuencia":2,"complejidad":{"valor":0,"pictos componentes":[{"id":643},{"id":44},{"id":34},{"id":614}]},"fecha":[1537907308,1537907314]},{"frase":"quiero ir a comer verduras ","frecuencia":1,"complejidad":{"valor":0,"pictos componentes":[{"id":44},{"id":30},{"id":118},{"id":478}]},"fecha":[1537930051]},{"frase":"yo estoy mal aburrido ","frecuencia":2,"complejidad":{"valor":0,"pictos componentes":[{"id":643},{"id":22},{"id":205},{"id":119}]},"fecha":[1537930136,1537930138]},{"frase":"yo quiero ir a ","frecuencia":1,"complejidad":{"valor":0,"pictos componentes":[{"id":643,"esSugerencia":false},{"id":44,"esSugerencia":false},{"id":30,"esSugerencia":false}]},"fecha":1549910538925},{"frase":"yo quiero ir a la plaza ","frecuencia":1,"complejidad":{"valor":0,"pictos componentes":[{"id":643,"esSugerencia":false},{"id":44,"esSugerencia":false},{"id":30,"esSugerencia":false},{"id":682,"esSugerencia":false}]},"fecha":1549910546012},{"frase":"yo quiero comer pollo ","frecuencia":1,"complejidad":{"valor":0,"pictos componentes":[{"id":643,"esSugerencia":false},{"id":44,"esSugerencia":false},{"id":118,"esSugerencia":false},{"id":504,"esSugerencia":false}]},"fecha":1552759250775},{"frase":"yo quiero comer ","frecuencia":1,"complejidad":{"valor":0,"pictos componentes":[{"id":643,"esSugerencia":false},{"id":44,"esSugerencia":false},{"id":118,"esSugerencia":false}]},"fecha":1560546905897},{"frase":"yo quiero ir a comer carne ","frecuencia":2,"complejidad":{"valor":0,"pictos componentes":[{"id":643,"esSugerencia":false},{"id":44,"esSugerencia":false},{"id":30,"esSugerencia":false},{"id":118,"esSugerencia":false},{"id":482,"esSugerencia":false}]},"fecha":[1561735429426,1561735434636]},{"frase":"yo quiero ir a comer carne pollo ","frecuencia":2,"complejidad":{"valor":0,"pictos componentes":[{"id":643,"esSugerencia":false},{"id":44,"esSugerencia":false},{"id":30,"esSugerencia":false},{"id":118,"esSugerencia":false},{"id":482,"esSugerencia":false},{"id":504,"esSugerencia":false}]},"fecha":[1561736367354,1561736385348]},{"frase":"mamá dame la tablet leche y galletas los juguetes ","frecuencia":1,"complejidad":{"valor":0,"pictos componentes":[{"id":628,"esSugerencia":false},{"id":14,"esSugerencia":false},{"id":774,"esSugerencia":false},{"id":427,"esSugerencia":false},{"id":989,"esSugerencia":false}]},"fecha":1561736429548},{"frase":"mamá dame la tablet leche y galletas los juguetes aburrido ","frecuencia":4,"complejidad":{"valor":0,"pictos componentes":[{"id":628,"esSugerencia":false},{"id":14,"esSugerencia":false},{"id":774,"esSugerencia":false},{"id":427,"esSugerencia":false},{"id":989,"esSugerencia":false},{"id":119,"esSugerencia":false}]},"fecha":[1561736447382,1561736453164,1561736461632,1561736467541]},{"frase":"mamá dame la tablet leche y galletas los juguetes aburrido quiero comer hamburguesa hamburguesa hamburguesa hamburguesa hamburguesa hamburguesa ","frecuencia":2,"complejidad":{"valor":0,"pictos componentes":[{"id":628,"esSugerencia":false},{"id":14,"esSugerencia":false},{"id":774,"esSugerencia":false},{"id":427,"esSugerencia":false},{"id":989,"esSugerencia":false},{"id":119,"esSugerencia":false},{"id":44,"esSugerencia":false},{"id":118,"esSugerencia":false},{"id":515,"esSugerencia":false},{"id":515,"esSugerencia":false},{"id":515,"esSugerencia":false},{"id":515,"esSugerencia":false},{"id":515,"esSugerencia":false},{"id":515,"esSugerencia":false}]},"fecha":[1561736484739,1561736500444]},{"frase":"mamá tengo escuela verguenza frío hambre ","frecuencia":4,"complejidad":{"valor":0,"pictos componentes":[{"id":628,"esSugerencia":false},{"id":49,"esSugerencia":false},{"id":662,"esSugerencia":false},{"id":729,"esSugerencia":false},{"id":177,"esSugerencia":false},{"id":597,"esSugerencia":false}]},"fecha":[1561736575510,1561736583702,1561736588386,1561736594581]},{"frase":"Hola Buenas tardes quiero comer verduras ","frecuencia":3,"complejidad":{"valor":0,"pictos componentes":[{"id":377,"esSugerencia":false},{"id":380,"horario":["MEDIODIA","TARDE"],"esSugerencia":false},{"id":44,"esSugerencia":false},{"id":118,"esSugerencia":false},{"id":478,"esSugerencia":false}]},"fecha":[1561736648811,1561736653405,1561736657780]},{"frase":"mamá ¿Cómo estás? estoy mas o menos mal ","frecuencia":3,"complejidad":{"valor":0,"pictos componentes":[{"id":628,"esSugerencia":false},{"id":378,"esSugerencia":false},{"id":22,"esSugerencia":false},{"id":204,"esSugerencia":false},{"id":205,"esSugerencia":false}]},"fecha":[1561976705324,1561976712061,1561976715494]},{"frase":"quiero ir a casa comer hamburguesa ","frecuencia":1,"complejidad":{"valor":0,"pictos componentes":[{"id":44,"esSugerencia":false},{"id":30,"esSugerencia":false},{"id":653,"esSugerencia":false},{"id":118,"esSugerencia":false},{"id":515,"esSugerencia":false}]},"fecha":1561976740406},{"frase":"Hola Buenas tardes ","frecuencia":3,"complejidad":{"valor":0,"pictos componentes":[{"id":377,"esSugerencia":false},{"id":380,"horario":["MEDIODIA","TARDE"],"esSugerencia":false}]},"fecha":[1563977923687,1563977928965,1563977929630]},{"frase":"Hola Buenas tardes quiero comer ","frecuencia":1,"complejidad":{"valor":0,"pictos componentes":[{"id":377,"esSugerencia":false},{"id":380,"horario":["MEDIODIA","TARDE"],"esSugerencia":false},{"id":44,"esSugerencia":false},{"id":118,"esSugerencia":false}]},"fecha":1563977934874},{"frase":"Hola ¿Cómo estás? estoy bien mal mal ","frecuencia":1,"complejidad":{"valor":0,"pictos componentes":[{"id":377,"esSugerencia":false},{"id":378,"esSugerencia":false},{"id":22,"esSugerencia":false},{"id":133,"esSugerencia":false},{"id":205,"esSugerencia":false},{"id":205,"esSugerencia":false}]},"fecha":1563978040788},{"frase":"pera Si estoy ","frecuencia":1,"complejidad":{"valor":0,"pictos componentes":[{"id":475},{"id":388,"esSugerencia":false},{"id":22,"esSugerencia":false}]},"fecha":1563978159405},{"frase":"quiero ir a un supermercado ","frecuencia":1,"complejidad":{"valor":0,"pictos componentes":[{"id":44,"esSugerencia":false},{"id":30,"esSugerencia":false},{"id":688,"esSugerencia":false}]},"fecha":1566918566253},{"frase":"yo quiero abuelo ","frecuencia":1,"complejidad":{"valor":0,"pictos componentes":[{"id":643,"esSugerencia":false},{"id":44,"esSugerencia":false},{"id":614,"esSugerencia":false}]},"fecha":1566918631261},{"frase":"mamá dame agua ","frecuencia":2,"complejidad":{"valor":0,"pictos componentes":[{"id":628,"esSugerencia":false},{"id":14,"esSugerencia":false},{"id":500,"esSugerencia":false}]},"fecha":[1566918650261,1566931998594]},{"frase":"Hola mamá quiero cambiarme la ropa ","frecuencia":1,"complejidad":{"valor":0,"pictos componentes":[{"id":377,"esSugerencia":false},{"id":628,"esSugerencia":false},{"id":44,"esSugerencia":false},{"id":10,"esSugerencia":false}]},"fecha":1566918751266},{"frase":"yo tengo hambre ","frecuencia":1,"complejidad":{"valor":0,"pictos componentes":[{"id":643,"esSugerencia":false},{"id":49,"esSugerencia":false},{"id":597,"esSugerencia":false}]},"fecha":1566931946153},{"frase":"quiero comer postre ","frecuencia":1,"complejidad":{"valor":0,"pictos componentes":[{"id":44,"esSugerencia":false},{"id":118,"esSugerencia":false},{"id":600,"esSugerencia":false}]},"fecha":1566931962222},{"frase":"Hola Buen día quiero buscar ","frecuencia":1,"complejidad":{"valor":0,"pictos componentes":[{"id":377,"esSugerencia":false},{"id":379,"horario":["MANANA"],"esSugerencia":false},{"id":44,"esSugerencia":false},{"id":5,"esSugerencia":false}]},"fecha":1566932561854},{"frase":"yo quiero ","frecuencia":1,"complejidad":{"valor":0,"pictos componentes":[{"id":643,"esSugerencia":false},{"id":44,"esSugerencia":false}]},"fecha":1566933665771},{"frase":"yo quiero jugar con abuelo estoy feliz ","frecuencia":1,"complejidad":{"valor":0,"pictos componentes":[{"id":643,"esSugerencia":false},{"id":44,"esSugerencia":false},{"id":34,"esSugerencia":false},{"id":614,"esSugerencia":false},{"id":22,"esSugerencia":false},{"id":171,"esSugerencia":false}]},"fecha":1566933721408},{"frase":"quiero ir a la cancha ","frecuencia":2,"complejidad":{"valor":0,"pictos componentes":[{"id":44,"esSugerencia":false},{"id":30,"esSugerencia":false},{"id":651,"esSugerencia":false}]},"fecha":[1566935756894,1566935761569]},{"frase":"quiero ir a ","frecuencia":1,"complejidad":{"valor":0,"pictos componentes":[{"id":44,"esSugerencia":false},{"id":30,"esSugerencia":false}]},"fecha":1566935772918},{"frase":"Hola tengo hambre ","frecuencia":2,"complejidad":{"valor":0,"pictos componentes":[{"id":377,"esSugerencia":false},{"id":49,"esSugerencia":false},{"id":597,"esSugerencia":false}]},"fecha":[1568211048333,1572653710053]}]