[{"frase":"quiero comer manzana o flan ","frecuencia":1,"complejidad":{"valor":0,"pictos componentes":[{"id":44,"esSugerencia":false},{"id":118,"esSugerencia":false},{"id":474,"esSugerencia":false},{"id":910,"esSugerencia":true},{"id":412,"esSugerencia":true}]},"fecha":1572269747196},{"frase":"yo ","frecuencia":2,"complejidad":{"valor":0,"pictos componentes":[{"id":643,"esSugerencia":false}]},"fecha":[1572270048331,1573231577808]},{"frase":"yo quiero ir a casa ","frecuencia":2,"complejidad":{"valor":0,"pictos componentes":[{"id":643,"esSugerencia":false},{"id":44,"esSugerencia":false},{"id":30,"esSugerencia":false},{"id":653,"esSugerencia":false}]},"fecha":[1572270137159,1572270142928]},{"frase":"quiero comer hamburguesa tomar ","frecuencia":1,"complejidad":{"valor":0,"pictos componentes":[{"id":44,"esSugerencia":false},{"id":118,"esSugerencia":false},{"id":515,"esSugerencia":false},{"id":51,"esSugerencia":true}]},"fecha":1572270238208},{"frase":"quiero comer hamburguesa tomar gaseosa ","frecuencia":1,"complejidad":{"valor":0,"pictos componentes":[{"id":44,"esSugerencia":false},{"id":118,"esSugerencia":false},{"id":515,"esSugerencia":false},{"id":51,"esSugerencia":true},{"id":501,"esSugerencia":true}]},"fecha":1572270267009},{"frase":"yo quiero comer pollo ","frecuencia":1,"complejidad":{"valor":0,"pictos componentes":[{"id":643,"esSugerencia":false},{"id":44,"esSugerencia":false},{"id":118,"esSugerencia":false},{"id":504,"esSugerencia":false}]},"fecha":1572270315123},{"frase":"yo tengo hambre ","frecuencia":2,"complejidad":{"valor":0,"pictos componentes":[{"id":643,"esSugerencia":false},{"id":49,"esSugerencia":false},{"id":597,"esSugerencia":false}]},"fecha":[1572270410961,1573484333972]},{"frase":"mamá ¿Cómo estás? ","frecuencia":1,"complejidad":{"valor":0,"pictos componentes":[{"id":628,"esSugerencia":false},{"id":378,"esSugerencia":true}]},"fecha":1572270447054},{"frase":"mamá me lo puedes dar  leche y galletas ","frecuencia":2,"complejidad":{"valor":0,"pictos componentes":[{"id":628,"esSugerencia":false},{"id":14,"esSugerencia":true},{"id":427,"esSugerencia":true}]},"fecha":[1572270480852,1572270488178]},{"frase":"Hola quiero ir a supermercado ","frecuencia":2,"complejidad":{"valor":0,"pictos componentes":[{"id":377,"esSugerencia":false},{"id":44,"esSugerencia":false},{"id":30,"esSugerencia":false},{"id":688,"esSugerencia":true}]},"fecha":[1572270845540,1572270851340]},{"frase":"yo estoy mal ","frecuencia":1,"complejidad":{"valor":0,"pictos componentes":[{"id":643,"esSugerencia":false},{"id":22,"esSugerencia":false},{"id":205,"esSugerencia":false}]},"fecha":1572271131880},{"frase":"yo estoy ","frecuencia":1,"complejidad":{"valor":0,"pictos componentes":[{"id":643,"esSugerencia":false},{"id":22,"esSugerencia":false}]},"fecha":1572878819999},{"frase":"yo estoy bien ","frecuencia":2,"complejidad":{"valor":0,"pictos componentes":[{"id":643,"esSugerencia":false},{"id":22,"esSugerencia":false},{"id":133,"esSugerencia":false}]},"fecha":[1572878829510,1572878835134]},{"frase":"comer Golosina uno ","frecuencia":1,"complejidad":{"valor":0,"pictos componentes":[{"id":118,"esSugerencia":true},{"id":494,"esSugerencia":false},{"id":836,"esSugerencia":true}]},"fecha":1572879823905},{"frase":"acompañar abuelo médico ","frecuencia":1,"complejidad":{"valor":0,"pictos componentes":[{"id":1,"esSugerencia":false},{"id":614,"esSugerencia":true},{"id":629,"esSugerencia":true}]},"fecha":1572879927230},{"frase":"yo acompañar abuelo médico ","frecuencia":1,"complejidad":{"valor":0,"pictos componentes":[{"id":643,"esSugerencia":false},{"id":1,"esSugerencia":true},{"id":614,"esSugerencia":false},{"id":629,"esSugerencia":false}]},"fecha":1572879999026},{"frase":"yo acompañar mamá mercado ","frecuencia":2,"complejidad":{"valor":0,"pictos componentes":[{"id":643,"esSugerencia":false},{"id":1,"esSugerencia":false},{"id":628,"esSugerencia":false},{"id":675}]},"fecha":[1572880255792,1574088298534]},{"frase":"yo acompañar salir quiero ","frecuencia":1,"complejidad":{"valor":0,"pictos componentes":[{"id":643,"esSugerencia":false},{"id":1,"esSugerencia":false},{"id":98,"esSugerencia":false},{"id":44,"esSugerencia":true}]},"fecha":1572880349189},{"frase":"yo acompañar mamá hamburguesería ","frecuencia":1,"complejidad":{"valor":0,"pictos componentes":[{"id":643,"esSugerencia":false},{"id":1,"esSugerencia":false},{"id":628,"esSugerencia":false},{"id":666}]},"fecha":1572880472517},{"frase":"yo comprar helado ","frecuencia":5,"complejidad":{"valor":0,"pictos componentes":[{"id":643,"esSugerencia":false},{"id":13,"esSugerencia":true},{"id":486,"esSugerencia":true}]},"fecha":[1573231534513,1573231538741,1573231543498,1573231553583,1573231632452]},{"frase":"yo ir a pasear coche ","frecuencia":3,"complejidad":{"valor":0,"pictos componentes":[{"id":643,"esSugerencia":false},{"id":30,"esSugerencia":true},{"id":87,"esSugerencia":true},{"id":608,"esSugerencia":true}]},"fecha":[1573231684999,1573231717568,1573231831901]},{"frase":"quiero tomar agua y gaseosa ","frecuencia":2,"complejidad":{"valor":0,"pictos componentes":[{"id":44,"esSugerencia":false},{"id":51,"esSugerencia":true},{"id":500,"esSugerencia":true},{"id":923,"esSugerencia":false},{"id":501,"esSugerencia":false}]},"fecha":[1573231948497,1573232082855]},{"frase":"quiero comer pollo y ensalada ","frecuencia":2,"complejidad":{"valor":0,"pictos componentes":[{"id":44,"esSugerencia":false},{"id":118,"esSugerencia":false},{"id":504,"esSugerencia":false},{"id":923,"esSugerencia":true},{"id":477,"esSugerencia":true}]},"fecha":[1573232154304,1573232211983]},{"frase":"yo comer carne verduras ","frecuencia":1,"complejidad":{"valor":0,"pictos componentes":[{"id":643,"esSugerencia":false},{"id":118,"esSugerencia":true},{"id":482,"esSugerencia":true},{"id":478,"esSugerencia":true}]},"fecha":1573232346072},{"frase":"Me gusta ","frecuencia":1,"complejidad":{"valor":0,"pictos componentes":[{"id":390}]},"fecha":1573232575520},{"frase":"yo tengo ","frecuencia":2,"complejidad":{"valor":0,"pictos componentes":[{"id":643,"esSugerencia":false},{"id":49,"esSugerencia":false}]},"fecha":[1573232629850,1573485825072]},{"frase":"Me gusta tomar gaseosa ","frecuencia":1,"complejidad":{"valor":0,"pictos componentes":[{"id":390,"esSugerencia":false},{"id":51,"esSugerencia":true},{"id":501,"esSugerencia":false}]},"fecha":1573232727100},{"frase":"No vino ","frecuencia":1,"complejidad":{"valor":0,"pictos componentes":[{"id":389,"esSugerencia":false},{"id":503}]},"fecha":1573232877457},{"frase":"Me gusta comer un sandwich y ensalada ","frecuencia":1,"complejidad":{"valor":0,"pictos componentes":[{"id":390,"esSugerencia":false},{"id":12,"esSugerencia":true},{"id":923,"esSugerencia":true},{"id":477,"esSugerencia":false}]},"fecha":1573232955684},{"frase":"No alcaucil ","frecuencia":1,"complejidad":{"valor":0,"pictos componentes":[{"id":389,"esSugerencia":false},{"id":392}]},"fecha":1573233074377},{"frase":"yo quiero escuchar música y dibujar ","frecuencia":1,"complejidad":{"valor":0,"pictos componentes":[{"id":643,"esSugerencia":false},{"id":44,"esSugerencia":false},{"id":20,"esSugerencia":true},{"id":923,"esSugerencia":true},{"id":15,"esSugerencia":true}]},"fecha":1573485185924},{"frase":"yo quiero cantar y escribir ","frecuencia":1,"complejidad":{"valor":0,"pictos componentes":[{"id":643,"esSugerencia":false},{"id":44,"esSugerencia":false},{"id":6,"esSugerencia":true},{"id":923,"esSugerencia":true},{"id":18}]},"fecha":1573485413543},{"frase":"yo quiero pasear y leer ","frecuencia":1,"complejidad":{"valor":0,"pictos componentes":[{"id":643,"esSugerencia":false},{"id":44,"esSugerencia":false},{"id":38,"esSugerencia":true},{"id":923,"esSugerencia":true},{"id":32,"esSugerencia":true}]},"fecha":1573485742748},{"frase":"yo quiero cocinar arroz ","frecuencia":1,"complejidad":{"valor":0,"pictos componentes":[{"id":643,"esSugerencia":false},{"id":44,"esSugerencia":false},{"id":1029},{"id":481,"esSugerencia":true}]},"fecha":1573486051806},{"frase":"Hola ¿Cómo estás? ","frecuencia":3,"complejidad":{"valor":0,"pictos componentes":[{"id":377,"esSugerencia":false},{"id":378,"esSugerencia":false}]},"fecha":[1574087652439,1574087660148,1574087714420]},{"frase":"Hola aburrido ","frecuencia":1,"complejidad":{"valor":0,"pictos componentes":[{"id":377,"esSugerencia":false},{"id":119}]},"fecha":1574087769285},{"frase":"yo acompañar salir ","frecuencia":1,"complejidad":{"valor":0,"pictos componentes":[{"id":643,"esSugerencia":false},{"id":1,"esSugerencia":false},{"id":98,"esSugerencia":false}]},"fecha":1574088054764},{"frase":"yo acompañar salir supermercado ","frecuencia":2,"complejidad":{"valor":0,"pictos componentes":[{"id":643,"esSugerencia":false},{"id":1,"esSugerencia":false},{"id":98,"esSugerencia":false},{"id":688,"esSugerencia":false}]},"fecha":[1574088082580,1574088106539]},{"frase":"quiero ","frecuencia":1,"complejidad":{"valor":0,"pictos componentes":[{"id":44,"esSugerencia":false}]},"fecha":1574088362253},{"frase":"quiero comprar galleta leche ","frecuencia":1,"complejidad":{"valor":0,"pictos componentes":[{"id":44,"esSugerencia":false},{"id":13,"esSugerencia":false},{"id":415,"esSugerencia":true},{"id":495,"esSugerencia":true}]},"fecha":1574088633909},{"frase":"yo quiero ir a comer ","frecuencia":2,"complejidad":{"valor":0,"pictos componentes":[{"id":643,"esSugerencia":false},{"id":44,"esSugerencia":false},{"id":30,"esSugerencia":false},{"id":118,"esSugerencia":false}]},"fecha":[1574536942883,1574536945261]},{"frase":"quiero hacer pis ","frecuencia":1,"complejidad":{"valor":0,"pictos componentes":[{"id":44,"esSugerencia":false},{"id":29,"esSugerencia":false}]},"fecha":1574536971448},{"frase":"yo ir a pasear dibujar ","frecuencia":2,"complejidad":{"valor":0,"pictos componentes":[{"id":643,"esSugerencia":false},{"id":30,"esSugerencia":false},{"id":87,"esSugerencia":false},{"id":15,"esSugerencia":false}]},"fecha":[1575051163457,1575051167729]},{"frase":"yo quiero ","frecuencia":1,"complejidad":{"valor":0,"pictos componentes":[{"id":643,"esSugerencia":false},{"id":44,"esSugerencia":false}]},"fecha":1587606741205},{"frase":"yo comprar galleta ","frecuencia":4,"complejidad":{"valor":0,"pictos componentes":[{"id":643,"esSugerencia":false},{"id":13,"esSugerencia":false},{"id":415,"esSugerencia":false}]},"fecha":[1587606768279,1587606779538,1587606791067,1587606794616]}]