[{"frase":"Hola ¿Cómo estás? ","frecuencia":2,"complejidad":{"valor":0,"pictos componentes":[{"id":377,"esSugerencia":false},{"id":378,"esSugerencia":false}]},"fecha":[1568809078698,1568809088970]},{"frase":"pagar en efectivo ","frecuencia":1,"complejidad":{"valor":0,"pictos componentes":[{"id":36}]},"fecha":1568809434512},{"frase":"yo quiero lavarme las manos ","frecuencia":1,"complejidad":{"valor":0,"pictos componentes":[{"id":643,"esSugerencia":false},{"id":44,"esSugerencia":false},{"id":31,"esSugerencia":false}]},"fecha":1568809481265},{"frase":"yo quiero comer carne ","frecuencia":1,"complejidad":{"valor":0,"pictos componentes":[{"id":643,"esSugerencia":false},{"id":44,"esSugerencia":false},{"id":118,"esSugerencia":false},{"id":482,"esSugerencia":false}]},"fecha":1568809614049},{"frase":"quiero jugar con ","frecuencia":1,"complejidad":{"valor":0,"pictos componentes":[{"id":44,"esSugerencia":false},{"id":34,"edad":["NINO"],"esSugerencia":false}]},"fecha":1568830764127},{"frase":"quiero jugar con el juguete azul ","frecuencia":1,"complejidad":{"valor":0,"pictos componentes":[{"id":44,"esSugerencia":false},{"id":34,"edad":["NINO"],"esSugerencia":false},{"id":761,"esSugerencia":false},{"id":734,"esSugerencia":false}]},"fecha":1568830776244},{"frase":"quiero jugar con el juguete azul ternera ","frecuencia":1,"complejidad":{"valor":0,"pictos componentes":[{"id":44,"esSugerencia":false},{"id":34,"edad":["NINO"],"esSugerencia":false},{"id":761,"esSugerencia":false},{"id":734,"esSugerencia":false},{"id":374,"esSugerencia":true}]},"fecha":1568830789514},{"frase":"quiero jugar con el juguete azul ternera viejo ","frecuencia":5,"complejidad":{"valor":0,"pictos componentes":[{"id":44,"esSugerencia":false},{"id":34,"edad":["NINO"],"esSugerencia":false},{"id":761,"esSugerencia":false},{"id":734,"esSugerencia":false},{"id":374,"esSugerencia":true},{"id":281,"esSugerencia":true}]},"fecha":[1568830801203,1568830810227,1568830813762,1568830817069,1568830820273]},{"frase":"quiero ir a comer hamburguesa ","frecuencia":5,"complejidad":{"valor":0,"pictos componentes":[{"id":44,"esSugerencia":false},{"id":30,"esSugerencia":false},{"id":118,"esSugerencia":false},{"id":515,"esSugerencia":false}]},"fecha":[1568830847255,1568830850182,1568830853384,1568830859968,1568830864355]},{"frase":"quiero ir a hospital ","frecuencia":1,"complejidad":{"valor":0,"pictos componentes":[{"id":44,"esSugerencia":false},{"id":30,"esSugerencia":false},{"id":668,"esSugerencia":false}]},"fecha":1568830884188},{"frase":"quiero ir a periferico ","frecuencia":2,"complejidad":{"valor":0,"pictos componentes":[{"id":44,"esSugerencia":false},{"id":30,"esSugerencia":false},{"id":668,"esSugerencia":false}]},"fecha":[1568830968084,1568830972760]},{"frase":"","frecuencia":1,"complejidad":{"valor":0,"pictos componentes":[]},"fecha":1569452012197},{"frase":"mamá ","frecuencia":1,"complejidad":{"valor":0,"pictos componentes":[{"id":628,"esSugerencia":false}]},"fecha":1569853711034}]