[{"frase":"Hola Buen día quiero ir a comer carne ","frecuencia":1,"complejidad":{"valor":0,"pictos componentes":[{"id":377},{"id":379,"horario":["MANANA"]},{"id":44},{"id":30},{"id":118},{"id":482}]},"fecha":[1535574597]}, {"frase":"yo ","frecuencia":30,"complejidad":{"valor":0,"pictos componentes":[{"id":643}]},"fecha":[1535576234,1535576363,1535576831,1535577075,1535578040,1535578469,1535588916,1536100133,1537625172,1537625182,1537625305,1537625305,1537625305,1537625309,1537625318,1537625323,1537625323,1537625324,1539711999,1544448214,1548285060,1549752505,1551469567,1556924489,1556924494,1556924497,1556924509,1556924514,1556924517,1556924523]}, {"frase":"yo quiero ","frecuencia":11,"complejidad":{"valor":0,"pictos componentes":[{"id":643},{"id":44}]},"fecha":[1535576239,1535576366,1535577077,1535578043,1535578480,1535588920,1539712014,1548285062,1549752510,1551469573,1556924544]}, {"frase":"yo quiero jugar con la pelota blanco ","frecuencia":1,"complejidad":{"valor":0,"pictos componentes":[{"id":643},{"id":44},{"id":34},{"id":996},{"id":736}]},"fecha":[1535576243]}, {"frase":"Hola ","frecuencia":7,"complejidad":{"valor":0,"pictos componentes":[{"id":377}]},"fecha":[1535576309,1535577975,1541327849,1544448080,1547583247,1548285039,1549752487]}, {"frase":"Hola ¿Cómo estás? estoy aburrido ","frecuencia":4,"complejidad":{"valor":0,"pictos componentes":[{"id":377},{"id":378},{"id":22},{"id":119}]},"fecha":[1535576325,1535576344,1544448142,1544448149]}, {"frase":"yo quiero jugar con ","frecuencia":8,"complejidad":{"valor":0,"pictos componentes":[{"id":643},{"id":44},{"id":34}]},"fecha":[1535576369,1535576841,1535578060,1535578482,1535645061,1548285065,1549752516,1556924548]}, {"frase":"yo quiero jugar con papá ","frecuencia":14,"complejidad":{"valor":0,"pictos componentes":[{"id":643},{"id":44},{"id":34},{"id":632}]},"fecha":[1535576427,1535576508,1535576577,1535576856,1535576886,1535576889,1535577087,1535578490,1535588957,1548285072,1548285077,1548285081,1548285083,1548285089]}, {"frase":"yo quiero jugar con papá quiero ","frecuencia":3,"complejidad":{"valor":0,"pictos componentes":[{"id":643},{"id":44},{"id":34},{"id":632},{"id":44}]},"fecha":[1535576584,1548285107,1548285113]}, {"frase":"yo quiero jugar con papá estoy aburrido ","frecuencia":5,"complejidad":{"valor":0,"pictos componentes":[{"id":643},{"id":44},{"id":34},{"id":632},{"id":22},{"id":119}]},"fecha":[1535576895,1535576941,1535589010,1535589143,1535589261]}, {"frase":"yo quiero jugar con papá estoy aburrido quiero ir a ","frecuencia":1,"complejidad":{"valor":0,"pictos componentes":[{"id":643},{"id":44},{"id":34},{"id":632},{"id":22},{"id":119},{"id":44},{"id":30}]},"fecha":[1535576926]}, {"frase":"yo quiero jugar con papá ¿Cómo estás? ","frecuencia":1,"complejidad":{"valor":0,"pictos componentes":[{"id":643},{"id":44},{"id":34},{"id":632},{"id":378}]},"fecha":[1535577080]}, {"frase":"yo quiero jugar con papá estoy bien ","frecuencia":1,"complejidad":{"valor":0,"pictos componentes":[{"id":643},{"id":44},{"id":34},{"id":632},{"id":22},{"id":133}]},"fecha":[1535577112]}, {"frase":"mamá ¿Cómo estás? ","frecuencia":7,"complejidad":{"valor":0,"pictos componentes":[{"id":628},{"id":378}]},"fecha":[1535577364,1539944535,1539944537,1539944540,1544447737,1544447744,1547665367]}, {"frase":"mamá ¿Cómo estás? estoy aburrido ","frecuencia":5,"complejidad":{"valor":0,"pictos componentes":[{"id":628},{"id":378},{"id":22},{"id":119}]},"fecha":[1535577879,1547665390,1547665393,1558114820,1558114825]}, {"frase":"mamá ¿Cómo estás? estoy aburrido quiero ir a casa ","frecuencia":1,"complejidad":{"valor":0,"pictos componentes":[{"id":628},{"id":378},{"id":22},{"id":119},{"id":44},{"id":30},{"id":653}]},"fecha":[1535577888]}, {"frase":"Hola tengo ","frecuencia":4,"complejidad":{"valor":0,"pictos componentes":[{"id":377},{"id":49}]},"fecha":[1535577979,1537625133,1544448197,1548285045]}, {"frase":"Hola tengo frío ","frecuencia":1,"complejidad":{"valor":0,"pictos componentes":[{"id":377},{"id":49},{"id":177}]},"fecha":[1535577983]}, {"frase":"yo quiero comer ","frecuencia":2,"complejidad":{"valor":0,"pictos componentes":[{"id":643},{"id":44},{"id":118}]},"fecha":[1535578476,1556924729]}, {"frase":"yo quiero jugar con papá estoy mas o menos ","frecuencia":2,"complejidad":{"valor":0,"pictos componentes":[{"id":643},{"id":44},{"id":34},{"id":632},{"id":22},{"id":204}]},"fecha":[1535578512,1535578550]}, {"frase":"mamá quiero leche y galletas ","frecuencia":1,"complejidad":{"valor":0,"pictos componentes":[{"id":628},{"id":44},{"id":427}]},"fecha":[1535578737]}, {"frase":"Hola ¿Cómo estás? ","frecuencia":18,"complejidad":{"valor":0,"pictos componentes":[{"id":377},{"id":378}]},"fecha":[1535578956,1537625199,1537625200,1537625201,1537625202,1537625203,1537625203,1537625204,1537625204,1541327859,1541327861,1544448087,1556924883,1556924886,1556924890,1556924895,1556924899,1556924901]}, {"frase":"Hola ¿Cómo estás? tengo frío ","frecuencia":3,"complejidad":{"valor":0,"pictos componentes":[{"id":377},{"id":378},{"id":49},{"id":177}]},"fecha":[1535578963,1535578966,1541327907]}, {"frase":"Hola ¿Cómo estás? tengo frío celebración ","frecuencia":3,"complejidad":{"valor":0,"pictos componentes":[{"id":377},{"id":378},{"id":49},{"id":177},{"id":704}]},"fecha":[1535578969,1541327915,1541327925]}, {"frase":"yo quiero comer bocadillo ","frecuencia":1,"complejidad":{"valor":0,"pictos componentes":[{"id":643},{"id":44},{"id":118},{"id":398}]},"fecha":[1535579012]}, {"frase":"yo quiero comer huevo duro ","frecuencia":1,"complejidad":{"valor":0,"pictos componentes":[{"id":643},{"id":44},{"id":118},{"id":420}]},"fecha":[1535579103]}, {"frase":"mamá quiero ir a un supermercado ","frecuencia":1,"complejidad":{"valor":0,"pictos componentes":[{"id":628},{"id":44},{"id":30},{"id":688}]},"fecha":[1535579146]}, {"frase":"mamá quiero ir a dibujar ","frecuencia":1,"complejidad":{"valor":0,"pictos componentes":[{"id":628},{"id":44},{"id":30},{"id":15}]},"fecha":[1535579190]}, {"frase":"quiero ","frecuencia":10,"complejidad":{"valor":0,"pictos componentes":[{"id":44}]},"fecha":[1535588885,1535922322,1535922384,1535922618,1537625186,1537625186,1537625187,1539944556,1540330939,1549665511]}, {"frase":"yo quiero jugar con papá ¿Cómo estás? estoy aburrido ","frecuencia":1,"complejidad":{"valor":0,"pictos componentes":[{"id":643},{"id":44},{"id":34},{"id":632},{"id":378},{"id":22},{"id":119}]},"fecha":[1535588986]}, {"frase":"yo quiero jugar con el pelotero ","frecuencia":2,"complejidad":{"valor":0,"pictos componentes":[{"id":643},{"id":44},{"id":34},{"id":1003}]},"fecha":[1535645172,1535645185]}, {"frase":"quiero jugar con papá ","frecuencia":2,"complejidad":{"valor":0,"pictos componentes":[{"id":44},{"id":34},{"id":632}]},"fecha":[1535922343,1535922362]}, {"frase":"quiero jugar con ","frecuencia":4,"complejidad":{"valor":0,"pictos componentes":[{"id":44},{"id":34}]},"fecha":[1535922389,1535922496,1535922518,1535922621]}, {"frase":"Hola Buenas tardes tengo hambre ","frecuencia":1,"complejidad":{"valor":0,"pictos componentes":[{"id":377},{"id":380,"horario":["MEDIODIA","TARDE"]},{"id":49},{"id":597}]},"fecha":[1535925764]}, {"frase":"Hola Buenas tardes quiero comer hamburguesa ","frecuencia":1,"complejidad":{"valor":0,"pictos componentes":[{"id":377},{"id":380,"horario":["MEDIODIA","TARDE"]},{"id":44},{"id":118},{"id":515}]},"fecha":[1535925785]}, {"frase":"Hola Buenas tardes quiero ir a la plaza ","frecuencia":1,"complejidad":{"valor":0,"pictos componentes":[{"id":377},{"id":380,"horario":["MEDIODIA","TARDE"]},{"id":44},{"id":30},{"id":682}]},"fecha":[1535925815]}, {"frase":"mamá tengo escuela ","frecuencia":1,"complejidad":{"valor":0,"pictos componentes":[{"id":628},{"id":49},{"id":662}]},"fecha":[1535925842]}, {"frase":"chorizo ","frecuencia":1,"complejidad":{"valor":0,"pictos componentes":[{"id":518}]},"fecha":[1536241788]}, {"frase":"mamá ","frecuencia":7,"complejidad":{"valor":0,"pictos componentes":[{"id":628}]},"fecha":[1536241843,1539535685,1539535713,1539730719,1539944523,1547665359,1551469618]}, {"frase":"mamá quiero ","frecuencia":3,"complejidad":{"valor":0,"pictos componentes":[{"id":628},{"id":44}]},"fecha":[1536241853,1539730728,1551469623]}, {"frase":"mamá quiero chorizo ","frecuencia":2,"complejidad":{"valor":0,"pictos componentes":[{"id":628},{"id":44},{"id":518}]},"fecha":[1536241908,1536241921]}, {"frase":"mamá quiero chorizo huevo duro ","frecuencia":1,"complejidad":{"valor":0,"pictos componentes":[{"id":628},{"id":44},{"id":518},{"id":420}]},"fecha":[1536242042]}, {"frase":"yo tengo verguenza ","frecuencia":1,"complejidad":{"valor":0,"pictos componentes":[{"id":643},{"id":49},{"id":729}]},"fecha":[1536609264]}, {"frase":"yo tengo verguenza pillar ¿Cómo estás? ","frecuencia":6,"complejidad":{"valor":0,"pictos componentes":[{"id":643},{"id":49},{"id":729},{"id":42},{"id":378}]},"fecha":[1536609344,1536609348,1536609352,1536609355,1536609358,1536609363]}, {"frase":"yo tengo verguenza pillar ","frecuencia":1,"complejidad":{"valor":0,"pictos componentes":[{"id":643},{"id":49},{"id":729},{"id":42}]},"fecha":[1536609368]}, {"frase":"Hola tengo verguenza ","frecuencia":2,"complejidad":{"valor":0,"pictos componentes":[{"id":377},{"id":49},{"id":729}]},"fecha":[1537625139,1544448200]}, {"frase":"quiero buscar ","frecuencia":3,"complejidad":{"valor":0,"pictos componentes":[{"id":44},{"id":5}]},"fecha":[1537625191,1537625192,1537625193]}, {"frase":"Hola ¿Cómo estás? quiero ","frecuencia":3,"complejidad":{"valor":0,"pictos componentes":[{"id":377},{"id":378},{"id":44}]},"fecha":[1537625216,1544447941,1549752494]}, {"frase":"Hola ¿Cómo estás? quiero buscar comida ","frecuencia":6,"complejidad":{"valor":0,"pictos componentes":[{"id":377},{"id":378},{"id":44},{"id":5},{"id":1014}]},"fecha":[1537625222,1537625223,1537625223,1537625230,1537625232,1544447961]}, {"frase":"yo estoy ","frecuencia":1,"complejidad":{"valor":0,"pictos componentes":[{"id":643},{"id":22}]},"fecha":[1537625334]}, {"frase":"peinarme apagar escuchar música ","frecuencia":3,"complejidad":{"valor":0,"pictos componentes":[{"id":39},{"id":2},{"id":20}]},"fecha":[1538260496,1538260499,1538260504]}, {"frase":"peinarme apagar la computadora ","frecuencia":2,"complejidad":{"valor":0,"pictos componentes":[{"id":39},{"id":2},{"id":1016}]},"fecha":[1538260517,1538260521]}, {"frase":"mamá quiero comer pollo ","frecuencia":1,"complejidad":{"valor":0,"pictos componentes":[{"id":628},{"id":44},{"id":118},{"id":504}]},"fecha":[1539536403]}, {"frase":"yo estoy aburrido ","frecuencia":1,"complejidad":{"valor":0,"pictos componentes":[{"id":643},{"id":22},{"id":119}]},"fecha":[1539536438]}, {"frase":"papá estoy aburrido quiero jugar con ","frecuencia":1,"complejidad":{"valor":0,"pictos componentes":[{"id":632},{"id":22},{"id":119},{"id":44},{"id":34}]},"fecha":[1539536461]}, {"frase":"papá estoy aburrido quiero jugar con la pelota ","frecuencia":2,"complejidad":{"valor":0,"pictos componentes":[{"id":632},{"id":22},{"id":119},{"id":44},{"id":34},{"id":996}]},"fecha":[1539536466,1539536471]}, {"frase":"yo tengo hambre ","frecuencia":10,"complejidad":{"valor":0,"pictos componentes":[{"id":643},{"id":49},{"id":597}]},"fecha":[1539536491,1539536492,1539536494,1539536497,1539536498,1556924442,1556924446,1556924451,1556924453,1558114931]}, {"frase":"papá quiero ","frecuencia":1,"complejidad":{"valor":0,"pictos componentes":[{"id":632},{"id":44}]},"fecha":[1539818841]}, {"frase":"papá quiero comer hamburguesa ","frecuencia":1,"complejidad":{"valor":0,"pictos componentes":[{"id":632},{"id":44},{"id":118},{"id":515}]},"fecha":[1539818867]}, {"frase":"papá quiero galleta ","frecuencia":1,"complejidad":{"valor":0,"pictos componentes":[{"id":632},{"id":44},{"id":415}]},"fecha":[1539818922]}, {"frase":"galleta ","frecuencia":1,"complejidad":{"valor":0,"pictos componentes":[{"id":415}]},"fecha":[1539819070]}, {"frase":"quiero comer ","frecuencia":1,"complejidad":{"valor":0,"pictos componentes":[{"id":44},{"id":118}]},"fecha":[1539944560]}, {"frase":"quiero comer pollo ","frecuencia":1,"complejidad":{"valor":0,"pictos componentes":[{"id":44},{"id":118},{"id":504}]},"fecha":[1539944565]}, {"frase":"Hola ¿Cómo estás? tengo ","frecuencia":1,"complejidad":{"valor":0,"pictos componentes":[{"id":377},{"id":378},{"id":49}]},"fecha":[1541327867]}, {"frase":"Hola ¿Cómo estás? tengo hambre ","frecuencia":2,"complejidad":{"valor":0,"pictos componentes":[{"id":377},{"id":378},{"id":49},{"id":597}]},"fecha":[1541327875,1541327897]}, {"frase":"Hola ¿Cómo estás? tengo verguenza ","frecuencia":1,"complejidad":{"valor":0,"pictos componentes":[{"id":377},{"id":378},{"id":49},{"id":729}]},"fecha":[1541327936]}, {"frase":"Hola ¿Cómo estás? tengo escuela ","frecuencia":1,"complejidad":{"valor":0,"pictos componentes":[{"id":377},{"id":378},{"id":49},{"id":662}]},"fecha":[1541327950]}, {"frase":"mamá ¿Cómo estás? quiero ","frecuencia":1,"complejidad":{"valor":0,"pictos componentes":[{"id":628},{"id":378},{"id":44}]},"fecha":[1544447749]}, {"frase":"mamá ¿Cómo estás? quiero comer ","frecuencia":2,"complejidad":{"valor":0,"pictos componentes":[{"id":628},{"id":378},{"id":44},{"id":118}]},"fecha":[1544447755,1544447791]}, {"frase":"mamá ¿Cómo estás? quiero comer verduras ","frecuencia":4,"complejidad":{"valor":0,"pictos componentes":[{"id":628},{"id":378},{"id":44},{"id":118},{"id":478}]},"fecha":[1544447765,1544447799,1544447804,1544447809]}, {"frase":"mamá ¿Cómo estás? quiero comer carne ","frecuencia":1,"complejidad":{"valor":0,"pictos componentes":[{"id":628},{"id":378},{"id":44},{"id":118},{"id":482}]},"fecha":[1544447780]}, {"frase":"mamá ¿Cómo estás? quiero jugar con ","frecuencia":1,"complejidad":{"valor":0,"pictos componentes":[{"id":628},{"id":378},{"id":44},{"id":34}]},"fecha":[1544447817]}, {"frase":"mamá ¿Cómo estás? quiero jugar con el juguete ","frecuencia":1,"complejidad":{"valor":0,"pictos componentes":[{"id":628},{"id":378},{"id":44},{"id":34},{"id":761}]},"fecha":[1544447824]}, {"frase":"mamá ¿Cómo estás? quiero jugar con el juguete rosa ","frecuencia":1,"complejidad":{"valor":0,"pictos componentes":[{"id":628},{"id":378},{"id":44},{"id":34},{"id":761},{"id":747}]},"fecha":[1544447834]}, {"frase":"mamá ¿Cómo estás? quiero jugar con amigos ","frecuencia":1,"complejidad":{"valor":0,"pictos componentes":[{"id":628},{"id":378},{"id":44},{"id":34},{"id":615}]},"fecha":[1544447854]}, {"frase":"mamá ¿Cómo estás? quiero jugar con papá ","frecuencia":1,"complejidad":{"valor":0,"pictos componentes":[{"id":628},{"id":378},{"id":44},{"id":34},{"id":632}]},"fecha":[1544447864]}, {"frase":"mamá ¿Cómo estás? quiero jugar con papá ¿Cómo estás? ","frecuencia":1,"complejidad":{"valor":0,"pictos componentes":[{"id":628},{"id":378},{"id":44},{"id":34},{"id":632},{"id":378}]},"fecha":[1544447882]}, {"frase":"mamá ¿Cómo estás? quiero jugar con papá ¿Cómo estás? quiero ","frecuencia":2,"complejidad":{"valor":0,"pictos componentes":[{"id":628},{"id":378},{"id":44},{"id":34},{"id":632},{"id":378},{"id":44}]},"fecha":[1544447892,1544447903]}, {"frase":"mamá ¿Cómo estás? quiero jugar con papá ¿Cómo estás? quiero buscar ","frecuencia":1,"complejidad":{"valor":0,"pictos componentes":[{"id":628},{"id":378},{"id":44},{"id":34},{"id":632},{"id":378},{"id":44},{"id":5}]},"fecha":[1544447912]}, {"frase":"Hola ¿Cómo estás? quiero buscar ","frecuencia":1,"complejidad":{"valor":0,"pictos componentes":[{"id":377},{"id":378},{"id":44},{"id":5}]},"fecha":[1544447948]}, {"frase":"Hola ¿Cómo estás? quiero buscar mamá ","frecuencia":1,"complejidad":{"valor":0,"pictos componentes":[{"id":377},{"id":378},{"id":44},{"id":5},{"id":628}]},"fecha":[1544448011]}, {"frase":"Hola ¿Cómo estás? quiero buscar mamá tengo frío ","frecuencia":2,"complejidad":{"valor":0,"pictos componentes":[{"id":377},{"id":378},{"id":44},{"id":5},{"id":628},{"id":49},{"id":177}]},"fecha":[1544448026,1544448031]}, {"frase":"Hola ¿Cómo estás? estoy ","frecuencia":1,"complejidad":{"valor":0,"pictos componentes":[{"id":377},{"id":378},{"id":22}]},"fecha":[1544448097]}, {"frase":"Hola ¿Cómo estás? estoy bien ","frecuencia":1,"complejidad":{"valor":0,"pictos componentes":[{"id":377},{"id":378},{"id":22},{"id":133}]},"fecha":[1544448106]}, {"frase":"Hola ¿Cómo estás? estoy mal ","frecuencia":1,"complejidad":{"valor":0,"pictos componentes":[{"id":377},{"id":378},{"id":22},{"id":205}]},"fecha":[1544448120]}, {"frase":"Hola ¿Cómo estás? estoy mas o menos ","frecuencia":3,"complejidad":{"valor":0,"pictos componentes":[{"id":377},{"id":378},{"id":22},{"id":204}]},"fecha":[1544448126,1544448130,1544448136]}, {"frase":"Hola Buenas tardes ","frecuencia":1,"complejidad":{"valor":0,"pictos componentes":[{"id":377},{"id":380,"horario":["MEDIODIA","TARDE"]}]},"fecha":[1544448181]}, {"frase":"Hola Buen día ","frecuencia":1,"complejidad":{"valor":0,"pictos componentes":[{"id":377},{"id":379,"horario":["MANANA"]}]},"fecha":[1544448189]}, {"frase":"dame la tablet ","frecuencia":8,"complejidad":{"valor":0,"pictos componentes":[{"id":14},{"id":774}]},"fecha":[1547583315,1547583318,1547583322,1547583325,1547583328,1547583337,1547583338,1547583340]}, {"frase":"mamá ¿Cómo estás? estoy ","frecuencia":2,"complejidad":{"valor":0,"pictos componentes":[{"id":628},{"id":378},{"id":22}]},"fecha":[1547665373,1547665400]}, {"frase":"mamá ¿Cómo estás? estoy mal ","frecuencia":2,"complejidad":{"valor":0,"pictos componentes":[{"id":628},{"id":378},{"id":22},{"id":205}]},"fecha":[1547665379,1547665409]}, {"frase":"yo quiero jugar con papá quiero ir a ","frecuencia":1,"complejidad":{"valor":0,"pictos componentes":[{"id":643},{"id":44},{"id":34},{"id":632},{"id":44},{"id":30}]},"fecha":[1548285120]}, {"frase":"quiero jugar con el juguete ","frecuencia":1,"complejidad":{"valor":0,"pictos componentes":[{"id":44},{"id":34},{"id":761}]},"fecha":[1549665522]}, {"frase":"quiero jugar con el juguete rosa ","frecuencia":1,"complejidad":{"valor":0,"pictos componentes":[{"id":44},{"id":34},{"id":761},{"id":747}]},"fecha":[1549665587]}, {"frase":"yo quiero ir a comer pollo ","frecuencia":1,"complejidad":{"valor":0,"pictos componentes":[{"id":643},{"id":44},{"id":30},{"id":118},{"id":504}]},"fecha":[1551469601]}, {"frase":"mamá quiero jugar con ","frecuencia":1,"complejidad":{"valor":0,"pictos componentes":[{"id":628},{"id":44},{"id":34}]},"fecha":[1551469630]}, {"frase":"mamá quiero jugar con la pelota ","frecuencia":1,"complejidad":{"valor":0,"pictos componentes":[{"id":628},{"id":44},{"id":34},{"id":996}]},"fecha":[1551469646]}, {"frase":"mamá tengo ","frecuencia":1,"complejidad":{"valor":0,"pictos componentes":[{"id":628},{"id":49}]},"fecha":[1555622766]}, {"frase":"yo quiero jugar con la pelota ","frecuencia":1,"complejidad":{"valor":0,"pictos componentes":[{"id":643},{"id":44},{"id":34},{"id":996}]},"fecha":[1556924469]}, {"frase":"yo tengo ","frecuencia":1,"complejidad":{"valor":0,"pictos componentes":[{"id":643},{"id":49}]},"fecha":[1556924528]}, {"frase":"yo quiero jugar con el camión de juguete ","frecuencia":1,"complejidad":{"valor":0,"pictos componentes":[{"id":643},{"id":44},{"id":34},{"id":980}]},"fecha":[1556924684]}, {"frase":"yo quiero comer muzarela ","frecuencia":1,"complejidad":{"valor":0,"pictos componentes":[{"id":643},{"id":44},{"id":118},{"id":453}]},"fecha":[1556924865]}, {"frase":"yo quiero ir a casa Cansado ","frecuencia":1,"complejidad":{"valor":0,"pictos componentes":[{"id":643},{"id":44},{"id":30},{"id":653},{"id":137}]},"fecha":[1558114782]}, {"frase":"yo estoy aburrido quiero ir a casa ","frecuencia":1,"complejidad":{"valor":0,"pictos componentes":[{"id":643},{"id":22},{"id":119},{"id":44},{"id":30},{"id":653}]},"fecha":[1558114841]}, {"frase":"mamá quiero ir a casa Por favor ","frecuencia":1,"complejidad":{"valor":0,"pictos componentes":[{"id":628},{"id":44},{"id":30},{"id":653},{"id":383}]},"fecha":[1558114879]}, {"frase":"Hola tengo hambre ","frecuencia":1,"complejidad":{"valor":0,"pictos componentes":[{"id":377},{"id":49},{"id":597}]},"fecha":[1558114897]}, {"frase":"yo quiero comer canelones ","frecuencia":1,"complejidad":{"valor":0,"pictos componentes":[{"id":643},{"id":44},{"id":118},{"id":400}]},"fecha":[1558114961]}]