[{"frase":"Hola ","frecuencia":4,"complejidad":{"valor":0,"pictos componentes":[{"id":377,"esSugerencia":false}]},"fecha":[1572983474701,1572983516952,1572983517948,1572983519270]},{"frase":"Hola ¿Cómo estás? ","frecuencia":5,"complejidad":{"valor":0,"pictos componentes":[{"id":377,"esSugerencia":false},{"id":378,"esSugerencia":false}]},"fecha":[1572983735744,1572983741198,1572983744616,1572983747821,1572983752608]},{"frase":"yo quiero comer ","frecuencia":2,"complejidad":{"valor":0,"pictos componentes":[{"id":643,"esSugerencia":false},{"id":44,"esSugerencia":false},{"id":118,"esSugerencia":false}]},"fecha":[1572983764000,1572983765727]}]