[{"frase":"Hola ","frecuencia":4,"complejidad":{"valor":0,"pictos componentes":[{"id":377,"esSugerencia":false}]},"fecha":[1554826250979,1582406842536,1582406845195,1582407248050]},{"frase":"quiero ","frecuencia":1,"complejidad":{"valor":0,"pictos componentes":[{"id":44,"esSugerencia":false}]},"fecha":1554835335866},{"frase":"quiero ir a ","frecuencia":2,"complejidad":{"valor":0,"pictos componentes":[{"id":44,"esSugerencia":false},{"id":30,"esSugerencia":false}]},"fecha":[1554835345705,1554835347878]},{"frase":"quiero ir a comer ","frecuencia":1,"complejidad":{"valor":0,"pictos componentes":[{"id":44,"esSugerencia":false},{"id":30,"esSugerencia":false},{"id":118,"esSugerencia":false}]},"fecha":1554835373878},{"frase":"quiero ir a comer verduras ","frecuencia":2,"complejidad":{"valor":0,"pictos componentes":[{"id":44,"esSugerencia":false},{"id":30,"esSugerencia":false},{"id":118,"esSugerencia":false},{"id":478,"esSugerencia":false}]},"fecha":[1554835387544,1554835402865]},{"frase":"yo ","frecuencia":1,"complejidad":{"valor":0,"pictos componentes":[{"id":643,"esSugerencia":false}]},"fecha":1554835419132},{"frase":"yo estoy ","frecuencia":1,"complejidad":{"valor":0,"pictos componentes":[{"id":643,"esSugerencia":false},{"id":22,"esSugerencia":false}]},"fecha":1554835435223},{"frase":"yo estoy bien ","frecuencia":1,"complejidad":{"valor":0,"pictos componentes":[{"id":643,"esSugerencia":false},{"id":22,"esSugerencia":false},{"id":133,"esSugerencia":false}]},"fecha":1554835457683},{"frase":"tres ","frecuencia":1,"complejidad":{"valor":0,"pictos componentes":[{"id":838,"esSugerencia":true}]},"fecha":1554835580909},{"frase":"tres estrella de mar ","frecuencia":1,"complejidad":{"valor":0,"pictos componentes":[{"id":838,"esSugerencia":true},{"id":309,"esSugerencia":true}]},"fecha":1554835592737},{"frase":"Hola quiero ir a comedor ","frecuencia":4,"complejidad":{"valor":0,"pictos componentes":[{"id":377,"esSugerencia":false},{"id":44,"esSugerencia":false},{"id":30,"esSugerencia":false},{"id":657}]},"fecha":[1582406814298,1582406816456,1582406822380,1582406827199]},{"frase":"quiero ir a comedor ","frecuencia":4,"complejidad":{"valor":0,"pictos componentes":[{"id":44,"esSugerencia":false},{"id":30,"esSugerencia":false},{"id":657}]},"fecha":[1582406875641,1582406883360,1582407280653,1582407290647]},{"frase":"yo tengo frío ","frecuencia":1,"complejidad":{"valor":0,"pictos componentes":[{"id":643,"esSugerencia":false},{"id":49,"esSugerencia":false},{"id":177,"esSugerencia":false}]},"fecha":1582406895580},{"frase":"Hola ¿Cómo estás? ","frecuencia":2,"complejidad":{"valor":0,"pictos componentes":[{"id":377,"esSugerencia":false},{"id":378,"esSugerencia":false}]},"fecha":[1582407250188,1584287677507]},{"frase":". ¿me ayudas? ","frecuencia":2,"complejidad":{"valor":0,"pictos componentes":[{"id":385}]},"fecha":[1582407431120,1584287737350]},{"frase":". ¿me ayudas? dolor ","frecuencia":1,"complejidad":{"valor":0,"pictos componentes":[{"id":385},{"id":821}]},"fecha":1582407473019},{"frase":"","frecuencia":1,"complejidad":{"valor":0,"pictos componentes":[]},"fecha":1582407486531},{"frase":"hacer el amor ","frecuencia":2,"complejidad":{"valor":0,"pictos componentes":[{"id":78,"edad":["ADULTO"]}]},"fecha":[1582407523563,1582407525005]},{"frase":"quiero escuchar música ","frecuencia":3,"complejidad":{"valor":0,"pictos componentes":[{"id":44,"esSugerencia":false},{"id":20}]},"fecha":[1582407638057,1582407647504,1582407653794]}]