[{"frase":"papá dame la tablet ","frecuencia":1,"complejidad":{"valor":0,"pictos componentes":[{"id":632,"esSugerencia":false},{"id":14,"esSugerencia":false},{"id":774,"esSugerencia":false}]},"fecha":1570578477684},{"frase":"Gracias ","frecuencia":1,"complejidad":{"valor":0,"pictos componentes":[{"id":384,"esSugerencia":false}]},"fecha":1570579158905},{"frase":"Hola ¿Cómo estás? quiero ir a un supermercado ","frecuencia":1,"complejidad":{"valor":0,"pictos componentes":[{"id":377,"esSugerencia":false},{"id":378,"esSugerencia":false},{"id":44,"esSugerencia":false},{"id":30,"esSugerencia":false},{"id":688,"esSugerencia":false}]},"fecha":1570579250803},{"frase":"yo tengo caballo cojo ","frecuencia":1,"complejidad":{"valor":0,"pictos componentes":[{"id":643,"esSugerencia":false},{"id":49,"esSugerencia":false},{"id":293,"esSugerencia":true},{"id":148,"esSugerencia":true}]},"fecha":1570579295422},{"frase":"mamá dame los juguetes y quiero comer hamburguesa ","frecuencia":2,"complejidad":{"valor":0,"pictos componentes":[{"id":628,"esSugerencia":false},{"id":14,"esSugerencia":false},{"id":989,"esSugerencia":false},{"id":923,"esSugerencia":true},{"id":44,"esSugerencia":true},{"id":118,"esSugerencia":false},{"id":515,"esSugerencia":false}]},"fecha":[1570579349680,1570579354244]},{"frase":"yo estoy aburrido quiero ir a la plaza Me encantaría ","frecuencia":1,"complejidad":{"valor":0,"pictos componentes":[{"id":643,"esSugerencia":false},{"id":22,"esSugerencia":false},{"id":119,"esSugerencia":false},{"id":44,"esSugerencia":false},{"id":30,"esSugerencia":false},{"id":682,"esSugerencia":false},{"id":390,"esSugerencia":true}]},"fecha":1570579379441},{"frase":"yo tengo hambre quiero comer hamburguesa ","frecuencia":1,"complejidad":{"valor":0,"pictos componentes":[{"id":643,"esSugerencia":false},{"id":49,"esSugerencia":false},{"id":597,"esSugerencia":false},{"id":44,"esSugerencia":true},{"id":118,"esSugerencia":false},{"id":515,"esSugerencia":false}]},"fecha":1570712242792},{"frase":"mamá dame los juguetes y quiero jugar con papá ","frecuencia":2,"complejidad":{"valor":0,"pictos componentes":[{"id":628,"esSugerencia":false},{"id":14,"esSugerencia":false},{"id":989,"esSugerencia":false},{"id":923,"esSugerencia":false},{"id":44,"esSugerencia":false},{"id":34,"edad":["NINO"],"esSugerencia":false},{"id":632,"esSugerencia":false}]},"fecha":[1570712307488,1570712312018]},{"frase":"yo comer un sandwich y Cansado ","frecuencia":1,"complejidad":{"valor":0,"pictos componentes":[{"id":643,"esSugerencia":false},{"id":12,"esSugerencia":true},{"id":923,"esSugerencia":true},{"id":137,"esSugerencia":true}]},"fecha":1570712930854}]