[{"frase":"escuchar música yo quiero ir a ","frecuencia":1,"complejidad":{"valor":0,"pictos componentes":[{"id":20},{"id":643,"esSugerencia":true},{"id":44,"esSugerencia":false},{"id":30,"esSugerencia":false}]},"fecha":1561044984527},{"frase":"yo quiero ir a comer carne casa ","frecuencia":1,"complejidad":{"valor":0,"pictos componentes":[{"id":643,"esSugerencia":false},{"id":44,"esSugerencia":false},{"id":30,"esSugerencia":false},{"id":118,"esSugerencia":false},{"id":482,"esSugerencia":false},{"id":653,"esSugerencia":true}]},"fecha":1561045015484},{"frase":"yo quiero ir a comer carne ","frecuencia":1,"complejidad":{"valor":0,"pictos componentes":[{"id":643,"esSugerencia":false},{"id":44,"esSugerencia":false},{"id":30,"esSugerencia":false},{"id":118,"esSugerencia":false},{"id":482,"esSugerencia":false}]},"fecha":1561045020320},{"frase":"yo quiero ir a pagar en efectivo ","frecuencia":2,"complejidad":{"valor":0,"pictos componentes":[{"id":643,"esSugerencia":false},{"id":44,"esSugerencia":false},{"id":30,"esSugerencia":false},{"id":36}]},"fecha":[1561045085278,1561045092466]},{"frase":"escuchar ","frecuencia":1,"complejidad":{"valor":0,"pictos componentes":[{"id":21}]},"fecha":1567265637795}]