[{"frase":"Hola tengo verguenza asno ","frecuencia":1,"complejidad":{"valor":0,"pictos componentes":[{"id":377,"esSugerencia":false},{"id":49,"esSugerencia":false},{"id":729,"esSugerencia":false},{"id":288,"esSugerencia":true}]},"fecha":1571757401309},{"frase":"Hola tengo verguenza seis rojo ","frecuencia":1,"complejidad":{"valor":0,"pictos componentes":[{"id":377,"esSugerencia":false},{"id":49,"esSugerencia":false},{"id":729,"esSugerencia":false},{"id":841,"esSugerencia":true},{"id":746,"esSugerencia":true}]},"fecha":1571757417171},{"frase":"yo quiero ir a casa ","frecuencia":1,"complejidad":{"valor":0,"pictos componentes":[{"id":643,"esSugerencia":false},{"id":44,"esSugerencia":false},{"id":30,"esSugerencia":false},{"id":653,"esSugerencia":false}]},"fecha":1571773337918},{"frase":"yo quiero ir a ","frecuencia":1,"complejidad":{"valor":0,"pictos componentes":[{"id":643,"esSugerencia":false},{"id":44,"esSugerencia":false},{"id":30,"esSugerencia":false}]},"fecha":1571773346536},{"frase":"yo quiero ir a casa café ","frecuencia":4,"complejidad":{"valor":0,"pictos componentes":[{"id":643,"esSugerencia":false},{"id":44,"esSugerencia":false},{"id":30,"esSugerencia":false},{"id":653,"esSugerencia":false},{"id":496,"esSugerencia":true}]},"fecha":[1571773354739,1571773361175,1571773365632,1571773374017]},{"frase":"yo quiero ir a la cancha ","frecuencia":1,"complejidad":{"valor":0,"pictos componentes":[{"id":643,"esSugerencia":false},{"id":44,"esSugerencia":false},{"id":30,"esSugerencia":false},{"id":651,"esSugerencia":false}]},"fecha":1571773426867},{"frase":"Hola ¿Cómo estás? ","frecuencia":4,"complejidad":{"valor":0,"pictos componentes":[{"id":377,"esSugerencia":false},{"id":378,"esSugerencia":false}]},"fecha":[1571795326549,1571795328934,1571795330633,1571795332044]},{"frase":"Hola ¿Cómo estás? feliz ","frecuencia":2,"complejidad":{"valor":0,"pictos componentes":[{"id":377,"esSugerencia":false},{"id":378,"esSugerencia":false},{"id":181,"esSugerencia":true}]},"fecha":[1571795334319,1571795338992]},{"frase":"yo tengo hambre ","frecuencia":2,"complejidad":{"valor":0,"pictos componentes":[{"id":643,"esSugerencia":false},{"id":49,"esSugerencia":false},{"id":597,"esSugerencia":false}]},"fecha":[1571795425094,1574106274220]},{"frase":"Si ","frecuencia":1,"complejidad":{"valor":0,"pictos componentes":[{"id":388,"esSugerencia":false}]},"fecha":1571848369435},{"frase":"yo tengo escuela pintar crayones ","frecuencia":1,"complejidad":{"valor":0,"pictos componentes":[{"id":643,"esSugerencia":false},{"id":49,"esSugerencia":false},{"id":662,"esSugerencia":false},{"id":43,"esSugerencia":true},{"id":756,"esSugerencia":true}]},"fecha":1571848411073},{"frase":"yo tengo escuela ","frecuencia":1,"complejidad":{"valor":0,"pictos componentes":[{"id":643,"esSugerencia":false},{"id":49,"esSugerencia":false},{"id":662,"esSugerencia":false}]},"fecha":1571861283831},{"frase":"","frecuencia":3,"complejidad":{"valor":0,"pictos componentes":[]},"fecha":[1571861428773,1571861437122,1572368478869]},{"frase":"yo tengo clases escuchar música ","frecuencia":1,"complejidad":{"valor":0,"pictos componentes":[{"id":643,"esSugerencia":false},{"id":49,"esSugerencia":false},{"id":754,"esSugerencia":false},{"id":20,"esSugerencia":true}]},"fecha":1571861499350},{"frase":"No cabalgar ","frecuencia":1,"complejidad":{"valor":0,"pictos componentes":[{"id":389,"esSugerencia":false},{"id":65}]},"fecha":1572368469470},{"frase":"quiero ","frecuencia":1,"complejidad":{"valor":0,"pictos componentes":[{"id":44,"esSugerencia":false}]},"fecha":1572368476600},{"frase":"yo quiero comer pollo ","frecuencia":1,"complejidad":{"valor":0,"pictos componentes":[{"id":643,"esSugerencia":false},{"id":44,"esSugerencia":false},{"id":118,"esSugerencia":false},{"id":504,"esSugerencia":false}]},"fecha":1572368532007},{"frase":"antílope ","frecuencia":1,"complejidad":{"valor":0,"pictos componentes":[{"id":285}]},"fecha":1572892811348},{"frase":"yo tengo frío ","frecuencia":2,"complejidad":{"valor":0,"pictos componentes":[{"id":643,"esSugerencia":false},{"id":49,"esSugerencia":false},{"id":177,"esSugerencia":false}]},"fecha":[1572892824618,1572892832682]},{"frase":"Hola ¿Cómo estás? feliz animales ","frecuencia":1,"complejidad":{"valor":0,"pictos componentes":[{"id":377,"esSugerencia":false},{"id":378,"esSugerencia":false},{"id":181,"esSugerencia":false},{"id":286,"esSugerencia":true}]},"fecha":1572892855858},{"frase":"Hola ¿Cómo estás? feliz animales caballo animales águila gato animales caballo cabalgar erizo mamá ¿Cómo estás? feliz enamorado abrazar Me encantaría enamorado abrazar Me encantaría escuchar el cuento los globos ¿Qué color es? colores ¿Qué color es? colores los instrumentos musicales jugar con el juguete rosa rosa rosa rosa estaciones del año dibujar borrar descripción descripción aburrido cantar apagar la tablet aburrido cantar apagar la tablet alcaucil manzana manzana manzana manzana manzana manzana amarillo águila gato animales caballo leer leer leer agenda goma goma papel lapiz lindo cuento perro perro perro ","frecuencia":1,"complejidad":{"valor":0,"pictos componentes":[{"id":377,"esSugerencia":false},{"id":378,"esSugerencia":false},{"id":181,"esSugerencia":false},{"id":286,"esSugerencia":false},{"id":293,"esSugerencia":true},{"id":286,"esSugerencia":true},{"id":284,"esSugerencia":true},{"id":313,"esSugerencia":true},{"id":286,"esSugerencia":true},{"id":293,"esSugerencia":false},{"id":65,"esSugerencia":true},{"id":308},{"id":628,"esSugerencia":false},{"id":378,"esSugerencia":false},{"id":181,"esSugerencia":false},{"id":164,"esSugerencia":true},{"id":52,"esSugerencia":true},{"id":390,"esSugerencia":true},{"id":164,"esSugerencia":true},{"id":52,"esSugerencia":false},{"id":390,"esSugerencia":false},{"id":21,"esSugerencia":true},{"id":986,"esSugerencia":true},{"id":987,"esSugerencia":true},{"id":745,"esSugerencia":true},{"id":737,"esSugerencia":true},{"id":745,"esSugerencia":true},{"id":737,"esSugerencia":false},{"id":857,"esSugerencia":true},{"id":34,"edad":["NINO"],"esSugerencia":true},{"id":761,"esSugerencia":false},{"id":747,"esSugerencia":false},{"id":747,"esSugerencia":true},{"id":747,"esSugerencia":false},{"id":747,"esSugerencia":false},{"id":813,"esSugerencia":true},{"id":15,"esSugerencia":true},{"id":4,"esSugerencia":true},{"id":707,"esSugerencia":true},{"id":707,"esSugerencia":true},{"id":119,"esSugerencia":true},{"id":6,"esSugerencia":true},{"id":2,"esSugerencia":true},{"id":774,"esSugerencia":false},{"id":119,"esSugerencia":true},{"id":6,"esSugerencia":false},{"id":2,"esSugerencia":false},{"id":774,"esSugerencia":false},{"id":392,"esSugerencia":true},{"id":474,"esSugerencia":true},{"id":474,"esSugerencia":true},{"id":474,"esSugerencia":false},{"id":474,"esSugerencia":false},{"id":474,"esSugerencia":false},{"id":474,"esSugerencia":false},{"id":733,"esSugerencia":true},{"id":284,"esSugerencia":true},{"id":313,"esSugerencia":false},{"id":286,"esSugerencia":false},{"id":293,"esSugerencia":false},{"id":32,"esSugerencia":true},{"id":32,"esSugerencia":true},{"id":32,"esSugerencia":false},{"id":751,"esSugerencia":true},{"id":760,"esSugerencia":true},{"id":760,"esSugerencia":true},{"id":766,"esSugerencia":true},{"id":762,"esSugerencia":true},{"id":200,"esSugerencia":true},{"id":552,"esSugerencia":true},{"id":342,"esSugerencia":true},{"id":342,"esSugerencia":true},{"id":342,"esSugerencia":false}]},"fecha":1572893149788},{"frase":"mamá ¿Cómo estás? feliz animales águila gato paloma perro lavarme las manos mamá tengo verguenza asno asno asno cotorra zoológico aventurero farmacia esperar sorpresa garra coyote vaca ternera antílope ballena gato correr jardín enamorado abrazar Me encantaría enamorado vos personas integración tengo verguenza asno cotorra zoológico aventurero despeinada jugar con la tablet Si tengo frío escuchar de nuevo dibujar ","frecuencia":1,"complejidad":{"valor":0,"pictos componentes":[{"id":628,"esSugerencia":false},{"id":378,"esSugerencia":false},{"id":181,"esSugerencia":false},{"id":286,"esSugerencia":false},{"id":284,"esSugerencia":false},{"id":313,"esSugerencia":false},{"id":335,"esSugerencia":true},{"id":342,"esSugerencia":true},{"id":31,"esSugerencia":true},{"id":628,"esSugerencia":true},{"id":49,"esSugerencia":false},{"id":729,"esSugerencia":false},{"id":288,"esSugerencia":false},{"id":288,"esSugerencia":true},{"id":288,"esSugerencia":false},{"id":305,"esSugerencia":true},{"id":701,"esSugerencia":true},{"id":545,"esSugerencia":true},{"id":883,"esSugerencia":true},{"id":23,"esSugerencia":true},{"id":725,"esSugerencia":true},{"id":312,"esSugerencia":true},{"id":306,"esSugerencia":true},{"id":357,"esSugerencia":true},{"id":374,"esSugerencia":true},{"id":285,"esSugerencia":true},{"id":290,"esSugerencia":true},{"id":313,"esSugerencia":true},{"id":70,"esSugerencia":true},{"id":672,"esSugerencia":true},{"id":164,"esSugerencia":true},{"id":52,"esSugerencia":false},{"id":390,"esSugerencia":false},{"id":164,"esSugerencia":false},{"id":642,"esSugerencia":true},{"id":633,"esSugerencia":true},{"id":709,"esSugerencia":true},{"id":49,"esSugerencia":true},{"id":729,"esSugerencia":false},{"id":288,"esSugerencia":false},{"id":305,"esSugerencia":false},{"id":701,"esSugerencia":false},{"id":545,"esSugerencia":false},{"id":158,"esSugerencia":true},{"id":82,"edad":["JOVEN"],"esSugerencia":true},{"id":388,"esSugerencia":true},{"id":49,"esSugerencia":false},{"id":177,"esSugerencia":false},{"id":19,"esSugerencia":true},{"id":15,"esSugerencia":true}]},"fecha":1572893276752},{"frase":"los juguetes ","frecuencia":1,"complejidad":{"valor":0,"pictos componentes":[{"id":989}]},"fecha":1572893565486},{"frase":"abuelo estoy bien ","frecuencia":1,"complejidad":{"valor":0,"pictos componentes":[{"id":614,"esSugerencia":false},{"id":22,"esSugerencia":false},{"id":133,"esSugerencia":false}]},"fecha":1572950901164}]