[{"frase":"Hola Buenas tardes ","frecuencia":2,"complejidad":{"valor":0,"pictos componentes":[{"id":377,"esSugerencia":false},{"id":380,"horario":["MEDIODIA","TARDE"],"esSugerencia":false}]},"fecha":[1548602180076,1548715199140]},{"frase":"Si ","frecuencia":1,"complejidad":{"valor":0,"pictos componentes":[{"id":388,"esSugerencia":false}]},"fecha":1548602251063},{"frase":"quiero comer pollo huevo frito pan blanco ","frecuencia":1,"complejidad":{"valor":0,"pictos componentes":[{"id":44,"esSugerencia":false},{"id":118,"esSugerencia":false},{"id":504,"esSugerencia":false},{"id":421,"esSugerencia":true},{"id":438,"esSugerencia":true}]},"fecha":1548603119515},{"frase":"yo tengo hambre ","frecuencia":3,"complejidad":{"valor":0,"pictos componentes":[{"id":643,"esSugerencia":false},{"id":49,"esSugerencia":false},{"id":597,"esSugerencia":false}]},"fecha":[1548605138526,1548605151223,1548605153176]},{"frase":"quiero comer pollo flan ","frecuencia":2,"complejidad":{"valor":0,"pictos componentes":[{"id":44,"esSugerencia":false},{"id":118,"esSugerencia":false},{"id":504,"esSugerencia":false},{"id":412,"esSugerencia":true}]},"fecha":[1548605165435,1548605168185]},{"frase":"mamá quiero ir a un supermercado ","frecuencia":1,"complejidad":{"valor":0,"pictos componentes":[{"id":628,"esSugerencia":false},{"id":44,"esSugerencia":false},{"id":30,"esSugerencia":false},{"id":688,"esSugerencia":false}]},"fecha":1548605189752},{"frase":"Hola Buen día ","frecuencia":2,"complejidad":{"valor":0,"pictos componentes":[{"id":377,"esSugerencia":false},{"id":379,"horario":["MANANA"],"esSugerencia":false}]},"fecha":[1548605239423,1548605242866]},{"frase":"Hola Buen día estoy aburrido ","frecuencia":1,"complejidad":{"valor":0,"pictos componentes":[{"id":377,"esSugerencia":false},{"id":379,"horario":["MANANA"],"esSugerencia":false},{"id":22,"esSugerencia":false},{"id":119,"esSugerencia":false}]},"fecha":1548605259455},{"frase":"Hola Buen día estoy aburrido salir del agua ","frecuencia":1,"complejidad":{"valor":0,"pictos componentes":[{"id":377,"esSugerencia":false},{"id":379,"horario":["MANANA"],"esSugerencia":false},{"id":22,"esSugerencia":false},{"id":119,"esSugerencia":false},{"id":99,"esSugerencia":true}]},"fecha":1548605264755},{"frase":"yo quiero ir a ","frecuencia":2,"complejidad":{"valor":0,"pictos componentes":[{"id":643,"esSugerencia":false},{"id":44,"esSugerencia":false},{"id":30,"esSugerencia":false}]},"fecha":[1548605375994,1569283761475]},{"frase":"mamá quiero tomar agua ","frecuencia":2,"complejidad":{"valor":0,"pictos componentes":[{"id":628,"esSugerencia":false},{"id":44,"esSugerencia":false},{"id":51,"esSugerencia":false},{"id":500,"esSugerencia":false}]},"fecha":[1548609330433,1548609336630]},{"frase":"yo quiero peinarme ","frecuencia":1,"complejidad":{"valor":0,"pictos componentes":[{"id":643,"esSugerencia":false},{"id":44,"esSugerencia":false},{"id":39,"esSugerencia":false}]},"fecha":1548609357135},{"frase":"yo tengo comprar restaurante estofado ","frecuencia":2,"complejidad":{"valor":0,"pictos componentes":[{"id":643,"esSugerencia":false},{"id":49,"esSugerencia":false},{"id":13,"esSugerencia":true},{"id":685,"esSugerencia":true},{"id":411}]},"fecha":[1548609524871,1548609529838]},{"frase":"Hola Buenas tardes llamar a alguien ","frecuencia":1,"complejidad":{"valor":0,"pictos componentes":[{"id":377,"esSugerencia":false},{"id":380,"horario":["MEDIODIA","TARDE"],"esSugerencia":false},{"id":33,"esSugerencia":true}]},"fecha":1548715212104},{"frase":"yo casa ","frecuencia":4,"complejidad":{"valor":0,"pictos componentes":[{"id":643,"esSugerencia":false},{"id":653,"esSugerencia":false}]},"fecha":[1548725750092,1548725752625,1548725755528,1548725762094]},{"frase":"yo enamorado ","frecuencia":1,"complejidad":{"valor":0,"pictos componentes":[{"id":643,"esSugerencia":false},{"id":164,"esSugerencia":true}]},"fecha":1548725775416},{"frase":"mamá quiero ir a a mi casa en casas aleman ","frecuencia":3,"complejidad":{"valor":0,"pictos componentes":[{"id":628,"esSugerencia":false},{"id":44,"esSugerencia":false},{"id":30,"esSugerencia":false},{"id":653,"esSugerencia":false,"edad":["JOVEN"]}]},"fecha":[1548727193746,1548727212703,1548727231321]},{"frase":"Adiós maestro ","frecuencia":3,"complejidad":{"valor":0,"pictos componentes":[{"id":382,"esSugerencia":false},{"id":627,"esSugerencia":true}]},"fecha":[1548727294551,1548727305613,1548727309380]},{"frase":"abuelo dame los juguetes ","frecuencia":2,"complejidad":{"valor":0,"pictos componentes":[{"id":614,"esSugerencia":false},{"id":14,"esSugerencia":false},{"id":989,"esSugerencia":false}]},"fecha":[1548727353166,1548727377490]},{"frase":"abuelo dame los juguetes a mi casa en casas aleman ","frecuencia":1,"complejidad":{"valor":0,"pictos componentes":[{"id":614,"esSugerencia":false},{"id":14,"esSugerencia":false},{"id":989,"esSugerencia":false},{"id":653,"esSugerencia":true,"edad":["JOVEN"]}]},"fecha":1548727358456},{"frase":"maestra dibujar cuaderno escribir ","frecuencia":2,"complejidad":{"valor":0,"pictos componentes":[{"id":626,"esSugerencia":true},{"id":15,"esSugerencia":true},{"id":757,"esSugerencia":true},{"id":18,"esSugerencia":true}]},"fecha":[1548727450114,1548727454145]},{"frase":"Hola tengo verguenza ","frecuencia":2,"complejidad":{"valor":0,"pictos componentes":[{"id":377,"esSugerencia":false},{"id":49,"esSugerencia":false},{"id":729,"esSugerencia":false}]},"fecha":[1548772743636,1548772746595]},{"frase":"Hola tengo pena ","frecuencia":1,"complejidad":{"valor":0,"pictos componentes":[{"id":377,"esSugerencia":false},{"id":49,"esSugerencia":false},{"id":729,"esSugerencia":false}]},"fecha":1548772794559},{"frase":"Hola ¿Cómo estás? estoy aburrido quiero ir a a mi casa en casas aleman ","frecuencia":3,"complejidad":{"valor":0,"pictos componentes":[{"id":377,"esSugerencia":false},{"id":378,"esSugerencia":false},{"id":22,"esSugerencia":false},{"id":119,"esSugerencia":false},{"id":44,"esSugerencia":false},{"id":30,"esSugerencia":false},{"id":653,"esSugerencia":false,"edad":["JOVEN"]}]},"fecha":[1550888252380,1550888263793,1550888268819]},{"frase":"maestra quiero ir a cuarto de baño ","frecuencia":4,"complejidad":{"valor":0,"pictos componentes":[{"id":626,"esSugerencia":false},{"id":44,"esSugerencia":true},{"id":30,"esSugerencia":false},{"id":660,"esSugerencia":true}]},"fecha":[1550889417078,1550889421579,1550889450060,1550889454001]},{"frase":"Hola ¿Cómo estás? estoy aburrido quiero ir a a mi casa en casas aleman comer sandwich ","frecuencia":5,"complejidad":{"valor":0,"pictos componentes":[{"id":377,"esSugerencia":false},{"id":378,"esSugerencia":false},{"id":22,"esSugerencia":false},{"id":119,"esSugerencia":false},{"id":44,"esSugerencia":false},{"id":30,"esSugerencia":false},{"id":653,"esSugerencia":false,"edad":["JOVEN"]},{"id":118,"esSugerencia":true},{"id":458,"esSugerencia":true}]},"fecha":[1550889684283,1550889692031,1550889708881,1550889716224,1550889722723]},{"frase":"yo quiero ir a pasear ","frecuencia":1,"complejidad":{"valor":0,"pictos componentes":[{"id":643,"esSugerencia":false},{"id":44,"esSugerencia":false},{"id":30,"esSugerencia":false},{"id":87,"esSugerencia":false}]},"fecha":1569283579412},{"frase":"yo quiero ir a cuarto de baño ","frecuencia":1,"complejidad":{"valor":0,"pictos componentes":[{"id":643,"esSugerencia":false},{"id":44,"esSugerencia":false},{"id":30,"esSugerencia":false},{"id":660,"esSugerencia":false}]},"fecha":1569283589892},{"frase":"yo quiero ir a baño ","frecuencia":3,"complejidad":{"valor":0,"pictos componentes":[{"id":643,"esSugerencia":false},{"id":44,"esSugerencia":false},{"id":30,"esSugerencia":false},{"id":660,"esSugerencia":false}]},"fecha":[1569283785888,1569283789007,1569283791354]},{"frase":"yo quiero ir a al baño ","frecuencia":2,"complejidad":{"valor":0,"pictos componentes":[{"id":643,"esSugerencia":false},{"id":44,"esSugerencia":false},{"id":30,"esSugerencia":false},{"id":660,"esSugerencia":false}]},"fecha":[1569283856091,1569283858742]},{"frase":"yo quiero ir  al baño ","frecuencia":6,"complejidad":{"valor":0,"pictos componentes":[{"id":643,"esSugerencia":false},{"id":44,"esSugerencia":false},{"id":30,"esSugerencia":false},{"id":660,"esSugerencia":false}]},"fecha":[1569283942339,1569283946078,1569336422767,1569336433759,1569850250758,1569850291878]},{"frase":"quiero ir  ","frecuencia":2,"complejidad":{"valor":0,"pictos componentes":[{"id":44,"esSugerencia":false},{"id":30,"esSugerencia":false}]},"fecha":[1569336359132,1569336361348]},{"frase":"yo tengo clases leer ","frecuencia":1,"complejidad":{"valor":0,"pictos componentes":[{"id":643,"esSugerencia":false},{"id":49,"esSugerencia":false},{"id":754,"esSugerencia":false},{"id":32,"esSugerencia":true}]},"fecha":1575062346734},{"frase":"yo quiero calzado ","frecuencia":2,"complejidad":{"valor":0,"pictos componentes":[{"id":643,"esSugerencia":false},{"id":44,"esSugerencia":false},{"id":938}]},"fecha":[1579124654055,1579124701867]},{"frase":"yo estoy bien ","frecuencia":1,"complejidad":{"valor":0,"pictos componentes":[{"id":643,"esSugerencia":false},{"id":22,"esSugerencia":false},{"id":133,"esSugerencia":false}]},"fecha":1579124710210},{"frase":"yo quiero ir  a mi casa en casas aleman ","frecuencia":1,"complejidad":{"valor":0,"pictos componentes":[{"id":643,"esSugerencia":false},{"id":44,"esSugerencia":false},{"id":30,"esSugerencia":false},{"id":653,"esSugerencia":false,"edad":["JOVEN"]}]},"fecha":1579124727679},{"frase":"yo quiero comer verduras ","frecuencia":1,"complejidad":{"valor":0,"pictos componentes":[{"id":643,"esSugerencia":false},{"id":44,"esSugerencia":false},{"id":118,"esSugerencia":false},{"id":478,"esSugerencia":false}]},"fecha":1579710022294},{"frase":"yo quiero tomar agua ","frecuencia":3,"complejidad":{"valor":0,"pictos componentes":[{"id":643,"esSugerencia":false},{"id":44,"esSugerencia":false},{"id":51,"esSugerencia":false},{"id":500,"esSugerencia":false}]},"fecha":[1579710054286,1579710115087,1579710137863]},{"frase":"yo quiero lavarme las manos . ¿me ayudas? ","frecuencia":1,"complejidad":{"valor":0,"pictos componentes":[{"id":643,"esSugerencia":false},{"id":44,"esSugerencia":false},{"id":31,"esSugerencia":false},{"id":385,"esSugerencia":false}]},"fecha":1579710168016},{"frase":"yo quiero buscar . ¿me ayudas? ","frecuencia":1,"complejidad":{"valor":0,"pictos componentes":[{"id":643,"esSugerencia":false},{"id":44,"esSugerencia":false},{"id":5,"esSugerencia":false},{"id":385,"esSugerencia":false}]},"fecha":1579710196586}]