[{"frase":"Hola Buenas tardes ","frecuencia":1,"complejidad":{"valor":0,"pictos componentes":[{"id":377,"esSugerencia":false},{"id":380,"horario":["MEDIODIA","TARDE"],"esSugerencia":false}]},"fecha":1552409800171},{"frase":"lavarme las manos cepillarme los dientes dame los juguetes ","frecuencia":1,"complejidad":{"valor":0,"pictos componentes":[{"id":31,"esSugerencia":true},{"id":11,"esSugerencia":true},{"id":14,"esSugerencia":true},{"id":989,"esSugerencia":false}]},"fecha":1552409895023},{"frase":"feliz dorado ","frecuencia":2,"complejidad":{"valor":0,"pictos componentes":[{"id":171,"esSugerencia":true},{"id":738,"esSugerencia":true}]},"fecha":[1552513736143,1552513739189]},{"frase":"feliz dorado animales ","frecuencia":2,"complejidad":{"valor":0,"pictos componentes":[{"id":171,"esSugerencia":true},{"id":738,"esSugerencia":true},{"id":286,"esSugerencia":true}]},"fecha":[1552513745134,1552513748547]},{"frase":"feliz dorado animales borrar ","frecuencia":1,"complejidad":{"valor":0,"pictos componentes":[{"id":171,"esSugerencia":true},{"id":738,"esSugerencia":true},{"id":286,"esSugerencia":true},{"id":4,"esSugerencia":true}]},"fecha":1552513754378},{"frase":"acelga dorado bar ","frecuencia":1,"complejidad":{"valor":0,"pictos componentes":[{"id":391},{"id":738,"esSugerencia":true},{"id":649,"edad":["ADULTO"],"esSugerencia":true}]},"fecha":1552515702479},{"frase":"bajar volumen hacer pis cepillarme los dientes dolor de muela manzana ","frecuencia":1,"complejidad":{"valor":0,"pictos componentes":[{"id":3},{"id":29,"esSugerencia":true},{"id":11,"esSugerencia":true},{"id":822,"esSugerencia":true},{"id":474,"esSugerencia":true}]},"fecha":1552515736050},{"frase":"bajar volumen hacer pis cepillarme los dientes dolor de muela manzana camello ","frecuencia":1,"complejidad":{"valor":0,"pictos componentes":[{"id":3},{"id":29,"esSugerencia":true},{"id":11,"esSugerencia":true},{"id":822,"esSugerencia":true},{"id":474,"esSugerencia":true},{"id":296,"esSugerencia":true}]},"fecha":1552515744213},{"frase":"bajar volumen hacer pis cepillarme los dientes dolor de muela manzana camello chimpancé ","frecuencia":1,"complejidad":{"valor":0,"pictos componentes":[{"id":3},{"id":29,"esSugerencia":true},{"id":11,"esSugerencia":true},{"id":822,"esSugerencia":true},{"id":474,"esSugerencia":true},{"id":296,"esSugerencia":true},{"id":302,"esSugerencia":true}]},"fecha":1552515751715},{"frase":"dame el cuento ","frecuencia":1,"complejidad":{"valor":0,"pictos componentes":[{"id":14,"esSugerencia":true},{"id":986,"esSugerencia":false}]},"fecha":1552570220303}]