[{"frase":"Hola Buenas tardes ","frecuencia":2,"complejidad":{"valor":0,"pictos componentes":[{"id":377,"esSugerencia":false},{"id":380,"horario":["MEDIODIA","TARDE"],"esSugerencia":false}]},"fecha":[1550073247721,1550073351738]},{"frase":"Hola ","frecuencia":2,"complejidad":{"valor":0,"pictos componentes":[{"id":377,"esSugerencia":false}]},"fecha":[1550073345859,1551819156031]},{"frase":"Hola Buenas tardes estoy ","frecuencia":3,"complejidad":{"valor":0,"pictos componentes":[{"id":377,"esSugerencia":false},{"id":380,"horario":["MEDIODIA","TARDE"],"esSugerencia":false},{"id":22,"esSugerencia":false}]},"fecha":[1550073376260,1550073413936,1550073416572]},{"frase":"Hola Buenas tardes estoy tríste ","frecuencia":4,"complejidad":{"valor":0,"pictos componentes":[{"id":377,"esSugerencia":false},{"id":380,"horario":["MEDIODIA","TARDE"],"esSugerencia":false},{"id":22,"esSugerencia":false},{"id":272,"esSugerencia":false}]},"fecha":[1550073428676,1550073430960,1550073432757,1550073483333]},{"frase":"Hola Buenas tardes estoy tríste cambiarme el pañal ","frecuencia":1,"complejidad":{"valor":0,"pictos componentes":[{"id":377,"esSugerencia":false},{"id":380,"horario":["MEDIODIA","TARDE"],"esSugerencia":false},{"id":22,"esSugerencia":false},{"id":272,"esSugerencia":false},{"id":9,"esSugerencia":true}]},"fecha":1550073443820},{"frase":"Hola Buenas tardes estoy tríste animales ","frecuencia":1,"complejidad":{"valor":0,"pictos componentes":[{"id":377,"esSugerencia":false},{"id":380,"horario":["MEDIODIA","TARDE"],"esSugerencia":false},{"id":22,"esSugerencia":false},{"id":272,"esSugerencia":false},{"id":286}]},"fecha":1550073622900},{"frase":"yo comer carne ","frecuencia":2,"complejidad":{"valor":0,"pictos componentes":[{"id":643,"esSugerencia":false},{"id":118,"esSugerencia":true},{"id":482,"esSugerencia":false}]},"fecha":[1550073726646,1550073728827]},{"frase":"yo quiero ir a casa ","frecuencia":2,"complejidad":{"valor":0,"pictos componentes":[{"id":643,"esSugerencia":false},{"id":44,"esSugerencia":false},{"id":30,"esSugerencia":false},{"id":653,"esSugerencia":false}]},"fecha":[1550073829926,1550073833632]},{"frase":"mamá quiero ","frecuencia":1,"complejidad":{"valor":0,"pictos componentes":[{"id":628,"esSugerencia":false},{"id":44,"esSugerencia":false}]},"fecha":1550074003891},{"frase":"yo quiero jugar con la pelota ","frecuencia":3,"complejidad":{"valor":0,"pictos componentes":[{"id":643,"esSugerencia":false},{"id":44,"esSugerencia":false},{"id":34,"edad":["NINO"],"esSugerencia":false},{"id":996,"esSugerencia":false}]},"fecha":[1550138730002,1550138733647,1550139432202]},{"frase":"yo quiero jugar con la pelota colores ","frecuencia":2,"complejidad":{"valor":0,"pictos componentes":[{"id":643,"esSugerencia":false},{"id":44,"esSugerencia":false},{"id":34,"edad":["NINO"],"esSugerencia":false},{"id":996,"esSugerencia":false},{"id":737,"esSugerencia":false}]},"fecha":[1550138749216,1550138752183]},{"frase":"yo quiero jugar con la pelota verde ","frecuencia":1,"complejidad":{"valor":0,"pictos componentes":[{"id":643,"esSugerencia":false},{"id":44,"esSugerencia":false},{"id":34,"edad":["NINO"],"esSugerencia":false},{"id":996,"esSugerencia":false},{"id":749,"esSugerencia":false}]},"fecha":1550138761251},{"frase":"yo quiero agua ","frecuencia":13,"complejidad":{"valor":0,"pictos componentes":[{"id":643,"esSugerencia":false},{"id":44,"esSugerencia":false},{"id":500,"esSugerencia":true}]},"fecha":[1550139394436,1550139410838,1550139412595,1550227628022,1550227633400,1550227838295,1551091821306,1551091910088,1551091991757,1552654421230,1552654465037,1553258877715,1553258935764]},{"frase":"yo quiero comer manzana ","frecuencia":1,"complejidad":{"valor":0,"pictos componentes":[{"id":643,"esSugerencia":false},{"id":44,"esSugerencia":false},{"id":118,"esSugerencia":false},{"id":474,"esSugerencia":false}]},"fecha":1550139474363},{"frase":"yo ","frecuencia":1,"complejidad":{"valor":0,"pictos componentes":[{"id":643,"esSugerencia":false}]},"fecha":1551091787422},{"frase":"yo quiero agua banana y ","frecuencia":1,"complejidad":{"valor":0,"pictos componentes":[{"id":643,"esSugerencia":false},{"id":44,"esSugerencia":false},{"id":500,"esSugerencia":false},{"id":473,"esSugerencia":true},{"id":923,"esSugerencia":true}]},"fecha":1551091868301},{"frase":"yo quiero agua escribir colores ","frecuencia":2,"complejidad":{"valor":0,"pictos componentes":[{"id":643,"esSugerencia":false},{"id":44,"esSugerencia":false},{"id":500,"esSugerencia":false},{"id":18,"esSugerencia":true},{"id":737,"esSugerencia":true}]},"fecha":[1551091933587,1551091937374]},{"frase":"yo quiero la pelota ","frecuencia":6,"complejidad":{"valor":0,"pictos componentes":[{"id":643,"esSugerencia":false},{"id":44,"esSugerencia":false},{"id":996,"esSugerencia":false}]},"fecha":[1551092101734,1551092103722,1551092117564,1551092119784,1553259153546,1553259161200]},{"frase":"yo quiero la pelota escuchar ","frecuencia":1,"complejidad":{"valor":0,"pictos componentes":[{"id":643,"esSugerencia":false},{"id":44,"esSugerencia":false},{"id":996,"esSugerencia":false},{"id":21,"esSugerencia":true}]},"fecha":1551092125922},{"frase":"yo quiero la pelota escuchar cantar ","frecuencia":2,"complejidad":{"valor":0,"pictos componentes":[{"id":643,"esSugerencia":false},{"id":44,"esSugerencia":false},{"id":996,"esSugerencia":false},{"id":21,"esSugerencia":true},{"id":6,"esSugerencia":true}]},"fecha":[1551092130878,1551092134345]},{"frase":"yo quiero la pelota escuchar cantar la bateria ir a comer manzana ","frecuencia":1,"complejidad":{"valor":0,"pictos componentes":[{"id":643,"esSugerencia":false},{"id":44,"esSugerencia":false},{"id":996,"esSugerencia":false},{"id":21,"esSugerencia":true},{"id":6,"esSugerencia":true},{"id":849,"esSugerencia":true},{"id":30,"esSugerencia":true},{"id":118,"esSugerencia":false},{"id":474,"esSugerencia":false}]},"fecha":1551092143781},{"frase":"yo quiero la pelota escuchar cantar la bateria ir a comer manzana leche con cacáo capuchino ","frecuencia":1,"complejidad":{"valor":0,"pictos componentes":[{"id":643,"esSugerencia":false},{"id":44,"esSugerencia":false},{"id":996,"esSugerencia":false},{"id":21,"esSugerencia":true},{"id":6,"esSugerencia":true},{"id":849,"esSugerencia":true},{"id":30,"esSugerencia":true},{"id":118,"esSugerencia":false},{"id":474,"esSugerencia":false},{"id":426,"edad":["NINO"],"esSugerencia":true},{"id":401,"esSugerencia":true}]},"fecha":1551092152096},{"frase":"yo quiero la pelota escuchar cantar la bateria ir a comer manzana leche con cacáo capuchino autobús la pistola de agua uno amistad canelones ketchup mamá ¿Cómo estás? en dolor de Garganta ","frecuencia":1,"complejidad":{"valor":0,"pictos componentes":[{"id":643,"esSugerencia":false},{"id":44,"esSugerencia":false},{"id":996,"esSugerencia":false},{"id":21,"esSugerencia":true},{"id":6,"esSugerencia":true},{"id":849,"esSugerencia":true},{"id":30,"esSugerencia":true},{"id":118,"esSugerencia":false},{"id":474,"esSugerencia":false},{"id":426,"edad":["NINO"],"esSugerencia":true},{"id":401,"esSugerencia":true},{"id":607,"esSugerencia":true},{"id":1004,"esSugerencia":true},{"id":836,"esSugerencia":true},{"id":702,"esSugerencia":true},{"id":400,"esSugerencia":true},{"id":492,"esSugerencia":true},{"id":628,"esSugerencia":true},{"id":378,"esSugerencia":false},{"id":533,"esSugerencia":true},{"id":826,"esSugerencia":true}]},"fecha":1551092174885},{"frase":"yo quiero la pelota escuchar cantar la bateria ir a comer manzana leche con cacáo capuchino autobús la pistola de agua uno amistad canelones ketchup mamá ¿Cómo estás? en dolor de Garganta caro ","frecuencia":1,"complejidad":{"valor":0,"pictos componentes":[{"id":643,"esSugerencia":false},{"id":44,"esSugerencia":false},{"id":996,"esSugerencia":false},{"id":21,"esSugerencia":true},{"id":6,"esSugerencia":true},{"id":849,"esSugerencia":true},{"id":30,"esSugerencia":true},{"id":118,"esSugerencia":false},{"id":474,"esSugerencia":false},{"id":426,"edad":["NINO"],"esSugerencia":true},{"id":401,"esSugerencia":true},{"id":607,"esSugerencia":true},{"id":1004,"esSugerencia":true},{"id":836,"esSugerencia":true},{"id":702,"esSugerencia":true},{"id":400,"esSugerencia":true},{"id":492,"esSugerencia":true},{"id":628,"esSugerencia":true},{"id":378,"esSugerencia":false},{"id":533,"esSugerencia":true},{"id":826,"esSugerencia":true},{"id":144,"esSugerencia":true}]},"fecha":1551092188461},{"frase":"","frecuencia":1,"complejidad":{"valor":0,"pictos componentes":[]},"fecha":1551819075642},{"frase":"Hola Buenas tardes quiero comer ","frecuencia":1,"complejidad":{"valor":0,"pictos componentes":[{"id":377,"esSugerencia":false},{"id":380,"horario":["MEDIODIA","TARDE"],"esSugerencia":false},{"id":44,"esSugerencia":false},{"id":118,"esSugerencia":false}]},"fecha":1551819812699}]