[{"frase":"Hola ¿Cómo estás? ","frecuencia":1,"complejidad":{"valor":0,"pictos componentes":[{"id":377,"esSugerencia":false},{"id":378,"esSugerencia":false}]},"fecha":1552320196943},{"frase":"Hola ¿Cómo estás? tengo frío ","frecuencia":1,"complejidad":{"valor":0,"pictos componentes":[{"id":377,"esSugerencia":false},{"id":378,"esSugerencia":false},{"id":49,"esSugerencia":false},{"id":177,"esSugerencia":false}]},"fecha":1552320206098},{"frase":"Hola ¿Cómo estás? tengo frío mamá ¿Cómo estás? estoy aburrido calvo castañas ","frecuencia":1,"complejidad":{"valor":0,"pictos componentes":[{"id":377,"esSugerencia":false},{"id":378,"esSugerencia":false},{"id":49,"esSugerencia":false},{"id":177,"esSugerencia":false},{"id":628,"esSugerencia":true},{"id":378,"esSugerencia":false},{"id":22,"esSugerencia":false},{"id":119,"esSugerencia":false},{"id":142,"esSugerencia":true},{"id":402,"esSugerencia":true}]},"fecha":1552320234741},{"frase":"yo quiero comer hamburguesa ","frecuencia":1,"complejidad":{"valor":0,"pictos componentes":[{"id":643,"esSugerencia":false},{"id":44,"esSugerencia":false},{"id":118,"esSugerencia":false},{"id":515,"esSugerencia":false}]},"fecha":1552320264145},{"frase":"yo quiero comer hamburguesa tomar yogur ","frecuencia":2,"complejidad":{"valor":0,"pictos componentes":[{"id":643,"esSugerencia":false},{"id":44,"esSugerencia":false},{"id":118,"esSugerencia":false},{"id":515,"esSugerencia":false},{"id":51,"esSugerencia":true},{"id":484,"esSugerencia":false}]},"fecha":[1552320272036,1552320306218]},{"frase":"yo estoy mas o menos ","frecuencia":5,"complejidad":{"valor":0,"pictos componentes":[{"id":643,"esSugerencia":false},{"id":22,"esSugerencia":false},{"id":204,"esSugerencia":false}]},"fecha":[1552348157630,1552348165766,1552348166665,1552348172205,1552348182272]},{"frase":"yo ","frecuencia":1,"complejidad":{"valor":0,"pictos componentes":[{"id":643,"esSugerencia":false}]},"fecha":1552348208179},{"frase":"amar ","frecuencia":2,"complejidad":{"valor":0,"pictos componentes":[{"id":57}]},"fecha":[1552348256883,1552348257845]},{"frase":"yo amar mamá ","frecuencia":1,"complejidad":{"valor":0,"pictos componentes":[{"id":643,"esSugerencia":false},{"id":57},{"id":628,"esSugerencia":true}]},"fecha":1552348284545},{"frase":"yo tengo verguenza ","frecuencia":1,"complejidad":{"valor":0,"pictos componentes":[{"id":643,"esSugerencia":false},{"id":49,"esSugerencia":false},{"id":729,"esSugerencia":false}]},"fecha":1552348349506},{"frase":"yo tengo once años ","frecuencia":2,"complejidad":{"valor":0,"pictos componentes":[{"id":643,"esSugerencia":false},{"id":49,"esSugerencia":false},{"id":729,"esSugerencia":false}]},"fecha":[1552348629322,1552348635265]},{"frase":"Hola ","frecuencia":3,"complejidad":{"valor":0,"pictos componentes":[{"id":377,"esSugerencia":false}]},"fecha":[1552349550235,1552349557455,1552349586531]},{"frase":"Hola soy Alan, tengo once años ","frecuencia":15,"complejidad":{"valor":0,"pictos componentes":[{"id":377,"esSugerencia":false}]},"fecha":[1552349679243,1552349844099,1552350669351,1552350675972,1552745080687,1552747868480,1552747872071,1552747872855,1552747873770,1552747879188,1552747979654,1552773138924,1552773204295,1552855130432,1553488023293]},{"frase":"Hola soy Alan, tengo once años Buenas tardes estoy mal ","frecuencia":1,"complejidad":{"valor":0,"pictos componentes":[{"id":377,"esSugerencia":false},{"id":380,"horario":["MEDIODIA","TARDE"],"esSugerencia":false},{"id":22,"esSugerencia":false},{"id":205,"esSugerencia":false}]},"fecha":1552744920868},{"frase":"gato ","frecuencia":2,"complejidad":{"valor":0,"pictos componentes":[{"id":313,"esSugerencia":true}]},"fecha":[1552745018014,1552745021826]},{"frase":"mamá ","frecuencia":2,"complejidad":{"valor":0,"pictos componentes":[{"id":628,"esSugerencia":false}]},"fecha":[1552745231427,1552745232730]},{"frase":"mami Susana ","frecuencia":4,"complejidad":{"valor":0,"pictos componentes":[{"id":628,"esSugerencia":false}]},"fecha":[1552745333026,1552747975246,1552773187501,1552773197397]},{"frase":"yo quiero abrazar ","frecuencia":1,"complejidad":{"valor":0,"pictos componentes":[{"id":643,"esSugerencia":false},{"id":44,"esSugerencia":false},{"id":52,"esSugerencia":true}]},"fecha":1552745597296},{"frase":"yo quiero abrazar niña ","frecuencia":1,"complejidad":{"valor":0,"pictos componentes":[{"id":643,"esSugerencia":false},{"id":44,"esSugerencia":false},{"id":52,"esSugerencia":true},{"id":631,"esSugerencia":true}]},"fecha":1552745601308},{"frase":"yo quiero ","frecuencia":1,"complejidad":{"valor":0,"pictos componentes":[{"id":643,"esSugerencia":false},{"id":44,"esSugerencia":false}]},"fecha":1552746157625},{"frase":"yo quiero buscar . ¿me ayudas? ","frecuencia":1,"complejidad":{"valor":0,"pictos componentes":[{"id":643,"esSugerencia":false},{"id":44,"esSugerencia":false},{"id":5,"esSugerencia":false},{"id":385,"esSugerencia":false}]},"fecha":1552746784514},{"frase":"yo quiero tía Lina  ","frecuencia":3,"complejidad":{"valor":0,"pictos componentes":[{"id":643,"esSugerencia":false},{"id":44,"esSugerencia":false},{"id":1033}]},"fecha":[1552746880545,1552746891650,1552746896706]},{"frase":"Hola soy Alan, tengo once años ¿Cómo estás? ","frecuencia":1,"complejidad":{"valor":0,"pictos componentes":[{"id":377,"esSugerencia":false},{"id":378,"esSugerencia":false}]},"fecha":1552747934374},{"frase":"Hola soy Alan, tengo once años papá Brander  quiero ","frecuencia":2,"complejidad":{"valor":0,"pictos componentes":[{"id":377,"esSugerencia":false},{"id":632,"esSugerencia":false},{"id":44,"esSugerencia":false}]},"fecha":[1552749028147,1552749036291]},{"frase":"Hola soy Alan, tengo once años ¿Cómo estás? estoy bien ","frecuencia":1,"complejidad":{"valor":0,"pictos componentes":[{"id":377,"esSugerencia":false},{"id":378,"esSugerencia":false},{"id":22,"esSugerencia":false},{"id":133,"esSugerencia":false}]},"fecha":1552773152763},{"frase":"Hola soy Alan, tengo once años papá Brander  ","frecuencia":1,"complejidad":{"valor":0,"pictos componentes":[{"id":377,"esSugerencia":false},{"id":632,"esSugerencia":false}]},"fecha":1552773208372},{"frase":"yo quiero buscar comida ","frecuencia":1,"complejidad":{"valor":0,"pictos componentes":[{"id":643,"esSugerencia":false},{"id":44,"esSugerencia":false},{"id":5,"esSugerencia":false},{"id":1014,"esSugerencia":false}]},"fecha":1552773233275},{"frase":"Hola soy Alan, tengo once años papá Brander  mami Susana jugar con la tablet rey leche y galletas ","frecuencia":1,"complejidad":{"valor":0,"pictos componentes":[{"id":377,"esSugerencia":false},{"id":632,"esSugerencia":false},{"id":628,"esSugerencia":false},{"id":82,"edad":["JOVEN"],"esSugerencia":true},{"id":639,"esSugerencia":true},{"id":427,"esSugerencia":true}]},"fecha":1552855243974},{"frase":"papá Brander  ","frecuencia":1,"complejidad":{"valor":0,"pictos componentes":[{"id":632,"esSugerencia":false}]},"fecha":1553487992231},{"frase":"papá Brander  mami Susana ","frecuencia":1,"complejidad":{"valor":0,"pictos componentes":[{"id":632,"esSugerencia":false},{"id":628,"esSugerencia":false}]},"fecha":1553487997365},{"frase":"Hola soy Alan, tengo once años papá Brander  mami Susana ¿Cómo estás? en azul ","frecuencia":1,"complejidad":{"valor":0,"pictos componentes":[{"id":377,"esSugerencia":false},{"id":632,"esSugerencia":false},{"id":628,"esSugerencia":false},{"id":378,"esSugerencia":false},{"id":533,"esSugerencia":true},{"id":734,"esSugerencia":true}]},"fecha":1553488077248},{"frase":"Hola soy Alan, tengo once años dolor dolor de muela ","frecuencia":2,"complejidad":{"valor":0,"pictos componentes":[{"id":377,"esSugerencia":false},{"id":821,"esSugerencia":true},{"id":822,"esSugerencia":false}]},"fecha":[1553488127015,1553488132941]}]