[{"frase":"Hola Buenas tardes ","frecuencia":3,"complejidad":{"valor":0,"pictos componentes":[{"id":377,"esSugerencia":false},{"id":380,"horario":["MEDIODIA","TARDE"],"esSugerencia":false}]},"fecha":[1551698179678,1552142508245,1552142513867]},{"frase":"","frecuencia":66,"complejidad":{"valor":0,"pictos componentes":[]},"fecha":[1551698227917,1551710928090,1551710936041,1551710961743,1551711519040,1551711812713,1551711818281,1551711821982,1551711826411,1551711836020,1551711838750,1551711842235,1551711852899,1551711853593,1551711858440,1551712433566,1551712437080,1551712437862,1551712438974,1551712442301,1551712445951,1551712448151,1551712449270,1551712453419,1551712453938,1551712455145,1551712459319,1551712460169,1551712469188,1551712469696,1551712472031,1551712482509,1551712484060,1551712485251,1551712489226,1551712490446,1551712494337,1551712495183,1551712495817,1551712496222,1551712497594,1551712498920,1551712499899,1551712501012,1551712502092,1551712507836,1551712508647,1551712511130,1551712513040,1551712514280,1551712522860,1551712524274,1551712537315,1551712538960,1551712541240,1551712550094,1551712550938,1551712552522,1551712559395,1551712560095,1551712577341,1551712578490,1551712587920,1552142390502,1552142392152,1552142410816]},{"frase":"No quiero ","frecuencia":1,"complejidad":{"valor":0,"pictos componentes":[{"id":389,"esSugerencia":false},{"id":44,"esSugerencia":false}]},"fecha":1551698237392},{"frase":"yo tengo ","frecuencia":13,"complejidad":{"valor":0,"pictos componentes":[{"id":643,"esSugerencia":false},{"id":49,"esSugerencia":false}]},"fecha":[1551698306122,1551698312081,1551698314276,1551711562360,1551711563639,1551711565665,1551711569547,1551711706500,1551711736761,1552142066493,1552142073598,1552142078282,1552142277720]},{"frase":"yo tengo varios ir a hacer pis ","frecuencia":1,"complejidad":{"valor":0,"pictos componentes":[{"id":643,"esSugerencia":false},{"id":49,"esSugerencia":false},{"id":277,"esSugerencia":false},{"id":30,"esSugerencia":true},{"id":29,"esSugerencia":true}]},"fecha":1551698419197},{"frase":"yo estoy aburrido quiero ir a comer ","frecuencia":2,"complejidad":{"valor":0,"pictos componentes":[{"id":643,"esSugerencia":false},{"id":22,"esSugerencia":false},{"id":119,"esSugerencia":false},{"id":44,"esSugerencia":false},{"id":30,"esSugerencia":false},{"id":118,"esSugerencia":false}]},"fecha":[1551698563478,1551698576067]},{"frase":"quiero ir a pasear ","frecuencia":1,"complejidad":{"valor":0,"pictos componentes":[{"id":44,"esSugerencia":false},{"id":30,"esSugerencia":false},{"id":87,"esSugerencia":false}]},"fecha":1551706571596},{"frase":"quiero ir a un supermercado comprar helado ","frecuencia":1,"complejidad":{"valor":0,"pictos componentes":[{"id":44,"esSugerencia":false},{"id":30,"esSugerencia":false},{"id":688,"esSugerencia":false},{"id":13,"esSugerencia":true},{"id":486,"esSugerencia":true}]},"fecha":1551706597876},{"frase":"yo quiero comer hamburguesa ","frecuencia":1,"complejidad":{"valor":0,"pictos componentes":[{"id":643,"esSugerencia":false},{"id":44,"esSugerencia":false},{"id":118,"esSugerencia":false},{"id":515,"esSugerencia":false}]},"fecha":1551706628410},{"frase":"yo tengo frío ","frecuencia":9,"complejidad":{"valor":0,"pictos componentes":[{"id":643,"esSugerencia":false},{"id":49,"esSugerencia":false},{"id":177,"esSugerencia":false}]},"fecha":[1551706726644,1551706733440,1551711580158,1551711600191,1551711644287,1551711654468,1551711691186,1551711695542,1552142343103]},{"frase":"yo tengo verguenza aburrido ","frecuencia":1,"complejidad":{"valor":0,"pictos componentes":[{"id":643,"esSugerencia":false},{"id":49,"esSugerencia":false},{"id":729,"esSugerencia":false},{"id":119,"esSugerencia":true}]},"fecha":1551706747941},{"frase":"quiero ","frecuencia":3,"complejidad":{"valor":0,"pictos componentes":[{"id":44,"esSugerencia":false}]},"fecha":[1551711007011,1553549005535,1553549008794]},{"frase":"quiero ir a comer ","frecuencia":3,"complejidad":{"valor":0,"pictos componentes":[{"id":44,"esSugerencia":false},{"id":30,"esSugerencia":false},{"id":118,"esSugerencia":false}]},"fecha":[1551711058707,1551711073477,1551711082522]},{"frase":"quiero ir a comer verduras ","frecuencia":3,"complejidad":{"valor":0,"pictos componentes":[{"id":44,"esSugerencia":false},{"id":30,"esSugerencia":false},{"id":118,"esSugerencia":false},{"id":478,"esSugerencia":false}]},"fecha":[1551711122566,1551711134692,1551711137837]},{"frase":"quiero ir a comer verduras caliente axila brazo ","frecuencia":1,"complejidad":{"valor":0,"pictos componentes":[{"id":44,"esSugerencia":false},{"id":30,"esSugerencia":false},{"id":118,"esSugerencia":false},{"id":478,"esSugerencia":false},{"id":140,"esSugerencia":true},{"id":776,"esSugerencia":true},{"id":778,"esSugerencia":true}]},"fecha":1551711155760},{"frase":"quiero ir a comer verduras caliente ","frecuencia":1,"complejidad":{"valor":0,"pictos componentes":[{"id":44,"esSugerencia":false},{"id":30,"esSugerencia":false},{"id":118,"esSugerencia":false},{"id":478,"esSugerencia":false},{"id":140,"esSugerencia":true}]},"fecha":1551711170504},{"frase":"Hola ","frecuencia":8,"complejidad":{"valor":0,"pictos componentes":[{"id":377,"esSugerencia":false}]},"fecha":[1551711203712,1551711205562,1551711218214,1552142033074,1552142432323,1552142487866,1552142549468,1553548799849]},{"frase":"Hola ¿Cómo estás? ","frecuencia":3,"complejidad":{"valor":0,"pictos componentes":[{"id":377,"esSugerencia":false},{"id":378,"esSugerencia":false}]},"fecha":[1551711238000,1551711268379,1552652306101]},{"frase":"Hola ¿Cómo estás? tengo ","frecuencia":4,"complejidad":{"valor":0,"pictos componentes":[{"id":377,"esSugerencia":false},{"id":378,"esSugerencia":false},{"id":49,"esSugerencia":false}]},"fecha":[1551711281880,1551711285918,1551711302919,1551711308005]},{"frase":"Hola ¿Cómo estás? tengo frío ","frecuencia":1,"complejidad":{"valor":0,"pictos componentes":[{"id":377,"esSugerencia":false},{"id":378,"esSugerencia":false},{"id":49,"esSugerencia":false},{"id":177,"esSugerencia":false}]},"fecha":1551711326177},{"frase":"yo ","frecuencia":8,"complejidad":{"valor":0,"pictos componentes":[{"id":643,"esSugerencia":false}]},"fecha":[1551711540176,1551711542951,1551711619130,1551711622729,1551711879130,1551711886123,1552142053392,1552142192876]},{"frase":"yo tengo frío mamá ","frecuencia":8,"complejidad":{"valor":0,"pictos componentes":[{"id":643,"esSugerencia":false},{"id":49,"esSugerencia":false},{"id":177,"esSugerencia":false},{"id":628,"esSugerencia":true}]},"fecha":[1551711664523,1551711667363,1551711670678,1551711679229,1551711681407,1551711685461,1552142313182,1552142323806]},{"frase":"yo quiero ","frecuencia":5,"complejidad":{"valor":0,"pictos componentes":[{"id":643,"esSugerencia":false},{"id":44,"esSugerencia":false}]},"fecha":[1551711896808,1551711931065,1551711935630,1551711963722,1551711997764]},{"frase":"yo quiero ir a ","frecuencia":3,"complejidad":{"valor":0,"pictos componentes":[{"id":643,"esSugerencia":false},{"id":44,"esSugerencia":false},{"id":30,"esSugerencia":false}]},"fecha":[1551712032497,1551712039123,1552572263022]},{"frase":"yo quiero ir a un supermercado ","frecuencia":9,"complejidad":{"valor":0,"pictos componentes":[{"id":643,"esSugerencia":false},{"id":44,"esSugerencia":false},{"id":30,"esSugerencia":false},{"id":688,"esSugerencia":false}]},"fecha":[1551712052075,1551712059217,1551712073573,1551712079440,1551712087043,1551712096460,1551712116881,1551712124151,1551712132167]},{"frase":"yo quiero ir a un supermercado comprar ","frecuencia":7,"complejidad":{"valor":0,"pictos componentes":[{"id":643,"esSugerencia":false},{"id":44,"esSugerencia":false},{"id":30,"esSugerencia":false},{"id":688,"esSugerencia":false},{"id":13,"esSugerencia":false}]},"fecha":[1551712157008,1551712270212,1551712275551,1551712279841,1551712285542,1551712294080,1551712300456]},{"frase":"yo quiero ir a un supermercado comprar chupetin ","frecuencia":11,"complejidad":{"valor":0,"pictos componentes":[{"id":643,"esSugerencia":false},{"id":44,"esSugerencia":false},{"id":30,"esSugerencia":false},{"id":688,"esSugerencia":false},{"id":13,"esSugerencia":false},{"id":406,"edad":["NINO"],"esSugerencia":true}]},"fecha":[1551712170544,1551712181661,1551712196069,1551712204764,1551712214779,1551712227847,1551712233426,1551712237555,1551712242143,1551712246391,1551712256007]},{"frase":"yo quiero ir a un supermercado comprar helado ","frecuencia":12,"complejidad":{"valor":0,"pictos componentes":[{"id":643,"esSugerencia":false},{"id":44,"esSugerencia":false},{"id":30,"esSugerencia":false},{"id":688,"esSugerencia":false},{"id":13,"esSugerencia":false},{"id":486,"esSugerencia":false}]},"fecha":[1551712313678,1551712330779,1551712334910,1551712341777,1551712347325,1551712353480,1551712357770,1551712363867,1551712368264,1551712378496,1551712382151,1551712387217]},{"frase":"yo tengo hambre canelones gambas ","frecuencia":1,"complejidad":{"valor":0,"pictos componentes":[{"id":643,"esSugerencia":false},{"id":49,"esSugerencia":false},{"id":597,"esSugerencia":false},{"id":400,"esSugerencia":true},{"id":416,"esSugerencia":true}]},"fecha":1552142119222},{"frase":"yo tengo hambre canelones gambas higiene personal bueno ","frecuencia":1,"complejidad":{"valor":0,"pictos componentes":[{"id":643,"esSugerencia":false},{"id":49,"esSugerencia":false},{"id":597,"esSugerencia":false},{"id":400,"esSugerencia":true},{"id":416,"esSugerencia":true},{"id":708,"esSugerencia":true},{"id":136,"esSugerencia":true}]},"fecha":1552142161302},{"frase":"yo tengo hambre canelones gambas higiene personal bueno carnicero ","frecuencia":1,"complejidad":{"valor":0,"pictos componentes":[{"id":643,"esSugerencia":false},{"id":49,"esSugerencia":false},{"id":597,"esSugerencia":false},{"id":400,"esSugerencia":true},{"id":416,"esSugerencia":true},{"id":708,"esSugerencia":true},{"id":136,"esSugerencia":true},{"id":617,"esSugerencia":true}]},"fecha":1552142179284},{"frase":"yo tengo hambre abeja leer ","frecuencia":6,"complejidad":{"valor":0,"pictos componentes":[{"id":643,"esSugerencia":false},{"id":49,"esSugerencia":false},{"id":597,"esSugerencia":false},{"id":283,"esSugerencia":true},{"id":32,"esSugerencia":true}]},"fecha":[1552142222266,1552142231514,1552142237634,1552142243557,1552142246383,1552142248590]},{"frase":"yo tengo hambre ","frecuencia":1,"complejidad":{"valor":0,"pictos componentes":[{"id":643,"esSugerencia":false},{"id":49,"esSugerencia":false},{"id":597,"esSugerencia":false}]},"fecha":1552142264775},{"frase":"yo tengo frío veloz ","frecuencia":1,"complejidad":{"valor":0,"pictos componentes":[{"id":643,"esSugerencia":false},{"id":49,"esSugerencia":false},{"id":177,"esSugerencia":false},{"id":278,"esSugerencia":true}]},"fecha":1552142363189},{"frase":"Hola Buen día estoy ","frecuencia":3,"complejidad":{"valor":0,"pictos componentes":[{"id":377,"esSugerencia":false},{"id":379,"horario":["MANANA"],"esSugerencia":false},{"id":22,"esSugerencia":false}]},"fecha":[1552142587001,1552142592982,1552142596372]},{"frase":"Hola Buen día estoy aburrido quiero ","frecuencia":3,"complejidad":{"valor":0,"pictos componentes":[{"id":377,"esSugerencia":false},{"id":379,"horario":["MANANA"],"esSugerencia":false},{"id":22,"esSugerencia":false},{"id":119,"esSugerencia":false},{"id":44,"esSugerencia":false}]},"fecha":[1552142658383,1552143000046,1552143026865]},{"frase":"Hola Buen día estoy aburrido quiero jugar con el juguete azul ","frecuencia":1,"complejidad":{"valor":0,"pictos componentes":[{"id":377,"esSugerencia":false},{"id":379,"horario":["MANANA"],"esSugerencia":false},{"id":22,"esSugerencia":false},{"id":119,"esSugerencia":false},{"id":44,"esSugerencia":false},{"id":34,"edad":["NINO"],"esSugerencia":false},{"id":761,"esSugerencia":false},{"id":734,"esSugerencia":false}]},"fecha":1552142698222},{"frase":"Hola Buen día estoy aburrido quiero comer ","frecuencia":2,"complejidad":{"valor":0,"pictos componentes":[{"id":377,"esSugerencia":false},{"id":379,"horario":["MANANA"],"esSugerencia":false},{"id":22,"esSugerencia":false},{"id":119,"esSugerencia":false},{"id":44,"esSugerencia":false},{"id":118,"esSugerencia":false}]},"fecha":[1552142726620,1552142878265]},{"frase":"Hola Buen día estoy aburrido quiero comer hamburguesa ","frecuencia":2,"complejidad":{"valor":0,"pictos componentes":[{"id":377,"esSugerencia":false},{"id":379,"horario":["MANANA"],"esSugerencia":false},{"id":22,"esSugerencia":false},{"id":119,"esSugerencia":false},{"id":44,"esSugerencia":false},{"id":118,"esSugerencia":false},{"id":515,"esSugerencia":false}]},"fecha":[1552142746237,1552142788781]},{"frase":"Hola Buen día estoy aburrido quiero comer hamburguesa cantar ","frecuencia":3,"complejidad":{"valor":0,"pictos componentes":[{"id":377,"esSugerencia":false},{"id":379,"horario":["MANANA"],"esSugerencia":false},{"id":22,"esSugerencia":false},{"id":119,"esSugerencia":false},{"id":44,"esSugerencia":false},{"id":118,"esSugerencia":false},{"id":515,"esSugerencia":false},{"id":6,"esSugerencia":true}]},"fecha":[1552142756821,1552142779003,1552142809060]},{"frase":"Hola Buen día estoy aburrido quiero comer hamburguesa cantar apagar la computadora videoclub ","frecuencia":2,"complejidad":{"valor":0,"pictos componentes":[{"id":377,"esSugerencia":false},{"id":379,"horario":["MANANA"],"esSugerencia":false},{"id":22,"esSugerencia":false},{"id":119,"esSugerencia":false},{"id":44,"esSugerencia":false},{"id":118,"esSugerencia":false},{"id":515,"esSugerencia":false},{"id":6,"esSugerencia":true},{"id":2,"esSugerencia":true},{"id":1016,"esSugerencia":false},{"id":700,"esSugerencia":true}]},"fecha":[1552142839454,1552142856024]},{"frase":"Hola Buen día estoy aburrido quiero comer verduras caliente ","frecuencia":1,"complejidad":{"valor":0,"pictos componentes":[{"id":377,"esSugerencia":false},{"id":379,"horario":["MANANA"],"esSugerencia":false},{"id":22,"esSugerencia":false},{"id":119,"esSugerencia":false},{"id":44,"esSugerencia":false},{"id":118,"esSugerencia":false},{"id":478,"esSugerencia":false},{"id":140,"esSugerencia":false}]},"fecha":1552142920202},{"frase":"Hola Buen día estoy aburrido quiero maltrato físico ","frecuencia":2,"complejidad":{"valor":0,"pictos componentes":[{"id":377,"esSugerencia":false},{"id":379,"horario":["MANANA"],"esSugerencia":false},{"id":22,"esSugerencia":false},{"id":119,"esSugerencia":false},{"id":44,"esSugerencia":false},{"id":712}]},"fecha":[1552143118334,1552143122589]},{"frase":"Hola Buen día estoy aburrido quiero maltrato físico feliz la discoteca ir a comer ","frecuencia":1,"complejidad":{"valor":0,"pictos componentes":[{"id":377,"esSugerencia":false},{"id":379,"horario":["MANANA"],"esSugerencia":false},{"id":22,"esSugerencia":false},{"id":119,"esSugerencia":false},{"id":44,"esSugerencia":false},{"id":712},{"id":171,"esSugerencia":true},{"id":661,"esSugerencia":true},{"id":30,"esSugerencia":true},{"id":118,"esSugerencia":false}]},"fecha":1552143150152},{"frase":"Hola Buen día estoy aburrido quiero maltrato físico feliz la discoteca ir a comer verduras caliente axila brazo ceja ceja ceja ceja ","frecuencia":2,"complejidad":{"valor":0,"pictos componentes":[{"id":377,"esSugerencia":false},{"id":379,"horario":["MANANA"],"esSugerencia":false},{"id":22,"esSugerencia":false},{"id":119,"esSugerencia":false},{"id":44,"esSugerencia":false},{"id":712},{"id":171,"esSugerencia":true},{"id":661,"esSugerencia":true},{"id":30,"esSugerencia":true},{"id":118,"esSugerencia":false},{"id":478,"esSugerencia":false},{"id":140,"esSugerencia":false},{"id":776,"esSugerencia":false},{"id":778,"esSugerencia":false},{"id":779,"esSugerencia":true},{"id":779,"esSugerencia":true},{"id":779,"esSugerencia":false},{"id":779,"esSugerencia":false}]},"fecha":[1552143191252,1552143202289]},{"frase":"quiero ir a casa ","frecuencia":1,"complejidad":{"valor":0,"pictos componentes":[{"id":44,"esSugerencia":false},{"id":30,"esSugerencia":false},{"id":653,"esSugerencia":false}]},"fecha":1552652288094},{"frase":"yo estoy aburrido ","frecuencia":2,"complejidad":{"valor":0,"pictos componentes":[{"id":643,"esSugerencia":false},{"id":22,"esSugerencia":false},{"id":119,"esSugerencia":false}]},"fecha":[1552652325188,1552652329506]},{"frase":"Hola tengo frío ","frecuencia":4,"complejidad":{"valor":0,"pictos componentes":[{"id":377,"esSugerencia":false},{"id":49,"esSugerencia":false},{"id":177,"esSugerencia":false}]},"fecha":[1553548814271,1553548886397,1553548888782,1553548890411]},{"frase":"quiero ir a ","frecuencia":4,"complejidad":{"valor":0,"pictos componentes":[{"id":44,"esSugerencia":false},{"id":30,"esSugerencia":false}]},"fecha":[1553548952563,1553548956224,1553548959547,1553548961350]},{"frase":"apagar ","frecuencia":1,"complejidad":{"valor":0,"pictos componentes":[{"id":2,"esSugerencia":true}]},"fecha":1553549207055}]