[{"frase":"Hola Buenas tardes ","frecuencia":1,"complejidad":{"valor":0,"pictos componentes":[{"id":377,"esSugerencia":false},{"id":380,"horario":["MEDIODIA","TARDE"],"esSugerencia":false}]},"fecha":1552404346229},{"frase":"No ","frecuencia":1,"complejidad":{"valor":0,"pictos componentes":[{"id":389,"esSugerencia":false}]},"fecha":1552404378846},{"frase":"No quiero ","frecuencia":4,"complejidad":{"valor":0,"pictos componentes":[{"id":389,"esSugerencia":false},{"id":44,"esSugerencia":false}]},"fecha":[1552404389949,1552404391909,1552404398015,1552404399425]},{"frase":"No quiero comer ","frecuencia":1,"complejidad":{"valor":0,"pictos componentes":[{"id":389,"esSugerencia":false},{"id":44,"esSugerencia":false},{"id":118,"esSugerencia":false}]},"fecha":1552404403923},{"frase":"No quiero comer pollo ","frecuencia":1,"complejidad":{"valor":0,"pictos componentes":[{"id":389,"esSugerencia":false},{"id":44,"esSugerencia":false},{"id":118,"esSugerencia":false},{"id":504,"esSugerencia":false}]},"fecha":1552404409271},{"frase":"No quiero comer pollo jirafa ","frecuencia":2,"complejidad":{"valor":0,"pictos componentes":[{"id":389,"esSugerencia":false},{"id":44,"esSugerencia":false},{"id":118,"esSugerencia":false},{"id":504,"esSugerencia":false},{"id":320,"esSugerencia":true}]},"fecha":[1552404412890,1552404417448]},{"frase":"No quiero comer pollo jirafa nariz ","frecuencia":1,"complejidad":{"valor":0,"pictos componentes":[{"id":389,"esSugerencia":false},{"id":44,"esSugerencia":false},{"id":118,"esSugerencia":false},{"id":504,"esSugerencia":false},{"id":320,"esSugerencia":true},{"id":790,"esSugerencia":true}]},"fecha":1552404422748},{"frase":"No quiero comer pollo jirafa nariz ocho ","frecuencia":1,"complejidad":{"valor":0,"pictos componentes":[{"id":389,"esSugerencia":false},{"id":44,"esSugerencia":false},{"id":118,"esSugerencia":false},{"id":504,"esSugerencia":false},{"id":320,"esSugerencia":true},{"id":790,"esSugerencia":true},{"id":843,"esSugerencia":true}]},"fecha":1552404427800},{"frase":"No quiero comer pollo jirafa nariz ocho tocar ","frecuencia":1,"complejidad":{"valor":0,"pictos componentes":[{"id":389,"esSugerencia":false},{"id":44,"esSugerencia":false},{"id":118,"esSugerencia":false},{"id":504,"esSugerencia":false},{"id":320,"esSugerencia":true},{"id":790,"esSugerencia":true},{"id":843,"esSugerencia":true},{"id":117,"esSugerencia":true}]},"fecha":1552404434791},{"frase":"No quiero comer pollo jirafa nariz ocho tocar semáforo ","frecuencia":1,"complejidad":{"valor":0,"pictos componentes":[{"id":389,"esSugerencia":false},{"id":44,"esSugerencia":false},{"id":118,"esSugerencia":false},{"id":504,"esSugerencia":false},{"id":320,"esSugerencia":true},{"id":790,"esSugerencia":true},{"id":843,"esSugerencia":true},{"id":117,"esSugerencia":true},{"id":687,"esSugerencia":true}]},"fecha":1552404441081},{"frase":"No quiero comer pollo jirafa nariz ocho tocar semáforo boca ","frecuencia":2,"complejidad":{"valor":0,"pictos componentes":[{"id":389,"esSugerencia":false},{"id":44,"esSugerencia":false},{"id":118,"esSugerencia":false},{"id":504,"esSugerencia":false},{"id":320,"esSugerencia":true},{"id":790,"esSugerencia":true},{"id":843,"esSugerencia":true},{"id":117,"esSugerencia":true},{"id":687,"esSugerencia":true},{"id":777,"esSugerencia":true}]},"fecha":[1552404448866,1552404453365]}]