[{"frase":"papá quiero ","frecuencia":2,"complejidad":{"valor":0,"pictos componentes":[{"id":632,"esSugerencia":false},{"id":44,"esSugerencia":false}]},"fecha":[1555119340292,1555119342356]},{"frase":"papá quiero ir a casa ","frecuencia":2,"complejidad":{"valor":0,"pictos componentes":[{"id":632,"esSugerencia":false},{"id":44,"esSugerencia":false},{"id":30,"esSugerencia":false},{"id":653,"esSugerencia":false}]},"fecha":[1555119365380,1555119368088]},{"frase":"quiero comer ","frecuencia":2,"complejidad":{"valor":0,"pictos componentes":[{"id":44,"esSugerencia":false},{"id":118,"esSugerencia":false}]},"fecha":[1555119386086,1555119410855]},{"frase":"quiero comer hamburguesa cantar ","frecuencia":1,"complejidad":{"valor":0,"pictos componentes":[{"id":44,"esSugerencia":false},{"id":118,"esSugerencia":false},{"id":515,"esSugerencia":false},{"id":6,"esSugerencia":true}]},"fecha":1555119418347},{"frase":"quiero comer hamburguesa ","frecuencia":2,"complejidad":{"valor":0,"pictos componentes":[{"id":44,"esSugerencia":false},{"id":118,"esSugerencia":false},{"id":515,"esSugerencia":false}]},"fecha":[1555119426517,1555119430897]},{"frase":"quiero comer verduras ","frecuencia":2,"complejidad":{"valor":0,"pictos componentes":[{"id":44,"esSugerencia":false},{"id":118,"esSugerencia":false},{"id":478,"esSugerencia":false}]},"fecha":[1555119436842,1555119439576]},{"frase":"quiero comer verduras caliente vida barbacoa ","frecuencia":1,"complejidad":{"valor":0,"pictos componentes":[{"id":44,"esSugerencia":false},{"id":118,"esSugerencia":false},{"id":478,"esSugerencia":false},{"id":140,"esSugerencia":true},{"id":730,"esSugerencia":true},{"id":511,"esSugerencia":true}]},"fecha":1555119448512},{"frase":"quiero comer verduras caliente canelones ","frecuencia":1,"complejidad":{"valor":0,"pictos componentes":[{"id":44,"esSugerencia":false},{"id":118,"esSugerencia":false},{"id":478,"esSugerencia":false},{"id":140,"esSugerencia":true},{"id":400,"esSugerencia":true}]},"fecha":1555119460830},{"frase":"quiero comer verduras caliente axila ","frecuencia":1,"complejidad":{"valor":0,"pictos componentes":[{"id":44,"esSugerencia":false},{"id":118,"esSugerencia":false},{"id":478,"esSugerencia":false},{"id":140,"esSugerencia":true},{"id":776,"esSugerencia":true}]},"fecha":1555119468752},{"frase":"quiero buscar ","frecuencia":1,"complejidad":{"valor":0,"pictos componentes":[{"id":44,"esSugerencia":false},{"id":5,"esSugerencia":false}]},"fecha":1555119497027},{"frase":"quiero buscar colores ","frecuencia":1,"complejidad":{"valor":0,"pictos componentes":[{"id":44,"esSugerencia":false},{"id":5,"esSugerencia":false},{"id":737,"esSugerencia":false}]},"fecha":1555119501952},{"frase":"quiero buscar mamá dame ","frecuencia":1,"complejidad":{"valor":0,"pictos componentes":[{"id":44,"esSugerencia":false},{"id":5,"esSugerencia":false},{"id":628,"esSugerencia":false},{"id":14,"esSugerencia":false}]},"fecha":1555119525450},{"frase":"quiero jugar con amigos ","frecuencia":1,"complejidad":{"valor":0,"pictos componentes":[{"id":44,"esSugerencia":false},{"id":34,"edad":["NINO"],"esSugerencia":false},{"id":615,"esSugerencia":false}]},"fecha":1555119539117},{"frase":"quiero jugar con el juguete rosa ","frecuencia":1,"complejidad":{"valor":0,"pictos componentes":[{"id":44,"esSugerencia":false},{"id":34,"edad":["NINO"],"esSugerencia":false},{"id":761,"esSugerencia":false},{"id":747,"esSugerencia":false}]},"fecha":1555119549806},{"frase":"quiero jugar con el juguete azul ","frecuencia":1,"complejidad":{"valor":0,"pictos componentes":[{"id":44,"esSugerencia":false},{"id":34,"edad":["NINO"],"esSugerencia":false},{"id":761,"esSugerencia":false},{"id":734,"esSugerencia":false}]},"fecha":1555119556427},{"frase":"quiero ir a comer hamburguesa ","frecuencia":1,"complejidad":{"valor":0,"pictos componentes":[{"id":44,"esSugerencia":false},{"id":30,"esSugerencia":false},{"id":118,"esSugerencia":false},{"id":515,"esSugerencia":false}]},"fecha":1555119606584},{"frase":"quiero ir a un supermercado comprar ","frecuencia":1,"complejidad":{"valor":0,"pictos componentes":[{"id":44,"esSugerencia":false},{"id":30,"esSugerencia":false},{"id":688,"esSugerencia":false},{"id":13,"esSugerencia":true}]},"fecha":1555119635458},{"frase":"quiero ir a un supermercado escuela ","frecuencia":1,"complejidad":{"valor":0,"pictos componentes":[{"id":44,"esSugerencia":false},{"id":30,"esSugerencia":false},{"id":688,"esSugerencia":false},{"id":662,"esSugerencia":true}]},"fecha":1555119662330},{"frase":"quiero comer pollo jirafa ","frecuencia":1,"complejidad":{"valor":0,"pictos componentes":[{"id":44,"esSugerencia":false},{"id":118,"esSugerencia":false},{"id":504,"esSugerencia":false},{"id":320,"esSugerencia":true}]},"fecha":1555119681368},{"frase":"quiero comer pollo jirafa nariz ","frecuencia":1,"complejidad":{"valor":0,"pictos componentes":[{"id":44,"esSugerencia":false},{"id":118,"esSugerencia":false},{"id":504,"esSugerencia":false},{"id":320,"esSugerencia":true},{"id":790,"esSugerencia":true}]},"fecha":1555119688322},{"frase":"quiero comer pollo jirafa nariz oreja ","frecuencia":1,"complejidad":{"valor":0,"pictos componentes":[{"id":44,"esSugerencia":false},{"id":118,"esSugerencia":false},{"id":504,"esSugerencia":false},{"id":320,"esSugerencia":true},{"id":790,"esSugerencia":true},{"id":793,"esSugerencia":true}]},"fecha":1555119693477},{"frase":"yo tengo frío ","frecuencia":2,"complejidad":{"valor":0,"pictos componentes":[{"id":643,"esSugerencia":false},{"id":49,"esSugerencia":false},{"id":177,"esSugerencia":false}]},"fecha":[1555119766534,1557072742043]},{"frase":"yo tengo frío mamá ","frecuencia":1,"complejidad":{"valor":0,"pictos componentes":[{"id":643,"esSugerencia":false},{"id":49,"esSugerencia":false},{"id":177,"esSugerencia":false},{"id":628,"esSugerencia":true}]},"fecha":1555119773524},{"frase":"yo tengo frío mamá ¿Cómo estás? estoy mas o menos ","frecuencia":1,"complejidad":{"valor":0,"pictos componentes":[{"id":643,"esSugerencia":false},{"id":49,"esSugerencia":false},{"id":177,"esSugerencia":false},{"id":628,"esSugerencia":true},{"id":378,"esSugerencia":false},{"id":22,"esSugerencia":false},{"id":204,"esSugerencia":false}]},"fecha":1555119787221},{"frase":"Hola Buen día tengo hambre ","frecuencia":1,"complejidad":{"valor":0,"pictos componentes":[{"id":377,"esSugerencia":false},{"id":379,"horario":["MANANA"],"esSugerencia":false},{"id":49,"esSugerencia":false},{"id":597,"esSugerencia":false}]},"fecha":1557072703573},{"frase":"quiero ir a comer ","frecuencia":1,"complejidad":{"valor":0,"pictos componentes":[{"id":44,"esSugerencia":false},{"id":30,"esSugerencia":false},{"id":118,"esSugerencia":false}]},"fecha":1557072719483},{"frase":"quiero ir a comer pollo ","frecuencia":1,"complejidad":{"valor":0,"pictos componentes":[{"id":44,"esSugerencia":false},{"id":30,"esSugerencia":false},{"id":118,"esSugerencia":false},{"id":504,"esSugerencia":false}]},"fecha":1557072723057},{"frase":"quiero ir a comer pollo flan ","frecuencia":1,"complejidad":{"valor":0,"pictos componentes":[{"id":44,"esSugerencia":false},{"id":30,"esSugerencia":false},{"id":118,"esSugerencia":false},{"id":504,"esSugerencia":false},{"id":412,"esSugerencia":true}]},"fecha":1557072728541},{"frase":"yo tengo verguenza ","frecuencia":1,"complejidad":{"valor":0,"pictos componentes":[{"id":643,"esSugerencia":false},{"id":49,"esSugerencia":false},{"id":729,"esSugerencia":false}]},"fecha":1557072752961},{"frase":"yo tengo escuela ","frecuencia":1,"complejidad":{"valor":0,"pictos componentes":[{"id":643,"esSugerencia":false},{"id":49,"esSugerencia":false},{"id":662,"esSugerencia":false}]},"fecha":1557072762282},{"frase":"mamá quiero jugar con la pelota ","frecuencia":1,"complejidad":{"valor":0,"pictos componentes":[{"id":628,"esSugerencia":false},{"id":44,"esSugerencia":false},{"id":34,"edad":["NINO"],"esSugerencia":false},{"id":996,"esSugerencia":false}]},"fecha":1557072829304},{"frase":"mamá quiero jugar con la pelota violeta ","frecuencia":1,"complejidad":{"valor":0,"pictos componentes":[{"id":628,"esSugerencia":false},{"id":44,"esSugerencia":false},{"id":34,"edad":["NINO"],"esSugerencia":false},{"id":996,"esSugerencia":false},{"id":748,"esSugerencia":false}]},"fecha":1557072833114},{"frase":"mamá quiero jugar con la pelota violeta me gusta cumplimiento ","frecuencia":1,"complejidad":{"valor":0,"pictos componentes":[{"id":628,"esSugerencia":false},{"id":44,"esSugerencia":false},{"id":34,"edad":["NINO"],"esSugerencia":false},{"id":996,"esSugerencia":false},{"id":748,"esSugerencia":false},{"id":901,"esSugerencia":true},{"id":706,"esSugerencia":true}]},"fecha":1557072862872},{"frase":"mamá quiero jugar con la pelota violeta me gusta kiwi ","frecuencia":1,"complejidad":{"valor":0,"pictos componentes":[{"id":628,"esSugerencia":false},{"id":44,"esSugerencia":false},{"id":34,"edad":["NINO"],"esSugerencia":false},{"id":996,"esSugerencia":false},{"id":748,"esSugerencia":false},{"id":901,"esSugerencia":true},{"id":423,"esSugerencia":true}]},"fecha":1557072872814},{"frase":"mamá quiero jugar con la pelota colores cuatro ","frecuencia":1,"complejidad":{"valor":0,"pictos componentes":[{"id":628,"esSugerencia":false},{"id":44,"esSugerencia":false},{"id":34,"edad":["NINO"],"esSugerencia":false},{"id":996,"esSugerencia":false},{"id":737,"esSugerencia":false},{"id":839,"esSugerencia":true}]},"fecha":1557072902822},{"frase":"mamá quiero jugar con la pelota colores asno ","frecuencia":1,"complejidad":{"valor":0,"pictos componentes":[{"id":628,"esSugerencia":false},{"id":44,"esSugerencia":false},{"id":34,"edad":["NINO"],"esSugerencia":false},{"id":996,"esSugerencia":false},{"id":737,"esSugerencia":false},{"id":288,"esSugerencia":true}]},"fecha":1557072915634},{"frase":"mamá quiero jugar con papá ","frecuencia":1,"complejidad":{"valor":0,"pictos componentes":[{"id":628,"esSugerencia":false},{"id":44,"esSugerencia":false},{"id":34,"edad":["NINO"],"esSugerencia":false},{"id":632,"esSugerencia":false}]},"fecha":1557072934095},{"frase":"mamá dame el cuento ","frecuencia":1,"complejidad":{"valor":0,"pictos componentes":[{"id":628,"esSugerencia":false},{"id":14,"esSugerencia":false},{"id":986,"esSugerencia":false}]},"fecha":1557072960968},{"frase":"mamá dame el cuento el tambor el coche de bomberos ","frecuencia":1,"complejidad":{"valor":0,"pictos componentes":[{"id":628,"esSugerencia":false},{"id":14,"esSugerencia":false},{"id":986,"esSugerencia":false},{"id":870,"esSugerencia":true},{"id":981,"esSugerencia":true}]},"fecha":1557072981241},{"frase":"mamá dame el cuento el tambor el coche de bomberos dedos ","frecuencia":1,"complejidad":{"valor":0,"pictos componentes":[{"id":628,"esSugerencia":false},{"id":14,"esSugerencia":false},{"id":986,"esSugerencia":false},{"id":870,"esSugerencia":true},{"id":981,"esSugerencia":true},{"id":782,"esSugerencia":true}]},"fecha":1557072990823},{"frase":"yo estoy bien ","frecuencia":2,"complejidad":{"valor":0,"pictos componentes":[{"id":643,"esSugerencia":false},{"id":22,"esSugerencia":false},{"id":133,"esSugerencia":false}]},"fecha":[1557073013064,1557073015565]},{"frase":"yo estoy mal ","frecuencia":1,"complejidad":{"valor":0,"pictos componentes":[{"id":643,"esSugerencia":false},{"id":22,"esSugerencia":false},{"id":205,"esSugerencia":false}]},"fecha":1557073039327},{"frase":"yo estoy mal ananá o cambiar de canal ","frecuencia":1,"complejidad":{"valor":0,"pictos componentes":[{"id":643,"esSugerencia":false},{"id":22,"esSugerencia":false},{"id":205,"esSugerencia":false},{"id":394,"esSugerencia":true},{"id":910,"esSugerencia":true},{"id":8,"esSugerencia":true}]},"fecha":1557073093302},{"frase":"yo estoy mal ananá o cambiar de canal descripción ","frecuencia":1,"complejidad":{"valor":0,"pictos componentes":[{"id":643,"esSugerencia":false},{"id":22,"esSugerencia":false},{"id":205,"esSugerencia":false},{"id":394,"esSugerencia":true},{"id":910,"esSugerencia":true},{"id":8,"esSugerencia":true},{"id":707,"esSugerencia":true}]},"fecha":1557073102256},{"frase":"Hola Buenas tardes ","frecuencia":1,"complejidad":{"valor":0,"pictos componentes":[{"id":377,"esSugerencia":false},{"id":380,"horario":["MEDIODIA","TARDE"],"esSugerencia":false}]},"fecha":1557073118809},{"frase":"Hola ¿Cómo estás? ","frecuencia":1,"complejidad":{"valor":0,"pictos componentes":[{"id":377,"esSugerencia":false},{"id":378,"esSugerencia":false}]},"fecha":1557073142996},{"frase":"quiero ir a casa ","frecuencia":1,"complejidad":{"valor":0,"pictos componentes":[{"id":44,"esSugerencia":false},{"id":30,"esSugerencia":false},{"id":653,"esSugerencia":false}]},"fecha":1557073219038},{"frase":"papá quiero buscar ","frecuencia":1,"complejidad":{"valor":0,"pictos componentes":[{"id":632,"esSugerencia":false},{"id":44,"esSugerencia":false},{"id":5,"esSugerencia":false}]},"fecha":1557073278217}]