[{"frase":"papá estoy aburrido quiero ir a casa ","frecuencia":2,"complejidad":{"valor":0,"pictos componentes":[{"id":632,"esSugerencia":false},{"id":22,"esSugerencia":false},{"id":119,"esSugerencia":false},{"id":44,"esSugerencia":false},{"id":30,"esSugerencia":false},{"id":653,"esSugerencia":false}]},"fecha":[1559362193831,1559362205914]},{"frase":"yo estoy mas o menos jugar con amigos borrar pegamento la bateria ","frecuencia":1,"complejidad":{"valor":0,"pictos componentes":[{"id":643,"esSugerencia":false},{"id":22,"esSugerencia":false},{"id":204,"esSugerencia":false},{"id":34,"edad":["NINO"],"esSugerencia":true},{"id":615,"esSugerencia":false},{"id":4,"esSugerencia":true},{"id":768,"esSugerencia":true},{"id":849,"esSugerencia":true}]},"fecha":1559362236125},{"frase":"Hola ¿Cómo estás? tengo frío ","frecuencia":1,"complejidad":{"valor":0,"pictos componentes":[{"id":377,"esSugerencia":false},{"id":378,"esSugerencia":false},{"id":49,"esSugerencia":false},{"id":177,"esSugerencia":false}]},"fecha":1559394095928},{"frase":"Hola ¿Cómo estás? tengo frío veloz ","frecuencia":1,"complejidad":{"valor":0,"pictos componentes":[{"id":377,"esSugerencia":false},{"id":378,"esSugerencia":false},{"id":49,"esSugerencia":false},{"id":177,"esSugerencia":false},{"id":278,"esSugerencia":true}]},"fecha":1559394131181},{"frase":"Hola Buenas tardes tengo escuela ","frecuencia":1,"complejidad":{"valor":0,"pictos componentes":[{"id":377,"esSugerencia":false},{"id":380,"horario":["MEDIODIA","TARDE"],"esSugerencia":false},{"id":49,"esSugerencia":false},{"id":662,"esSugerencia":false}]},"fecha":1559743870265},{"frase":"quiero buscar mamá ","frecuencia":1,"complejidad":{"valor":0,"pictos componentes":[{"id":44,"esSugerencia":false},{"id":5,"esSugerencia":false},{"id":628,"esSugerencia":false}]},"fecha":1559818546396},{"frase":"papá quiero ir a un supermercado ","frecuencia":2,"complejidad":{"valor":0,"pictos componentes":[{"id":632,"esSugerencia":false},{"id":44,"esSugerencia":false},{"id":30,"esSugerencia":false},{"id":688,"esSugerencia":false}]},"fecha":[1560774148378,1560774154262]},{"frase":"mamá quiero ir a comer ","frecuencia":1,"complejidad":{"valor":0,"pictos componentes":[{"id":628,"esSugerencia":false},{"id":44,"esSugerencia":false},{"id":30,"esSugerencia":false},{"id":118,"esSugerencia":false}]},"fecha":1561148911184}]