[{"frase":"mamá dame leche y galletas ","frecuencia":1,"complejidad":{"valor":0,"pictos componentes":[{"id":628,"esSugerencia":false},{"id":14,"esSugerencia":false},{"id":427,"esSugerencia":false}]},"fecha":1596914695236},{"frase":"mamá quiero comer ","frecuencia":2,"complejidad":{"valor":0,"pictos componentes":[{"id":628,"esSugerencia":false},{"id":44,"esSugerencia":false},{"id":118,"esSugerencia":false}]},"fecha":[1597534095290,1597534100467]},{"frase":"un supermercado ","frecuencia":2,"complejidad":{"valor":0,"pictos componentes":[{"id":688}]},"fecha":[1597534201106,1597534202996]},{"frase":"un supermercado ir a ","frecuencia":3,"complejidad":{"valor":0,"pictos componentes":[{"id":688},{"id":30,"esSugerencia":false}]},"fecha":[1597534250953,1597534253519,1597534256030]}]