[{"frase":"Hola Buenas tardes ","frecuencia":16,"complejidad":{"valor":0,"pictos componentes":[{"id":377},{"id":380,"horario":["MEDIODIA","TARDE"]}]},"fecha":[1540840843,1543252045,1567960270089,1568473673468,1568473679088,1570374659055,1570374668517,1570375319040,1572025147975,1572025164904,1572025225925,1572025260361,1572025724342,1572026053548,1573232743179,1575214090067]},{"frase":"Hola Buenas tardes tengo ","frecuencia":9,"complejidad":{"valor":0,"pictos componentes":[{"id":377,"esSugerencia":false},{"id":380,"horario":["MEDIODIA","TARDE"],"esSugerencia":false},{"id":49,"esSugerencia":false}]},"fecha":[1543252051,1570374672537,1570375324859,1572025158432,1572025263565,1572025728952,1572026071516,1573232749910,1575214093778]},{"frase":"Hola Buenas tardes tengo verguenza ","frecuencia":1,"complejidad":{"valor":0,"pictos componentes":[{"id":377,"esSugerencia":false},{"id":380,"horario":["MEDIODIA","TARDE"],"esSugerencia":false},{"id":49,"esSugerencia":false},{"id":729,"esSugerencia":false}]},"fecha":[1543252056]},{"frase":"Hola Buenas tardes tengo verguenza aburrido ","frecuencia":1,"complejidad":{"valor":0,"pictos componentes":[{"id":377,"esSugerencia":false},{"id":380,"horario":["MEDIODIA","TARDE"],"esSugerencia":false},{"id":49,"esSugerencia":false},{"id":729,"esSugerencia":false},{"id":119,"esSugerencia":true}]},"fecha":[1543252062]},{"frase":"papá ","frecuencia":3,"complejidad":{"valor":0,"pictos componentes":[{"id":632,"esSugerencia":false}]},"fecha":[1567960195837,1567960201526,1567960204700]},{"frase":"papá quiero jugar con ","frecuencia":2,"complejidad":{"valor":0,"pictos componentes":[{"id":632,"esSugerencia":false},{"id":44,"esSugerencia":false},{"id":34,"esSugerencia":false}]},"fecha":[1567960208154,1567960211294]},{"frase":"papá quiero jugar con amigos ","frecuencia":1,"complejidad":{"valor":0,"pictos componentes":[{"id":632,"esSugerencia":false},{"id":44,"esSugerencia":false},{"id":34,"esSugerencia":false},{"id":615,"esSugerencia":false}]},"fecha":1567960216551},{"frase":"papá quiero jugar con amigos patalear ","frecuencia":1,"complejidad":{"valor":0,"pictos componentes":[{"id":632,"esSugerencia":false},{"id":44,"esSugerencia":false},{"id":34,"esSugerencia":false},{"id":615,"esSugerencia":false},{"id":88,"esSugerencia":true}]},"fecha":1567960221687},{"frase":"papá quiero jugar con amigos patalear tirarme al agua ","frecuencia":1,"complejidad":{"valor":0,"pictos componentes":[{"id":632,"esSugerencia":false},{"id":44,"esSugerencia":false},{"id":34,"esSugerencia":false},{"id":615,"esSugerencia":false},{"id":88,"esSugerencia":true},{"id":83,"esSugerencia":true}]},"fecha":1567960228375},{"frase":"papá quiero jugar con amigos patalear tirarme al agua aprender a nada ","frecuencia":1,"complejidad":{"valor":0,"pictos componentes":[{"id":632,"esSugerencia":false},{"id":44,"esSugerencia":false},{"id":34,"esSugerencia":false},{"id":615,"esSugerencia":false},{"id":88,"esSugerencia":true},{"id":83,"esSugerencia":true},{"id":59,"esSugerencia":true}]},"fecha":1567960235820},{"frase":"papá quiero jugar con amigos patalear tirarme al agua aprender a nada independiente ","frecuencia":2,"complejidad":{"valor":0,"pictos componentes":[{"id":632,"esSugerencia":false},{"id":44,"esSugerencia":false},{"id":34,"esSugerencia":false},{"id":615,"esSugerencia":false},{"id":88,"esSugerencia":true},{"id":83,"esSugerencia":true},{"id":59,"esSugerencia":true},{"id":189,"esSugerencia":true}]},"fecha":[1567960246155,1567960254574]},{"frase":"Hola Buenas tardes estoy ","frecuencia":4,"complejidad":{"valor":0,"pictos componentes":[{"id":377,"esSugerencia":false},{"id":380,"horario":["MEDIODIA","TARDE"],"esSugerencia":false},{"id":22,"esSugerencia":false}]},"fecha":[1567960276114,1568473682837,1572025169652,1572025231698]},{"frase":"Hola Buenas tardes estoy aburrido ","frecuencia":2,"complejidad":{"valor":0,"pictos componentes":[{"id":377,"esSugerencia":false},{"id":380,"horario":["MEDIODIA","TARDE"],"esSugerencia":false},{"id":22,"esSugerencia":false},{"id":119,"esSugerencia":false}]},"fecha":[1567960281016,1572025182311]},{"frase":"Hola Buenas tardes estoy bien ","frecuencia":3,"complejidad":{"valor":0,"pictos componentes":[{"id":377,"esSugerencia":false},{"id":380,"horario":["MEDIODIA","TARDE"],"esSugerencia":false},{"id":22,"esSugerencia":false},{"id":133,"esSugerencia":false}]},"fecha":[1567960288471,1567960293176,1572025235402]},{"frase":"Hola Buenas tardes estoy bien suyos ","frecuencia":1,"complejidad":{"valor":0,"pictos componentes":[{"id":377,"esSugerencia":false},{"id":380,"horario":["MEDIODIA","TARDE"],"esSugerencia":false},{"id":22,"esSugerencia":false},{"id":133,"esSugerencia":false},{"id":918,"esSugerencia":true}]},"fecha":1567960298440},{"frase":"Hola ","frecuencia":21,"complejidad":{"valor":0,"pictos componentes":[{"id":377,"esSugerencia":false}]},"fecha":[1568473669545,1570374656296,1570375309718,1570375311183,1570375312360,1570375313321,1570375313878,1570375314412,1570375314954,1570375315508,1570375380999,1572025144145,1572025223239,1572025255067,1572025256627,1572025720677,1572026049820,1572026050425,1572026233913,1573232737167,1575214085898]},{"frase":"Hola Buenas tardes estoy mal ","frecuencia":2,"complejidad":{"valor":0,"pictos componentes":[{"id":377,"esSugerencia":false},{"id":380,"horario":["MEDIODIA","TARDE"],"esSugerencia":false},{"id":22,"esSugerencia":false},{"id":205,"esSugerencia":false}]},"fecha":[1568473688820,1572025173975]},{"frase":"Hola Buenas tardes estoy mal mas o menos ","frecuencia":1,"complejidad":{"valor":0,"pictos componentes":[{"id":377,"esSugerencia":false},{"id":380,"horario":["MEDIODIA","TARDE"],"esSugerencia":false},{"id":22,"esSugerencia":false},{"id":205,"esSugerencia":false},{"id":204,"esSugerencia":true}]},"fecha":1568473693427},{"frase":"Hola Buenas tardes estoy mal mas o menos Si ","frecuencia":1,"complejidad":{"valor":0,"pictos componentes":[{"id":377,"esSugerencia":false},{"id":380,"horario":["MEDIODIA","TARDE"],"esSugerencia":false},{"id":22,"esSugerencia":false},{"id":205,"esSugerencia":false},{"id":204,"esSugerencia":true},{"id":388,"esSugerencia":true}]},"fecha":1568473699470},{"frase":"Hola Buenas tardes estoy mal mas o menos Si tengo ","frecuencia":1,"complejidad":{"valor":0,"pictos componentes":[{"id":377,"esSugerencia":false},{"id":380,"horario":["MEDIODIA","TARDE"],"esSugerencia":false},{"id":22,"esSugerencia":false},{"id":205,"esSugerencia":false},{"id":204,"esSugerencia":true},{"id":388,"esSugerencia":true},{"id":49,"esSugerencia":false}]},"fecha":1568473704829},{"frase":"Hola Buenas tardes estoy mal mas o menos Si tengo escuela ","frecuencia":1,"complejidad":{"valor":0,"pictos componentes":[{"id":377,"esSugerencia":false},{"id":380,"horario":["MEDIODIA","TARDE"],"esSugerencia":false},{"id":22,"esSugerencia":false},{"id":205,"esSugerencia":false},{"id":204,"esSugerencia":true},{"id":388,"esSugerencia":true},{"id":49,"esSugerencia":false},{"id":662,"esSugerencia":false}]},"fecha":1568473708678},{"frase":"Hola Buenas tardes estoy mal mas o menos Si tengo escuela escuela ","frecuencia":1,"complejidad":{"valor":0,"pictos componentes":[{"id":377,"esSugerencia":false},{"id":380,"horario":["MEDIODIA","TARDE"],"esSugerencia":false},{"id":22,"esSugerencia":false},{"id":205,"esSugerencia":false},{"id":204,"esSugerencia":true},{"id":388,"esSugerencia":true},{"id":49,"esSugerencia":false},{"id":662,"esSugerencia":false},{"id":662,"esSugerencia":true}]},"fecha":1568473714464},{"frase":"Hola Buenas tardes estoy mal mas o menos Si tengo escuela escuela escuela escuela escuela escuela escuela buscar mamá tengo verguenza ","frecuencia":1,"complejidad":{"valor":0,"pictos componentes":[{"id":377,"esSugerencia":false},{"id":380,"horario":["MEDIODIA","TARDE"],"esSugerencia":false},{"id":22,"esSugerencia":false},{"id":205,"esSugerencia":false},{"id":204,"esSugerencia":true},{"id":388,"esSugerencia":true},{"id":49,"esSugerencia":false},{"id":662,"esSugerencia":false},{"id":662,"esSugerencia":true},{"id":662,"esSugerencia":false},{"id":662,"esSugerencia":false},{"id":662,"esSugerencia":false},{"id":662,"esSugerencia":false},{"id":662,"esSugerencia":false},{"id":5,"esSugerencia":true},{"id":628,"esSugerencia":false},{"id":49,"esSugerencia":false},{"id":729,"esSugerencia":false}]},"fecha":1568473727756},{"frase":"Hola Buenas tardes estoy mal mas o menos Si tengo escuela escuela escuela escuela escuela escuela escuela buscar mamá tengo verguenza aburrido ","frecuencia":1,"complejidad":{"valor":0,"pictos componentes":[{"id":377,"esSugerencia":false},{"id":380,"horario":["MEDIODIA","TARDE"],"esSugerencia":false},{"id":22,"esSugerencia":false},{"id":205,"esSugerencia":false},{"id":204,"esSugerencia":true},{"id":388,"esSugerencia":true},{"id":49,"esSugerencia":false},{"id":662,"esSugerencia":false},{"id":662,"esSugerencia":true},{"id":662,"esSugerencia":false},{"id":662,"esSugerencia":false},{"id":662,"esSugerencia":false},{"id":662,"esSugerencia":false},{"id":662,"esSugerencia":false},{"id":5,"esSugerencia":true},{"id":628,"esSugerencia":false},{"id":49,"esSugerencia":false},{"id":729,"esSugerencia":false},{"id":119,"esSugerencia":false}]},"fecha":1568473741791},{"frase":"mamá ","frecuencia":4,"complejidad":{"valor":0,"pictos componentes":[{"id":628,"esSugerencia":false}]},"fecha":[1568473766916,1570374716496,1570375342216,1573232895282]},{"frase":"mamá quiero ","frecuencia":4,"complejidad":{"valor":0,"pictos componentes":[{"id":628,"esSugerencia":false},{"id":44,"esSugerencia":false}]},"fecha":[1568473770045,1570374721541,1570374723588,1570375345043]},{"frase":"mamá quiero comer ","frecuencia":1,"complejidad":{"valor":0,"pictos componentes":[{"id":628,"esSugerencia":false},{"id":44,"esSugerencia":false},{"id":118,"esSugerencia":false}]},"fecha":1568473773860},{"frase":"mamá quiero comer pollo ","frecuencia":1,"complejidad":{"valor":0,"pictos componentes":[{"id":628,"esSugerencia":false},{"id":44,"esSugerencia":false},{"id":118,"esSugerencia":false},{"id":504,"esSugerencia":false}]},"fecha":1568473778744},{"frase":"mamá quiero comer pollo muslo de pollo ","frecuencia":1,"complejidad":{"valor":0,"pictos componentes":[{"id":628,"esSugerencia":false},{"id":44,"esSugerencia":false},{"id":118,"esSugerencia":false},{"id":504,"esSugerencia":false},{"id":505,"esSugerencia":true}]},"fecha":1568473782856},{"frase":"mamá quiero comer pollo muslo de pollo para ","frecuencia":1,"complejidad":{"valor":0,"pictos componentes":[{"id":628,"esSugerencia":false},{"id":44,"esSugerencia":false},{"id":118,"esSugerencia":false},{"id":504,"esSugerencia":false},{"id":505,"esSugerencia":true},{"id":537,"esSugerencia":true}]},"fecha":1568473786715},{"frase":"mamá quiero comer pollo muslo de pollo para cartuchera ","frecuencia":1,"complejidad":{"valor":0,"pictos componentes":[{"id":628,"esSugerencia":false},{"id":44,"esSugerencia":false},{"id":118,"esSugerencia":false},{"id":504,"esSugerencia":false},{"id":505,"esSugerencia":true},{"id":537,"esSugerencia":true},{"id":753,"esSugerencia":true}]},"fecha":1568473791928},{"frase":"mamá quiero comer pollo muslo de pollo para cartuchera la armónica ","frecuencia":1,"complejidad":{"valor":0,"pictos componentes":[{"id":628,"esSugerencia":false},{"id":44,"esSugerencia":false},{"id":118,"esSugerencia":false},{"id":504,"esSugerencia":false},{"id":505,"esSugerencia":true},{"id":537,"esSugerencia":true},{"id":753,"esSugerencia":true},{"id":848,"esSugerencia":true}]},"fecha":1568473798071},{"frase":"Hola Buenas tardes tengo escuela ","frecuencia":7,"complejidad":{"valor":0,"pictos componentes":[{"id":377,"esSugerencia":false},{"id":380,"horario":["MEDIODIA","TARDE"],"esSugerencia":false},{"id":49,"esSugerencia":false},{"id":662,"esSugerencia":false}]},"fecha":[1570374685172,1570375328288,1572025269686,1572026075257,1573232754561,1575214104984,1575214114240]},{"frase":"Hola Buenas tardes tengo escuela sentarme ","frecuencia":1,"complejidad":{"valor":0,"pictos componentes":[{"id":377,"esSugerencia":false},{"id":380,"horario":["MEDIODIA","TARDE"],"esSugerencia":false},{"id":49,"esSugerencia":false},{"id":662,"esSugerencia":false},{"id":101,"esSugerencia":true}]},"fecha":1570374692076},{"frase":"Hola Buenas tardes tengo hambre ","frecuencia":1,"complejidad":{"valor":0,"pictos componentes":[{"id":377,"esSugerencia":false},{"id":380,"horario":["MEDIODIA","TARDE"],"esSugerencia":false},{"id":49,"esSugerencia":false},{"id":597,"esSugerencia":false}]},"fecha":1570374701020},{"frase":"mamá quiero jugar con ","frecuencia":2,"complejidad":{"valor":0,"pictos componentes":[{"id":628,"esSugerencia":false},{"id":44,"esSugerencia":false},{"id":34,"esSugerencia":false}]},"fecha":[1570374728954,1570374761118]},{"frase":"mamá quiero jugar con amigos ","frecuencia":1,"complejidad":{"valor":0,"pictos componentes":[{"id":628,"esSugerencia":false},{"id":44,"esSugerencia":false},{"id":34,"esSugerencia":false},{"id":615,"esSugerencia":false}]},"fecha":1570374733986},{"frase":"Hola Buen día ","frecuencia":5,"complejidad":{"valor":0,"pictos componentes":[{"id":377,"esSugerencia":false},{"id":379,"horario":["MANANA"],"esSugerencia":false}]},"fecha":[1570374815455,1570374817659,1570374819486,1570374822805,1570374825277]},{"frase":"Hola Buen día ir a ","frecuencia":1,"complejidad":{"valor":0,"pictos componentes":[{"id":377,"esSugerencia":false},{"id":379,"horario":["MANANA"],"esSugerencia":false},{"id":30,"esSugerencia":true}]},"fecha":1570374839448},{"frase":"Hola ¿Cómo estás? en azul ","frecuencia":15,"complejidad":{"valor":0,"pictos componentes":[{"id":377,"esSugerencia":false},{"id":378,"esSugerencia":false},{"id":533,"esSugerencia":true},{"id":734,"esSugerencia":true}]},"fecha":[1570374981182,1570374985936,1570374989309,1570374994080,1570374997199,1570375000124,1570375003847,1570375006931,1570375009923,1570375012812,1570375015710,1570375018748,1570375022230,1570375027606,1570375030194]},{"frase":"borracho ","frecuencia":54,"complejidad":{"valor":0,"pictos componentes":[{"id":134}]},"fecha":[1570375092940,1570375095440,1570375097061,1570375098291,1570375099109,1570375099884,1570375100572,1570375101407,1570375102795,1570375103534,1570375104214,1570375105020,1570375105669,1570375106345,1570375106992,1570375107651,1570375108379,1570375110934,1570375111596,1570375112284,1570375112964,1570375113672,1570375115090,1570375115935,1570375116614,1570375119908,1570375120694,1570375121385,1570375122123,1570375122850,1570375123566,1570375124238,1570375124899,1570375125704,1570375128998,1570375129689,1570375130502,1570375131230,1570375131929,1570375132629,1570375133445,1570375134193,1570375134873,1570375135661,1570375136449,1570375223937,1570375224751,1570375225751,1570375226567,1570375227296,1570375227937,1570375228675,1570375229336,1570375230083]},{"frase":"borracho quiero ","frecuencia":1,"complejidad":{"valor":0,"pictos componentes":[{"id":134},{"id":44,"esSugerencia":false}]},"fecha":1570375160415},{"frase":"borracho quiero ir a ","frecuencia":1,"complejidad":{"valor":0,"pictos componentes":[{"id":134},{"id":44,"esSugerencia":false},{"id":30,"esSugerencia":false}]},"fecha":1570375165448},{"frase":"borracho quiero ir a casa ","frecuencia":5,"complejidad":{"valor":0,"pictos componentes":[{"id":134},{"id":44,"esSugerencia":false},{"id":30,"esSugerencia":false},{"id":653,"esSugerencia":false}]},"fecha":[1570375183299,1570375188092,1570375198832,1570375202106,1570375207688]},{"frase":"borracho la discoteca ","frecuencia":7,"complejidad":{"valor":0,"pictos componentes":[{"id":134},{"id":661,"esSugerencia":true}]},"fecha":[1570375239158,1570375246505,1570375247990,1570375249749,1570375254501,1570375291639,1570375297755]},{"frase":"borracho la discoteca cuarto de baño ","frecuencia":1,"complejidad":{"valor":0,"pictos componentes":[{"id":134},{"id":661,"esSugerencia":true},{"id":660,"esSugerencia":true}]},"fecha":1570375259735},{"frase":"borracho la discoteca cuarto de baño rodilla ","frecuencia":1,"complejidad":{"valor":0,"pictos componentes":[{"id":134},{"id":661,"esSugerencia":true},{"id":660,"esSugerencia":true},{"id":802,"esSugerencia":true}]},"fecha":1570375265696},{"frase":"borracho la discoteca cuarto de baño rodilla boca ","frecuencia":1,"complejidad":{"valor":0,"pictos componentes":[{"id":134},{"id":661,"esSugerencia":true},{"id":660,"esSugerencia":true},{"id":802,"esSugerencia":true},{"id":777,"esSugerencia":true}]},"fecha":1570375277447},{"frase":"mamá quiero ir a ","frecuencia":1,"complejidad":{"valor":0,"pictos componentes":[{"id":628,"esSugerencia":false},{"id":44,"esSugerencia":false},{"id":30,"esSugerencia":false}]},"fecha":1570375348074},{"frase":"mamá quiero ir a hospital ","frecuencia":2,"complejidad":{"valor":0,"pictos componentes":[{"id":628,"esSugerencia":false},{"id":44,"esSugerencia":false},{"id":30,"esSugerencia":false},{"id":668,"esSugerencia":false}]},"fecha":[1570375351191,1570375367145]},{"frase":"mamá quiero ir a hospital Cansado ","frecuencia":1,"complejidad":{"valor":0,"pictos componentes":[{"id":628,"esSugerencia":false},{"id":44,"esSugerencia":false},{"id":30,"esSugerencia":false},{"id":668,"esSugerencia":false},{"id":137,"esSugerencia":true}]},"fecha":1570375357491},{"frase":"Hola ¿Cómo estás? ","frecuencia":1,"complejidad":{"valor":0,"pictos componentes":[{"id":377,"esSugerencia":false},{"id":378,"esSugerencia":false}]},"fecha":1570375383419},{"frase":"Hola ¿Cómo estás? estoy ","frecuencia":1,"complejidad":{"valor":0,"pictos componentes":[{"id":377,"esSugerencia":false},{"id":378,"esSugerencia":false},{"id":22,"esSugerencia":false}]},"fecha":1570375386555},{"frase":"Hola ¿Cómo estás? estoy bien ","frecuencia":1,"complejidad":{"valor":0,"pictos componentes":[{"id":377,"esSugerencia":false},{"id":378,"esSugerencia":false},{"id":22,"esSugerencia":false},{"id":133,"esSugerencia":false}]},"fecha":1570375389760},{"frase":"Hola ¿Cómo estás? estoy bien suyos ","frecuencia":1,"complejidad":{"valor":0,"pictos componentes":[{"id":377,"esSugerencia":false},{"id":378,"esSugerencia":false},{"id":22,"esSugerencia":false},{"id":133,"esSugerencia":false},{"id":918,"esSugerencia":false}]},"fecha":1570375402747},{"frase":"Hola ¿Cómo estás? estoy bien suyos robusto ","frecuencia":1,"complejidad":{"valor":0,"pictos componentes":[{"id":377,"esSugerencia":false},{"id":378,"esSugerencia":false},{"id":22,"esSugerencia":false},{"id":133,"esSugerencia":false},{"id":918,"esSugerencia":false},{"id":244,"esSugerencia":true}]},"fecha":1570375406286},{"frase":"Hola ¿Cómo estás? estoy bien suyos robusto turno ","frecuencia":1,"complejidad":{"valor":0,"pictos componentes":[{"id":377,"esSugerencia":false},{"id":378,"esSugerencia":false},{"id":22,"esSugerencia":false},{"id":133,"esSugerencia":false},{"id":918,"esSugerencia":false},{"id":244,"esSugerencia":true},{"id":727,"esSugerencia":true}]},"fecha":1570375411828},{"frase":"yo ","frecuencia":18,"complejidad":{"valor":0,"pictos componentes":[{"id":643,"esSugerencia":false}]},"fecha":[1572025029707,1572025281953,1572025293582,1572025469443,1572025769658,1572025795395,1572026239656,1572026326746,1572889688726,1572889713365,1572889806225,1573232780664,1573232852054,1573234317823,1573234374793,1573235317142,1573235544210,1573235824886]},{"frase":"yo quiero ","frecuencia":9,"complejidad":{"valor":0,"pictos componentes":[{"id":643,"esSugerencia":false},{"id":44,"esSugerencia":false}]},"fecha":[1572025040624,1572025296307,1572025407956,1572025472276,1573234385821,1573234388461,1573234390682,1573234510142,1573235821129]},{"frase":"yo quiero comer ","frecuencia":2,"complejidad":{"valor":0,"pictos componentes":[{"id":643,"esSugerencia":false},{"id":44,"esSugerencia":false},{"id":118,"esSugerencia":false}]},"fecha":[1572025050356,1572025135999]},{"frase":"Hola Buenas tardes estoy mas o menos ","frecuencia":1,"complejidad":{"valor":0,"pictos componentes":[{"id":377,"esSugerencia":false},{"id":380,"horario":["MEDIODIA","TARDE"],"esSugerencia":false},{"id":22,"esSugerencia":false},{"id":204,"esSugerencia":false}]},"fecha":1572025192515},{"frase":"Hola Buenas tardes estoy mas o menos jugar con ","frecuencia":1,"complejidad":{"valor":0,"pictos componentes":[{"id":377,"esSugerencia":false},{"id":380,"horario":["MEDIODIA","TARDE"],"esSugerencia":false},{"id":22,"esSugerencia":false},{"id":204,"esSugerencia":false},{"id":34,"esSugerencia":true}]},"fecha":1572025207076},{"frase":"yo quiero jugar con ","frecuencia":4,"complejidad":{"valor":0,"pictos componentes":[{"id":643,"esSugerencia":false},{"id":44,"esSugerencia":false},{"id":34,"esSugerencia":false}]},"fecha":[1572025300430,1572025412513,1572025475047,1573234432316]},{"frase":"yo quiero jugar con amigos ","frecuencia":3,"complejidad":{"valor":0,"pictos componentes":[{"id":643,"esSugerencia":false},{"id":44,"esSugerencia":false},{"id":34,"esSugerencia":false},{"id":615,"esSugerencia":false}]},"fecha":[1572025304047,1572025416394,1572025479011]},{"frase":"yo quiero jugar con amigos patalear ","frecuencia":1,"complejidad":{"valor":0,"pictos componentes":[{"id":643,"esSugerencia":false},{"id":44,"esSugerencia":false},{"id":34,"esSugerencia":false},{"id":615,"esSugerencia":false},{"id":88,"esSugerencia":false}]},"fecha":1572025317143},{"frase":"yo quiero jugar con papá ","frecuencia":1,"complejidad":{"valor":0,"pictos componentes":[{"id":643,"esSugerencia":false},{"id":44,"esSugerencia":false},{"id":34,"esSugerencia":false},{"id":632,"esSugerencia":false}]},"fecha":1572025327684},{"frase":"yo quiero jugar con papá a ","frecuencia":1,"complejidad":{"valor":0,"pictos componentes":[{"id":643,"esSugerencia":false},{"id":44,"esSugerencia":false},{"id":34,"esSugerencia":false},{"id":632,"esSugerencia":false},{"id":525}]},"fecha":1572025387045},{"frase":"yo quiero jugar con amigos a ","frecuencia":1,"complejidad":{"valor":0,"pictos componentes":[{"id":643,"esSugerencia":false},{"id":44,"esSugerencia":false},{"id":34,"esSugerencia":false},{"id":615,"esSugerencia":false},{"id":525}]},"fecha":1572025525055},{"frase":"yo quiero jugar con amigos a la pelota ","frecuencia":2,"complejidad":{"valor":0,"pictos componentes":[{"id":643,"esSugerencia":false},{"id":44,"esSugerencia":false},{"id":34,"esSugerencia":false},{"id":615,"esSugerencia":false},{"id":525},{"id":996,"esSugerencia":false}]},"fecha":[1572025612694,1572025636835]},{"frase":"yo computadora ","frecuencia":1,"complejidad":{"valor":0,"pictos componentes":[{"id":643,"esSugerencia":false},{"id":755,"esSugerencia":false}]},"fecha":1572025773507},{"frase":"yo computadora pan negro ","frecuencia":1,"complejidad":{"valor":0,"pictos componentes":[{"id":643,"esSugerencia":false},{"id":755,"esSugerencia":false},{"id":439,"esSugerencia":false}]},"fecha":1572025785641},{"frase":"yo faltar ","frecuencia":5,"complejidad":{"valor":0,"pictos componentes":[{"id":643,"esSugerencia":false},{"id":77}]},"fecha":[1572025883253,1572025884835,1572025886520,1572025890667,1573234955210]},{"frase":"yo faltar a ","frecuencia":3,"complejidad":{"valor":0,"pictos componentes":[{"id":643,"esSugerencia":false},{"id":77},{"id":525,"esSugerencia":true}]},"fecha":[1572025930598,1572025934013,1572026034023]},{"frase":"yo faltar a Hola ","frecuencia":1,"complejidad":{"valor":0,"pictos componentes":[{"id":643,"esSugerencia":false},{"id":77},{"id":525,"esSugerencia":true},{"id":377,"esSugerencia":false}]},"fecha":1572025940494},{"frase":"yo faltar a escuela ","frecuencia":3,"complejidad":{"valor":0,"pictos componentes":[{"id":643,"esSugerencia":false},{"id":77},{"id":525,"esSugerencia":true},{"id":662,"esSugerencia":false}]},"fecha":[1572025963174,1572025966613,1572025977918]},{"frase":"yo faltar a borrar ","frecuencia":1,"complejidad":{"valor":0,"pictos componentes":[{"id":643,"esSugerencia":false},{"id":77},{"id":525,"esSugerencia":true},{"id":4,"esSugerencia":true}]},"fecha":1572026022449},{"frase":"Cansado ","frecuencia":1,"complejidad":{"valor":0,"pictos componentes":[{"id":137,"esSugerencia":true}]},"fecha":1572026226770},{"frase":"yo Cansado ","frecuencia":1,"complejidad":{"valor":0,"pictos componentes":[{"id":643,"esSugerencia":false},{"id":137,"esSugerencia":true}]},"fecha":1572026348062},{"frase":"yo estoy aburrido ","frecuencia":1,"complejidad":{"valor":0,"pictos componentes":[{"id":643,"esSugerencia":false},{"id":22,"esSugerencia":false},{"id":119,"esSugerencia":false}]},"fecha":1572026367621},{"frase":"yo estoy mas o menos ","frecuencia":1,"complejidad":{"valor":0,"pictos componentes":[{"id":643,"esSugerencia":false},{"id":22,"esSugerencia":false},{"id":204,"esSugerencia":false}]},"fecha":1572026378374},{"frase":"yo estoy Cansado ","frecuencia":2,"complejidad":{"valor":0,"pictos componentes":[{"id":643,"esSugerencia":false},{"id":22,"esSugerencia":false},{"id":137,"esSugerencia":true}]},"fecha":[1572026412489,1572026423954]},{"frase":"","frecuencia":5,"complejidad":{"valor":0,"pictos componentes":[]},"fecha":[1572888932010,1572888940441,1572888945712,1572888963200,1573232828077]},{"frase":"estaciones del año ","frecuencia":1,"complejidad":{"valor":0,"pictos componentes":[{"id":813}]},"fecha":1572889143008},{"frase":"estaciones del año otoño ","frecuencia":2,"complejidad":{"valor":0,"pictos componentes":[{"id":813},{"id":816}]},"fecha":[1572889405866,1572889409658]},{"frase":"yo tengo ","frecuencia":3,"complejidad":{"valor":0,"pictos componentes":[{"id":643,"esSugerencia":false},{"id":49,"esSugerencia":false}]},"fecha":[1572889692652,1573232864122,1573235948576]},{"frase":"yo tengo escuela ","frecuencia":1,"complejidad":{"valor":0,"pictos componentes":[{"id":643,"esSugerencia":false},{"id":49,"esSugerencia":false},{"id":662,"esSugerencia":false}]},"fecha":1572889696554},{"frase":"yo estoy ","frecuencia":5,"complejidad":{"valor":0,"pictos componentes":[{"id":643,"esSugerencia":false},{"id":22,"esSugerencia":false}]},"fecha":[1572889721292,1573232792551,1573233101236,1573234564367,1573235829928]},{"frase":"yo estoy bien ","frecuencia":1,"complejidad":{"valor":0,"pictos componentes":[{"id":643,"esSugerencia":false},{"id":22,"esSugerencia":false},{"id":133,"esSugerencia":false}]},"fecha":1572889724821},{"frase":"yo estoy faltar ","frecuencia":5,"complejidad":{"valor":0,"pictos componentes":[{"id":643,"esSugerencia":false},{"id":22,"esSugerencia":false},{"id":77}]},"fecha":[1572889949995,1573234684302,1573234691779,1573234693152,1573234695025]},{"frase":"yo tengo frío ","frecuencia":1,"complejidad":{"valor":0,"pictos componentes":[{"id":643,"esSugerencia":false},{"id":49,"esSugerencia":false},{"id":177,"esSugerencia":false}]},"fecha":1573232868224},{"frase":"yo tengo verguenza ","frecuencia":1,"complejidad":{"valor":0,"pictos componentes":[{"id":643,"esSugerencia":false},{"id":49,"esSugerencia":false},{"id":729,"esSugerencia":false}]},"fecha":1573232878074},{"frase":"yo tengo verguenza seis ","frecuencia":1,"complejidad":{"valor":0,"pictos componentes":[{"id":643,"esSugerencia":false},{"id":49,"esSugerencia":false},{"id":729,"esSugerencia":false},{"id":841,"esSugerencia":true}]},"fecha":1573232883486},{"frase":"mamá dame ","frecuencia":1,"complejidad":{"valor":0,"pictos componentes":[{"id":628,"esSugerencia":false},{"id":14,"esSugerencia":false}]},"fecha":1573232901136},{"frase":"mamá dame leche y galletas ","frecuencia":1,"complejidad":{"valor":0,"pictos componentes":[{"id":628,"esSugerencia":false},{"id":14,"esSugerencia":false},{"id":427,"esSugerencia":false}]},"fecha":1573232907165},{"frase":"yo verano ","frecuencia":1,"complejidad":{"valor":0,"pictos componentes":[{"id":643,"esSugerencia":false},{"id":818}]},"fecha":1573232989577},{"frase":"yo verano boca ","frecuencia":1,"complejidad":{"valor":0,"pictos componentes":[{"id":643,"esSugerencia":false},{"id":818},{"id":777,"esSugerencia":true}]},"fecha":1573233082803},{"frase":"yo estoy las damas ","frecuencia":1,"complejidad":{"valor":0,"pictos componentes":[{"id":643,"esSugerencia":false},{"id":22,"esSugerencia":false},{"id":984}]},"fecha":1573233128620},{"frase":"yo estoy el ajedrez ","frecuencia":2,"complejidad":{"valor":0,"pictos componentes":[{"id":643,"esSugerencia":false},{"id":22,"esSugerencia":false},{"id":975}]},"fecha":[1573234354045,1573234358586]},{"frase":"yo quiero jugar con el ajedrez ","frecuencia":1,"complejidad":{"valor":0,"pictos componentes":[{"id":643,"esSugerencia":false},{"id":44,"esSugerencia":false},{"id":34,"esSugerencia":false},{"id":975}]},"fecha":1573234535620},{"frase":"yo estoy mal ","frecuencia":1,"complejidad":{"valor":0,"pictos componentes":[{"id":643,"esSugerencia":false},{"id":22,"esSugerencia":false},{"id":205,"esSugerencia":false}]},"fecha":1573234567194},{"frase":"yo estoy mal alto ","frecuencia":1,"complejidad":{"valor":0,"pictos componentes":[{"id":643,"esSugerencia":false},{"id":22,"esSugerencia":false},{"id":205,"esSugerencia":false},{"id":123,"esSugerencia":true}]},"fecha":1573234574879},{"frase":"yo faltar la computadora ","frecuencia":1,"complejidad":{"valor":0,"pictos componentes":[{"id":643,"esSugerencia":false},{"id":77},{"id":1016}]},"fecha":1573235227714},{"frase":"quiero ","frecuencia":1,"complejidad":{"valor":0,"pictos componentes":[{"id":44,"esSugerencia":false}]},"fecha":1573235257793},{"frase":"quiero jugar con ","frecuencia":1,"complejidad":{"valor":0,"pictos componentes":[{"id":44,"esSugerencia":false},{"id":34,"esSugerencia":false}]},"fecha":1573235262522},{"frase":"quiero jugar con la computadora ","frecuencia":2,"complejidad":{"valor":0,"pictos componentes":[{"id":44,"esSugerencia":false},{"id":34,"esSugerencia":false},{"id":1016}]},"fecha":[1573235286256,1573235295263]},{"frase":"yo aprender a nada ","frecuencia":1,"complejidad":{"valor":0,"pictos componentes":[{"id":643,"esSugerencia":false},{"id":59,"esSugerencia":true}]},"fecha":1573235392942},{"frase":"yo amar ","frecuencia":1,"complejidad":{"valor":0,"pictos componentes":[{"id":643,"esSugerencia":false},{"id":57}]},"fecha":1573235484608},{"frase":"Hola enamorado ","frecuencia":2,"complejidad":{"valor":0,"pictos componentes":[{"id":377,"esSugerencia":false},{"id":164}]},"fecha":[1573235723813,1573235728418]},{"frase":"yo estoy enamorado ","frecuencia":1,"complejidad":{"valor":0,"pictos componentes":[{"id":643,"esSugerencia":false},{"id":22,"esSugerencia":false},{"id":164}]},"fecha":1573235777924},{"frase":"yo botas de montaña ","frecuencia":1,"complejidad":{"valor":0,"pictos componentes":[{"id":643,"esSugerencia":false},{"id":933}]},"fecha":1573235859585},{"frase":"yo tengo zapatilla deportiva ","frecuencia":1,"complejidad":{"valor":0,"pictos componentes":[{"id":643,"esSugerencia":false},{"id":49,"esSugerencia":false},{"id":974}]},"fecha":1573236022091},{"frase":"yo tengo zapatilla deportiva pantalones cortos ","frecuencia":1,"complejidad":{"valor":0,"pictos componentes":[{"id":643,"esSugerencia":false},{"id":49,"esSugerencia":false},{"id":974},{"id":962}]},"fecha":1573236056937},{"frase":"y ","frecuencia":1,"complejidad":{"valor":0,"pictos componentes":[{"id":923}]},"fecha":1573236114158},{"frase":"Hola Buenas tardes tengo escuela escuela ","frecuencia":3,"complejidad":{"valor":0,"pictos componentes":[{"id":377,"esSugerencia":false},{"id":380,"horario":["MEDIODIA","TARDE"],"esSugerencia":false},{"id":49,"esSugerencia":false},{"id":662,"esSugerencia":false},{"id":662,"esSugerencia":false}]},"fecha":[1575214121816,1575214125782,1575214144189]}]