[{"frase":"Hola Buenas tardes ","frecuencia":1,"complejidad":{"valor":0,"pictos componentes":[{"id":377,"esSugerencia":false},{"id":380,"horario":["MEDIODIA","TARDE"],"esSugerencia":false}]},"fecha":1552770243589},{"frase":"Quiere comer una hamburguesa.","frecuencia":1,"complejidad":{"valor":0,"pictos componentes":[{"id":44,"esSugerencia":false},{"id":30,"esSugerencia":false},{"id":118,"esSugerencia":false},{"id":515,"esSugerencia":false}]},"fecha":1557248858234},{"frase":"Quiere buscar una hamburguesa y una buena escuela.","frecuencia":1,"complejidad":{"valor":0,"pictos componentes":[{"id":44,"esSugerencia":false},{"id":30,"esSugerencia":false},{"id":118,"esSugerencia":false},{"id":515,"esSugerencia":false},{"id":6,"esSugerencia":true},{"id":283,"esSugerencia":true},{"id":32,"esSugerencia":true},{"id":662,"esSugerencia":true},{"id":133,"esSugerencia":true},{"id":5,"esSugerencia":true}]},"fecha":1557248869338},{"frase":"Hola.","frecuencia":2,"complejidad":{"valor":0,"pictos componentes":[{"id":377,"esSugerencia":false}]},"fecha":[1557248923998,1557248936168]},{"frase":"Hola.Tiene hambre.","frecuencia":1,"complejidad":{"valor":0,"pictos componentes":[{"id":377,"esSugerencia":false},{"id":49,"esSugerencia":false},{"id":597,"esSugerencia":false}]},"fecha":1557248954345},{"frase":"Quiere ir a una casa.","frecuencia":7,"complejidad":{"valor":0,"pictos componentes":[{"id":44,"esSugerencia":false},{"id":30,"esSugerencia":false},{"id":653,"esSugerencia":false}]},"fecha":[1557248973619,1557248993337,1557249007307,1557249161871,1557249287484,1557249482930,1557250096410]},{"frase":"","frecuencia":3,"complejidad":{"valor":0,"pictos componentes":[]},"fecha":[1557249010059,1557249010697,1557249095965]},{"frase":"Quiere jugar con.","frecuencia":3,"complejidad":{"valor":0,"pictos componentes":[{"id":44,"esSugerencia":false},{"id":34,"edad":["NINO"],"esSugerencia":false},{"id":615,"esSugerencia":false}]},"fecha":[1557249045713,1557249859491,1557249879349]},{"frase":"Mamá.","frecuencia":3,"complejidad":{"valor":0,"pictos componentes":[{"id":628,"esSugerencia":false}]},"fecha":[1557249095169,1557249143172,1557249468652]},{"frase":"Quiere comer un pollo.","frecuencia":1,"complejidad":{"valor":0,"pictos componentes":[{"id":44,"esSugerencia":false},{"id":118,"esSugerencia":false},{"id":504,"esSugerencia":false}]},"fecha":1557249136470},{"frase":"Quiero ir a una casa","frecuencia":3,"complejidad":{"valor":0,"pictos componentes":[{"id":643,"esSugerencia":false},{"id":44,"esSugerencia":false},{"id":30,"esSugerencia":false},{"id":653,"esSugerencia":false}]},"fecha":[1557249185634,1557249266395,1557249361024]},{"frase":"Quiero ir a una casa y papá.","frecuencia":1,"complejidad":{"valor":0,"pictos componentes":[{"id":643,"esSugerencia":false},{"id":44,"esSugerencia":false},{"id":30,"esSugerencia":false},{"id":653,"esSugerencia":false},{"id":632,"esSugerencia":true}]},"fecha":1557249205824},{"frase":"Quiero ir a un hospital.","frecuencia":1,"complejidad":{"valor":0,"pictos componentes":[{"id":643,"esSugerencia":false},{"id":44,"esSugerencia":false},{"id":30,"esSugerencia":false},{"id":668,"esSugerencia":false}]},"fecha":1557249235094},{"frase":"Hola tiene frio","frecuencia":1,"complejidad":{"valor":0,"pictos componentes":[{"id":377,"esSugerencia":false},{"id":49,"esSugerencia":false},{"id":177,"esSugerencia":false}]},"fecha":1557249322466},{"frase":"Tengo frio.","frecuencia":1,"complejidad":{"valor":0,"pictos componentes":[{"id":643,"esSugerencia":false},{"id":49,"esSugerencia":false},{"id":177,"esSugerencia":false}]},"fecha":1557249334898},{"frase":"No.","frecuencia":1,"complejidad":{"valor":0,"pictos componentes":[{"id":389,"esSugerencia":false}]},"fecha":1557249399853},{"frase":"Abuelo.","frecuencia":1,"complejidad":{"valor":0,"pictos componentes":[{"id":614,"esSugerencia":false}]},"fecha":1557249408682},{"frase":"Quiere jugar con la tableta.","frecuencia":1,"complejidad":{"valor":0,"pictos componentes":[{"id":44,"esSugerencia":false},{"id":34,"edad":["NINO"],"esSugerencia":false},{"id":615,"esSugerencia":false},{"id":82,"edad":["JOVEN"],"esSugerencia":true}]},"fecha":1557249677580},{"frase":"Quiere.","frecuencia":2,"complejidad":{"valor":0,"pictos componentes":[{"id":44,"esSugerencia":false}]},"fecha":[1557249751141,1557249758097]},{"frase":"Quiere peinarse.","frecuencia":2,"complejidad":{"valor":0,"pictos componentes":[{"id":44,"esSugerencia":false},{"id":39,"esSugerencia":false}]},"fecha":[1557249774433,1557249826980]},{"frase":"Papá.","frecuencia":1,"complejidad":{"valor":0,"pictos componentes":[{"id":632,"esSugerencia":false}]},"fecha":1557249914603},{"frase":"Come un sándwich.","frecuencia":1,"complejidad":{"valor":0,"pictos componentes":[{"id":12,"esSugerencia":true}]},"fecha":1569348455153}]