[{"frase":"Hola Buenas tardes ","frecuencia":3,"complejidad":{"valor":0,"pictos componentes":[{"id":377},{"id":380,"horario":["MEDIODIA","TARDE"]}]},"fecha":[1539205106,1555030317143,1555030499893]},{"frase":"Hola Buenas tardes estoy bien ","frecuencia":3,"complejidad":{"valor":0,"pictos componentes":[{"id":377},{"id":380,"horario":["MEDIODIA","TARDE"]},{"id":22},{"id":133}]},"fecha":[1539205672,1539205776,1539205778]},{"frase":"Hola Buenas tardes estoy bien almendras ","frecuencia":2,"complejidad":{"valor":0,"pictos componentes":[{"id":377},{"id":380,"horario":["MEDIODIA","TARDE"]},{"id":22},{"id":133},{"id":393}]},"fecha":[1539205812,1539205819]},{"frase":"quiero ir a comer verduras ","frecuencia":1,"complejidad":{"valor":0,"pictos componentes":[{"id":44},{"id":30},{"id":118},{"id":478}]},"fecha":[1539205833]},{"frase":"","frecuencia":9,"complejidad":{"valor":0,"pictos componentes":[]},"fecha":[1539207134,1539207137,1539207138,1539207139,1539207383,1539463318,1539463418,1539463419,1539463430]},{"frase":"yo ","frecuencia":6,"complejidad":{"valor":0,"pictos componentes":[{"id":643}]},"fecha":[1539207219,1539207221,1539207222,1539207277,1539207337,1539463364]},{"frase":"Hola Buenas tardes tengo escuela ","frecuencia":1,"complejidad":{"valor":0,"pictos componentes":[{"id":377},{"id":380,"horario":["MEDIODIA","TARDE"]},{"id":49},{"id":662}]},"fecha":[1539207372]},{"frase":"Hola Buenas tardes quiero comer ","frecuencia":3,"complejidad":{"valor":0,"pictos componentes":[{"id":377},{"id":380,"horario":["MEDIODIA","TARDE"]},{"id":44},{"id":118}]},"fecha":[1539400534,1539732863,1570736005036]},{"frase":"Hola Buenas tardes quiero comer arroz ","frecuencia":1,"complejidad":{"valor":0,"pictos componentes":[{"id":377},{"id":380,"horario":["MEDIODIA","TARDE"]},{"id":44},{"id":118},{"id":481}]},"fecha":[1539400547]},{"frase":"Hola tengo plástica ","frecuencia":1,"complejidad":{"valor":0,"pictos componentes":[{"id":377},{"id":49},{"id":771}]},"fecha":[1539463095]},{"frase":"yo ir a casa ","frecuencia":1,"complejidad":{"valor":0,"pictos componentes":[{"id":643},{"id":30},{"id":653}]},"fecha":[1539463145]},{"frase":"mamá ","frecuencia":1,"complejidad":{"valor":0,"pictos componentes":[{"id":628}]},"fecha":[1539463159]},{"frase":"yo apenado ","frecuencia":1,"complejidad":{"valor":0,"pictos componentes":[{"id":643},{"id":125}]},"fecha":[1539463401]},{"frase":"yo estoy ","frecuencia":1,"complejidad":{"valor":0,"pictos componentes":[{"id":643},{"id":22}]},"fecha":[1539463434]},{"frase":"yo estoy jugar con la pelota ","frecuencia":1,"complejidad":{"valor":0,"pictos componentes":[{"id":643},{"id":22},{"id":34},{"id":996}]},"fecha":[1539463477]},{"frase":"Hola ","frecuencia":3,"complejidad":{"valor":0,"pictos componentes":[{"id":377}]},"fecha":[1539731319,1555030457134,1570735991827]},{"frase":"Hola Buenas tardes quiero ir a casa ","frecuencia":1,"complejidad":{"valor":0,"pictos componentes":[{"id":377},{"id":380,"horario":["MEDIODIA","TARDE"]},{"id":44},{"id":30},{"id":653}]},"fecha":[1539731334]},{"frase":"Hola Buenas tardes tengo frío ","frecuencia":1,"complejidad":{"valor":0,"pictos componentes":[{"id":377},{"id":380,"horario":["MEDIODIA","TARDE"]},{"id":49},{"id":177}]},"fecha":[1539862003]},{"frase":"Hola Buenas tardes tengo hambre ","frecuencia":2,"complejidad":{"valor":0,"pictos componentes":[{"id":377},{"id":380,"horario":["MEDIODIA","TARDE"]},{"id":49},{"id":597}]},"fecha":[1540938886,1540938891]},{"frase":"Hola ¿Cómo estás? ","frecuencia":1,"complejidad":{"valor":0,"pictos componentes":[{"id":377,"esSugerencia":false},{"id":378,"esSugerencia":false}]},"fecha":1550595401548},{"frase":"papá quiero ir a casa ","frecuencia":1,"complejidad":{"valor":0,"pictos componentes":[{"id":632,"esSugerencia":false},{"id":44,"esSugerencia":false},{"id":30,"esSugerencia":false},{"id":653,"esSugerencia":false}]},"fecha":1550595443048},{"frase":"papá ","frecuencia":1,"complejidad":{"valor":0,"pictos componentes":[{"id":632,"esSugerencia":false}]},"fecha":1550595468569},{"frase":"papá quiero jugar con la pelota violeta ","frecuencia":1,"complejidad":{"valor":0,"pictos componentes":[{"id":632,"esSugerencia":false},{"id":44,"esSugerencia":false},{"id":34,"esSugerencia":false},{"id":996,"esSugerencia":false},{"id":748,"esSugerencia":false}]},"fecha":1550595479828},{"frase":"yo quiero ir a casa ","frecuencia":1,"complejidad":{"valor":0,"pictos componentes":[{"id":643,"esSugerencia":false},{"id":44,"esSugerencia":false},{"id":30,"esSugerencia":false},{"id":653,"esSugerencia":false}]},"fecha":1555030524832},{"frase":"Hola Buenas tardes quiero comer pollo ","frecuencia":1,"complejidad":{"valor":0,"pictos componentes":[{"id":377,"esSugerencia":false},{"id":380,"horario":["MEDIODIA","TARDE"],"esSugerencia":false},{"id":44,"esSugerencia":false},{"id":118,"esSugerencia":false},{"id":504,"esSugerencia":false}]},"fecha":1570736017910}]