[{"frase":"abuelo quiero comer hamburguesa verduras carne ","frecuencia":3,"complejidad":{"valor":0,"pictos componentes":[{"id":614,"esSugerencia":false},{"id":44,"esSugerencia":false},{"id":118,"esSugerencia":false},{"id":515,"esSugerencia":false},{"id":478,"esSugerencia":false},{"id":482,"esSugerencia":false}]},"fecha":[1562533504695,1562533513883,1562533520525]},{"frase":"abuelo quiero comer hamburguesa ","frecuencia":4,"complejidad":{"valor":0,"pictos componentes":[{"id":614,"esSugerencia":false},{"id":44,"esSugerencia":false},{"id":118,"esSugerencia":false},{"id":515,"esSugerencia":false}]},"fecha":[1562533526576,1562533534643,1562533537077,1562533543960]},{"frase":"abuelo quiero comer verduras ","frecuencia":1,"complejidad":{"valor":0,"pictos componentes":[{"id":614,"esSugerencia":false},{"id":44,"esSugerencia":false},{"id":118,"esSugerencia":false},{"id":478,"esSugerencia":false}]},"fecha":1562533558385},{"frase":"abuelo quiero ","frecuencia":2,"complejidad":{"valor":0,"pictos componentes":[{"id":614,"esSugerencia":false},{"id":44,"esSugerencia":false}]},"fecha":[1562533569899,1562533572010]},{"frase":"abuelo quiero ir a ","frecuencia":1,"complejidad":{"valor":0,"pictos componentes":[{"id":614,"esSugerencia":false},{"id":44,"esSugerencia":false},{"id":30,"esSugerencia":false}]},"fecha":1562533576912},{"frase":"yo quiero buscar comida ","frecuencia":2,"complejidad":{"valor":0,"pictos componentes":[{"id":643,"esSugerencia":false},{"id":44,"esSugerencia":false},{"id":5,"esSugerencia":false},{"id":1014,"esSugerencia":false}]},"fecha":[1562533645255,1562533654426]},{"frase":"Hola ¿Cómo estás? ","frecuencia":4,"complejidad":{"valor":0,"pictos componentes":[{"id":377,"esSugerencia":false},{"id":378,"esSugerencia":false}]},"fecha":[1562533678608,1562533681677,1562533684279,1562533691521]},{"frase":"mamá ","frecuencia":2,"complejidad":{"valor":0,"pictos componentes":[{"id":628,"esSugerencia":false}]},"fecha":[1562533772692,1562533776717]},{"frase":"mamá tengo hambre ","frecuencia":1,"complejidad":{"valor":0,"pictos componentes":[{"id":628,"esSugerencia":false},{"id":49,"esSugerencia":false},{"id":597,"esSugerencia":false}]},"fecha":1562533783329},{"frase":"yo tengo frío ","frecuencia":1,"complejidad":{"valor":0,"pictos componentes":[{"id":643,"esSugerencia":false},{"id":49,"esSugerencia":false},{"id":177,"esSugerencia":false}]},"fecha":1562533818272},{"frase":"yo estoy aburrido ","frecuencia":1,"complejidad":{"valor":0,"pictos componentes":[{"id":643,"esSugerencia":false},{"id":22,"esSugerencia":false},{"id":119,"esSugerencia":false}]},"fecha":1562533838213},{"frase":"yo quiero ir a casa ","frecuencia":4,"complejidad":{"valor":0,"pictos componentes":[{"id":643,"esSugerencia":false},{"id":44,"esSugerencia":false},{"id":30,"esSugerencia":false},{"id":653,"esSugerencia":false}]},"fecha":[1562533887408,1562533892803,1562533903543,1569593606298]},{"frase":"yo quiero ir a casa papá ","frecuencia":1,"complejidad":{"valor":0,"pictos componentes":[{"id":643,"esSugerencia":false},{"id":44,"esSugerencia":false},{"id":30,"esSugerencia":false},{"id":653,"esSugerencia":false},{"id":632,"esSugerencia":true}]},"fecha":1562533898173},{"frase":"yo quiero ir a casa ayuda ","frecuencia":1,"complejidad":{"valor":0,"pictos componentes":[{"id":643,"esSugerencia":false},{"id":44,"esSugerencia":false},{"id":30,"esSugerencia":false},{"id":653,"esSugerencia":false},{"id":703,"esSugerencia":true}]},"fecha":1562533908609},{"frase":"Hola tengo escuela ","frecuencia":1,"complejidad":{"valor":0,"pictos componentes":[{"id":377,"esSugerencia":false},{"id":49,"esSugerencia":false},{"id":662,"esSugerencia":false}]},"fecha":1562533949132},{"frase":"Hola tengo varios ","frecuencia":1,"complejidad":{"valor":0,"pictos componentes":[{"id":377,"esSugerencia":false},{"id":49,"esSugerencia":false},{"id":277,"esSugerencia":false}]},"fecha":1562533962940},{"frase":"Hola tengo varios canelones ","frecuencia":1,"complejidad":{"valor":0,"pictos componentes":[{"id":377,"esSugerencia":false},{"id":49,"esSugerencia":false},{"id":277,"esSugerencia":false},{"id":400,"esSugerencia":true}]},"fecha":1562533991503},{"frase":"Hola tengo tetas ","frecuencia":1,"complejidad":{"valor":0,"pictos componentes":[{"id":377,"esSugerencia":false},{"id":49,"esSugerencia":false},{"id":806,"esSugerencia":true}]},"fecha":1562534032416},{"frase":"Hola tengo tetas nalgas ","frecuencia":1,"complejidad":{"valor":0,"pictos componentes":[{"id":377,"esSugerencia":false},{"id":49,"esSugerencia":false},{"id":806,"esSugerencia":true},{"id":789,"esSugerencia":true}]},"fecha":1562534051413},{"frase":"Hola tengo moco ","frecuencia":1,"complejidad":{"valor":0,"pictos componentes":[{"id":377,"esSugerencia":false},{"id":49,"esSugerencia":false},{"id":787,"esSugerencia":true}]},"fecha":1562534071534},{"frase":"yo tengo moco ","frecuencia":1,"complejidad":{"valor":0,"pictos componentes":[{"id":643,"esSugerencia":false},{"id":49,"esSugerencia":false},{"id":787,"esSugerencia":false}]},"fecha":1562534089630},{"frase":"yo tengo dolor de cabeza ","frecuencia":1,"complejidad":{"valor":0,"pictos componentes":[{"id":643,"esSugerencia":false},{"id":49,"esSugerencia":false},{"id":827,"esSugerencia":true}]},"fecha":1562534133441},{"frase":"yo tengo dolor de cabeza y ","frecuencia":1,"complejidad":{"valor":0,"pictos componentes":[{"id":643,"esSugerencia":false},{"id":49,"esSugerencia":false},{"id":827,"esSugerencia":true},{"id":923}]},"fecha":1562534176971},{"frase":"yo tengo dolor de cabeza y quiero hacer pis ","frecuencia":1,"complejidad":{"valor":0,"pictos componentes":[{"id":643,"esSugerencia":false},{"id":49,"esSugerencia":false},{"id":827,"esSugerencia":true},{"id":923},{"id":44,"esSugerencia":true},{"id":29,"esSugerencia":false}]},"fecha":1562534228802},{"frase":"yo tengo dolor de cabeza y Me encantaría comprar aspirina ","frecuencia":2,"complejidad":{"valor":0,"pictos componentes":[{"id":643,"esSugerencia":false},{"id":49,"esSugerencia":false},{"id":827,"esSugerencia":true},{"id":923},{"id":390,"esSugerencia":true},{"id":13,"esSugerencia":true},{"id":878}]},"fecha":[1562534460838,1562534490237]},{"frase":"yo No quiero comer verduras ","frecuencia":1,"complejidad":{"valor":0,"pictos componentes":[{"id":643,"esSugerencia":false},{"id":389,"esSugerencia":true},{"id":44,"esSugerencia":false},{"id":118,"esSugerencia":false},{"id":478,"esSugerencia":false}]},"fecha":1562534542545},{"frase":"yo No estoy bien ","frecuencia":1,"complejidad":{"valor":0,"pictos componentes":[{"id":643,"esSugerencia":false},{"id":389,"esSugerencia":true},{"id":22,"esSugerencia":false},{"id":133,"esSugerencia":false}]},"fecha":1562534570011},{"frase":"","frecuencia":2,"complejidad":{"valor":0,"pictos componentes":[]},"fecha":[1562534722131,1563837666503]},{"frase":"Hola ¿Cómo estás? quien? ","frecuencia":1,"complejidad":{"valor":0,"pictos componentes":[{"id":377,"esSugerencia":false},{"id":378,"esSugerencia":false},{"id":911}]},"fecha":1562535100665},{"frase":"Hola ¿Cómo estás? vos ","frecuencia":1,"complejidad":{"valor":0,"pictos componentes":[{"id":377,"esSugerencia":false},{"id":378,"esSugerencia":false},{"id":642,"esSugerencia":true}]},"fecha":1562535125843},{"frase":"yo tengo que llamar a alguien ","frecuencia":1,"complejidad":{"valor":0,"pictos componentes":[{"id":643,"esSugerencia":false},{"id":49,"esSugerencia":false},{"id":912},{"id":33}]},"fecha":1562535241575},{"frase":"ambos ","frecuencia":3,"complejidad":{"valor":0,"pictos componentes":[{"id":888}]},"fecha":[1562535297709,1562535301531,1562535304417]},{"frase":"ambos quiero comer pollo jirafa león ","frecuencia":1,"complejidad":{"valor":0,"pictos componentes":[{"id":888},{"id":44,"esSugerencia":false},{"id":118,"esSugerencia":false},{"id":504,"esSugerencia":false},{"id":320,"esSugerencia":true},{"id":323,"esSugerencia":true}]},"fecha":1562535323827},{"frase":"Hola Buenas tardes quiero ir a comer estofado ","frecuencia":1,"complejidad":{"valor":0,"pictos componentes":[{"id":377,"esSugerencia":false},{"id":380,"horario":["MEDIODIA","TARDE"],"esSugerencia":false},{"id":44,"esSugerencia":false},{"id":30,"esSugerencia":false},{"id":118,"esSugerencia":false},{"id":411,"esSugerencia":true}]},"fecha":1562535360497},{"frase":"Hola Buenas tardes quiero hacer pis ","frecuencia":1,"complejidad":{"valor":0,"pictos componentes":[{"id":377,"esSugerencia":false},{"id":380,"horario":["MEDIODIA","TARDE"],"esSugerencia":false},{"id":44,"esSugerencia":false},{"id":29,"esSugerencia":false}]},"fecha":1562535374707},{"frase":"Hola Buenas tardes ","frecuencia":4,"complejidad":{"valor":0,"pictos componentes":[{"id":377,"esSugerencia":false},{"id":380,"horario":["MEDIODIA","TARDE"],"esSugerencia":false}]},"fecha":[1563837390852,1563837398405,1569593459044,1578516799276]},{"frase":"Hola Buenas tardes estoy mal ","frecuencia":1,"complejidad":{"valor":0,"pictos componentes":[{"id":377,"esSugerencia":false},{"id":380,"horario":["MEDIODIA","TARDE"],"esSugerencia":false},{"id":22,"esSugerencia":false},{"id":205,"esSugerencia":false}]},"fecha":1563837422687},{"frase":"Hola Buenas tardes estoy mal yo quiero comer hamburguesa ","frecuencia":1,"complejidad":{"valor":0,"pictos componentes":[{"id":377,"esSugerencia":false},{"id":380,"horario":["MEDIODIA","TARDE"],"esSugerencia":false},{"id":22,"esSugerencia":false},{"id":205,"esSugerencia":false},{"id":643,"esSugerencia":false},{"id":44,"esSugerencia":false},{"id":118,"esSugerencia":false},{"id":515,"esSugerencia":false}]},"fecha":1563837488335},{"frase":"Hola Buenas tardes estoy mal yo quiero ","frecuencia":3,"complejidad":{"valor":0,"pictos componentes":[{"id":377,"esSugerencia":false},{"id":380,"horario":["MEDIODIA","TARDE"],"esSugerencia":false},{"id":22,"esSugerencia":false},{"id":205,"esSugerencia":false},{"id":643,"esSugerencia":false},{"id":44,"esSugerencia":false}]},"fecha":[1563837513481,1563837522615,1563837533720]},{"frase":"Hola Buenas tardes estoy mal yo quiero ir a un supermercado comprar la pistola de agua ","frecuencia":3,"complejidad":{"valor":0,"pictos componentes":[{"id":377,"esSugerencia":false},{"id":380,"horario":["MEDIODIA","TARDE"],"esSugerencia":false},{"id":22,"esSugerencia":false},{"id":205,"esSugerencia":false},{"id":643,"esSugerencia":false},{"id":44,"esSugerencia":false},{"id":30,"esSugerencia":false},{"id":688,"esSugerencia":false},{"id":13,"esSugerencia":true},{"id":1004,"esSugerencia":true}]},"fecha":[1563837559770,1563837573473,1563837580281]},{"frase":"Hola ","frecuencia":9,"complejidad":{"valor":0,"pictos componentes":[{"id":377,"esSugerencia":false}]},"fecha":[1563837670255,1563837694877,1563837695926,1563837697006,1563837697864,1576711625190,1576711633324,1576711639692,1576711709362]},{"frase":"yo No quiero comer carne casa papá ","frecuencia":3,"complejidad":{"valor":0,"pictos componentes":[{"id":643,"esSugerencia":false},{"id":389,"esSugerencia":false},{"id":44,"esSugerencia":false},{"id":118,"esSugerencia":false},{"id":482,"esSugerencia":false},{"id":653,"esSugerencia":true},{"id":632,"esSugerencia":false}]},"fecha":[1563837752061,1563837758759,1563837770379]},{"frase":"yo No quiero comer carne ","frecuencia":1,"complejidad":{"valor":0,"pictos componentes":[{"id":643,"esSugerencia":false},{"id":389,"esSugerencia":false},{"id":44,"esSugerencia":false},{"id":118,"esSugerencia":false},{"id":482,"esSugerencia":false}]},"fecha":1563837779787},{"frase":"yo No quiero comer carne rojo ","frecuencia":1,"complejidad":{"valor":0,"pictos componentes":[{"id":643,"esSugerencia":false},{"id":389,"esSugerencia":false},{"id":44,"esSugerencia":false},{"id":118,"esSugerencia":false},{"id":482,"esSugerencia":false},{"id":746}]},"fecha":1563837849784},{"frase":"yo No quiero comer carne casa rosa ","frecuencia":1,"complejidad":{"valor":0,"pictos componentes":[{"id":643,"esSugerencia":false},{"id":389,"esSugerencia":false},{"id":44,"esSugerencia":false},{"id":118,"esSugerencia":false},{"id":482,"esSugerencia":false},{"id":653,"esSugerencia":true},{"id":747}]},"fecha":1563837888709},{"frase":"yo estoy Cansado ","frecuencia":1,"complejidad":{"valor":0,"pictos componentes":[{"id":643,"esSugerencia":false},{"id":22,"esSugerencia":false},{"id":137}]},"fecha":1563837981615},{"frase":"Hola Buenas tardes tengo verguenza ","frecuencia":1,"complejidad":{"valor":0,"pictos componentes":[{"id":377,"esSugerencia":false},{"id":380,"horario":["MEDIODIA","TARDE"],"esSugerencia":false},{"id":49,"esSugerencia":false},{"id":729,"esSugerencia":false}]},"fecha":1565640728751},{"frase":"Hola Buenas tardes quiero ","frecuencia":1,"complejidad":{"valor":0,"pictos componentes":[{"id":377,"esSugerencia":false},{"id":380,"horario":["MEDIODIA","TARDE"],"esSugerencia":false},{"id":44,"esSugerencia":false}]},"fecha":1568991144120},{"frase":"Hola Buenas tardes quiero comer ","frecuencia":1,"complejidad":{"valor":0,"pictos componentes":[{"id":377,"esSugerencia":false},{"id":380,"horario":["MEDIODIA","TARDE"],"esSugerencia":false},{"id":44,"esSugerencia":false},{"id":118,"esSugerencia":false}]},"fecha":1568991151234},{"frase":"Hola Buenas tardes quiero comer pollo ","frecuencia":1,"complejidad":{"valor":0,"pictos componentes":[{"id":377,"esSugerencia":false},{"id":380,"horario":["MEDIODIA","TARDE"],"esSugerencia":false},{"id":44,"esSugerencia":false},{"id":118,"esSugerencia":false},{"id":504,"esSugerencia":false}]},"fecha":1568991155434},{"frase":"Hola tengo frío ","frecuencia":4,"complejidad":{"valor":0,"pictos componentes":[{"id":377,"esSugerencia":false},{"id":49,"esSugerencia":false},{"id":177,"esSugerencia":false}]},"fecha":[1569593369925,1569593378948,1576711656801,1576711672777]},{"frase":"Hola Buen día ","frecuencia":2,"complejidad":{"valor":0,"pictos componentes":[{"id":377,"esSugerencia":false},{"id":379,"horario":["MANANA"],"esSugerencia":false}]},"fecha":[1569593478728,1576711805702]},{"frase":"Hola Buen día quiero comer pollo ","frecuencia":1,"complejidad":{"valor":0,"pictos componentes":[{"id":377,"esSugerencia":false},{"id":379,"horario":["MANANA"],"esSugerencia":false},{"id":44,"esSugerencia":false},{"id":118,"esSugerencia":false},{"id":504,"esSugerencia":false}]},"fecha":1569593536117},{"frase":"Hola Buen día quiero comer pollo flan ","frecuencia":1,"complejidad":{"valor":0,"pictos componentes":[{"id":377,"esSugerencia":false},{"id":379,"horario":["MANANA"],"esSugerencia":false},{"id":44,"esSugerencia":false},{"id":118,"esSugerencia":false},{"id":504,"esSugerencia":false},{"id":412,"esSugerencia":true}]},"fecha":1569593555468},{"frase":"yo quiero ir a casa café pan negro pomelo ","frecuencia":1,"complejidad":{"valor":0,"pictos componentes":[{"id":643,"esSugerencia":false},{"id":44,"esSugerencia":false},{"id":30,"esSugerencia":false},{"id":653,"esSugerencia":false},{"id":496,"esSugerencia":false},{"id":439,"esSugerencia":true},{"id":447,"esSugerencia":true}]},"fecha":1569593635398},{"frase":"Hola tengo ","frecuencia":1,"complejidad":{"valor":0,"pictos componentes":[{"id":377,"esSugerencia":false},{"id":49,"esSugerencia":false}]},"fecha":1576711651366},{"frase":"Hola Buen día ir a ","frecuencia":1,"complejidad":{"valor":0,"pictos componentes":[{"id":377,"esSugerencia":false},{"id":379,"horario":["MANANA"],"esSugerencia":false},{"id":30,"esSugerencia":false}]},"fecha":1576711800561},{"frase":"Hola Buen día quiero comer ","frecuencia":1,"complejidad":{"valor":0,"pictos componentes":[{"id":377,"esSugerencia":false},{"id":379,"horario":["MANANA"],"esSugerencia":false},{"id":44,"esSugerencia":false},{"id":118,"esSugerencia":false}]},"fecha":1576711811735},{"frase":"Hola Buen día quiero comer hamburguesa ","frecuencia":1,"complejidad":{"valor":0,"pictos componentes":[{"id":377,"esSugerencia":false},{"id":379,"horario":["MANANA"],"esSugerencia":false},{"id":44,"esSugerencia":false},{"id":118,"esSugerencia":false},{"id":515,"esSugerencia":false}]},"fecha":1576711844894},{"frase":"Hola Buenas tardes Buen día ","frecuencia":1,"complejidad":{"valor":0,"pictos componentes":[{"id":377,"esSugerencia":false},{"id":380,"horario":["MEDIODIA","TARDE"],"esSugerencia":false},{"id":379,"horario":["MANANA"],"esSugerencia":false}]},"fecha":1578516858906},{"frase":"Hola Buenas tardes Buen día estoy mal ","frecuencia":1,"complejidad":{"valor":0,"pictos componentes":[{"id":377,"esSugerencia":false},{"id":380,"horario":["MEDIODIA","TARDE"],"esSugerencia":false},{"id":379,"horario":["MANANA"],"esSugerencia":false},{"id":22,"esSugerencia":false},{"id":205,"esSugerencia":false}]},"fecha":1578516894915},{"frase":"Hola ¿Cómo estás? tengo verguenza ","frecuencia":2,"complejidad":{"valor":0,"pictos componentes":[{"id":377,"esSugerencia":false},{"id":378,"esSugerencia":false},{"id":49,"esSugerencia":false},{"id":729,"esSugerencia":false}]},"fecha":[1579707122683,1579707134707]},{"frase":"Hola ¿Cómo estás? tengo ","frecuencia":1,"complejidad":{"valor":0,"pictos componentes":[{"id":377,"esSugerencia":false},{"id":378,"esSugerencia":false},{"id":49,"esSugerencia":false}]},"fecha":1579707143996}]