[{"frase":"áspero ","frecuencia":1,"complejidad":{"valor":0,"pictos componentes":[{"id":127}]},"fecha":1572641828230},{"frase":"","frecuencia":1,"complejidad":{"valor":0,"pictos componentes":[]},"fecha":1572642135230},{"frase":"Hola Buenas tardes quiero comer pollo ","frecuencia":1,"complejidad":{"valor":0,"pictos componentes":[{"id":377,"esSugerencia":false},{"id":380,"horario":["MEDIODIA","TARDE"],"esSugerencia":false,"hora":["TARDE"]},{"id":44,"esSugerencia":false},{"id":118,"esSugerencia":false},{"id":504,"esSugerencia":false}]},"fecha":1572642166865},{"frase":"quiero ir a casa papá ","frecuencia":1,"complejidad":{"valor":0,"pictos componentes":[{"id":44,"esSugerencia":false},{"id":30,"esSugerencia":false},{"id":653,"esSugerencia":false},{"id":632,"esSugerencia":true}]},"fecha":1572642210188},{"frase":"yo quiero ir a hospital ","frecuencia":1,"complejidad":{"valor":0,"pictos componentes":[{"id":643,"esSugerencia":false},{"id":44,"esSugerencia":false},{"id":30,"esSugerencia":false},{"id":668,"esSugerencia":false}]},"fecha":1572642245386},{"frase":"Hola ¿Cómo estás? ","frecuencia":1,"complejidad":{"valor":0,"pictos componentes":[{"id":377,"esSugerencia":false},{"id":378,"esSugerencia":false}]},"fecha":1572642420680},{"frase":"mamá dame leche y galletas ","frecuencia":6,"complejidad":{"valor":0,"pictos componentes":[{"id":628,"esSugerencia":false},{"id":14,"esSugerencia":false},{"id":427,"esSugerencia":false}]},"fecha":[1572642689964,1573080057798,1573080063220,1573080066614,1573080074489,1573080077776]},{"frase":"mamá dame la tablet aburrido ","frecuencia":1,"complejidad":{"valor":0,"pictos componentes":[{"id":628,"esSugerencia":false},{"id":14,"esSugerencia":false},{"id":774,"esSugerencia":false},{"id":119,"esSugerencia":true}]},"fecha":1572642702830},{"frase":"mamá dame la tablet alcaucil beige ","frecuencia":1,"complejidad":{"valor":0,"pictos componentes":[{"id":628,"esSugerencia":false},{"id":14,"esSugerencia":false},{"id":774,"esSugerencia":false},{"id":392,"esSugerencia":true},{"id":735,"esSugerencia":true}]},"fecha":1572642726288},{"frase":"Hola Buenas tardes estoy bien ","frecuencia":1,"complejidad":{"valor":0,"pictos componentes":[{"id":377,"esSugerencia":false},{"id":380,"horario":["MEDIODIA","TARDE"],"esSugerencia":false,"hora":["TARDE"]},{"id":22,"esSugerencia":false},{"id":133,"esSugerencia":false}]},"fecha":1572643527368},{"frase":"Hola tengo hambre quiero comer pollo ","frecuencia":1,"complejidad":{"valor":0,"pictos componentes":[{"id":377,"esSugerencia":false},{"id":49,"esSugerencia":false},{"id":597,"esSugerencia":false},{"id":44,"esSugerencia":true},{"id":118,"esSugerencia":false},{"id":504,"esSugerencia":false}]},"fecha":1572643600231},{"frase":"yo quiero comer carne ","frecuencia":1,"complejidad":{"valor":0,"pictos componentes":[{"id":643,"esSugerencia":false},{"id":44,"esSugerencia":false},{"id":118,"esSugerencia":false},{"id":482,"esSugerencia":false}]},"fecha":1572643640343},{"frase":"yo quiero ir a casa ","frecuencia":1,"complejidad":{"valor":0,"pictos componentes":[{"id":643,"esSugerencia":false},{"id":44,"esSugerencia":false},{"id":30,"esSugerencia":false},{"id":653,"esSugerencia":false}]},"fecha":1572643663862},{"frase":"dibujar ","frecuencia":1,"complejidad":{"valor":0,"pictos componentes":[{"id":15}]},"fecha":1572644196745},{"frase":"quiero buscar colores ","frecuencia":1,"complejidad":{"valor":0,"pictos componentes":[{"id":44,"esSugerencia":false},{"id":5,"esSugerencia":false},{"id":737,"esSugerencia":false}]},"fecha":1572644215419},{"frase":"papá dame la tablet ","frecuencia":1,"complejidad":{"valor":0,"pictos componentes":[{"id":632,"esSugerencia":false},{"id":14,"esSugerencia":false},{"id":774,"esSugerencia":false}]},"fecha":1572644237864},{"frase":"yo quiero comer pollo ","frecuencia":8,"complejidad":{"valor":0,"pictos componentes":[{"id":643,"esSugerencia":false},{"id":44,"esSugerencia":false},{"id":118,"esSugerencia":false},{"id":504,"esSugerencia":false}]},"fecha":[1573079890305,1573079898088,1573079903071,1573079909495,1573079930402,1573079933034,1573080006180,1573080009754]},{"frase":"yo ","frecuencia":1,"complejidad":{"valor":0,"pictos componentes":[{"id":643,"esSugerencia":false}]},"fecha":1573079957104},{"frase":"yo quiero ","frecuencia":2,"complejidad":{"valor":0,"pictos componentes":[{"id":643,"esSugerencia":false},{"id":44,"esSugerencia":false}]},"fecha":[1573079961766,1573079971045]},{"frase":"yo quiero comer ","frecuencia":2,"complejidad":{"valor":0,"pictos componentes":[{"id":643,"esSugerencia":false},{"id":44,"esSugerencia":false},{"id":118,"esSugerencia":false}]},"fecha":[1573079982679,1573079999219]},{"frase":"mamá dame leche y galletas bocadillo ","frecuencia":1,"complejidad":{"valor":0,"pictos componentes":[{"id":628,"esSugerencia":false},{"id":14,"esSugerencia":false},{"id":427,"esSugerencia":false},{"id":398,"esSugerencia":true}]},"fecha":1573080050995},{"frase":"Hola ","frecuencia":1,"complejidad":{"valor":0,"pictos componentes":[{"id":377,"esSugerencia":false}]},"fecha":1573080095302},{"frase":"Hola Buenas tardes ","frecuencia":2,"complejidad":{"valor":0,"pictos componentes":[{"id":377,"esSugerencia":false},{"id":380,"horario":["MEDIODIA","TARDE"],"esSugerencia":false,"hora":["TARDE"]}]},"fecha":[1573080098099,1573080103369]},{"frase":"Hola ¿Cómo estás? quiero comer Si ","frecuencia":1,"complejidad":{"valor":0,"pictos componentes":[{"id":377,"esSugerencia":false},{"id":378,"esSugerencia":false},{"id":44,"esSugerencia":false},{"id":118,"esSugerencia":false},{"id":388,"esSugerencia":false}]},"fecha":1573254003538}]