[{"frase":"papá ","frecuencia":2,"complejidad":{"valor":0,"pictos componentes":[{"id":632,"esSugerencia":false}]},"fecha":[1571155077804,1571155080742]},{"frase":"papá quiero ","frecuencia":2,"complejidad":{"valor":0,"pictos componentes":[{"id":632,"esSugerencia":false},{"id":44,"esSugerencia":false}]},"fecha":[1571155084722,1571155087294]},{"frase":"abrigo ","frecuencia":1,"complejidad":{"valor":0,"pictos componentes":[{"id":924}]},"fecha":1571155255741},{"frase":"mamá quiero ","frecuencia":3,"complejidad":{"valor":0,"pictos componentes":[{"id":628,"esSugerencia":false},{"id":44,"esSugerencia":false}]},"fecha":[1571155686431,1571155688419,1571155690020]},{"frase":"mamá quiero ir a ","frecuencia":1,"complejidad":{"valor":0,"pictos componentes":[{"id":628,"esSugerencia":false},{"id":44,"esSugerencia":false},{"id":30,"esSugerencia":false}]},"fecha":1571155697161},{"frase":"mamá quiero ir a comer huevo frito ","frecuencia":1,"complejidad":{"valor":0,"pictos componentes":[{"id":628,"esSugerencia":false},{"id":44,"esSugerencia":false},{"id":30,"esSugerencia":false},{"id":118,"esSugerencia":false},{"id":421}]},"fecha":1571155833426}]