[{"frase":"papá quiero jugar con la pelota verde ","frecuencia":1,"complejidad":{"valor":0,"pictos componentes":[{"id":632,"esSugerencia":false},{"id":44,"esSugerencia":false},{"id":34,"edad":["NINO"],"esSugerencia":false},{"id":996,"esSugerencia":false},{"id":749,"esSugerencia":false}]},"fecha":1563565099987},{"frase":"","frecuencia":3,"complejidad":{"valor":0,"pictos componentes":[]},"fecha":[1563565191147,1563565193390,1563565194406]},{"frase":"Hola ¿Cómo estás? quiero comer pollo ","frecuencia":2,"complejidad":{"valor":0,"pictos componentes":[]},"fecha":[1563570112858,1563570119581]},{"frase":"Hola ","frecuencia":8,"complejidad":{"valor":0,"pictos componentes":[]},"fecha":[1563570153888,1563570157240,1563570160462,1563570169072,1563570170133,1563570170784,1563570190200,1563570294713]},{"frase":"Hola ¿Cómo estás? ","frecuencia":1,"complejidad":{"valor":0,"pictos componentes":[{"id":377,"esSugerencia":false},{"id":378,"esSugerencia":false}]},"fecha":1563570300159},{"frase":"Hola ¿Cómo estás? quiero ","frecuencia":1,"complejidad":{"valor":0,"pictos componentes":[{"id":377,"esSugerencia":false},{"id":378,"esSugerencia":false},{"id":44,"esSugerencia":false}]},"fecha":1563570304569},{"frase":"Hola ¿Cómo estás? quiero comer carne ","frecuencia":1,"complejidad":{"valor":0,"pictos componentes":[{"id":377,"esSugerencia":false},{"id":378,"esSugerencia":false},{"id":44,"esSugerencia":false},{"id":118,"esSugerencia":false},{"id":482,"esSugerencia":false}]},"fecha":1563570312622},{"frase":"Hola ¿Cómo estás? quiero comer carne tomar ","frecuencia":1,"complejidad":{"valor":0,"pictos componentes":[{"id":377,"esSugerencia":false},{"id":378,"esSugerencia":false},{"id":44,"esSugerencia":false},{"id":118,"esSugerencia":false},{"id":482,"esSugerencia":false},{"id":51,"esSugerencia":true}]},"fecha":1563570324392},{"frase":"Hola ¿Cómo estás? quiero comer carne tomar gaseosa ","frecuencia":1,"complejidad":{"valor":0,"pictos componentes":[{"id":377,"esSugerencia":false},{"id":378,"esSugerencia":false},{"id":44,"esSugerencia":false},{"id":118,"esSugerencia":false},{"id":482,"esSugerencia":false},{"id":51,"esSugerencia":true},{"id":501,"esSugerencia":false}]},"fecha":1563570334114}]