[{"frase":"Hola ","frecuencia":1,"complejidad":{"valor":0,"pictos componentes":[{"id":377,"esSugerencia":false}]},"fecha":1574522752751},{"frase":"Hola mamá tengo frío ","frecuencia":1,"complejidad":{"valor":0,"pictos componentes":[{"id":377,"esSugerencia":false},{"id":628,"esSugerencia":false},{"id":49,"esSugerencia":false},{"id":177,"esSugerencia":false}]},"fecha":1574522773273},{"frase":"Hola Buenas tardes quiero hacer pis ","frecuencia":1,"complejidad":{"valor":0,"pictos componentes":[{"id":377,"esSugerencia":false},{"id":380,"horario":["MEDIODIA","TARDE"],"esSugerencia":false,"hora":["TARDE"]},{"id":44,"esSugerencia":false},{"id":29,"esSugerencia":false}]},"fecha":1574522812181},{"frase":"Hola Buenas tardes quiero ir a hospital Cansado ","frecuencia":3,"complejidad":{"valor":0,"pictos componentes":[{"id":377,"esSugerencia":false},{"id":380,"horario":["MEDIODIA","TARDE"],"esSugerencia":false,"hora":["TARDE"]},{"id":44,"esSugerencia":false},{"id":30,"esSugerencia":false},{"id":668,"esSugerencia":false},{"id":137}]},"fecha":[1574522867767,1574522872541,1574522876078]},{"frase":"Hola Buen día estoy enfermo ","frecuencia":1,"complejidad":{"valor":0,"pictos componentes":[{"id":377,"esSugerencia":false},{"id":379,"horario":["MANANA"],"esSugerencia":false,"hora":["MANANA"]},{"id":22,"esSugerencia":false},{"id":819,"esSugerencia":false}]},"fecha":1574523111048},{"frase":"Hola Buen día estoy enfermo acompañar borrar apagar la tablet bajar volumen bajar volumen ","frecuencia":1,"complejidad":{"valor":0,"pictos componentes":[{"id":377,"esSugerencia":false},{"id":379,"horario":["MANANA"],"esSugerencia":false,"hora":["MANANA"]},{"id":22,"esSugerencia":false},{"id":819,"esSugerencia":false},{"id":1},{"id":4},{"id":2,"esSugerencia":false},{"id":774,"esSugerencia":false},{"id":3},{"id":3}]},"fecha":1574523198554},{"frase":"Hola Buen día estoy enfermo acompañar borrar apagar la tablet bajar volumen bajar volumen antílope ","frecuencia":1,"complejidad":{"valor":0,"pictos componentes":[{"id":377,"esSugerencia":false},{"id":379,"horario":["MANANA"],"esSugerencia":false,"hora":["MANANA"]},{"id":22,"esSugerencia":false},{"id":819,"esSugerencia":false},{"id":1},{"id":4},{"id":2,"esSugerencia":false},{"id":774,"esSugerencia":false},{"id":3},{"id":3},{"id":285}]},"fecha":1574523214945},{"frase":"mamá ","frecuencia":1,"complejidad":{"valor":0,"pictos componentes":[{"id":628,"esSugerencia":false}]},"fecha":1574523226856},{"frase":"mamá ¿Cómo estás? ","frecuencia":1,"complejidad":{"valor":0,"pictos componentes":[{"id":628,"esSugerencia":false},{"id":378,"esSugerencia":false}]},"fecha":1574523229442},{"frase":"mamá ¿Cómo estás? quiero comer verduras ","frecuencia":1,"complejidad":{"valor":0,"pictos componentes":[{"id":628,"esSugerencia":false},{"id":378,"esSugerencia":false},{"id":44,"esSugerencia":false},{"id":118,"esSugerencia":false},{"id":478,"esSugerencia":false}]},"fecha":1574523240949}]