[{"frase":"papá ","frecuencia":1,"complejidad":{"valor":0,"pictos componentes":[{"id":632,"esSugerencia":false}]},"fecha":1568736910058},{"frase":"Hola Buen día tengo escuela ","frecuencia":2,"complejidad":{"valor":0,"pictos componentes":[{"id":377,"esSugerencia":false},{"id":379,"horario":["MANANA"],"esSugerencia":false},{"id":49,"esSugerencia":false},{"id":662,"esSugerencia":false}]},"fecha":[1568737003020,1568737006288]},{"frase":"mamá dame leche y galletas bocadillo ","frecuencia":3,"complejidad":{"valor":0,"pictos componentes":[{"id":628,"esSugerencia":false},{"id":14,"esSugerencia":false},{"id":427,"esSugerencia":false},{"id":398,"esSugerencia":true}]},"fecha":[1568737034676,1568737041798,1568737048078]},{"frase":"Si ","frecuencia":1,"complejidad":{"valor":0,"pictos componentes":[{"id":388,"esSugerencia":false}]},"fecha":1568748058917},{"frase":"","frecuencia":2,"complejidad":{"valor":0,"pictos componentes":[]},"fecha":[1568835782552,1571574791765]},{"frase":"escuchar música ","frecuencia":1,"complejidad":{"valor":0,"pictos componentes":[{"id":20}]},"fecha":1568835821132},{"frase":"escuchar música mamá ","frecuencia":1,"complejidad":{"valor":0,"pictos componentes":[{"id":20},{"id":628,"esSugerencia":false}]},"fecha":1568835824528},{"frase":"escuchar música mamá ¿Cómo estás? en azul blanco colores ","frecuencia":1,"complejidad":{"valor":0,"pictos componentes":[{"id":20},{"id":628,"esSugerencia":false},{"id":378,"esSugerencia":false},{"id":533,"esSugerencia":true},{"id":734,"esSugerencia":true},{"id":736,"esSugerencia":true},{"id":737,"esSugerencia":true}]},"fecha":1568835836816},{"frase":"escuchar música mamá ¿Cómo estás? en azul blanco colores los instrumentos musicales ","frecuencia":2,"complejidad":{"valor":0,"pictos componentes":[{"id":20},{"id":628,"esSugerencia":false},{"id":378,"esSugerencia":false},{"id":533,"esSugerencia":true},{"id":734,"esSugerencia":true},{"id":736,"esSugerencia":true},{"id":737,"esSugerencia":true},{"id":857,"esSugerencia":true}]},"fecha":[1568835846148,1568835853550]},{"frase":"escuchar música mamá ¿Cómo estás? en azul blanco colores los instrumentos musicales blanca veterinario Hola ","frecuencia":1,"complejidad":{"valor":0,"pictos componentes":[{"id":20},{"id":628,"esSugerencia":false},{"id":378,"esSugerencia":false},{"id":533,"esSugerencia":true},{"id":734,"esSugerencia":true},{"id":736,"esSugerencia":true},{"id":737,"esSugerencia":true},{"id":857,"esSugerencia":true},{"id":850,"esSugerencia":true},{"id":697},{"id":377,"esSugerencia":false}]},"fecha":1568835980459},{"frase":"yo estoy mas o menos jugar con caracol escuchar mamá ","frecuencia":2,"complejidad":{"valor":0,"pictos componentes":[{"id":643,"esSugerencia":false},{"id":22,"esSugerencia":false},{"id":204,"esSugerencia":false},{"id":34,"edad":["NINO"],"esSugerencia":true},{"id":299},{"id":21},{"id":628,"esSugerencia":false}]},"fecha":[1570049031654,1570049036743]}]