[{"frase":"mamá tengo frío ","frecuencia":3,"complejidad":{"valor":0,"pictos componentes":[{"id":628,"esSugerencia":false},{"id":49,"esSugerencia":false},{"id":177,"esSugerencia":false}]},"fecha":[1559572498506,1559572505584,1559574083261]},{"frase":"mamá tengo frío dame leche y galletas ","frecuencia":2,"complejidad":{"valor":0,"pictos componentes":[{"id":628,"esSugerencia":false},{"id":49,"esSugerencia":false},{"id":177,"esSugerencia":false},{"id":14,"esSugerencia":true},{"id":427,"esSugerencia":false}]},"fecha":[1559572533028,1559572547552]},{"frase":"abuelo tengo hambre quiero jugar con ","frecuencia":1,"complejidad":{"valor":0,"pictos componentes":[{"id":614,"esSugerencia":false},{"id":49,"esSugerencia":false},{"id":597,"esSugerencia":false},{"id":44,"esSugerencia":true},{"id":34,"edad":["NINO"],"esSugerencia":false}]},"fecha":1559572614596},{"frase":"yo quiero comer verduras ","frecuencia":1,"complejidad":{"valor":0,"pictos componentes":[{"id":643,"esSugerencia":false},{"id":44,"esSugerencia":false},{"id":118,"esSugerencia":false},{"id":478,"esSugerencia":false}]},"fecha":1559572661362},{"frase":"Hola ¿Cómo estás? quiero ","frecuencia":1,"complejidad":{"valor":0,"pictos componentes":[{"id":377,"esSugerencia":false},{"id":378,"esSugerencia":false},{"id":44,"esSugerencia":false}]},"fecha":1559572756721},{"frase":"yo tengo verguenza ","frecuencia":1,"complejidad":{"valor":0,"pictos componentes":[{"id":643,"esSugerencia":false},{"id":49,"esSugerencia":false},{"id":729,"esSugerencia":false}]},"fecha":1559572963614},{"frase":"mamá tengo verguenza ","frecuencia":2,"complejidad":{"valor":0,"pictos componentes":[{"id":628,"esSugerencia":false},{"id":49,"esSugerencia":false},{"id":729,"esSugerencia":false}]},"fecha":[1559572999741,1559590179974]},{"frase":"Hola Buenas tardes quiero jugar con ","frecuencia":1,"complejidad":{"valor":0,"pictos componentes":[{"id":377,"esSugerencia":false},{"id":380,"horario":["MEDIODIA","TARDE"],"esSugerencia":false},{"id":44,"esSugerencia":false},{"id":34,"edad":["NINO"],"esSugerencia":false}]},"fecha":1559573026267},{"frase":"","frecuencia":1,"complejidad":{"valor":0,"pictos componentes":[]},"fecha":1559573649666},{"frase":"Hola Buenas tardes tengo verguenza ","frecuencia":1,"complejidad":{"valor":0,"pictos componentes":[{"id":377,"esSugerencia":false},{"id":380,"horario":["MEDIODIA","TARDE"],"esSugerencia":false},{"id":49,"esSugerencia":false},{"id":729,"esSugerencia":false}]},"fecha":1559573675481},{"frase":"yo quiero buscar colores ","frecuencia":1,"complejidad":{"valor":0,"pictos componentes":[{"id":643,"esSugerencia":false},{"id":44,"esSugerencia":false},{"id":5,"esSugerencia":false},{"id":737,"esSugerencia":false}]},"fecha":1559573698877},{"frase":"quiero comer hamburguesa ","frecuencia":1,"complejidad":{"valor":0,"pictos componentes":[{"id":44,"esSugerencia":false},{"id":118,"esSugerencia":false},{"id":515,"esSugerencia":false}]},"fecha":1559574045308},{"frase":"Hola Buen día tengo hambre ","frecuencia":1,"complejidad":{"valor":0,"pictos componentes":[{"id":377,"esSugerencia":false},{"id":379,"horario":["MANANA"],"esSugerencia":false},{"id":49,"esSugerencia":false},{"id":597,"esSugerencia":false}]},"fecha":1559581657015},{"frase":"Hola Buenas tardes quiero comer ","frecuencia":1,"complejidad":{"valor":0,"pictos componentes":[{"id":377,"esSugerencia":false},{"id":380,"horario":["MEDIODIA","TARDE"],"esSugerencia":false},{"id":44,"esSugerencia":false},{"id":118,"esSugerencia":false}]},"fecha":1559581735766},{"frase":"quiero ir a un supermercado ","frecuencia":1,"complejidad":{"valor":0,"pictos componentes":[{"id":44,"esSugerencia":false},{"id":30,"esSugerencia":false},{"id":688,"esSugerencia":false}]},"fecha":1559590085292},{"frase":"Hola Buenas tardes estoy aburrido ","frecuencia":1,"complejidad":{"valor":0,"pictos componentes":[{"id":377,"esSugerencia":false},{"id":380,"horario":["MEDIODIA","TARDE"],"esSugerencia":false},{"id":22,"esSugerencia":false},{"id":119,"esSugerencia":false}]},"fecha":1559590146841},{"frase":"yo ","frecuencia":1,"complejidad":{"valor":0,"pictos componentes":[{"id":643,"esSugerencia":false}]},"fecha":1559590223396},{"frase":"yo tengo hambre canelones gambas música el cine ","frecuencia":1,"complejidad":{"valor":0,"pictos componentes":[{"id":643,"esSugerencia":false},{"id":49,"esSugerencia":false},{"id":597,"esSugerencia":false},{"id":400,"esSugerencia":true},{"id":416,"esSugerencia":true},{"id":573,"esSugerencia":true},{"id":1013,"esSugerencia":true}]},"fecha":1559590301915},{"frase":"mamá dame el cuento ","frecuencia":1,"complejidad":{"valor":0,"pictos componentes":[{"id":628,"esSugerencia":false},{"id":14,"esSugerencia":false},{"id":986,"esSugerencia":false}]},"fecha":1559590324143},{"frase":"quiero ir a casa ayuda ","frecuencia":1,"complejidad":{"valor":0,"pictos componentes":[{"id":44,"esSugerencia":false},{"id":30,"esSugerencia":false},{"id":653,"esSugerencia":false},{"id":703,"esSugerencia":true}]},"fecha":1559590372835},{"frase":"mamá ¿Cómo estás? ","frecuencia":1,"complejidad":{"valor":0,"pictos componentes":[{"id":628,"esSugerencia":false},{"id":378,"esSugerencia":false}]},"fecha":1559590397215}]