[{"frase":"","frecuencia":1,"complejidad":{"valor":0,"pictos componentes":[]},"fecha":1553542884184},{"frase":"lavarme las manos ","frecuencia":2,"complejidad":{"valor":0,"pictos componentes":[{"id":31}]},"fecha":[1553542944333,1553542945787]},{"frase":"Hola ¿Cómo estás? tengo frío ","frecuencia":2,"complejidad":{"valor":0,"pictos componentes":[{"id":377,"esSugerencia":false},{"id":378,"esSugerencia":false},{"id":49,"esSugerencia":false},{"id":177,"esSugerencia":false}]},"fecha":[1553543056976,1553543062399]}]