[{"frase":"Hola ¿Cómo estás? en ","frecuencia":1,"complejidad":{"valor":0,"pictos componentes":[{"id":377,"esSugerencia":false},{"id":378,"esSugerencia":false},{"id":533,"esSugerencia":true}]},"fecha":1555172919675},{"frase":"Hola ¿Cómo estás? hacer pis ","frecuencia":1,"complejidad":{"valor":0,"pictos componentes":[{"id":377,"esSugerencia":false},{"id":378,"esSugerencia":false},{"id":29,"esSugerencia":true}]},"fecha":1555172936083},{"frase":"Hola ¿Cómo estás? ","frecuencia":2,"complejidad":{"valor":0,"pictos componentes":[{"id":377,"esSugerencia":false},{"id":378,"esSugerencia":false}]},"fecha":[1555172979942,1555172982058]},{"frase":"Hola ¿Cómo estás? irritado feliz dorado ","frecuencia":1,"complejidad":{"valor":0,"pictos componentes":[{"id":377,"esSugerencia":false},{"id":378,"esSugerencia":false},{"id":194,"esSugerencia":true},{"id":171,"esSugerencia":true},{"id":738,"esSugerencia":true}]},"fecha":1555173013070}]