[{"frase":"Hola Buenas tardes ","frecuencia":3,"complejidad":{"valor":0,"pictos componentes":[{"id":377},{"id":380,"horario":["MEDIODIA","TARDE"]}]},"fecha":[1536345819,1538077325,1538077331]},{"frase":"Si ","frecuencia":5,"complejidad":{"valor":0,"pictos componentes":[{"id":388}]},"fecha":[1536345882,1536868538,1538077394,1538077423,1538077428]},{"frase":"yo quiero comer pollo ","frecuencia":1,"complejidad":{"valor":0,"pictos componentes":[{"id":643},{"id":44},{"id":118},{"id":504}]},"fecha":[1536345956]},{"frase":"yo quiero comer carne ","frecuencia":1,"complejidad":{"valor":0,"pictos componentes":[{"id":643},{"id":44},{"id":118},{"id":482}]},"fecha":[1536345967]},{"frase":"Hola ","frecuencia":3,"complejidad":{"valor":0,"pictos componentes":[{"id":377}]},"fecha":[1536867426,1536867435,1538077312]},{"frase":"Hola ¿Cómo estás? ","frecuencia":2,"complejidad":{"valor":0,"pictos componentes":[{"id":377},{"id":378}]},"fecha":[1536867446,1536867471]},{"frase":"Hola ¿Cómo estás? estoy bien ","frecuencia":2,"complejidad":{"valor":0,"pictos componentes":[{"id":377},{"id":378},{"id":22},{"id":133}]},"fecha":[1536867597,1536867615]},{"frase":"yo quiero jugar con el camión de juguete ","frecuencia":6,"complejidad":{"valor":0,"pictos componentes":[{"id":643},{"id":44},{"id":34},{"id":980}]},"fecha":[1536867706,1536867709,1536867713,1536867758,1536867801,1536867803]},{"frase":"yo quiero jugar con los cubos ","frecuencia":1,"complejidad":{"valor":0,"pictos componentes":[{"id":643},{"id":44},{"id":34},{"id":977}]},"fecha":[1536867835]},{"frase":"yo quiero cambiarme la ropa ","frecuencia":3,"complejidad":{"valor":0,"pictos componentes":[{"id":643},{"id":44},{"id":10}]},"fecha":[1536868071,1536868075,1536868078]},{"frase":"yo quiero cambiarme la ropa . ¿me ayudas? ","frecuencia":2,"complejidad":{"valor":0,"pictos componentes":[{"id":643},{"id":44},{"id":10},{"id":385}]},"fecha":[1536868110,1536868130]},{"frase":"dame la tablet ","frecuencia":1,"complejidad":{"valor":0,"pictos componentes":[{"id":14},{"id":774}]},"fecha":[1536868234]},{"frase":"dame leche y galletas ","frecuencia":3,"complejidad":{"valor":0,"pictos componentes":[{"id":14},{"id":427}]},"fecha":[1536868255,1536868261,1536868276]},{"frase":"dame leche y galletas Adiós ","frecuencia":1,"complejidad":{"valor":0,"pictos componentes":[{"id":14},{"id":427},{"id":382}]},"fecha":[1536868377]},{"frase":"No quiero ","frecuencia":2,"complejidad":{"valor":0,"pictos componentes":[{"id":389},{"id":44}]},"fecha":[1536868409,1536868414]},{"frase":"No quiero comer ","frecuencia":1,"complejidad":{"valor":0,"pictos componentes":[{"id":389},{"id":44},{"id":118}]},"fecha":[1536868423]},{"frase":"Si quiero ir a casa ","frecuencia":3,"complejidad":{"valor":0,"pictos componentes":[{"id":388},{"id":44},{"id":30},{"id":653}]},"fecha":[1536868463,1536868465,1536868475]},{"frase":"Si No ","frecuencia":2,"complejidad":{"valor":0,"pictos componentes":[{"id":388},{"id":389}]},"fecha":[1536868568,1538077434]},{"frase":"yo estoy bien ","frecuencia":1,"complejidad":{"valor":0,"pictos componentes":[{"id":643},{"id":22},{"id":133}]},"fecha":[1538165153]},{"frase":"yo ","frecuencia":3,"complejidad":{"valor":0,"pictos componentes":[{"id":643}]},"fecha":[1538262366,1538262366,1538262371]},{"frase":"Hola mamá ","frecuencia":2,"complejidad":{"valor":0,"pictos componentes":[{"id":377},{"id":628}]},"fecha":[1538262415,1538262416]},{"frase":"Hola mamá estoy aburrido ","frecuencia":1,"complejidad":{"valor":0,"pictos componentes":[{"id":377},{"id":628},{"id":22},{"id":119}]},"fecha":[1538262429]},{"frase":"Hola mamá tengo ","frecuencia":1,"complejidad":{"valor":0,"pictos componentes":[{"id":377},{"id":628},{"id":49}]},"fecha":[1538262434]},{"frase":"mamá dame galleta ","frecuencia":1,"complejidad":{"valor":0,"pictos componentes":[{"id":628},{"id":14},{"id":415}]},"fecha":[1538682124]},{"frase":"mamá dame leche y galletas ","frecuencia":1,"complejidad":{"valor":0,"pictos componentes":[{"id":628},{"id":14},{"id":427}]},"fecha":[1538682176]},{"frase":"mamá dame el cuento ","frecuencia":1,"complejidad":{"valor":0,"pictos componentes":[{"id":628},{"id":14},{"id":986}]},"fecha":[1538682211]},{"frase":"mamá dame los juguetes ","frecuencia":1,"complejidad":{"valor":0,"pictos componentes":[{"id":628},{"id":14},{"id":989}]},"fecha":[1538682275]},{"frase":"","frecuencia":5,"complejidad":{"valor":0,"pictos componentes":[]},"fecha":[1541706026,1557858612123,1557858613428,1557858613958,1557858615428]}]