[{"frase":"Hola cepillarme los dientes ","frecuencia":2,"complejidad":{"valor":0,"pictos componentes":[{"id":377,"esSugerencia":false},{"id":11,"esSugerencia":true}]},"fecha":[1572388677284,1572388680102]},{"frase":"Hola cepillarme los dientes dame ","frecuencia":1,"complejidad":{"valor":0,"pictos componentes":[{"id":377,"esSugerencia":false},{"id":11,"esSugerencia":true},{"id":14,"esSugerencia":false}]},"fecha":1572388683849},{"frase":"Hola cepillarme los dientes . ¿me ayudas? tomar ","frecuencia":1,"complejidad":{"valor":0,"pictos componentes":[{"id":377,"esSugerencia":false},{"id":11,"esSugerencia":true},{"id":385,"esSugerencia":false},{"id":51,"esSugerencia":false}]},"fecha":1572388697941},{"frase":"Hola cepillarme los dientes . ¿me ayudas? tomar yogur ","frecuencia":1,"complejidad":{"valor":0,"pictos componentes":[{"id":377,"esSugerencia":false},{"id":11,"esSugerencia":true},{"id":385,"esSugerencia":false},{"id":51,"esSugerencia":false},{"id":484,"esSugerencia":false}]},"fecha":1572388705058},{"frase":"yo mamá dame leche y galletas ","frecuencia":1,"complejidad":{"valor":0,"pictos componentes":[{"id":643,"esSugerencia":false},{"id":628,"esSugerencia":false},{"id":14,"esSugerencia":false},{"id":427,"esSugerencia":false}]},"fecha":1572388724299},{"frase":"Hola tengo hambre hambre ","frecuencia":1,"complejidad":{"valor":0,"pictos componentes":[{"id":377,"esSugerencia":false},{"id":49,"esSugerencia":false},{"id":597,"esSugerencia":false},{"id":597,"esSugerencia":false}]},"fecha":1572388754263},{"frase":"Hola ","frecuencia":2,"complejidad":{"valor":0,"pictos componentes":[{"id":377,"esSugerencia":false}]},"fecha":[1572464595873,1572464597660]},{"frase":"Hola comer un sandwich ","frecuencia":4,"complejidad":{"valor":0,"pictos componentes":[{"id":377,"esSugerencia":false},{"id":12,"esSugerencia":true}]},"fecha":[1572464646730,1572464654168,1572464658601,1572464667218]},{"frase":"Hola comer un sandwich quiero ","frecuencia":1,"complejidad":{"valor":0,"pictos componentes":[{"id":377,"esSugerencia":false},{"id":12,"esSugerencia":true},{"id":44,"esSugerencia":false}]},"fecha":1572464684541},{"frase":"yo ","frecuencia":1,"complejidad":{"valor":0,"pictos componentes":[{"id":643,"esSugerencia":false}]},"fecha":1572464716082},{"frase":"quiero jugar con el juguete ","frecuencia":1,"complejidad":{"valor":0,"pictos componentes":[{"id":44,"esSugerencia":false},{"id":34,"edad":["NINO"],"esSugerencia":false},{"id":761,"esSugerencia":false}]},"fecha":1572938339828},{"frase":"quiero jugar con el juguete mamá quiero ","frecuencia":1,"complejidad":{"valor":0,"pictos componentes":[{"id":44,"esSugerencia":false},{"id":34,"edad":["NINO"],"esSugerencia":false},{"id":761,"esSugerencia":false},{"id":628,"esSugerencia":false},{"id":44,"esSugerencia":false}]},"fecha":1572938348535},{"frase":"Hola Buen día ","frecuencia":1,"complejidad":{"valor":0,"pictos componentes":[{"id":377,"esSugerencia":false},{"id":379,"horario":["MANANA"],"esSugerencia":false}]},"fecha":1574819724335},{"frase":"mamá quiero jugar con la pelota ","frecuencia":1,"complejidad":{"valor":0,"pictos componentes":[{"id":628,"esSugerencia":false},{"id":44,"esSugerencia":false},{"id":34,"edad":["NINO"],"esSugerencia":false},{"id":996,"esSugerencia":false}]},"fecha":1598040043944},{"frase":"mamá quiero jugar con la pelota verde ","frecuencia":3,"complejidad":{"valor":0,"pictos componentes":[{"id":628,"esSugerencia":false},{"id":44,"esSugerencia":false},{"id":34,"edad":["NINO"],"esSugerencia":false},{"id":996,"esSugerencia":false},{"id":749,"esSugerencia":false}]},"fecha":[1598040052324,1598040163016,1598040176956]},{"frase":"mamá quiero jugar con la pelota verde mal ","frecuencia":2,"complejidad":{"valor":0,"pictos componentes":[{"id":628,"esSugerencia":false},{"id":44,"esSugerencia":false},{"id":34,"edad":["NINO"],"esSugerencia":false},{"id":996,"esSugerencia":false},{"id":749,"esSugerencia":false},{"id":205}]},"fecha":[1598040113259,1598040118490]},{"frase":"mamá quiero jugar con la pelota verde los instrumentos musicales ","frecuencia":1,"complejidad":{"valor":0,"pictos componentes":[{"id":628,"esSugerencia":false},{"id":44,"esSugerencia":false},{"id":34,"edad":["NINO"],"esSugerencia":false},{"id":996,"esSugerencia":false},{"id":749,"esSugerencia":false},{"id":857}]},"fecha":1598040245578}]