[{"frase":"yo quiero ","frecuencia":1,"complejidad":{"valor":0,"pictos componentes":[{"id":643,"esSugerencia":false},{"id":44,"esSugerencia":false}]},"fecha":1595946015745},{"frase":"Hola ","frecuencia":8,"complejidad":{"valor":0,"pictos componentes":[{"id":377,"esSugerencia":false}]},"fecha":[1595946020221,1595946084093,1595946090584,1595946110382,1595946114869,1595946232403,1595946316223,1595946327469]},{"frase":"","frecuencia":23,"complejidad":{"valor":0,"pictos componentes":[]},"fecha":[1595946021859,1595946087246,1595946123690,1595946183871,1595946185846,1595946919686,1595946919987,1595946920981,1595946921596,1595946935777,1595946961808,1596044223975,1596044224200,1596299652199,1596299652535,1596299653755,1598638928059,1598638929289,1598639020881,1599066698966,1599328315566,1599407204522,1599407205581]},{"frase":"Hola ¿Cómo estás? ","frecuencia":1,"complejidad":{"valor":0,"pictos componentes":[{"id":377,"esSugerencia":false},{"id":378,"esSugerencia":false}]},"fecha":1595946128549},{"frase":"quiero ","frecuencia":1,"complejidad":{"valor":0,"pictos componentes":[{"id":44,"esSugerencia":false}]},"fecha":1595946187357},{"frase":"Hola Buenas tardes ","frecuencia":1,"complejidad":{"valor":0,"pictos componentes":[{"id":377,"esSugerencia":false},{"id":380,"horario":["MEDIODIA","TARDE"],"esSugerencia":false,"hora":["TARDE"]}]},"fecha":1595946341809},{"frase":"yo estoy aburrido ","frecuencia":1,"complejidad":{"valor":0,"pictos componentes":[{"id":643,"esSugerencia":false},{"id":22,"esSugerencia":false},{"id":119,"esSugerencia":false}]},"fecha":1595946363552},{"frase":"gato caliente higiene personal ","frecuencia":2,"complejidad":{"valor":0,"pictos componentes":[{"id":313},{"id":140},{"id":708}]},"fecha":[1595946824609,1595946827448]},{"frase":"yo estoy mal ","frecuencia":2,"complejidad":{"valor":0,"pictos componentes":[{"id":643,"esSugerencia":false},{"id":22,"esSugerencia":false},{"id":205,"esSugerencia":false}]},"fecha":[1595946918405,1595962019209]},{"frase":"quiero ir a comer ","frecuencia":1,"complejidad":{"valor":0,"pictos componentes":[{"id":44,"esSugerencia":false},{"id":30,"esSugerencia":false},{"id":118,"esSugerencia":false}]},"fecha":1595961984069},{"frase":"yo tengo frío ","frecuencia":1,"complejidad":{"valor":0,"pictos componentes":[{"id":643,"esSugerencia":false},{"id":49,"esSugerencia":false},{"id":177,"esSugerencia":false}]},"fecha":1595962004153},{"frase":"yo estoy bien ","frecuencia":1,"complejidad":{"valor":0,"pictos componentes":[{"id":643,"esSugerencia":false},{"id":22,"esSugerencia":false},{"id":133,"esSugerencia":false}]},"fecha":1595962023359},{"frase":"mamá ¿Cómo estás? hombro ","frecuencia":10,"complejidad":{"valor":0,"pictos componentes":[{"id":628,"esSugerencia":false},{"id":378,"esSugerencia":false},{"id":784}]},"fecha":[1596044367606,1596044371117,1596044374157,1596044382030,1596044398390,1596044405433,1596044409972,1596044495106,1596044500399,1596044503624]},{"frase":"mamá tengo ","frecuencia":4,"complejidad":{"valor":0,"pictos componentes":[{"id":628,"esSugerencia":false},{"id":49,"esSugerencia":false}]},"fecha":[1598460418637,1598460424936,1598460438898,1598638985266]},{"frase":"mamá tengo verguenza ","frecuencia":1,"complejidad":{"valor":0,"pictos componentes":[{"id":628,"esSugerencia":false},{"id":49,"esSugerencia":false},{"id":729,"esSugerencia":false}]},"fecha":1598639082991},{"frase":"Adiós ","frecuencia":3,"complejidad":{"valor":0,"pictos componentes":[{"id":382,"esSugerencia":false}]},"fecha":[1599407205865,1599407206957,1599407207719]}]