[{"frase":"Hola Buenas tardes ","frecuencia":1,"complejidad":{"valor":0,"pictos componentes":[{"id":377,"esSugerencia":false},{"id":380,"horario":["MEDIODIA","TARDE"],"esSugerencia":false}]},"fecha":[1544043383]},{"frase":"Hola quiero tomar cerveza ","frecuencia":1,"complejidad":{"valor":0,"pictos componentes":[{"id":377,"esSugerencia":false},{"id":44,"esSugerencia":false},{"id":51,"esSugerencia":false},{"id":502,"edad":["ADULTO"],"esSugerencia":false}]},"fecha":1561225789468},{"frase":"escuchar escuchar música ","frecuencia":2,"complejidad":{"valor":0,"pictos componentes":[{"id":21,"esSugerencia":true},{"id":20,"esSugerencia":true}]},"fecha":[1564412091140,1564412094579]},{"frase":"Hola tengo verguenza ","frecuencia":1,"complejidad":{"valor":0,"pictos componentes":[{"id":377,"esSugerencia":false},{"id":49,"esSugerencia":false},{"id":729,"esSugerencia":false}]},"fecha":1564412137236},{"frase":"Hola ","frecuencia":2,"complejidad":{"valor":0,"pictos componentes":[{"id":377,"esSugerencia":false}]},"fecha":[1570459730175,1570459732735]},{"frase":"Hola quiero ","frecuencia":1,"complejidad":{"valor":0,"pictos componentes":[{"id":377,"esSugerencia":false},{"id":44,"esSugerencia":false}]},"fecha":1570459777764},{"frase":"Hola quiero peinarme ","frecuencia":1,"complejidad":{"valor":0,"pictos componentes":[{"id":377,"esSugerencia":false},{"id":44,"esSugerencia":false},{"id":39,"esSugerencia":false}]},"fecha":1570459799964},{"frase":"Hola ¿Cómo estás? quiero pasear ","frecuencia":1,"complejidad":{"valor":0,"pictos componentes":[{"id":377,"esSugerencia":false},{"id":378,"esSugerencia":false},{"id":44,"esSugerencia":false},{"id":38,"esSugerencia":true}]},"fecha":1570459879010},{"frase":"yo tengo dolor dolor de muela ","frecuencia":2,"complejidad":{"valor":0,"pictos componentes":[{"id":643,"esSugerencia":false},{"id":49,"esSugerencia":false},{"id":821,"esSugerencia":true},{"id":822,"esSugerencia":true}]},"fecha":[1570459909035,1570459913821]},{"frase":"yo quiero ","frecuencia":1,"complejidad":{"valor":0,"pictos componentes":[{"id":643,"esSugerencia":false},{"id":44,"esSugerencia":false}]},"fecha":1570460040015},{"frase":"yo quiero peinarme ","frecuencia":1,"complejidad":{"valor":0,"pictos componentes":[{"id":643,"esSugerencia":false},{"id":44,"esSugerencia":false},{"id":39,"esSugerencia":false}]},"fecha":1570460068461},{"frase":"Hola quiero comer pollo con patatas ","frecuencia":1,"complejidad":{"valor":0,"pictos componentes":[{"id":377,"esSugerencia":false},{"id":44,"esSugerencia":false},{"id":118,"esSugerencia":false},{"id":504,"esSugerencia":false},{"id":528,"esSugerencia":true},{"id":442,"esSugerencia":true}]},"fecha":1580160873685},{"frase":"Gracias ","frecuencia":1,"complejidad":{"valor":0,"pictos componentes":[{"id":384,"esSugerencia":false}]},"fecha":1580160893295},{"frase":"Hola quiero comer ","frecuencia":1,"complejidad":{"valor":0,"pictos componentes":[{"id":377,"esSugerencia":false},{"id":44,"esSugerencia":false},{"id":118,"esSugerencia":false}]},"fecha":1587582214016}]