[{"frase":"Hola Buenas tardes ","frecuencia":1,"complejidad":{"valor":0,"pictos componentes":[{"id":377,"esSugerencia":false},{"id":380,"horario":["MEDIODIA","TARDE"],"esSugerencia":false}]},"fecha":1560271656750},{"frase":"No estoy aburrido ","frecuencia":1,"complejidad":{"valor":0,"pictos componentes":[{"id":389,"esSugerencia":false},{"id":22,"esSugerencia":false},{"id":119,"esSugerencia":false}]},"fecha":1560271852666},{"frase":"quiero comer carne ","frecuencia":2,"complejidad":{"valor":0,"pictos componentes":[{"id":44,"esSugerencia":false},{"id":118,"esSugerencia":false},{"id":482,"esSugerencia":false}]},"fecha":[1560271944722,1560278773712]},{"frase":"quiero comer pollo ","frecuencia":1,"complejidad":{"valor":0,"pictos componentes":[{"id":44,"esSugerencia":false},{"id":118,"esSugerencia":false},{"id":504,"esSugerencia":false}]},"fecha":1560278891865},{"frase":"","frecuencia":6,"complejidad":{"valor":0,"pictos componentes":[]},"fecha":[1560278920789,1560279048157,1560892207433,1560892213131,1560893532661,1560893594898]},{"frase":"No comer pollo ","frecuencia":1,"complejidad":{"valor":0,"pictos componentes":[{"id":389,"esSugerencia":false},{"id":118,"esSugerencia":false},{"id":504,"esSugerencia":false}]},"fecha":1560278954129},{"frase":"quiero comer hamburguesa ","frecuencia":1,"complejidad":{"valor":0,"pictos componentes":[{"id":44,"esSugerencia":false},{"id":118,"esSugerencia":false},{"id":515,"esSugerencia":false}]},"fecha":1560279107494},{"frase":"Hola ¿Cómo estás? ","frecuencia":9,"complejidad":{"valor":0,"pictos componentes":[{"id":377,"esSugerencia":false},{"id":378,"esSugerencia":false}]},"fecha":[1560303943714,1560303981233,1560304453676,1560304491751,1560304504935,1560304543339,1560304553027,1560304588177,1560305256137]},{"frase":"Hola ¿Cómo estás? bien ","frecuencia":1,"complejidad":{"valor":0,"pictos componentes":[{"id":377,"esSugerencia":false},{"id":378,"esSugerencia":false},{"id":133,"esSugerencia":true}]},"fecha":1560303971536},{"frase":"Si estoy bien ","frecuencia":1,"complejidad":{"valor":0,"pictos componentes":[{"id":388,"esSugerencia":false},{"id":22,"esSugerencia":false},{"id":133,"esSugerencia":false}]},"fecha":1560304006653},{"frase":"yo quiero jugar con papá ","frecuencia":1,"complejidad":{"valor":0,"pictos componentes":[{"id":643,"esSugerencia":false},{"id":44,"esSugerencia":false},{"id":34,"edad":["NINO"],"esSugerencia":false},{"id":632,"esSugerencia":false}]},"fecha":1560304024180},{"frase":"Hola estoy bien ","frecuencia":1,"complejidad":{"valor":0,"pictos componentes":[{"id":377,"esSugerencia":false},{"id":22,"esSugerencia":false},{"id":133,"esSugerencia":false}]},"fecha":1560304614130},{"frase":"quiero ir a casa ","frecuencia":1,"complejidad":{"valor":0,"pictos componentes":[{"id":44,"esSugerencia":false},{"id":30,"esSugerencia":false},{"id":653,"esSugerencia":false}]},"fecha":1560304659783},{"frase":"yo tengo dolor ","frecuencia":1,"complejidad":{"valor":0,"pictos componentes":[{"id":643,"esSugerencia":false},{"id":49,"esSugerencia":false},{"id":821,"esSugerencia":true}]},"fecha":1560304693845},{"frase":"quiero leche y galletas ","frecuencia":1,"complejidad":{"valor":0,"pictos componentes":[{"id":44,"esSugerencia":false},{"id":427}]},"fecha":1560304759690},{"frase":"No tengo leche y galletas ","frecuencia":1,"complejidad":{"valor":0,"pictos componentes":[{"id":389,"esSugerencia":false},{"id":49,"esSugerencia":false},{"id":427}]},"fecha":1560304799459},{"frase":"pan blanco ","frecuencia":1,"complejidad":{"valor":0,"pictos componentes":[{"id":438}]},"fecha":1560304876596},{"frase":"quiero ir a un supermercado comprar frutilla ","frecuencia":1,"complejidad":{"valor":0,"pictos componentes":[{"id":44,"esSugerencia":false},{"id":30,"esSugerencia":false},{"id":688,"esSugerencia":false},{"id":13,"esSugerencia":true},{"id":414}]},"fecha":1560305362579},{"frase":"Hola tengo hambre ","frecuencia":2,"complejidad":{"valor":0,"pictos componentes":[{"id":377,"esSugerencia":false},{"id":49,"esSugerencia":false},{"id":597,"esSugerencia":false}]},"fecha":[1560417428278,1560417466683]},{"frase":"flan ","frecuencia":1,"complejidad":{"valor":0,"pictos componentes":[{"id":412,"esSugerencia":true}]},"fecha":1560417528302},{"frase":"dinosaurio comer hoja ","frecuencia":1,"complejidad":{"valor":0,"pictos componentes":[{"id":307,"edad":["NINO"]},{"id":118,"esSugerencia":false},{"id":1034}]},"fecha":1560431805939},{"frase":"dinosaurio comer salmón ","frecuencia":3,"complejidad":{"valor":0,"pictos componentes":[{"id":307,"edad":["NINO"]},{"id":1035},{"id":351}]},"fecha":[1560431987803,1560432064036,1560432073654]},{"frase":"dinosaurio comer muslo de pollo ","frecuencia":1,"complejidad":{"valor":0,"pictos componentes":[{"id":307,"edad":["NINO"]},{"id":1035,"esSugerencia":false},{"id":505,"esSugerencia":true}]},"fecha":1560432110542},{"frase":"quiero cabra ","frecuencia":2,"complejidad":{"valor":0,"pictos componentes":[{"id":44,"esSugerencia":false},{"id":294}]},"fecha":[1560892656291,1560892663201]},{"frase":"quiero cebra ","frecuencia":9,"complejidad":{"valor":0,"pictos componentes":[{"id":44,"esSugerencia":false},{"id":300}]},"fecha":[1560892684719,1560892688807,1560892695464,1560892702211,1560893654162,1560893656048,1560893658592,1560893659546,1560893659752]},{"frase":"quiero búho ","frecuencia":9,"complejidad":{"valor":0,"pictos componentes":[{"id":44,"esSugerencia":false},{"id":291,"esSugerencia":true}]},"fecha":[1560892725153,1560893567591,1560893570289,1560893571487,1560893574236,1560893575280,1560893575705,1560893578478,1560893579341]},{"frase":"quiero dinosaurio ","frecuencia":1,"complejidad":{"valor":0,"pictos componentes":[{"id":44,"esSugerencia":false},{"id":307,"edad":["NINO"]}]},"fecha":1560893693223},{"frase":"quiero gusano ","frecuencia":1,"complejidad":{"valor":0,"pictos componentes":[{"id":44,"esSugerencia":false},{"id":315}]},"fecha":1560893745425},{"frase":"quiero rana ","frecuencia":1,"complejidad":{"valor":0,"pictos componentes":[{"id":44,"esSugerencia":false},{"id":348}]},"fecha":1560893955224},{"frase":"quiero seis amarillo ","frecuencia":1,"complejidad":{"valor":0,"pictos componentes":[{"id":44,"esSugerencia":false},{"id":841},{"id":733}]},"fecha":1561579230670}]