[{"frase":"Hola Buenas tardes ","frecuencia":3,"complejidad":{"valor":0,"pictos componentes":[{"id":377,"esSugerencia":false},{"id":380,"horario":["MEDIODIA","TARDE"],"esSugerencia":false}]},"fecha":[1554223695472,1559066361124,1562181119050]},{"frase":"yo estoy bien ","frecuencia":1,"complejidad":{"valor":0,"pictos componentes":[{"id":643,"esSugerencia":false},{"id":22,"esSugerencia":false},{"id":133,"esSugerencia":false}]},"fecha":1554223827171},{"frase":"Hola Buenas tardes estoy bien ","frecuencia":1,"complejidad":{"valor":0,"pictos componentes":[{"id":377,"esSugerencia":false},{"id":380,"horario":["MEDIODIA","TARDE"],"esSugerencia":false},{"id":22,"esSugerencia":false},{"id":133,"esSugerencia":false}]},"fecha":1554228501069},{"frase":"mamá quiero jugar con el juguete rosa ","frecuencia":1,"complejidad":{"valor":0,"pictos componentes":[{"id":628,"esSugerencia":false},{"id":44,"esSugerencia":false},{"id":34,"edad":["NINO"],"esSugerencia":false},{"id":761,"esSugerencia":false},{"id":747,"esSugerencia":false}]},"fecha":1554228537672},{"frase":"Hola Buen día tengo hambre ","frecuencia":1,"complejidad":{"valor":0,"pictos componentes":[{"id":377,"esSugerencia":false},{"id":379,"horario":["MANANA"],"esSugerencia":false},{"id":49,"esSugerencia":false},{"id":597,"esSugerencia":false}]},"fecha":1554229199818},{"frase":"yo quiero ir a casa ","frecuencia":4,"complejidad":{"valor":0,"pictos componentes":[{"id":643,"esSugerencia":false},{"id":44,"esSugerencia":false},{"id":30,"esSugerencia":false},{"id":653,"esSugerencia":false}]},"fecha":[1554229235536,1567708159978,1567708163999,1567708170473]},{"frase":"yo estoy aburrido ","frecuencia":3,"complejidad":{"valor":0,"pictos componentes":[{"id":643,"esSugerencia":false},{"id":22,"esSugerencia":false},{"id":119,"esSugerencia":false}]},"fecha":[1554229292751,1554229301034,1554830527851]},{"frase":"quiero jugar con el juguete ","frecuencia":5,"complejidad":{"valor":0,"pictos componentes":[{"id":44,"esSugerencia":false},{"id":34,"edad":["NINO"],"esSugerencia":false},{"id":761,"esSugerencia":false}]},"fecha":[1554229349465,1554229384401,1567707965136,1567707971325,1567707977289]},{"frase":"yo tengo frío ","frecuencia":1,"complejidad":{"valor":0,"pictos componentes":[{"id":643,"esSugerencia":false},{"id":49,"esSugerencia":false},{"id":177,"esSugerencia":false}]},"fecha":1554229434388},{"frase":"yo tengo frío mamá ","frecuencia":3,"complejidad":{"valor":0,"pictos componentes":[{"id":643,"esSugerencia":false},{"id":49,"esSugerencia":false},{"id":177,"esSugerencia":false},{"id":628,"esSugerencia":true}]},"fecha":[1554229472506,1554229512008,1554229524198]},{"frase":"Hola ¿Cómo estás? estoy bien ","frecuencia":11,"complejidad":{"valor":0,"pictos componentes":[{"id":377,"esSugerencia":false},{"id":378,"esSugerencia":false},{"id":22,"esSugerencia":false},{"id":133,"esSugerencia":false}]},"fecha":[1554229600443,1554229623801,1554229636177,1554830292416,1554838764781,1554838769147,1554838772413,1554838865919,1559066131898,1560190791416,1560190801656]},{"frase":"Hola tengo escuela ¿Qué color es? colores Hola ¿Cómo estás? estoy ","frecuencia":1,"complejidad":{"valor":0,"pictos componentes":[{"id":377,"esSugerencia":false},{"id":49,"esSugerencia":false},{"id":662,"esSugerencia":false},{"id":745,"esSugerencia":true},{"id":737,"esSugerencia":true},{"id":377,"esSugerencia":true},{"id":378,"esSugerencia":false},{"id":22,"esSugerencia":false}]},"fecha":1554229757895},{"frase":"mamá dame la tablet ","frecuencia":4,"complejidad":{"valor":0,"pictos componentes":[{"id":628,"esSugerencia":false},{"id":14,"esSugerencia":false},{"id":774,"esSugerencia":false}]},"fecha":[1554229817893,1554229831839,1554229844246,1554231389023]},{"frase":"yo quiero jugar con ","frecuencia":1,"complejidad":{"valor":0,"pictos componentes":[{"id":643,"esSugerencia":false},{"id":44,"esSugerencia":false},{"id":34,"edad":["NINO"],"esSugerencia":false}]},"fecha":1554231623108},{"frase":"yo quiero jugar con la pelota violeta ","frecuencia":2,"complejidad":{"valor":0,"pictos componentes":[{"id":643,"esSugerencia":false},{"id":44,"esSugerencia":false},{"id":34,"edad":["NINO"],"esSugerencia":false},{"id":996,"esSugerencia":false},{"id":748,"esSugerencia":false}]},"fecha":[1554231631799,1554231648432]},{"frase":"yo tengo hambre canelones ","frecuencia":2,"complejidad":{"valor":0,"pictos componentes":[{"id":643,"esSugerencia":false},{"id":49,"esSugerencia":false},{"id":597,"esSugerencia":false},{"id":400,"esSugerencia":true}]},"fecha":[1554231669162,1554231676155]},{"frase":"yo comer pollo ","frecuencia":4,"complejidad":{"valor":0,"pictos componentes":[{"id":643,"esSugerencia":false},{"id":118,"esSugerencia":true},{"id":504,"esSugerencia":false}]},"fecha":[1554231688425,1554824851748,1559154354271,1560268831570]},{"frase":"yo comer pollo huevo frito ","frecuencia":6,"complejidad":{"valor":0,"pictos componentes":[{"id":643,"esSugerencia":false},{"id":118,"esSugerencia":true},{"id":504,"esSugerencia":false},{"id":421,"esSugerencia":true}]},"fecha":[1554231700730,1554830421218,1559154355764,1559154357654,1559154360122,1560268838491]},{"frase":"yo comer pollo huevo frito pan blanco galleta ","frecuencia":1,"complejidad":{"valor":0,"pictos componentes":[{"id":643,"esSugerencia":false},{"id":118,"esSugerencia":true},{"id":504,"esSugerencia":false},{"id":421,"esSugerencia":true},{"id":438,"esSugerencia":true},{"id":415,"esSugerencia":true}]},"fecha":1554231707536},{"frase":"Hola ¿Cómo estás? en dolor de Garganta leer Adiós ","frecuencia":1,"complejidad":{"valor":0,"pictos componentes":[{"id":377,"esSugerencia":false},{"id":378,"esSugerencia":false},{"id":533,"esSugerencia":true},{"id":826,"esSugerencia":true},{"id":32,"esSugerencia":true},{"id":382,"esSugerencia":true}]},"fecha":1554231736304},{"frase":"Hola ¿Cómo estás? ","frecuencia":4,"complejidad":{"valor":0,"pictos componentes":[{"id":377,"esSugerencia":false},{"id":378,"esSugerencia":false}]},"fecha":[1554397683433,1559232118232,1559232122392,1559232124895]},{"frase":"Hola ¿Cómo estás? escribir ","frecuencia":1,"complejidad":{"valor":0,"pictos componentes":[{"id":377,"esSugerencia":false},{"id":378,"esSugerencia":false},{"id":18,"esSugerencia":true}]},"fecha":1554397743174},{"frase":"","frecuencia":13,"complejidad":{"valor":0,"pictos componentes":[]},"fecha":[1554397790551,1554397792058,1554838849111,1554838849167,1554838849229,1558549682045,1558550024886,1558550025001,1558550027235,1558550027695,1559066466631,1559154490907,1559232475027]},{"frase":"yo ","frecuencia":1,"complejidad":{"valor":0,"pictos componentes":[{"id":643,"esSugerencia":false}]},"fecha":1554397793868},{"frase":"Hola ¿Cómo estás? tengo verguenza ","frecuencia":2,"complejidad":{"valor":0,"pictos componentes":[{"id":377,"esSugerencia":false},{"id":378,"esSugerencia":false},{"id":49,"esSugerencia":false},{"id":729,"esSugerencia":false}]},"fecha":[1554824890678,1554824897203]},{"frase":"Hola ¿Cómo estás? estoy bien animales ","frecuencia":5,"complejidad":{"valor":0,"pictos componentes":[{"id":377,"esSugerencia":false},{"id":378,"esSugerencia":false},{"id":22,"esSugerencia":false},{"id":133,"esSugerencia":false},{"id":286,"esSugerencia":true}]},"fecha":[1554830308788,1557167481290,1557167490352,1561748161497,1561748165697]},{"frase":"Hola ","frecuencia":9,"complejidad":{"valor":0,"pictos componentes":[{"id":377,"esSugerencia":false}]},"fecha":[1554830333143,1559066239237,1559154226012,1560268756899,1561748001727,1561748010098,1561748040968,1561748070416,1562181111572]},{"frase":"Hola Buen día ","frecuencia":3,"complejidad":{"valor":0,"pictos componentes":[{"id":377,"esSugerencia":false},{"id":379,"horario":["MANANA"],"esSugerencia":false}]},"fecha":[1554830344763,1560268765312,1568990752714]},{"frase":"mamá dame leche y galletas ","frecuencia":1,"complejidad":{"valor":0,"pictos componentes":[{"id":628,"esSugerencia":false},{"id":14,"esSugerencia":false},{"id":427,"esSugerencia":false}]},"fecha":1554830395112},{"frase":"Hola ¿Cómo estás? tengo hambre ","frecuencia":1,"complejidad":{"valor":0,"pictos componentes":[{"id":377,"esSugerencia":false},{"id":378,"esSugerencia":false},{"id":49,"esSugerencia":false},{"id":597,"esSugerencia":false}]},"fecha":1554830459632},{"frase":"yo estoy ","frecuencia":1,"complejidad":{"valor":0,"pictos componentes":[{"id":643,"esSugerencia":false},{"id":22,"esSugerencia":false}]},"fecha":1554830519256},{"frase":"yo comer carne cambiar de canal ","frecuencia":1,"complejidad":{"valor":0,"pictos componentes":[{"id":643,"esSugerencia":false},{"id":118,"esSugerencia":false},{"id":482,"esSugerencia":false},{"id":8,"esSugerencia":true}]},"fecha":1554830551783},{"frase":"Hola ¿Cómo estás? estoy bien animales borrar axila ","frecuencia":2,"complejidad":{"valor":0,"pictos componentes":[{"id":377,"esSugerencia":false},{"id":378,"esSugerencia":false},{"id":22,"esSugerencia":false},{"id":133,"esSugerencia":false},{"id":286,"esSugerencia":false},{"id":4,"esSugerencia":true},{"id":776,"esSugerencia":true}]},"fecha":[1554838778366,1554838787293]},{"frase":"yo quiero comer pollo muslo de pollo cambiarme el pañal buscar ","frecuencia":1,"complejidad":{"valor":0,"pictos componentes":[{"id":643,"esSugerencia":false},{"id":44,"esSugerencia":false},{"id":118,"esSugerencia":false},{"id":504,"esSugerencia":false},{"id":505,"esSugerencia":true},{"id":9,"esSugerencia":true},{"id":5,"esSugerencia":true}]},"fecha":1554838823620},{"frase":"yo quiero comer pollo muslo de pollo cambiarme el pañal buscar . ¿me ayudas? aunque estoy ","frecuencia":1,"complejidad":{"valor":0,"pictos componentes":[{"id":643,"esSugerencia":false},{"id":44,"esSugerencia":false},{"id":118,"esSugerencia":false},{"id":504,"esSugerencia":false},{"id":505,"esSugerencia":true},{"id":9,"esSugerencia":true},{"id":5,"esSugerencia":true},{"id":385,"esSugerencia":false},{"id":889,"esSugerencia":true},{"id":22,"esSugerencia":false}]},"fecha":1554838830336},{"frase":"Hola ¿Cómo estás? estoy bien buscar mamá quiero jugar con el juguete rosa ","frecuencia":2,"complejidad":{"valor":0,"pictos componentes":[{"id":377,"esSugerencia":false},{"id":378,"esSugerencia":false},{"id":22,"esSugerencia":false},{"id":133,"esSugerencia":false},{"id":5,"esSugerencia":true},{"id":628,"esSugerencia":false},{"id":44,"esSugerencia":false},{"id":34,"edad":["NINO"],"esSugerencia":false},{"id":761,"esSugerencia":false},{"id":747,"esSugerencia":false}]},"fecha":[1554838930457,1554838940322]},{"frase":"Hola ¿Cómo estás? estoy bien buscar mamá quiero jugar con el juguete rosa estaciones del año ","frecuencia":1,"complejidad":{"valor":0,"pictos componentes":[{"id":377,"esSugerencia":false},{"id":378,"esSugerencia":false},{"id":22,"esSugerencia":false},{"id":133,"esSugerencia":false},{"id":5,"esSugerencia":true},{"id":628,"esSugerencia":false},{"id":44,"esSugerencia":false},{"id":34,"edad":["NINO"],"esSugerencia":false},{"id":761,"esSugerencia":false},{"id":747,"esSugerencia":false},{"id":813,"esSugerencia":true}]},"fecha":1554838957831},{"frase":"yo comer ","frecuencia":1,"complejidad":{"valor":0,"pictos componentes":[{"id":643,"esSugerencia":false},{"id":118,"esSugerencia":false}]},"fecha":1555435943541},{"frase":"Hola Buen día quiero ir a comer carne ","frecuencia":1,"complejidad":{"valor":0,"pictos componentes":[{"id":377,"esSugerencia":false},{"id":379,"horario":["MANANA"],"esSugerencia":false},{"id":44,"esSugerencia":false},{"id":30,"esSugerencia":false},{"id":118,"esSugerencia":false},{"id":482,"esSugerencia":false}]},"fecha":1555436004563},{"frase":"Hola Buen día quiero ir a comer carne apagar la radio estoy ","frecuencia":1,"complejidad":{"valor":0,"pictos componentes":[{"id":377,"esSugerencia":false},{"id":379,"horario":["MANANA"],"esSugerencia":false},{"id":44,"esSugerencia":false},{"id":30,"esSugerencia":false},{"id":118,"esSugerencia":false},{"id":482,"esSugerencia":false},{"id":2,"esSugerencia":true},{"id":1019,"esSugerencia":false},{"id":22,"esSugerencia":true}]},"fecha":1555436020810},{"frase":"quiero ir a casa papá ","frecuencia":1,"complejidad":{"valor":0,"pictos componentes":[{"id":44,"esSugerencia":false},{"id":30,"esSugerencia":false},{"id":653,"esSugerencia":false},{"id":632,"esSugerencia":true}]},"fecha":1555436076800},{"frase":"quiero ir a casa papá quiero jugar con ","frecuencia":1,"complejidad":{"valor":0,"pictos componentes":[{"id":44,"esSugerencia":false},{"id":30,"esSugerencia":false},{"id":653,"esSugerencia":false},{"id":632,"esSugerencia":true},{"id":44,"esSugerencia":false},{"id":34,"edad":["NINO"],"esSugerencia":false}]},"fecha":1555436089104},{"frase":"quiero ir a casa papá quiero jugar con la pelota violeta ","frecuencia":1,"complejidad":{"valor":0,"pictos componentes":[{"id":44,"esSugerencia":false},{"id":30,"esSugerencia":false},{"id":653,"esSugerencia":false},{"id":632,"esSugerencia":true},{"id":44,"esSugerencia":false},{"id":34,"edad":["NINO"],"esSugerencia":false},{"id":996,"esSugerencia":false},{"id":748,"esSugerencia":false}]},"fecha":1555436097257},{"frase":"quiero ir a casa papá quiero jugar con la pelota violeta tocar la guitarra ","frecuencia":1,"complejidad":{"valor":0,"pictos componentes":[{"id":44,"esSugerencia":false},{"id":30,"esSugerencia":false},{"id":653,"esSugerencia":false},{"id":632,"esSugerencia":true},{"id":44,"esSugerencia":false},{"id":34,"edad":["NINO"],"esSugerencia":false},{"id":996,"esSugerencia":false},{"id":748,"esSugerencia":false},{"id":50,"esSugerencia":true}]},"fecha":1555436107019},{"frase":"quiero ir a casa papá quiero jugar con la pelota violeta tocar la guitarra jugar con la tablet ","frecuencia":1,"complejidad":{"valor":0,"pictos componentes":[{"id":44,"esSugerencia":false},{"id":30,"esSugerencia":false},{"id":653,"esSugerencia":false},{"id":632,"esSugerencia":true},{"id":44,"esSugerencia":false},{"id":34,"edad":["NINO"],"esSugerencia":false},{"id":996,"esSugerencia":false},{"id":748,"esSugerencia":false},{"id":50,"esSugerencia":true},{"id":82,"edad":["JOVEN"],"esSugerencia":true}]},"fecha":1555436116944},{"frase":"quiero ir a casa papá quiero jugar con la pelota violeta tocar la guitarra jugar con la tablet rey justicia acelga la armónica ","frecuencia":1,"complejidad":{"valor":0,"pictos componentes":[{"id":44,"esSugerencia":false},{"id":30,"esSugerencia":false},{"id":653,"esSugerencia":false},{"id":632,"esSugerencia":true},{"id":44,"esSugerencia":false},{"id":34,"edad":["NINO"],"esSugerencia":false},{"id":996,"esSugerencia":false},{"id":748,"esSugerencia":false},{"id":50,"esSugerencia":true},{"id":82,"edad":["JOVEN"],"esSugerencia":true},{"id":639,"esSugerencia":true},{"id":710,"esSugerencia":true},{"id":391,"esSugerencia":true},{"id":848,"esSugerencia":true}]},"fecha":1555436132671},{"frase":"Hola tengo hambre canelones ","frecuencia":2,"complejidad":{"valor":0,"pictos componentes":[{"id":377,"esSugerencia":false},{"id":49,"esSugerencia":false},{"id":597,"esSugerencia":false},{"id":400,"esSugerencia":false}]},"fecha":[1555526183949,1559066300254]},{"frase":"Hola tengo frío ","frecuencia":3,"complejidad":{"valor":0,"pictos componentes":[{"id":377,"esSugerencia":false},{"id":49,"esSugerencia":false},{"id":177,"esSugerencia":false}]},"fecha":[1556824080093,1559066271192,1559154244745]},{"frase":"Hola ¿Cómo estás? estoy ","frecuencia":1,"complejidad":{"valor":0,"pictos componentes":[{"id":377,"esSugerencia":false},{"id":378,"esSugerencia":false},{"id":22,"esSugerencia":false}]},"fecha":1557167458181},{"frase":"Hola Buen día quiero ir a casa ayuda dedos moco borrar axila el barrilete colores Hola ¿Cómo estás? estoy bien animales borrar axila el barrilete colores Hola ¿Cómo estás? tengo frío ","frecuencia":1,"complejidad":{"valor":0,"pictos componentes":[{"id":377,"esSugerencia":false},{"id":379,"horario":["MANANA"],"esSugerencia":false},{"id":44,"esSugerencia":false},{"id":30,"esSugerencia":false},{"id":653,"esSugerencia":false},{"id":703,"esSugerencia":true},{"id":782,"esSugerencia":true},{"id":787,"esSugerencia":true},{"id":4,"esSugerencia":true},{"id":776,"esSugerencia":false},{"id":976,"esSugerencia":true},{"id":737,"esSugerencia":true},{"id":377,"esSugerencia":false},{"id":378,"esSugerencia":false},{"id":22,"esSugerencia":false},{"id":133,"esSugerencia":false},{"id":286,"esSugerencia":false},{"id":4,"esSugerencia":false},{"id":776,"esSugerencia":false},{"id":976,"esSugerencia":false},{"id":737,"esSugerencia":false},{"id":377,"esSugerencia":false},{"id":378,"esSugerencia":false},{"id":49,"esSugerencia":false},{"id":177,"esSugerencia":false}]},"fecha":1557167529846},{"frase":"Hola ¿Cómo estás? estoy mal ","frecuencia":1,"complejidad":{"valor":0,"pictos componentes":[{"id":377,"esSugerencia":false},{"id":378,"esSugerencia":false},{"id":22,"esSugerencia":false},{"id":205,"esSugerencia":false}]},"fecha":1557246715436},{"frase":"quiero jugar con el juguete azul ","frecuencia":3,"complejidad":{"valor":0,"pictos componentes":[{"id":44,"esSugerencia":false},{"id":34,"edad":["NINO"],"esSugerencia":false},{"id":761,"esSugerencia":false},{"id":734,"esSugerencia":false}]},"fecha":[1557246778816,1557246792704,1567707986202]},{"frase":"yo quiero comer verduras ","frecuencia":1,"complejidad":{"valor":0,"pictos componentes":[{"id":643,"esSugerencia":false},{"id":44,"esSugerencia":false},{"id":118,"esSugerencia":false},{"id":478,"esSugerencia":false}]},"fecha":1557246835450},{"frase":"Hola ¿Cómo estás? estoy mas o menos ","frecuencia":2,"complejidad":{"valor":0,"pictos componentes":[{"id":377,"esSugerencia":false},{"id":378,"esSugerencia":false},{"id":22,"esSugerencia":false},{"id":204,"esSugerencia":false}]},"fecha":[1558549519621,1558549528805]},{"frase":"yo quiero ","frecuencia":2,"complejidad":{"valor":0,"pictos componentes":[{"id":643,"esSugerencia":false},{"id":44,"esSugerencia":false}]},"fecha":[1558549556755,1568308999948]},{"frase":"yo quiero comer ","frecuencia":8,"complejidad":{"valor":0,"pictos componentes":[{"id":643,"esSugerencia":false},{"id":44,"esSugerencia":false},{"id":118,"esSugerencia":false}]},"fecha":[1558549572552,1558549574977,1558549583834,1558549586434,1558549589240,1558549590801,1558549592003,1558549613834]},{"frase":"yo quiero comer manzana leche con cacáo ","frecuencia":1,"complejidad":{"valor":0,"pictos componentes":[{"id":643,"esSugerencia":false},{"id":44,"esSugerencia":false},{"id":118,"esSugerencia":false},{"id":474,"esSugerencia":false},{"id":426,"edad":["NINO"],"esSugerencia":true}]},"fecha":1558549625927},{"frase":"yo quiero comer manzana leche con cacáo leche caliente axila ","frecuencia":1,"complejidad":{"valor":0,"pictos componentes":[{"id":643,"esSugerencia":false},{"id":44,"esSugerencia":false},{"id":118,"esSugerencia":false},{"id":474,"esSugerencia":false},{"id":426,"edad":["NINO"],"esSugerencia":true},{"id":495,"esSugerencia":true},{"id":140,"esSugerencia":true},{"id":776,"esSugerencia":true}]},"fecha":1558549638291},{"frase":"yo quiero comer manzana leche con cacáo leche caliente ","frecuencia":1,"complejidad":{"valor":0,"pictos componentes":[{"id":643,"esSugerencia":false},{"id":44,"esSugerencia":false},{"id":118,"esSugerencia":false},{"id":474,"esSugerencia":false},{"id":426,"edad":["NINO"],"esSugerencia":true},{"id":495,"esSugerencia":true},{"id":140,"esSugerencia":true}]},"fecha":1558549648980},{"frase":"mamá ","frecuencia":5,"complejidad":{"valor":0,"pictos componentes":[{"id":628,"esSugerencia":false}]},"fecha":[1558549702015,1559232326518,1559232330535,1559232332265,1559232338636]},{"frase":"mamá dame ","frecuencia":2,"complejidad":{"valor":0,"pictos componentes":[{"id":628,"esSugerencia":false},{"id":14,"esSugerencia":false}]},"fecha":[1558549717794,1558549718788]},{"frase":"yo quiero jugar con la pelota ","frecuencia":1,"complejidad":{"valor":0,"pictos componentes":[{"id":643,"esSugerencia":false},{"id":44,"esSugerencia":false},{"id":34,"edad":["NINO"],"esSugerencia":false},{"id":996,"esSugerencia":false}]},"fecha":1559066159928},{"frase":"yo quiero jugar con la pelota verde ","frecuencia":1,"complejidad":{"valor":0,"pictos componentes":[{"id":643,"esSugerencia":false},{"id":44,"esSugerencia":false},{"id":34,"edad":["NINO"],"esSugerencia":false},{"id":996,"esSugerencia":false},{"id":749,"esSugerencia":false}]},"fecha":1559066171007},{"frase":"mamá quiero jugar con el juguete ","frecuencia":4,"complejidad":{"valor":0,"pictos componentes":[{"id":628,"esSugerencia":false},{"id":44,"esSugerencia":false},{"id":34,"edad":["NINO"],"esSugerencia":false},{"id":761,"esSugerencia":false}]},"fecha":[1559066198745,1559066205564,1559066221667,1559066223912]},{"frase":"Hola tengo verguenza ","frecuencia":1,"complejidad":{"valor":0,"pictos componentes":[{"id":377,"esSugerencia":false},{"id":49,"esSugerencia":false},{"id":729,"esSugerencia":false}]},"fecha":1559066252056},{"frase":"Hola tengo escuela ","frecuencia":1,"complejidad":{"valor":0,"pictos componentes":[{"id":377,"esSugerencia":false},{"id":49,"esSugerencia":false},{"id":662,"esSugerencia":false}]},"fecha":1559066261596},{"frase":"Hola tengo verguenza asno ","frecuencia":1,"complejidad":{"valor":0,"pictos componentes":[{"id":377,"esSugerencia":false},{"id":49,"esSugerencia":false},{"id":729,"esSugerencia":false},{"id":288,"esSugerencia":true}]},"fecha":1559066282702},{"frase":"Hola tengo hambre ","frecuencia":1,"complejidad":{"valor":0,"pictos componentes":[{"id":377,"esSugerencia":false},{"id":49,"esSugerencia":false},{"id":597,"esSugerencia":false}]},"fecha":1559066294263},{"frase":"Hola tengo hambre canelones ketchup la pistola de agua ","frecuencia":2,"complejidad":{"valor":0,"pictos componentes":[{"id":377,"esSugerencia":false},{"id":49,"esSugerencia":false},{"id":597,"esSugerencia":false},{"id":400,"esSugerencia":false},{"id":492,"esSugerencia":true},{"id":1004,"esSugerencia":true}]},"fecha":[1559066306752,1559066311106]},{"frase":"Hola tengo hambre caballito de mar ","frecuencia":1,"complejidad":{"valor":0,"pictos componentes":[{"id":377,"esSugerencia":false},{"id":49,"esSugerencia":false},{"id":597,"esSugerencia":false},{"id":292,"esSugerencia":false}]},"fecha":1559066333763},{"frase":"Hola tengo hambre caballito de mar reptíles ","frecuencia":1,"complejidad":{"valor":0,"pictos componentes":[{"id":377,"esSugerencia":false},{"id":49,"esSugerencia":false},{"id":597,"esSugerencia":false},{"id":292,"esSugerencia":false},{"id":349,"esSugerencia":true}]},"fecha":1559066343715},{"frase":"Hola Buenas tardes quiero buscar ","frecuencia":1,"complejidad":{"valor":0,"pictos componentes":[{"id":377,"esSugerencia":false},{"id":380,"horario":["MEDIODIA","TARDE"],"esSugerencia":false},{"id":44,"esSugerencia":false},{"id":5,"esSugerencia":false}]},"fecha":1559066368127},{"frase":"Hola Buenas tardes quiero buscar colores ","frecuencia":1,"complejidad":{"valor":0,"pictos componentes":[{"id":377,"esSugerencia":false},{"id":380,"horario":["MEDIODIA","TARDE"],"esSugerencia":false},{"id":44,"esSugerencia":false},{"id":5,"esSugerencia":false},{"id":737,"esSugerencia":false}]},"fecha":1559066372665},{"frase":"Hola Buenas tardes quiero buscar colores ¿Qué color es? colores Hola ","frecuencia":1,"complejidad":{"valor":0,"pictos componentes":[{"id":377,"esSugerencia":false},{"id":380,"horario":["MEDIODIA","TARDE"],"esSugerencia":false},{"id":44,"esSugerencia":false},{"id":5,"esSugerencia":false},{"id":737,"esSugerencia":false},{"id":745,"esSugerencia":true},{"id":737,"esSugerencia":false},{"id":377,"esSugerencia":false}]},"fecha":1559066382533},{"frase":"yo estoy mas o menos ","frecuencia":1,"complejidad":{"valor":0,"pictos componentes":[{"id":643,"esSugerencia":false},{"id":22,"esSugerencia":false},{"id":204,"esSugerencia":false}]},"fecha":1559066408037},{"frase":"yo estoy mas o menos goloso ","frecuencia":1,"complejidad":{"valor":0,"pictos componentes":[{"id":643,"esSugerencia":false},{"id":22,"esSugerencia":false},{"id":204,"esSugerencia":false},{"id":183,"esSugerencia":true}]},"fecha":1559066415085},{"frase":"yo estoy mas o menos goloso pasear ","frecuencia":1,"complejidad":{"valor":0,"pictos componentes":[{"id":643,"esSugerencia":false},{"id":22,"esSugerencia":false},{"id":204,"esSugerencia":false},{"id":183,"esSugerencia":true},{"id":38,"esSugerencia":true}]},"fecha":1559066422313},{"frase":"yo estoy mas o menos goloso pasear la plaza ","frecuencia":2,"complejidad":{"valor":0,"pictos componentes":[{"id":643,"esSugerencia":false},{"id":22,"esSugerencia":false},{"id":204,"esSugerencia":false},{"id":183,"esSugerencia":true},{"id":38,"esSugerencia":true},{"id":682,"esSugerencia":true}]},"fecha":[1559066428374,1568308620799]},{"frase":"yo estoy mas o menos goloso pasear la plaza el acordeón taxi concesionario de motos ","frecuencia":1,"complejidad":{"valor":0,"pictos componentes":[{"id":643,"esSugerencia":false},{"id":22,"esSugerencia":false},{"id":204,"esSugerencia":false},{"id":183,"esSugerencia":true},{"id":38,"esSugerencia":true},{"id":682,"esSugerencia":true},{"id":847,"esSugerencia":true},{"id":610,"esSugerencia":true},{"id":659,"esSugerencia":true}]},"fecha":1559066444516},{"frase":"Hola tengo ","frecuencia":3,"complejidad":{"valor":0,"pictos componentes":[{"id":377,"esSugerencia":false},{"id":49,"esSugerencia":false}]},"fecha":[1559154232911,1559154240358,1559154242734]},{"frase":"Hola tengo frío borrar ","frecuencia":1,"complejidad":{"valor":0,"pictos componentes":[{"id":377,"esSugerencia":false},{"id":49,"esSugerencia":false},{"id":177,"esSugerencia":false},{"id":4,"esSugerencia":true}]},"fecha":1559154260396},{"frase":"Hola tengo frío borrar sentarme ","frecuencia":5,"complejidad":{"valor":0,"pictos componentes":[{"id":377,"esSugerencia":false},{"id":49,"esSugerencia":false},{"id":177,"esSugerencia":false},{"id":4,"esSugerencia":true},{"id":101,"esSugerencia":true}]},"fecha":[1559154264742,1559154268127,1559154274199,1559154277391,1559154282633]},{"frase":"Hola tengo frío borrar sentarme ¿Cómo estás? ","frecuencia":2,"complejidad":{"valor":0,"pictos componentes":[{"id":377,"esSugerencia":false},{"id":49,"esSugerencia":false},{"id":177,"esSugerencia":false},{"id":4,"esSugerencia":true},{"id":101,"esSugerencia":true},{"id":378,"esSugerencia":true}]},"fecha":[1559154285318,1559154288970]},{"frase":"Hola tengo frío borrar sentarme ¿Cómo estás? tengo hambre abeja cero ","frecuencia":4,"complejidad":{"valor":0,"pictos componentes":[{"id":377,"esSugerencia":false},{"id":49,"esSugerencia":false},{"id":177,"esSugerencia":false},{"id":4,"esSugerencia":true},{"id":101,"esSugerencia":true},{"id":378,"esSugerencia":true},{"id":49,"esSugerencia":false},{"id":597,"esSugerencia":false},{"id":283,"esSugerencia":true},{"id":846,"esSugerencia":true}]},"fecha":[1559154309508,1559154314798,1559154320712,1559154328170]},{"frase":"yo comer pollo huevo frito pan blanco ","frecuencia":4,"complejidad":{"valor":0,"pictos componentes":[{"id":643,"esSugerencia":false},{"id":118,"esSugerencia":false},{"id":504,"esSugerencia":false},{"id":421,"esSugerencia":false},{"id":438,"esSugerencia":false}]},"fecha":[1559154366377,1559154371181,1559154376778,1560268846266]},{"frase":"escuchar música caballo cerdo ","frecuencia":6,"complejidad":{"valor":0,"pictos componentes":[{"id":20,"esSugerencia":true},{"id":293,"esSugerencia":true},{"id":301,"esSugerencia":true}]},"fecha":[1559154437832,1559154440805,1559154443377,1559154455494,1559154461016,1559154463787]},{"frase":"Hola ¿Cómo estás? estoy bien buscar ","frecuencia":1,"complejidad":{"valor":0,"pictos componentes":[{"id":377,"esSugerencia":false},{"id":378,"esSugerencia":false},{"id":22,"esSugerencia":false},{"id":133,"esSugerencia":false},{"id":5,"esSugerencia":false}]},"fecha":1559232144643},{"frase":"Hola ¿Cómo estás? tengo ","frecuencia":1,"complejidad":{"valor":0,"pictos componentes":[{"id":377,"esSugerencia":false},{"id":378,"esSugerencia":false},{"id":49,"esSugerencia":false}]},"fecha":1559232296532},{"frase":"Hola ¿Cómo estás? tengo verguenza seis ocho ","frecuencia":1,"complejidad":{"valor":0,"pictos componentes":[{"id":377,"esSugerencia":false},{"id":378,"esSugerencia":false},{"id":49,"esSugerencia":false},{"id":729,"esSugerencia":false},{"id":841,"esSugerencia":true},{"id":843,"esSugerencia":true}]},"fecha":1559232304983},{"frase":"mamá ¿Cómo estás? ","frecuencia":1,"complejidad":{"valor":0,"pictos componentes":[{"id":628,"esSugerencia":false},{"id":378,"esSugerencia":false}]},"fecha":1559232347930},{"frase":"mamá ¿Cómo estás? estoy bien ","frecuencia":1,"complejidad":{"valor":0,"pictos componentes":[{"id":628,"esSugerencia":false},{"id":378,"esSugerencia":false},{"id":22,"esSugerencia":false},{"id":133,"esSugerencia":false}]},"fecha":1559232357584},{"frase":"mamá ¿Cómo estás? estoy bien respirar bajo el agua boca boca escribir bar dorado erizo paloma berenjena ","frecuencia":1,"complejidad":{"valor":0,"pictos componentes":[{"id":628,"esSugerencia":false},{"id":378,"esSugerencia":false},{"id":22,"esSugerencia":false},{"id":133,"esSugerencia":false},{"id":96,"esSugerencia":true},{"id":777,"esSugerencia":true},{"id":777,"esSugerencia":true},{"id":18,"esSugerencia":true},{"id":649,"edad":["ADULTO"],"esSugerencia":true},{"id":738,"esSugerencia":true},{"id":308,"esSugerencia":true},{"id":335,"esSugerencia":true},{"id":397,"esSugerencia":true}]},"fecha":1559232442663},{"frase":"mamá ¿Cómo estás? estoy bien respirar bajo el agua boca boca escribir bar dorado erizo paloma berenjena cerezas ","frecuencia":1,"complejidad":{"valor":0,"pictos componentes":[{"id":628,"esSugerencia":false},{"id":378,"esSugerencia":false},{"id":22,"esSugerencia":false},{"id":133,"esSugerencia":false},{"id":96,"esSugerencia":true},{"id":777,"esSugerencia":true},{"id":777,"esSugerencia":true},{"id":18,"esSugerencia":true},{"id":649,"edad":["ADULTO"],"esSugerencia":true},{"id":738,"esSugerencia":true},{"id":308,"esSugerencia":true},{"id":335,"esSugerencia":true},{"id":397,"esSugerencia":true},{"id":404,"esSugerencia":true}]},"fecha":1559232451165},{"frase":"quiero comer verduras caliente té ","frecuencia":1,"complejidad":{"valor":0,"pictos componentes":[{"id":44,"esSugerencia":false},{"id":118,"esSugerencia":false},{"id":478,"esSugerencia":false},{"id":140,"esSugerencia":true},{"id":499,"esSugerencia":true}]},"fecha":1559232478133},{"frase":"quiero comer verduras caliente té abeja leer Adiós besar billetera computadora la patineta ","frecuencia":1,"complejidad":{"valor":0,"pictos componentes":[{"id":44,"esSugerencia":false},{"id":118,"esSugerencia":false},{"id":478,"esSugerencia":false},{"id":140,"esSugerencia":true},{"id":499,"esSugerencia":true},{"id":283,"esSugerencia":true},{"id":32,"esSugerencia":true},{"id":382,"esSugerencia":false},{"id":64,"esSugerencia":true},{"id":752,"esSugerencia":true},{"id":755,"esSugerencia":true},{"id":995,"esSugerencia":true}]},"fecha":1559232491951},{"frase":"quiero comer verduras caliente té abeja leer Adiós besar billetera computadora la patineta abeja ","frecuencia":1,"complejidad":{"valor":0,"pictos componentes":[{"id":44,"esSugerencia":false},{"id":118,"esSugerencia":false},{"id":478,"esSugerencia":false},{"id":140,"esSugerencia":true},{"id":499,"esSugerencia":true},{"id":283,"esSugerencia":true},{"id":32,"esSugerencia":true},{"id":382,"esSugerencia":false},{"id":64,"esSugerencia":true},{"id":752,"esSugerencia":true},{"id":755,"esSugerencia":true},{"id":995,"esSugerencia":true},{"id":283,"esSugerencia":true}]},"fecha":1559232498014},{"frase":"quiero comer verduras caliente té abeja leer Adiós besar billetera computadora la patineta abeja abuelo dame leche y galletas cepillarme los dientes dolor de muela manzana ","frecuencia":1,"complejidad":{"valor":0,"pictos componentes":[{"id":44,"esSugerencia":false},{"id":118,"esSugerencia":false},{"id":478,"esSugerencia":false},{"id":140,"esSugerencia":true},{"id":499,"esSugerencia":true},{"id":283,"esSugerencia":true},{"id":32,"esSugerencia":true},{"id":382,"esSugerencia":false},{"id":64,"esSugerencia":true},{"id":752,"esSugerencia":true},{"id":755,"esSugerencia":true},{"id":995,"esSugerencia":true},{"id":283,"esSugerencia":true},{"id":614,"esSugerencia":true},{"id":14,"esSugerencia":false},{"id":427,"esSugerencia":false},{"id":11,"esSugerencia":true},{"id":822,"esSugerencia":true},{"id":474,"esSugerencia":true}]},"fecha":1559232513442},{"frase":"Hola Buen día quiero comer carne ","frecuencia":4,"complejidad":{"valor":0,"pictos componentes":[{"id":377,"esSugerencia":false},{"id":379,"horario":["MANANA"],"esSugerencia":false},{"id":44,"esSugerencia":false},{"id":118,"esSugerencia":false},{"id":482,"esSugerencia":false}]},"fecha":[1560268783341,1560268804741,1560268807777,1560268810991]},{"frase":"yo comer pollo huevo frito pan blanco pescado ","frecuencia":1,"complejidad":{"valor":0,"pictos componentes":[{"id":643,"esSugerencia":false},{"id":118,"esSugerencia":false},{"id":504,"esSugerencia":false},{"id":421,"esSugerencia":false},{"id":438,"esSugerencia":false},{"id":476,"esSugerencia":true}]},"fecha":1560268853250},{"frase":"yo comer pollo huevo frito pan blanco pescado fruta ","frecuencia":2,"complejidad":{"valor":0,"pictos componentes":[{"id":643,"esSugerencia":false},{"id":118,"esSugerencia":false},{"id":504,"esSugerencia":false},{"id":421,"esSugerencia":false},{"id":438,"esSugerencia":false},{"id":476,"esSugerencia":true},{"id":483,"esSugerencia":true}]},"fecha":[1560268862180,1560268871474]},{"frase":"yo comer pollo huevo frito pan blanco pescado fruta nadar ","frecuencia":1,"complejidad":{"valor":0,"pictos componentes":[{"id":643,"esSugerencia":false},{"id":118,"esSugerencia":false},{"id":504,"esSugerencia":false},{"id":421,"esSugerencia":false},{"id":438,"esSugerencia":false},{"id":476,"esSugerencia":true},{"id":483,"esSugerencia":true},{"id":86,"esSugerencia":true}]},"fecha":1560268878399},{"frase":"yo comer pollo huevo frito pan blanco pescado fruta nadar esperar ","frecuencia":1,"complejidad":{"valor":0,"pictos componentes":[{"id":643,"esSugerencia":false},{"id":118,"esSugerencia":false},{"id":504,"esSugerencia":false},{"id":421,"esSugerencia":false},{"id":438,"esSugerencia":false},{"id":476,"esSugerencia":true},{"id":483,"esSugerencia":true},{"id":86,"esSugerencia":true},{"id":23,"esSugerencia":true}]},"fecha":1560268887064},{"frase":"yo comer pollo huevo frito pan blanco pescado fruta nadar esperar apagar la computadora escuela ","frecuencia":2,"complejidad":{"valor":0,"pictos componentes":[{"id":643,"esSugerencia":false},{"id":118,"esSugerencia":false},{"id":504,"esSugerencia":false},{"id":421,"esSugerencia":false},{"id":438,"esSugerencia":false},{"id":476,"esSugerencia":true},{"id":483,"esSugerencia":true},{"id":86,"esSugerencia":true},{"id":23,"esSugerencia":true},{"id":2,"esSugerencia":true},{"id":1016,"esSugerencia":false},{"id":662,"esSugerencia":true}]},"fecha":[1560268907538,1560268914339]},{"frase":"mamá tengo ","frecuencia":2,"complejidad":{"valor":0,"pictos componentes":[{"id":628,"esSugerencia":false},{"id":49,"esSugerencia":false}]},"fecha":[1560268937413,1560268939754]},{"frase":"mamá tengo frío ","frecuencia":1,"complejidad":{"valor":0,"pictos componentes":[{"id":628,"esSugerencia":false},{"id":49,"esSugerencia":false},{"id":177,"esSugerencia":false}]},"fecha":1560268944392},{"frase":"mamá tengo frío borrar ","frecuencia":1,"complejidad":{"valor":0,"pictos componentes":[{"id":628,"esSugerencia":false},{"id":49,"esSugerencia":false},{"id":177,"esSugerencia":false},{"id":4,"esSugerencia":false}]},"fecha":1560268950996},{"frase":"mamá tengo frío borrar antílope ","frecuencia":1,"complejidad":{"valor":0,"pictos componentes":[{"id":628,"esSugerencia":false},{"id":49,"esSugerencia":false},{"id":177,"esSugerencia":false},{"id":4,"esSugerencia":false},{"id":285,"esSugerencia":false}]},"fecha":1560268955411},{"frase":"mamá tengo frío borrar antílope bajar volumen ","frecuencia":1,"complejidad":{"valor":0,"pictos componentes":[{"id":628,"esSugerencia":false},{"id":49,"esSugerencia":false},{"id":177,"esSugerencia":false},{"id":4,"esSugerencia":false},{"id":285,"esSugerencia":false},{"id":3,"esSugerencia":true}]},"fecha":1560268959897},{"frase":"yo quiero comer pollo ","frecuencia":1,"complejidad":{"valor":0,"pictos componentes":[{"id":643,"esSugerencia":false},{"id":44,"esSugerencia":false},{"id":118,"esSugerencia":false},{"id":504,"esSugerencia":false}]},"fecha":1560268992907},{"frase":"yo quiero comer pollo huevo frito ","frecuencia":1,"complejidad":{"valor":0,"pictos componentes":[{"id":643,"esSugerencia":false},{"id":44,"esSugerencia":false},{"id":118,"esSugerencia":false},{"id":504,"esSugerencia":false},{"id":421,"esSugerencia":false}]},"fecha":1560268996044},{"frase":"yo quiero comer pollo huevo frito y ","frecuencia":1,"complejidad":{"valor":0,"pictos componentes":[{"id":643,"esSugerencia":false},{"id":44,"esSugerencia":false},{"id":118,"esSugerencia":false},{"id":504,"esSugerencia":false},{"id":421,"esSugerencia":false},{"id":923,"esSugerencia":true}]},"fecha":1560269017740},{"frase":"Hola Buenas tardes tengo verguenza ","frecuencia":1,"complejidad":{"valor":0,"pictos componentes":[{"id":377,"esSugerencia":false},{"id":380,"horario":["MEDIODIA","TARDE"],"esSugerencia":false},{"id":49,"esSugerencia":false},{"id":729,"esSugerencia":false}]},"fecha":1562181132413},{"frase":"Hola Buenas tardes tengo hambre lata de sardinas canelones gambas ","frecuencia":1,"complejidad":{"valor":0,"pictos componentes":[{"id":377,"esSugerencia":false},{"id":380,"horario":["MEDIODIA","TARDE"],"esSugerencia":false},{"id":49,"esSugerencia":false},{"id":597,"esSugerencia":false},{"id":425,"esSugerencia":true},{"id":400,"esSugerencia":true},{"id":416,"esSugerencia":true}]},"fecha":1562181163830},{"frase":"Hola ¿Cómo estás? tengo frío ","frecuencia":1,"complejidad":{"valor":0,"pictos componentes":[{"id":377,"esSugerencia":false},{"id":378,"esSugerencia":false},{"id":49,"esSugerencia":false},{"id":177,"esSugerencia":false}]},"fecha":1564773434616},{"frase":"quiero ","frecuencia":3,"complejidad":{"valor":0,"pictos componentes":[{"id":44,"esSugerencia":false}]},"fecha":[1564773565893,1567707954187,1567707955505]},{"frase":"quiero comer ","frecuencia":1,"complejidad":{"valor":0,"pictos componentes":[{"id":44,"esSugerencia":false},{"id":118,"esSugerencia":false}]},"fecha":1564773574948},{"frase":"quiero comer carne ","frecuencia":3,"complejidad":{"valor":0,"pictos componentes":[{"id":44,"esSugerencia":false},{"id":118,"esSugerencia":false},{"id":482,"esSugerencia":false}]},"fecha":[1564773607420,1564773618567,1564773626967]},{"frase":"quiero buscar mamá ","frecuencia":1,"complejidad":{"valor":0,"pictos componentes":[{"id":44,"esSugerencia":false},{"id":5,"esSugerencia":false},{"id":628,"esSugerencia":false}]},"fecha":1564773684230},{"frase":"quiero ir a ","frecuencia":1,"complejidad":{"valor":0,"pictos componentes":[{"id":44,"esSugerencia":false},{"id":30,"esSugerencia":false}]},"fecha":1564773740470},{"frase":"quiero ir a comer carne cambiar de canal negro colores ¿Qué color es? la armónica mucho curar ","frecuencia":3,"complejidad":{"valor":0,"pictos componentes":[{"id":44,"esSugerencia":false},{"id":30,"esSugerencia":false},{"id":118,"esSugerencia":false},{"id":482,"esSugerencia":false},{"id":8,"esSugerencia":false},{"id":743,"esSugerencia":true},{"id":737,"esSugerencia":true},{"id":745,"esSugerencia":false},{"id":848,"esSugerencia":true},{"id":213,"esSugerencia":true},{"id":113,"esSugerencia":true}]},"fecha":[1564773783550,1564773797169,1564773814498]},{"frase":"quiero ir a comer ","frecuencia":1,"complejidad":{"valor":0,"pictos componentes":[{"id":44,"esSugerencia":false},{"id":30,"esSugerencia":false},{"id":118,"esSugerencia":false}]},"fecha":1564773850927},{"frase":"quiero ir a comer manzana el coro águila ","frecuencia":1,"complejidad":{"valor":0,"pictos componentes":[{"id":44,"esSugerencia":false},{"id":30,"esSugerencia":false},{"id":118,"esSugerencia":false},{"id":474,"esSugerencia":false},{"id":853,"esSugerencia":true},{"id":284,"esSugerencia":true}]},"fecha":1564773887163},{"frase":"quiero comer flan ","frecuencia":2,"complejidad":{"valor":0,"pictos componentes":[{"id":44,"esSugerencia":false},{"id":118,"esSugerencia":false},{"id":412,"esSugerencia":true}]},"fecha":[1565205250894,1565205258909]},{"frase":"quiero ir a comer pollo ","frecuencia":1,"complejidad":{"valor":0,"pictos componentes":[{"id":44,"esSugerencia":false},{"id":30,"esSugerencia":false},{"id":118,"esSugerencia":false},{"id":504,"esSugerencia":false}]},"fecha":1565205388261},{"frase":"yo quiero comer gelatina ","frecuencia":2,"complejidad":{"valor":0,"pictos componentes":[{"id":643,"esSugerencia":false},{"id":44,"esSugerencia":false},{"id":118,"esSugerencia":false},{"id":417,"esSugerencia":true}]},"fecha":[1567708078789,1567708108713]},{"frase":"yo quiero ir a casa ayuda ","frecuencia":2,"complejidad":{"valor":0,"pictos componentes":[{"id":643,"esSugerencia":false},{"id":44,"esSugerencia":false},{"id":30,"esSugerencia":false},{"id":653,"esSugerencia":false},{"id":703,"esSugerencia":false}]},"fecha":[1567708172730,1568308733216]},{"frase":"yo quiero ir a casa ayuda ballena ballena alcaucil ","frecuencia":2,"complejidad":{"valor":0,"pictos componentes":[{"id":643,"esSugerencia":false},{"id":44,"esSugerencia":false},{"id":30,"esSugerencia":false},{"id":653,"esSugerencia":false},{"id":703,"esSugerencia":false},{"id":290,"esSugerencia":true},{"id":290,"esSugerencia":true},{"id":392,"esSugerencia":true}]},"fecha":[1567708184365,1567708196147]},{"frase":"Hola tengo escuela o ","frecuencia":1,"complejidad":{"valor":0,"pictos componentes":[{"id":377,"esSugerencia":false},{"id":49,"esSugerencia":false},{"id":662,"esSugerencia":false},{"id":910,"esSugerencia":true}]},"fecha":1568308482386},{"frase":"yo quiero comer manzana ","frecuencia":1,"complejidad":{"valor":0,"pictos componentes":[{"id":643,"esSugerencia":false},{"id":44,"esSugerencia":false},{"id":118,"esSugerencia":false},{"id":474,"esSugerencia":false}]},"fecha":1568308512735},{"frase":"yo quiero comer manzana camello ","frecuencia":1,"complejidad":{"valor":0,"pictos componentes":[{"id":643,"esSugerencia":false},{"id":44,"esSugerencia":false},{"id":118,"esSugerencia":false},{"id":474,"esSugerencia":false},{"id":296,"esSugerencia":true}]},"fecha":1568308516562},{"frase":"Hola ¿Cómo estás? estoy mas o menos jugar con amigos primavera escuchar música ","frecuencia":1,"complejidad":{"valor":0,"pictos componentes":[{"id":377,"esSugerencia":false},{"id":378,"esSugerencia":false},{"id":22,"esSugerencia":false},{"id":204,"esSugerencia":false},{"id":34,"edad":["NINO"],"esSugerencia":true},{"id":615,"esSugerencia":false},{"id":817,"esSugerencia":true},{"id":20,"esSugerencia":true}]},"fecha":1568308569211},{"frase":"mamá tengo escuela ¿Qué color es? colores ","frecuencia":1,"complejidad":{"valor":0,"pictos componentes":[{"id":628,"esSugerencia":false},{"id":49,"esSugerencia":false},{"id":662,"esSugerencia":false},{"id":745,"esSugerencia":false},{"id":737,"esSugerencia":false}]},"fecha":1568308684478},{"frase":"quiero comer carne apagar la radio acompañar leer leer leer leer Adiós parada de taxi el camión de juguete comer manzana camello todos escuela o flan ","frecuencia":1,"complejidad":{"valor":0,"pictos componentes":[{"id":44,"esSugerencia":false},{"id":118,"esSugerencia":false},{"id":482,"esSugerencia":false},{"id":2,"esSugerencia":false},{"id":1019,"esSugerencia":false},{"id":1,"esSugerencia":true},{"id":32,"esSugerencia":true},{"id":32,"esSugerencia":true},{"id":32,"esSugerencia":false},{"id":32,"esSugerencia":false},{"id":382,"esSugerencia":false},{"id":613,"esSugerencia":true},{"id":980,"esSugerencia":true},{"id":118,"esSugerencia":true},{"id":474,"esSugerencia":false},{"id":296,"esSugerencia":false},{"id":267,"esSugerencia":true},{"id":662,"esSugerencia":true},{"id":910,"esSugerencia":false},{"id":412,"esSugerencia":true}]},"fecha":1568308788912},{"frase":"Hola Buen día tengo ","frecuencia":1,"complejidad":{"valor":0,"pictos componentes":[{"id":377,"esSugerencia":false},{"id":379,"horario":["MANANA"],"esSugerencia":false},{"id":49,"esSugerencia":false}]},"fecha":1568308857527},{"frase":"Hola Buen día quiero comer manzana ","frecuencia":1,"complejidad":{"valor":0,"pictos componentes":[{"id":377,"esSugerencia":false},{"id":379,"horario":["MANANA"],"esSugerencia":false},{"id":44,"esSugerencia":false},{"id":118,"esSugerencia":false},{"id":474,"esSugerencia":false}]},"fecha":1578934999935}]