[{"frase":"papá quiero comer carne ","frecuencia":1,"complejidad":{"valor":0,"pictos componentes":[{"id":632,"esSugerencia":false},{"id":44,"esSugerencia":false},{"id":118,"esSugerencia":false},{"id":482,"esSugerencia":false}]},"fecha":1567883058244},{"frase":"papá quiero comer carne carne carne ","frecuencia":1,"complejidad":{"valor":0,"pictos componentes":[{"id":632,"esSugerencia":false},{"id":44,"esSugerencia":false},{"id":118,"esSugerencia":false},{"id":482,"esSugerencia":false},{"id":482,"esSugerencia":true},{"id":482,"esSugerencia":false}]},"fecha":1567883073401},{"frase":"Hola ¿Cómo estás? estoy mal ","frecuencia":1,"complejidad":{"valor":0,"pictos componentes":[{"id":377,"esSugerencia":false},{"id":378,"esSugerencia":false},{"id":22,"esSugerencia":false},{"id":205,"esSugerencia":false}]},"fecha":1567883111369},{"frase":"Hola ¿Cómo estás? estoy aburrido ","frecuencia":2,"complejidad":{"valor":0,"pictos componentes":[{"id":377,"esSugerencia":false},{"id":378,"esSugerencia":false},{"id":22,"esSugerencia":false},{"id":119,"esSugerencia":false}]},"fecha":[1567883123227,1567883127005]},{"frase":"Hola ","frecuencia":23,"complejidad":{"valor":0,"pictos componentes":[{"id":377,"esSugerencia":false}]},"fecha":[1567887725950,1567887727698,1567887728664,1567887729123,1567887729766,1567887730477,1567887731970,1567908854521,1567908857544,1567908858174,1567908859069,1567952036804,1567952038118,1567952038766,1567952039649,1567952040205,1567962612505,1567962617289,1567981993173,1567981994080,1567981994770,1567981995357,1568210948953]},{"frase":"Hola ¿Cómo estás? tengo escuela sentarme plástica cartuchera apenado ¿Cómo estás? quiero ","frecuencia":20,"complejidad":{"valor":0,"pictos componentes":[{"id":377,"esSugerencia":false},{"id":378,"esSugerencia":false},{"id":49,"esSugerencia":false},{"id":662,"esSugerencia":false},{"id":101,"esSugerencia":true},{"id":771,"esSugerencia":true},{"id":753,"esSugerencia":true},{"id":125,"esSugerencia":true},{"id":378,"esSugerencia":true},{"id":44,"esSugerencia":false}]},"fecha":[1567887765249,1567887772136,1567887779361,1567887786355,1567887793691,1567887800501,1567887807954,1567887815498,1567887823062,1567887833162,1567887843978,1567887852995,1567887860580,1567887870170,1567887880192,1567887887955,1567887896639,1567887963622,1567887971586,1567887985976]},{"frase":"Hola ¿Cómo estás? tengo escuela sentarme plástica cartuchera apenado ¿Cómo estás? quiero apagar la televisión selección bien ","frecuencia":1,"complejidad":{"valor":0,"pictos componentes":[{"id":377,"esSugerencia":false},{"id":378,"esSugerencia":false},{"id":49,"esSugerencia":false},{"id":662,"esSugerencia":false},{"id":101,"esSugerencia":true},{"id":771,"esSugerencia":true},{"id":753,"esSugerencia":true},{"id":125,"esSugerencia":true},{"id":378,"esSugerencia":true},{"id":44,"esSugerencia":false},{"id":2,"esSugerencia":false},{"id":773,"esSugerencia":false},{"id":720,"esSugerencia":true},{"id":133,"esSugerencia":true}]},"fecha":1567887998266},{"frase":"Hola ¿Cómo estás? tengo escuela sentarme plástica cartuchera apenado ¿Cómo estás? quiero apagar la televisión selección bien bien bien bien bien bien ","frecuencia":1,"complejidad":{"valor":0,"pictos componentes":[{"id":377,"esSugerencia":false},{"id":378,"esSugerencia":false},{"id":49,"esSugerencia":false},{"id":662,"esSugerencia":false},{"id":101,"esSugerencia":true},{"id":771,"esSugerencia":true},{"id":753,"esSugerencia":true},{"id":125,"esSugerencia":true},{"id":378,"esSugerencia":true},{"id":44,"esSugerencia":false},{"id":2,"esSugerencia":false},{"id":773,"esSugerencia":false},{"id":720,"esSugerencia":true},{"id":133,"esSugerencia":true},{"id":133,"esSugerencia":true},{"id":133,"esSugerencia":false},{"id":133,"esSugerencia":false},{"id":133,"esSugerencia":false},{"id":133,"esSugerencia":false}]},"fecha":1567888011482},{"frase":"Hola ¿Cómo estás? tengo escuela sentarme plástica cartuchera apenado ¿Cómo estás? quiero apagar la televisión selección bien bien bien bien bien bien arándanos Hola ","frecuencia":1,"complejidad":{"valor":0,"pictos componentes":[{"id":377,"esSugerencia":false},{"id":378,"esSugerencia":false},{"id":49,"esSugerencia":false},{"id":662,"esSugerencia":false},{"id":101,"esSugerencia":true},{"id":771,"esSugerencia":true},{"id":753,"esSugerencia":true},{"id":125,"esSugerencia":true},{"id":378,"esSugerencia":true},{"id":44,"esSugerencia":false},{"id":2,"esSugerencia":false},{"id":773,"esSugerencia":false},{"id":720,"esSugerencia":true},{"id":133,"esSugerencia":true},{"id":133,"esSugerencia":true},{"id":133,"esSugerencia":false},{"id":133,"esSugerencia":false},{"id":133,"esSugerencia":false},{"id":133,"esSugerencia":false},{"id":395},{"id":377,"esSugerencia":false}]},"fecha":1567888066104},{"frase":"Hola tengo frío frío veloz campera chaleco azul acompañar Hola ¿Cómo estás? tengo escuela ","frecuencia":4,"complejidad":{"valor":0,"pictos componentes":[{"id":377,"esSugerencia":false},{"id":49,"esSugerencia":false},{"id":177,"esSugerencia":false},{"id":177,"esSugerencia":true},{"id":278,"esSugerencia":true},{"id":941,"esSugerencia":true},{"id":945,"esSugerencia":true},{"id":734,"esSugerencia":true},{"id":1},{"id":377,"esSugerencia":false},{"id":378,"esSugerencia":false},{"id":49,"esSugerencia":false},{"id":662,"esSugerencia":false}]},"fecha":[1567908988043,1567908995015,1567909002985,1567909010576]},{"frase":"Hola tengo frío frío veloz campera chaleco azul acompañar Hola ¿Cómo estás? tengo escuela escuela escuela bajar volumen ananá plato Hola ¿Cómo estás? ","frecuencia":11,"complejidad":{"valor":0,"pictos componentes":[{"id":377,"esSugerencia":false},{"id":49,"esSugerencia":false},{"id":177,"esSugerencia":false},{"id":177,"esSugerencia":true},{"id":278,"esSugerencia":true},{"id":941,"esSugerencia":true},{"id":945,"esSugerencia":true},{"id":734,"esSugerencia":true},{"id":1},{"id":377,"esSugerencia":false},{"id":378,"esSugerencia":false},{"id":49,"esSugerencia":false},{"id":662,"esSugerencia":false},{"id":662,"esSugerencia":true},{"id":662,"esSugerencia":false},{"id":3,"esSugerencia":true},{"id":394,"esSugerencia":true},{"id":599},{"id":377,"esSugerencia":false},{"id":378,"esSugerencia":false}]},"fecha":[1567909082872,1567909094870,1567909106576,1567909118532,1567909130642,1567909142664,1567909154996,1567909166114,1567909178951,1567909191590,1567909205166]},{"frase":"Hola tengo frío frío veloz campera chaleco azul acompañar Hola ¿Cómo estás? tengo escuela escuela escuela bajar volumen ananá plato Hola ¿Cómo estás? estoy ","frecuencia":17,"complejidad":{"valor":0,"pictos componentes":[{"id":377,"esSugerencia":false},{"id":49,"esSugerencia":false},{"id":177,"esSugerencia":false},{"id":177,"esSugerencia":true},{"id":278,"esSugerencia":true},{"id":941,"esSugerencia":true},{"id":945,"esSugerencia":true},{"id":734,"esSugerencia":true},{"id":1},{"id":377,"esSugerencia":false},{"id":378,"esSugerencia":false},{"id":49,"esSugerencia":false},{"id":662,"esSugerencia":false},{"id":662,"esSugerencia":true},{"id":662,"esSugerencia":false},{"id":3,"esSugerencia":true},{"id":394,"esSugerencia":true},{"id":599},{"id":377,"esSugerencia":false},{"id":378,"esSugerencia":false},{"id":22,"esSugerencia":false}]},"fecha":[1567909216212,1567909228402,1567909242180,1567909294755,1567909307213,1567909319425,1567909333177,1567909345791,1567909362205,1567909391261,1567909404819,1567909417379,1567909431751,1567909454707,1567909485089,1567909500853,1567909523121]},{"frase":"Hola ¿Cómo estás? estoy bien ","frecuencia":4,"complejidad":{"valor":0,"pictos componentes":[{"id":377,"esSugerencia":false},{"id":378,"esSugerencia":false},{"id":22,"esSugerencia":false},{"id":133,"esSugerencia":false}]},"fecha":[1567952080606,1567952086853,1567952090940,1567952101887]},{"frase":"Hola ¿Cómo estás? estoy bien yo ","frecuencia":1,"complejidad":{"valor":0,"pictos componentes":[{"id":377,"esSugerencia":false},{"id":378,"esSugerencia":false},{"id":22,"esSugerencia":false},{"id":133,"esSugerencia":false},{"id":643,"esSugerencia":true}]},"fecha":1567952109403},{"frase":"Hola ¿Cómo estás? estoy bien yo tengo frío bajar volumen Hola ","frecuencia":4,"complejidad":{"valor":0,"pictos componentes":[{"id":377,"esSugerencia":false},{"id":378,"esSugerencia":false},{"id":22,"esSugerencia":false},{"id":133,"esSugerencia":false},{"id":643,"esSugerencia":true},{"id":49,"esSugerencia":false},{"id":177,"esSugerencia":false},{"id":3,"esSugerencia":true},{"id":377,"esSugerencia":false}]},"fecha":[1567952143008,1567952151524,1567952160489,1567952170272]},{"frase":"Hola Buen día ","frecuencia":4,"complejidad":{"valor":0,"pictos componentes":[{"id":377,"esSugerencia":false},{"id":379,"horario":["MANANA"],"esSugerencia":false}]},"fecha":[1567962225029,1567962226594,1567962228509,1567962240665]},{"frase":"","frecuencia":1,"complejidad":{"valor":0,"pictos componentes":[]},"fecha":1567962517833},{"frase":"Hola ¿Cómo estás? ","frecuencia":9,"complejidad":{"valor":0,"pictos componentes":[{"id":377,"esSugerencia":false},{"id":378,"esSugerencia":false}]},"fecha":[1567962524127,1567962619990,1567962622144,1567981998524,1567982000406,1567982002255,1568042314572,1568042320015,1568210780338]},{"frase":"quiero jugar con la pelota ","frecuencia":1,"complejidad":{"valor":0,"pictos componentes":[{"id":44,"esSugerencia":false},{"id":34,"edad":["NINO"],"esSugerencia":false},{"id":996,"esSugerencia":false}]},"fecha":1567962550181},{"frase":"Hola ¿Cómo estás? tengo ","frecuencia":2,"complejidad":{"valor":0,"pictos componentes":[{"id":377,"esSugerencia":false},{"id":378,"esSugerencia":false},{"id":49,"esSugerencia":false}]},"fecha":[1567982006656,1568240049107]},{"frase":"Hola ¿Cómo estás? tengo hambre ","frecuencia":2,"complejidad":{"valor":0,"pictos componentes":[{"id":377,"esSugerencia":false},{"id":378,"esSugerencia":false},{"id":49,"esSugerencia":false},{"id":597,"esSugerencia":false}]},"fecha":[1567982012271,1567982016601]},{"frase":"Hola ¿Cómo estás? tengo hambre canelones ","frecuencia":1,"complejidad":{"valor":0,"pictos componentes":[{"id":377,"esSugerencia":false},{"id":378,"esSugerencia":false},{"id":49,"esSugerencia":false},{"id":597,"esSugerencia":false},{"id":400,"esSugerencia":true}]},"fecha":1567982021991},{"frase":"Hola ¿Cómo estás? tengo hambre canelones ketchup ","frecuencia":2,"complejidad":{"valor":0,"pictos componentes":[{"id":377,"esSugerencia":false},{"id":378,"esSugerencia":false},{"id":49,"esSugerencia":false},{"id":597,"esSugerencia":false},{"id":400,"esSugerencia":true},{"id":492,"esSugerencia":true}]},"fecha":[1567982027814,1567982032689]},{"frase":"Hola ¿Cómo estás? tengo hambre canelones ketchup la pistola de agua ","frecuencia":1,"complejidad":{"valor":0,"pictos componentes":[{"id":377,"esSugerencia":false},{"id":378,"esSugerencia":false},{"id":49,"esSugerencia":false},{"id":597,"esSugerencia":false},{"id":400,"esSugerencia":true},{"id":492,"esSugerencia":true},{"id":1004,"esSugerencia":true}]},"fecha":1567982038557},{"frase":"Hola ¿Cómo estás? tengo hambre canelones ketchup la pistola de agua uno ","frecuencia":1,"complejidad":{"valor":0,"pictos componentes":[{"id":377,"esSugerencia":false},{"id":378,"esSugerencia":false},{"id":49,"esSugerencia":false},{"id":597,"esSugerencia":false},{"id":400,"esSugerencia":true},{"id":492,"esSugerencia":true},{"id":1004,"esSugerencia":true},{"id":836,"esSugerencia":true}]},"fecha":1567982047964},{"frase":"Hola ¿Cómo estás? tengo hambre canelones ketchup la pistola de agua uno la guitarra la guitarra eléctrica ","frecuencia":2,"complejidad":{"valor":0,"pictos componentes":[{"id":377,"esSugerencia":false},{"id":378,"esSugerencia":false},{"id":49,"esSugerencia":false},{"id":597,"esSugerencia":false},{"id":400,"esSugerencia":true},{"id":492,"esSugerencia":true},{"id":1004,"esSugerencia":true},{"id":836,"esSugerencia":true},{"id":855,"esSugerencia":true},{"id":856,"esSugerencia":true}]},"fecha":[1567982063306,1567982071325]},{"frase":"Hola ¿Cómo estás? tengo hambre canelones ketchup la pistola de agua uno la guitarra la guitarra eléctrica empatar ","frecuencia":1,"complejidad":{"valor":0,"pictos componentes":[{"id":377,"esSugerencia":false},{"id":378,"esSugerencia":false},{"id":49,"esSugerencia":false},{"id":597,"esSugerencia":false},{"id":400,"esSugerencia":true},{"id":492,"esSugerencia":true},{"id":1004,"esSugerencia":true},{"id":836,"esSugerencia":true},{"id":855,"esSugerencia":true},{"id":856,"esSugerencia":true},{"id":16}]},"fecha":1567982130540},{"frase":"Hola ¿Cómo estás? tengo hambre canelones ketchup la pistola de agua uno la guitarra la guitarra eléctrica empatar Hola ","frecuencia":1,"complejidad":{"valor":0,"pictos componentes":[{"id":377,"esSugerencia":false},{"id":378,"esSugerencia":false},{"id":49,"esSugerencia":false},{"id":597,"esSugerencia":false},{"id":400,"esSugerencia":true},{"id":492,"esSugerencia":true},{"id":1004,"esSugerencia":true},{"id":836,"esSugerencia":true},{"id":855,"esSugerencia":true},{"id":856,"esSugerencia":true},{"id":16},{"id":377,"esSugerencia":false}]},"fecha":1567982138366},{"frase":"Hola ¿Cómo estás? tengo hambre canelones ketchup la pistola de agua uno la guitarra la guitarra eléctrica empatar Hola ¿Cómo estás? ","frecuencia":2,"complejidad":{"valor":0,"pictos componentes":[{"id":377,"esSugerencia":false},{"id":378,"esSugerencia":false},{"id":49,"esSugerencia":false},{"id":597,"esSugerencia":false},{"id":400,"esSugerencia":true},{"id":492,"esSugerencia":true},{"id":1004,"esSugerencia":true},{"id":836,"esSugerencia":true},{"id":855,"esSugerencia":true},{"id":856,"esSugerencia":true},{"id":16},{"id":377,"esSugerencia":false},{"id":378,"esSugerencia":false}]},"fecha":[1567982147398,1567982156383]},{"frase":"Hola ¿Cómo estás? tengo hambre canelones ketchup la pistola de agua uno la guitarra la guitarra eléctrica empatar Hola ¿Cómo estás? cantar yo ","frecuencia":2,"complejidad":{"valor":0,"pictos componentes":[{"id":377,"esSugerencia":false},{"id":378,"esSugerencia":false},{"id":49,"esSugerencia":false},{"id":597,"esSugerencia":false},{"id":400,"esSugerencia":true},{"id":492,"esSugerencia":true},{"id":1004,"esSugerencia":true},{"id":836,"esSugerencia":true},{"id":855,"esSugerencia":true},{"id":856,"esSugerencia":true},{"id":16},{"id":377,"esSugerencia":false},{"id":378,"esSugerencia":false},{"id":6,"esSugerencia":true},{"id":643,"esSugerencia":false}]},"fecha":[1567982188096,1567982202267]},{"frase":"Hola ¿Cómo estás? tengo hambre canelones ketchup la pistola de agua uno la guitarra la guitarra eléctrica empatar Hola ¿Cómo estás? cantar yo dame ","frecuencia":6,"complejidad":{"valor":0,"pictos componentes":[{"id":377,"esSugerencia":false},{"id":378,"esSugerencia":false},{"id":49,"esSugerencia":false},{"id":597,"esSugerencia":false},{"id":400,"esSugerencia":true},{"id":492,"esSugerencia":true},{"id":1004,"esSugerencia":true},{"id":836,"esSugerencia":true},{"id":855,"esSugerencia":true},{"id":856,"esSugerencia":true},{"id":16},{"id":377,"esSugerencia":false},{"id":378,"esSugerencia":false},{"id":6,"esSugerencia":true},{"id":643,"esSugerencia":false},{"id":14,"esSugerencia":true}]},"fecha":[1567982216045,1567982227426,1567982238761,1567982249855,1567982260289,1567982273289]},{"frase":"Hola ¿Cómo estás? tengo hambre canelones ketchup la pistola de agua uno la guitarra la guitarra eléctrica empatar Hola ¿Cómo estás? cantar yo dame leche y galletas cepillarme los dientes ","frecuencia":1,"complejidad":{"valor":0,"pictos componentes":[{"id":377,"esSugerencia":false},{"id":378,"esSugerencia":false},{"id":49,"esSugerencia":false},{"id":597,"esSugerencia":false},{"id":400,"esSugerencia":true},{"id":492,"esSugerencia":true},{"id":1004,"esSugerencia":true},{"id":836,"esSugerencia":true},{"id":855,"esSugerencia":true},{"id":856,"esSugerencia":true},{"id":16},{"id":377,"esSugerencia":false},{"id":378,"esSugerencia":false},{"id":6,"esSugerencia":true},{"id":643,"esSugerencia":false},{"id":14,"esSugerencia":true},{"id":427,"esSugerencia":false},{"id":11,"esSugerencia":true}]},"fecha":1567982285480},{"frase":"Hola ¿Cómo estás? tengo hambre canelones ketchup la pistola de agua uno la guitarra la guitarra eléctrica empatar Hola ¿Cómo estás? cantar yo dame leche y galletas cepillarme los dientes dolor de muela manzana manzana manzana manzana manzana leche con cacáo ","frecuencia":4,"complejidad":{"valor":0,"pictos componentes":[{"id":377,"esSugerencia":false},{"id":378,"esSugerencia":false},{"id":49,"esSugerencia":false},{"id":597,"esSugerencia":false},{"id":400,"esSugerencia":true},{"id":492,"esSugerencia":true},{"id":1004,"esSugerencia":true},{"id":836,"esSugerencia":true},{"id":855,"esSugerencia":true},{"id":856,"esSugerencia":true},{"id":16},{"id":377,"esSugerencia":false},{"id":378,"esSugerencia":false},{"id":6,"esSugerencia":true},{"id":643,"esSugerencia":false},{"id":14,"esSugerencia":true},{"id":427,"esSugerencia":false},{"id":11,"esSugerencia":true},{"id":822,"esSugerencia":true},{"id":474,"esSugerencia":true},{"id":474,"esSugerencia":true},{"id":474,"esSugerencia":false},{"id":474,"esSugerencia":false},{"id":474,"esSugerencia":false},{"id":426,"edad":["NINO"],"esSugerencia":true}]},"fecha":[1567982320611,1567982339834,1567982363382,1567982385490]},{"frase":"Hola ¿Cómo estás? tengo hambre canelones ketchup la pistola de agua uno la guitarra la guitarra eléctrica empatar Hola ¿Cómo estás? cantar yo dame leche y galletas cepillarme los dientes dolor de muela manzana cambiar de canal azúcar apagar ","frecuencia":1,"complejidad":{"valor":0,"pictos componentes":[{"id":377,"esSugerencia":false},{"id":378,"esSugerencia":false},{"id":49,"esSugerencia":false},{"id":597,"esSugerencia":false},{"id":400,"esSugerencia":true},{"id":492,"esSugerencia":true},{"id":1004,"esSugerencia":true},{"id":836,"esSugerencia":true},{"id":855,"esSugerencia":true},{"id":856,"esSugerencia":true},{"id":16},{"id":377,"esSugerencia":false},{"id":378,"esSugerencia":false},{"id":6,"esSugerencia":true},{"id":643,"esSugerencia":false},{"id":14,"esSugerencia":true},{"id":427,"esSugerencia":false},{"id":11,"esSugerencia":true},{"id":822,"esSugerencia":true},{"id":474,"esSugerencia":true},{"id":8,"esSugerencia":true},{"id":396},{"id":2,"esSugerencia":false}]},"fecha":1567982467433},{"frase":"Hola ¿Cómo estás? tengo hambre canelones ketchup la pistola de agua uno la guitarra la guitarra eléctrica empatar Hola ¿Cómo estás? cantar yo dame leche y galletas cepillarme los dientes dolor de muela manzana cambiar de canal azúcar apagar Hola ","frecuencia":3,"complejidad":{"valor":0,"pictos componentes":[{"id":377,"esSugerencia":false},{"id":378,"esSugerencia":false},{"id":49,"esSugerencia":false},{"id":597,"esSugerencia":false},{"id":400,"esSugerencia":true},{"id":492,"esSugerencia":true},{"id":1004,"esSugerencia":true},{"id":836,"esSugerencia":true},{"id":855,"esSugerencia":true},{"id":856,"esSugerencia":true},{"id":16},{"id":377,"esSugerencia":false},{"id":378,"esSugerencia":false},{"id":6,"esSugerencia":true},{"id":643,"esSugerencia":false},{"id":14,"esSugerencia":true},{"id":427,"esSugerencia":false},{"id":11,"esSugerencia":true},{"id":822,"esSugerencia":true},{"id":474,"esSugerencia":true},{"id":8,"esSugerencia":true},{"id":396},{"id":2,"esSugerencia":false},{"id":377,"esSugerencia":false}]},"fecha":[1567982484341,1567982504322,1567982521680]},{"frase":"Hola ¿Cómo estás? tengo hambre canelones ketchup la pistola de agua uno la guitarra la guitarra eléctrica empatar Hola ¿Cómo estás? cantar yo dame leche y galletas cepillarme los dientes dolor de muela manzana cambiar de canal azúcar apagar Hola buscar ","frecuencia":1,"complejidad":{"valor":0,"pictos componentes":[{"id":377,"esSugerencia":false},{"id":378,"esSugerencia":false},{"id":49,"esSugerencia":false},{"id":597,"esSugerencia":false},{"id":400,"esSugerencia":true},{"id":492,"esSugerencia":true},{"id":1004,"esSugerencia":true},{"id":836,"esSugerencia":true},{"id":855,"esSugerencia":true},{"id":856,"esSugerencia":true},{"id":16},{"id":377,"esSugerencia":false},{"id":378,"esSugerencia":false},{"id":6,"esSugerencia":true},{"id":643,"esSugerencia":false},{"id":14,"esSugerencia":true},{"id":427,"esSugerencia":false},{"id":11,"esSugerencia":true},{"id":822,"esSugerencia":true},{"id":474,"esSugerencia":true},{"id":8,"esSugerencia":true},{"id":396},{"id":2,"esSugerencia":false},{"id":377,"esSugerencia":false},{"id":5,"esSugerencia":true}]},"fecha":1567982558652},{"frase":"Hola ¿Cómo estás? tengo hambre canelones ketchup la pistola de agua uno la guitarra la guitarra eléctrica empatar Hola ¿Cómo estás? cantar yo dame leche y galletas cepillarme los dientes dolor de muela manzana cambiar de canal azúcar apagar Hola buscar aburrido borrar ","frecuencia":1,"complejidad":{"valor":0,"pictos componentes":[{"id":377,"esSugerencia":false},{"id":378,"esSugerencia":false},{"id":49,"esSugerencia":false},{"id":597,"esSugerencia":false},{"id":400,"esSugerencia":true},{"id":492,"esSugerencia":true},{"id":1004,"esSugerencia":true},{"id":836,"esSugerencia":true},{"id":855,"esSugerencia":true},{"id":856,"esSugerencia":true},{"id":16},{"id":377,"esSugerencia":false},{"id":378,"esSugerencia":false},{"id":6,"esSugerencia":true},{"id":643,"esSugerencia":false},{"id":14,"esSugerencia":true},{"id":427,"esSugerencia":false},{"id":11,"esSugerencia":true},{"id":822,"esSugerencia":true},{"id":474,"esSugerencia":true},{"id":8,"esSugerencia":true},{"id":396},{"id":2,"esSugerencia":false},{"id":377,"esSugerencia":false},{"id":5,"esSugerencia":true},{"id":119,"esSugerencia":false},{"id":4}]},"fecha":1567982603227},{"frase":"Hola ¿Cómo estás? tengo hambre canelones ketchup la pistola de agua uno la guitarra la guitarra eléctrica empatar Hola ¿Cómo estás? cantar yo dame leche y galletas cepillarme los dientes dolor de muela manzana cambiar de canal azúcar apagar Hola buscar aburrido borrar arándanos yo ","frecuencia":3,"complejidad":{"valor":0,"pictos componentes":[{"id":377,"esSugerencia":false},{"id":378,"esSugerencia":false},{"id":49,"esSugerencia":false},{"id":597,"esSugerencia":false},{"id":400,"esSugerencia":true},{"id":492,"esSugerencia":true},{"id":1004,"esSugerencia":true},{"id":836,"esSugerencia":true},{"id":855,"esSugerencia":true},{"id":856,"esSugerencia":true},{"id":16},{"id":377,"esSugerencia":false},{"id":378,"esSugerencia":false},{"id":6,"esSugerencia":true},{"id":643,"esSugerencia":false},{"id":14,"esSugerencia":true},{"id":427,"esSugerencia":false},{"id":11,"esSugerencia":true},{"id":822,"esSugerencia":true},{"id":474,"esSugerencia":true},{"id":8,"esSugerencia":true},{"id":396},{"id":2,"esSugerencia":false},{"id":377,"esSugerencia":false},{"id":5,"esSugerencia":true},{"id":119,"esSugerencia":false},{"id":4},{"id":395},{"id":643,"esSugerencia":false}]},"fecha":[1567982642055,1567982666733,1567982688379]},{"frase":"Hola ¿Cómo estás? tengo hambre canelones ketchup la pistola de agua uno la guitarra la guitarra eléctrica empatar Hola ¿Cómo estás? cantar yo dame leche y galletas cepillarme los dientes dolor de muela manzana cambiar de canal azúcar apagar Hola buscar aburrido borrar arándanos yo dame la tablet ","frecuencia":2,"complejidad":{"valor":0,"pictos componentes":[{"id":377,"esSugerencia":false},{"id":378,"esSugerencia":false},{"id":49,"esSugerencia":false},{"id":597,"esSugerencia":false},{"id":400,"esSugerencia":true},{"id":492,"esSugerencia":true},{"id":1004,"esSugerencia":true},{"id":836,"esSugerencia":true},{"id":855,"esSugerencia":true},{"id":856,"esSugerencia":true},{"id":16},{"id":377,"esSugerencia":false},{"id":378,"esSugerencia":false},{"id":6,"esSugerencia":true},{"id":643,"esSugerencia":false},{"id":14,"esSugerencia":true},{"id":427,"esSugerencia":false},{"id":11,"esSugerencia":true},{"id":822,"esSugerencia":true},{"id":474,"esSugerencia":true},{"id":8,"esSugerencia":true},{"id":396},{"id":2,"esSugerencia":false},{"id":377,"esSugerencia":false},{"id":5,"esSugerencia":true},{"id":119,"esSugerencia":false},{"id":4},{"id":395},{"id":643,"esSugerencia":false},{"id":14,"esSugerencia":false},{"id":774,"esSugerencia":false}]},"fecha":[1567982752576,1567982774600]},{"frase":"Hola ¿Cómo estás? apagar yo ","frecuencia":1,"complejidad":{"valor":0,"pictos componentes":[{"id":377,"esSugerencia":false},{"id":378,"esSugerencia":false},{"id":2,"esSugerencia":false},{"id":643,"esSugerencia":false}]},"fecha":1568042349402},{"frase":"Hola ¿Cómo estás? apagar yo alcaucil ","frecuencia":1,"complejidad":{"valor":0,"pictos componentes":[{"id":377,"esSugerencia":false},{"id":378,"esSugerencia":false},{"id":2,"esSugerencia":false},{"id":643,"esSugerencia":false},{"id":392}]},"fecha":1568042371315},{"frase":"Hola ¿Cómo estás? apagar yo alcaucil bajar volumen ","frecuencia":1,"complejidad":{"valor":0,"pictos componentes":[{"id":377,"esSugerencia":false},{"id":378,"esSugerencia":false},{"id":2,"esSugerencia":false},{"id":643,"esSugerencia":false},{"id":392},{"id":3,"esSugerencia":true}]},"fecha":1568042391635},{"frase":"Hola ¿Cómo estás? apagar yo alcaucil bajar volumen y Hola ","frecuencia":1,"complejidad":{"valor":0,"pictos componentes":[{"id":377,"esSugerencia":false},{"id":378,"esSugerencia":false},{"id":2,"esSugerencia":false},{"id":643,"esSugerencia":false},{"id":392},{"id":3,"esSugerencia":true},{"id":923,"esSugerencia":true},{"id":377,"esSugerencia":false}]},"fecha":1568042425418},{"frase":"Hola ¿Cómo estás? apagar yo alcaucil bajar volumen y Hola ¿Cómo estás? ","frecuencia":1,"complejidad":{"valor":0,"pictos componentes":[{"id":377,"esSugerencia":false},{"id":378,"esSugerencia":false},{"id":2,"esSugerencia":false},{"id":643,"esSugerencia":false},{"id":392},{"id":3,"esSugerencia":true},{"id":923,"esSugerencia":true},{"id":377,"esSugerencia":false},{"id":378,"esSugerencia":false}]},"fecha":1568042436161},{"frase":"Hola ¿Cómo estás? apagar yo alcaucil bajar volumen y Hola ¿Cómo estás? tengo ","frecuencia":1,"complejidad":{"valor":0,"pictos componentes":[{"id":377,"esSugerencia":false},{"id":378,"esSugerencia":false},{"id":2,"esSugerencia":false},{"id":643,"esSugerencia":false},{"id":392},{"id":3,"esSugerencia":true},{"id":923,"esSugerencia":true},{"id":377,"esSugerencia":false},{"id":378,"esSugerencia":false},{"id":49,"esSugerencia":false}]},"fecha":1568042450481},{"frase":"Hola ¿Cómo estás? apagar yo alcaucil bajar volumen y Hola ¿Cómo estás? tengo hambre quiero ","frecuencia":1,"complejidad":{"valor":0,"pictos componentes":[{"id":377,"esSugerencia":false},{"id":378,"esSugerencia":false},{"id":2,"esSugerencia":false},{"id":643,"esSugerencia":false},{"id":392},{"id":3,"esSugerencia":true},{"id":923,"esSugerencia":true},{"id":377,"esSugerencia":false},{"id":378,"esSugerencia":false},{"id":49,"esSugerencia":false},{"id":597,"esSugerencia":false},{"id":44,"esSugerencia":true}]},"fecha":1568042472296},{"frase":"Hola ¿Cómo estás? apagar yo alcaucil bajar volumen y Hola ¿Cómo estás? tengo hambre quiero buscar ","frecuencia":1,"complejidad":{"valor":0,"pictos componentes":[{"id":377,"esSugerencia":false},{"id":378,"esSugerencia":false},{"id":2,"esSugerencia":false},{"id":643,"esSugerencia":false},{"id":392},{"id":3,"esSugerencia":true},{"id":923,"esSugerencia":true},{"id":377,"esSugerencia":false},{"id":378,"esSugerencia":false},{"id":49,"esSugerencia":false},{"id":597,"esSugerencia":false},{"id":44,"esSugerencia":true},{"id":5,"esSugerencia":false}]},"fecha":1568042486055},{"frase":"Hola ¿Cómo estás? apagar yo alcaucil bajar volumen y Hola ¿Cómo estás? tengo hambre quiero buscar colores ","frecuencia":1,"complejidad":{"valor":0,"pictos componentes":[{"id":377,"esSugerencia":false},{"id":378,"esSugerencia":false},{"id":2,"esSugerencia":false},{"id":643,"esSugerencia":false},{"id":392},{"id":3,"esSugerencia":true},{"id":923,"esSugerencia":true},{"id":377,"esSugerencia":false},{"id":378,"esSugerencia":false},{"id":49,"esSugerencia":false},{"id":597,"esSugerencia":false},{"id":44,"esSugerencia":true},{"id":5,"esSugerencia":false},{"id":737,"esSugerencia":false}]},"fecha":1568042500251},{"frase":"Hola ¿Cómo estás? apagar yo alcaucil bajar volumen y Hola ¿Cómo estás? tengo hambre quiero buscar colores Hola ","frecuencia":1,"complejidad":{"valor":0,"pictos componentes":[{"id":377,"esSugerencia":false},{"id":378,"esSugerencia":false},{"id":2,"esSugerencia":false},{"id":643,"esSugerencia":false},{"id":392},{"id":3,"esSugerencia":true},{"id":923,"esSugerencia":true},{"id":377,"esSugerencia":false},{"id":378,"esSugerencia":false},{"id":49,"esSugerencia":false},{"id":597,"esSugerencia":false},{"id":44,"esSugerencia":true},{"id":5,"esSugerencia":false},{"id":737,"esSugerencia":false},{"id":377,"esSugerencia":true}]},"fecha":1568042514523},{"frase":"mamá borrar apagar Hola ","frecuencia":3,"complejidad":{"valor":0,"pictos componentes":[{"id":628,"esSugerencia":false},{"id":4},{"id":2,"esSugerencia":false},{"id":377,"esSugerencia":false}]},"fecha":[1568151468221,1568151473405,1568151479248]},{"frase":"mamá borrar apagar Hola acompañar Hola ¿Cómo estás? ","frecuencia":4,"complejidad":{"valor":0,"pictos componentes":[{"id":628,"esSugerencia":false},{"id":4},{"id":2,"esSugerencia":false},{"id":377,"esSugerencia":false},{"id":1},{"id":377,"esSugerencia":false},{"id":378,"esSugerencia":false}]},"fecha":[1568151506509,1568151515541,1568151523065,1568151530156]},{"frase":"mamá borrar apagar Hola acompañar Hola ¿Cómo estás? tengo ","frecuencia":2,"complejidad":{"valor":0,"pictos componentes":[{"id":628,"esSugerencia":false},{"id":4},{"id":2,"esSugerencia":false},{"id":377,"esSugerencia":false},{"id":1},{"id":377,"esSugerencia":false},{"id":378,"esSugerencia":false},{"id":49,"esSugerencia":false}]},"fecha":[1568151539092,1568151545963]},{"frase":"mamá borrar apagar Hola acompañar Hola ¿Cómo estás? tengo verguenza ","frecuencia":6,"complejidad":{"valor":0,"pictos componentes":[{"id":628,"esSugerencia":false},{"id":4},{"id":2,"esSugerencia":false},{"id":377,"esSugerencia":false},{"id":1},{"id":377,"esSugerencia":false},{"id":378,"esSugerencia":false},{"id":49,"esSugerencia":false},{"id":729,"esSugerencia":false}]},"fecha":[1568151556117,1568151562612,1568151570491,1568151576392,1568151582707,1568151589650]},{"frase":"mamá borrar apagar Hola acompañar Hola ¿Cómo estás? tengo verguenza ¿Qué color es? asustado ","frecuencia":1,"complejidad":{"valor":0,"pictos componentes":[{"id":628,"esSugerencia":false},{"id":4},{"id":2,"esSugerencia":false},{"id":377,"esSugerencia":false},{"id":1},{"id":377,"esSugerencia":false},{"id":378,"esSugerencia":false},{"id":49,"esSugerencia":false},{"id":729,"esSugerencia":false},{"id":745,"esSugerencia":true},{"id":121,"esSugerencia":true}]},"fecha":1568151598086},{"frase":"mamá borrar apagar Hola acompañar Hola ¿Cómo estás? tengo verguenza ¿Qué color es? asustado aburrido ","frecuencia":2,"complejidad":{"valor":0,"pictos componentes":[{"id":628,"esSugerencia":false},{"id":4},{"id":2,"esSugerencia":false},{"id":377,"esSugerencia":false},{"id":1},{"id":377,"esSugerencia":false},{"id":378,"esSugerencia":false},{"id":49,"esSugerencia":false},{"id":729,"esSugerencia":false},{"id":745,"esSugerencia":true},{"id":121,"esSugerencia":true},{"id":119,"esSugerencia":true}]},"fecha":[1568151605577,1568151618136]},{"frase":"mamá borrar apagar Hola acompañar Hola ¿Cómo estás? tengo verguenza ¿Qué color es? asustado aburrido cantar lata de atún ","frecuencia":1,"complejidad":{"valor":0,"pictos componentes":[{"id":628,"esSugerencia":false},{"id":4},{"id":2,"esSugerencia":false},{"id":377,"esSugerencia":false},{"id":1},{"id":377,"esSugerencia":false},{"id":378,"esSugerencia":false},{"id":49,"esSugerencia":false},{"id":729,"esSugerencia":false},{"id":745,"esSugerencia":true},{"id":121,"esSugerencia":true},{"id":119,"esSugerencia":true},{"id":6,"esSugerencia":true},{"id":424,"esSugerencia":true}]},"fecha":1568151629295},{"frase":"mamá borrar apagar Hola acompañar Hola ¿Cómo estás? tengo verguenza ¿Qué color es? asustado aburrido cantar lata de atún jugo de tomate ","frecuencia":1,"complejidad":{"valor":0,"pictos componentes":[{"id":628,"esSugerencia":false},{"id":4},{"id":2,"esSugerencia":false},{"id":377,"esSugerencia":false},{"id":1},{"id":377,"esSugerencia":false},{"id":378,"esSugerencia":false},{"id":49,"esSugerencia":false},{"id":729,"esSugerencia":false},{"id":745,"esSugerencia":true},{"id":121,"esSugerencia":true},{"id":119,"esSugerencia":true},{"id":6,"esSugerencia":true},{"id":424,"esSugerencia":true},{"id":470,"esSugerencia":true}]},"fecha":1568151641604},{"frase":"mamá borrar apagar Hola acompañar Hola ¿Cómo estás? tengo verguenza ¿Qué color es? asustado aburrido cantar lata de atún jugo de tomate gelatina ","frecuencia":1,"complejidad":{"valor":0,"pictos componentes":[{"id":628,"esSugerencia":false},{"id":4},{"id":2,"esSugerencia":false},{"id":377,"esSugerencia":false},{"id":1},{"id":377,"esSugerencia":false},{"id":378,"esSugerencia":false},{"id":49,"esSugerencia":false},{"id":729,"esSugerencia":false},{"id":745,"esSugerencia":true},{"id":121,"esSugerencia":true},{"id":119,"esSugerencia":true},{"id":6,"esSugerencia":true},{"id":424,"esSugerencia":true},{"id":470,"esSugerencia":true},{"id":417,"esSugerencia":true}]},"fecha":1568151654441},{"frase":"mamá borrar apagar Hola acompañar Hola ¿Cómo estás? tengo verguenza ¿Qué color es? asustado aburrido cantar lata de atún jugo de tomate gelatina comer un sandwich ","frecuencia":1,"complejidad":{"valor":0,"pictos componentes":[{"id":628,"esSugerencia":false},{"id":4},{"id":2,"esSugerencia":false},{"id":377,"esSugerencia":false},{"id":1},{"id":377,"esSugerencia":false},{"id":378,"esSugerencia":false},{"id":49,"esSugerencia":false},{"id":729,"esSugerencia":false},{"id":745,"esSugerencia":true},{"id":121,"esSugerencia":true},{"id":119,"esSugerencia":true},{"id":6,"esSugerencia":true},{"id":424,"esSugerencia":true},{"id":470,"esSugerencia":true},{"id":417,"esSugerencia":true},{"id":12,"esSugerencia":true}]},"fecha":1568151668713},{"frase":"mamá borrar apagar Hola acompañar Hola ¿Cómo estás? tengo verguenza ¿Qué color es? asustado aburrido cantar lata de atún jugo de tomate gelatina comer un sandwich filete ","frecuencia":1,"complejidad":{"valor":0,"pictos componentes":[{"id":628,"esSugerencia":false},{"id":4},{"id":2,"esSugerencia":false},{"id":377,"esSugerencia":false},{"id":1},{"id":377,"esSugerencia":false},{"id":378,"esSugerencia":false},{"id":49,"esSugerencia":false},{"id":729,"esSugerencia":false},{"id":745,"esSugerencia":true},{"id":121,"esSugerencia":true},{"id":119,"esSugerencia":true},{"id":6,"esSugerencia":true},{"id":424,"esSugerencia":true},{"id":470,"esSugerencia":true},{"id":417,"esSugerencia":true},{"id":12,"esSugerencia":true},{"id":512,"esSugerencia":true}]},"fecha":1568151685152},{"frase":"mamá borrar apagar Hola acompañar Hola ¿Cómo estás? tengo verguenza ¿Qué color es? asustado aburrido cantar lata de atún jugo de tomate gelatina comer un sandwich filete con ","frecuencia":1,"complejidad":{"valor":0,"pictos componentes":[{"id":628,"esSugerencia":false},{"id":4},{"id":2,"esSugerencia":false},{"id":377,"esSugerencia":false},{"id":1},{"id":377,"esSugerencia":false},{"id":378,"esSugerencia":false},{"id":49,"esSugerencia":false},{"id":729,"esSugerencia":false},{"id":745,"esSugerencia":true},{"id":121,"esSugerencia":true},{"id":119,"esSugerencia":true},{"id":6,"esSugerencia":true},{"id":424,"esSugerencia":true},{"id":470,"esSugerencia":true},{"id":417,"esSugerencia":true},{"id":12,"esSugerencia":true},{"id":512,"esSugerencia":true},{"id":528,"esSugerencia":true}]},"fecha":1568151701154},{"frase":"mamá borrar apagar Hola acompañar Hola ¿Cómo estás? tengo verguenza ¿Qué color es? asustado aburrido cantar lata de atún jugo de tomate gelatina comer un sandwich filete con filete ","frecuencia":1,"complejidad":{"valor":0,"pictos componentes":[{"id":628,"esSugerencia":false},{"id":4},{"id":2,"esSugerencia":false},{"id":377,"esSugerencia":false},{"id":1},{"id":377,"esSugerencia":false},{"id":378,"esSugerencia":false},{"id":49,"esSugerencia":false},{"id":729,"esSugerencia":false},{"id":745,"esSugerencia":true},{"id":121,"esSugerencia":true},{"id":119,"esSugerencia":true},{"id":6,"esSugerencia":true},{"id":424,"esSugerencia":true},{"id":470,"esSugerencia":true},{"id":417,"esSugerencia":true},{"id":12,"esSugerencia":true},{"id":512,"esSugerencia":true},{"id":528,"esSugerencia":true},{"id":512,"esSugerencia":true}]},"fecha":1568151717076},{"frase":"mamá borrar apagar Hola acompañar Hola ¿Cómo estás? tengo verguenza ¿Qué color es? asustado aburrido cantar lata de atún jugo de tomate gelatina comer un sandwich filete con filete ballena ","frecuencia":1,"complejidad":{"valor":0,"pictos componentes":[{"id":628,"esSugerencia":false},{"id":4},{"id":2,"esSugerencia":false},{"id":377,"esSugerencia":false},{"id":1},{"id":377,"esSugerencia":false},{"id":378,"esSugerencia":false},{"id":49,"esSugerencia":false},{"id":729,"esSugerencia":false},{"id":745,"esSugerencia":true},{"id":121,"esSugerencia":true},{"id":119,"esSugerencia":true},{"id":6,"esSugerencia":true},{"id":424,"esSugerencia":true},{"id":470,"esSugerencia":true},{"id":417,"esSugerencia":true},{"id":12,"esSugerencia":true},{"id":512,"esSugerencia":true},{"id":528,"esSugerencia":true},{"id":512,"esSugerencia":true},{"id":290,"esSugerencia":true}]},"fecha":1568151740218},{"frase":"mamá borrar apagar Hola acompañar Hola ¿Cómo estás? tengo verguenza ¿Qué color es? asustado aburrido cantar lata de atún jugo de tomate gelatina comer un sandwich filete con filete ballena abeja ","frecuencia":1,"complejidad":{"valor":0,"pictos componentes":[{"id":628,"esSugerencia":false},{"id":4},{"id":2,"esSugerencia":false},{"id":377,"esSugerencia":false},{"id":1},{"id":377,"esSugerencia":false},{"id":378,"esSugerencia":false},{"id":49,"esSugerencia":false},{"id":729,"esSugerencia":false},{"id":745,"esSugerencia":true},{"id":121,"esSugerencia":true},{"id":119,"esSugerencia":true},{"id":6,"esSugerencia":true},{"id":424,"esSugerencia":true},{"id":470,"esSugerencia":true},{"id":417,"esSugerencia":true},{"id":12,"esSugerencia":true},{"id":512,"esSugerencia":true},{"id":528,"esSugerencia":true},{"id":512,"esSugerencia":true},{"id":290,"esSugerencia":true},{"id":283,"esSugerencia":true}]},"fecha":1568151757974},{"frase":"mamá borrar apagar Hola acompañar Hola ¿Cómo estás? tengo verguenza ¿Qué color es? asustado aburrido cantar lata de atún jugo de tomate gelatina comer un sandwich filete con filete ballena abeja leer ","frecuencia":2,"complejidad":{"valor":0,"pictos componentes":[{"id":628,"esSugerencia":false},{"id":4},{"id":2,"esSugerencia":false},{"id":377,"esSugerencia":false},{"id":1},{"id":377,"esSugerencia":false},{"id":378,"esSugerencia":false},{"id":49,"esSugerencia":false},{"id":729,"esSugerencia":false},{"id":745,"esSugerencia":true},{"id":121,"esSugerencia":true},{"id":119,"esSugerencia":true},{"id":6,"esSugerencia":true},{"id":424,"esSugerencia":true},{"id":470,"esSugerencia":true},{"id":417,"esSugerencia":true},{"id":12,"esSugerencia":true},{"id":512,"esSugerencia":true},{"id":528,"esSugerencia":true},{"id":512,"esSugerencia":true},{"id":290,"esSugerencia":true},{"id":283,"esSugerencia":true},{"id":32,"esSugerencia":true}]},"fecha":[1568151774417,1568151793035]},{"frase":"mamá borrar apagar Hola acompañar Hola ¿Cómo estás? tengo verguenza ¿Qué color es? asustado aburrido cantar lata de atún jugo de tomate gelatina comer un sandwich filete con filete ballena abeja leer Hola ","frecuencia":2,"complejidad":{"valor":0,"pictos componentes":[{"id":628,"esSugerencia":false},{"id":4},{"id":2,"esSugerencia":false},{"id":377,"esSugerencia":false},{"id":1},{"id":377,"esSugerencia":false},{"id":378,"esSugerencia":false},{"id":49,"esSugerencia":false},{"id":729,"esSugerencia":false},{"id":745,"esSugerencia":true},{"id":121,"esSugerencia":true},{"id":119,"esSugerencia":true},{"id":6,"esSugerencia":true},{"id":424,"esSugerencia":true},{"id":470,"esSugerencia":true},{"id":417,"esSugerencia":true},{"id":12,"esSugerencia":true},{"id":512,"esSugerencia":true},{"id":528,"esSugerencia":true},{"id":512,"esSugerencia":true},{"id":290,"esSugerencia":true},{"id":283,"esSugerencia":true},{"id":32,"esSugerencia":true},{"id":377,"esSugerencia":false}]},"fecha":[1568151847259,1568151864793]},{"frase":"mamá borrar apagar Hola acompañar Hola ¿Cómo estás? tengo verguenza ¿Qué color es? asustado aburrido cantar lata de atún jugo de tomate gelatina comer un sandwich filete con filete ballena abeja leer Hola tengo ","frecuencia":1,"complejidad":{"valor":0,"pictos componentes":[{"id":628,"esSugerencia":false},{"id":4},{"id":2,"esSugerencia":false},{"id":377,"esSugerencia":false},{"id":1},{"id":377,"esSugerencia":false},{"id":378,"esSugerencia":false},{"id":49,"esSugerencia":false},{"id":729,"esSugerencia":false},{"id":745,"esSugerencia":true},{"id":121,"esSugerencia":true},{"id":119,"esSugerencia":true},{"id":6,"esSugerencia":true},{"id":424,"esSugerencia":true},{"id":470,"esSugerencia":true},{"id":417,"esSugerencia":true},{"id":12,"esSugerencia":true},{"id":512,"esSugerencia":true},{"id":528,"esSugerencia":true},{"id":512,"esSugerencia":true},{"id":290,"esSugerencia":true},{"id":283,"esSugerencia":true},{"id":32,"esSugerencia":true},{"id":377,"esSugerencia":false},{"id":49,"esSugerencia":false}]},"fecha":1568151879736},{"frase":"mamá borrar apagar Hola acompañar Hola ¿Cómo estás? tengo verguenza ¿Qué color es? asustado aburrido cantar lata de atún jugo de tomate gelatina comer un sandwich filete con filete ballena abeja leer Hola tengo verguenza ¿Qué color es? colores Hola ","frecuencia":1,"complejidad":{"valor":0,"pictos componentes":[{"id":628,"esSugerencia":false},{"id":4},{"id":2,"esSugerencia":false},{"id":377,"esSugerencia":false},{"id":1},{"id":377,"esSugerencia":false},{"id":378,"esSugerencia":false},{"id":49,"esSugerencia":false},{"id":729,"esSugerencia":false},{"id":745,"esSugerencia":true},{"id":121,"esSugerencia":true},{"id":119,"esSugerencia":true},{"id":6,"esSugerencia":true},{"id":424,"esSugerencia":true},{"id":470,"esSugerencia":true},{"id":417,"esSugerencia":true},{"id":12,"esSugerencia":true},{"id":512,"esSugerencia":true},{"id":528,"esSugerencia":true},{"id":512,"esSugerencia":true},{"id":290,"esSugerencia":true},{"id":283,"esSugerencia":true},{"id":32,"esSugerencia":true},{"id":377,"esSugerencia":false},{"id":49,"esSugerencia":false},{"id":729,"esSugerencia":false},{"id":745,"esSugerencia":false},{"id":737,"esSugerencia":true},{"id":377,"esSugerencia":false}]},"fecha":1568151895030},{"frase":"mamá borrar apagar Hola acompañar Hola ¿Cómo estás? tengo verguenza ¿Qué color es? asustado aburrido cantar lata de atún jugo de tomate gelatina comer un sandwich filete con filete ballena abeja leer Hola tengo verguenza ¿Qué color es? colores Hola Buen día ","frecuencia":1,"complejidad":{"valor":0,"pictos componentes":[{"id":628,"esSugerencia":false},{"id":4},{"id":2,"esSugerencia":false},{"id":377,"esSugerencia":false},{"id":1},{"id":377,"esSugerencia":false},{"id":378,"esSugerencia":false},{"id":49,"esSugerencia":false},{"id":729,"esSugerencia":false},{"id":745,"esSugerencia":true},{"id":121,"esSugerencia":true},{"id":119,"esSugerencia":true},{"id":6,"esSugerencia":true},{"id":424,"esSugerencia":true},{"id":470,"esSugerencia":true},{"id":417,"esSugerencia":true},{"id":12,"esSugerencia":true},{"id":512,"esSugerencia":true},{"id":528,"esSugerencia":true},{"id":512,"esSugerencia":true},{"id":290,"esSugerencia":true},{"id":283,"esSugerencia":true},{"id":32,"esSugerencia":true},{"id":377,"esSugerencia":false},{"id":49,"esSugerencia":false},{"id":729,"esSugerencia":false},{"id":745,"esSugerencia":false},{"id":737,"esSugerencia":true},{"id":377,"esSugerencia":false},{"id":379,"horario":["MANANA"],"esSugerencia":false}]},"fecha":1568151914813},{"frase":"mamá borrar apagar Hola acompañar Hola ¿Cómo estás? tengo verguenza ¿Qué color es? asustado aburrido cantar lata de atún jugo de tomate gelatina comer un sandwich filete con filete ballena abeja leer Hola tengo verguenza ¿Qué color es? colores Hola Buen día quiero ir a un supermercado goma pintar yo ","frecuencia":1,"complejidad":{"valor":0,"pictos componentes":[{"id":628,"esSugerencia":false},{"id":4},{"id":2,"esSugerencia":false},{"id":377,"esSugerencia":false},{"id":1},{"id":377,"esSugerencia":false},{"id":378,"esSugerencia":false},{"id":49,"esSugerencia":false},{"id":729,"esSugerencia":false},{"id":745,"esSugerencia":true},{"id":121,"esSugerencia":true},{"id":119,"esSugerencia":true},{"id":6,"esSugerencia":true},{"id":424,"esSugerencia":true},{"id":470,"esSugerencia":true},{"id":417,"esSugerencia":true},{"id":12,"esSugerencia":true},{"id":512,"esSugerencia":true},{"id":528,"esSugerencia":true},{"id":512,"esSugerencia":true},{"id":290,"esSugerencia":true},{"id":283,"esSugerencia":true},{"id":32,"esSugerencia":true},{"id":377,"esSugerencia":false},{"id":49,"esSugerencia":false},{"id":729,"esSugerencia":false},{"id":745,"esSugerencia":false},{"id":737,"esSugerencia":true},{"id":377,"esSugerencia":false},{"id":379,"horario":["MANANA"],"esSugerencia":false},{"id":44,"esSugerencia":false},{"id":30,"esSugerencia":false},{"id":688,"esSugerencia":false},{"id":760},{"id":43,"esSugerencia":true},{"id":643,"esSugerencia":false}]},"fecha":1568152008057},{"frase":"Hola ¿Cómo estás? quiero ","frecuencia":1,"complejidad":{"valor":0,"pictos componentes":[{"id":377,"esSugerencia":false},{"id":378,"esSugerencia":false},{"id":44,"esSugerencia":false}]},"fecha":1568210786614},{"frase":"Hola ¿Cómo estás? quiero buscar comida ","frecuencia":1,"complejidad":{"valor":0,"pictos componentes":[{"id":377,"esSugerencia":false},{"id":378,"esSugerencia":false},{"id":44,"esSugerencia":false},{"id":5,"esSugerencia":false},{"id":1014,"esSugerencia":false}]},"fecha":1568210791952},{"frase":"Hola ¿Cómo estás? quiero buscar comida escuela ","frecuencia":1,"complejidad":{"valor":0,"pictos componentes":[{"id":377,"esSugerencia":false},{"id":378,"esSugerencia":false},{"id":44,"esSugerencia":false},{"id":5,"esSugerencia":false},{"id":1014,"esSugerencia":false},{"id":662,"esSugerencia":true}]},"fecha":1568210801676},{"frase":"Hola ¿Cómo estás? quiero buscar comida escuela bajar volumen ","frecuencia":1,"complejidad":{"valor":0,"pictos componentes":[{"id":377,"esSugerencia":false},{"id":378,"esSugerencia":false},{"id":44,"esSugerencia":false},{"id":5,"esSugerencia":false},{"id":1014,"esSugerencia":false},{"id":662,"esSugerencia":true},{"id":3,"esSugerencia":false}]},"fecha":1568210810287},{"frase":"Hola ¿Cómo estás? quiero buscar comida escuela bajar volumen ayuda ","frecuencia":1,"complejidad":{"valor":0,"pictos componentes":[{"id":377,"esSugerencia":false},{"id":378,"esSugerencia":false},{"id":44,"esSugerencia":false},{"id":5,"esSugerencia":false},{"id":1014,"esSugerencia":false},{"id":662,"esSugerencia":true},{"id":3,"esSugerencia":false},{"id":703,"esSugerencia":true}]},"fecha":1568210818904},{"frase":"Hola ¿Cómo estás? quiero buscar comida escuela bajar volumen ayuda computadora ","frecuencia":2,"complejidad":{"valor":0,"pictos componentes":[{"id":377,"esSugerencia":false},{"id":378,"esSugerencia":false},{"id":44,"esSugerencia":false},{"id":5,"esSugerencia":false},{"id":1014,"esSugerencia":false},{"id":662,"esSugerencia":true},{"id":3,"esSugerencia":false},{"id":703,"esSugerencia":true},{"id":755,"esSugerencia":true}]},"fecha":[1568210829638,1568210837947]},{"frase":"Hola ¿Cómo estás? quiero buscar comida escuela bajar volumen ayuda computadora huevo duro ","frecuencia":1,"complejidad":{"valor":0,"pictos componentes":[{"id":377,"esSugerencia":false},{"id":378,"esSugerencia":false},{"id":44,"esSugerencia":false},{"id":5,"esSugerencia":false},{"id":1014,"esSugerencia":false},{"id":662,"esSugerencia":true},{"id":3,"esSugerencia":false},{"id":703,"esSugerencia":true},{"id":755,"esSugerencia":true},{"id":420,"esSugerencia":true}]},"fecha":1568210874248},{"frase":"Hola ¿Cómo estás? quiero buscar comida escuela bajar volumen ayuda computadora borrar Hola Buen día ","frecuencia":1,"complejidad":{"valor":0,"pictos componentes":[{"id":377,"esSugerencia":false},{"id":378,"esSugerencia":false},{"id":44,"esSugerencia":false},{"id":5,"esSugerencia":false},{"id":1014,"esSugerencia":false},{"id":662,"esSugerencia":true},{"id":3,"esSugerencia":false},{"id":703,"esSugerencia":true},{"id":755,"esSugerencia":true},{"id":4},{"id":377,"esSugerencia":false},{"id":379,"horario":["MANANA"],"esSugerencia":false}]},"fecha":1568210904046},{"frase":"Hola ¿Cómo estás? quiero buscar comida escuela bajar volumen ayuda computadora borrar Hola Buen día tengo hambre ","frecuencia":1,"complejidad":{"valor":0,"pictos componentes":[{"id":377,"esSugerencia":false},{"id":378,"esSugerencia":false},{"id":44,"esSugerencia":false},{"id":5,"esSugerencia":false},{"id":1014,"esSugerencia":false},{"id":662,"esSugerencia":true},{"id":3,"esSugerencia":false},{"id":703,"esSugerencia":true},{"id":755,"esSugerencia":true},{"id":4},{"id":377,"esSugerencia":false},{"id":379,"horario":["MANANA"],"esSugerencia":false},{"id":49,"esSugerencia":false},{"id":597,"esSugerencia":false}]},"fecha":1568210917239},{"frase":"Hola ¿Cómo estás? quiero buscar comida escuela bajar volumen ayuda computadora borrar Hola Buen día tengo hambre abeja damasco ","frecuencia":1,"complejidad":{"valor":0,"pictos componentes":[{"id":377,"esSugerencia":false},{"id":378,"esSugerencia":false},{"id":44,"esSugerencia":false},{"id":5,"esSugerencia":false},{"id":1014,"esSugerencia":false},{"id":662,"esSugerencia":true},{"id":3,"esSugerencia":false},{"id":703,"esSugerencia":true},{"id":755,"esSugerencia":true},{"id":4},{"id":377,"esSugerencia":false},{"id":379,"horario":["MANANA"],"esSugerencia":false},{"id":49,"esSugerencia":false},{"id":597,"esSugerencia":false},{"id":283,"esSugerencia":true},{"id":408,"esSugerencia":true}]},"fecha":1568210926797},{"frase":"Hola ¿Cómo estás? quiero buscar comida escuela bajar volumen ayuda computadora borrar Hola Buen día tengo hambre abeja damasco apagar la tablet aburrido ","frecuencia":1,"complejidad":{"valor":0,"pictos componentes":[{"id":377,"esSugerencia":false},{"id":378,"esSugerencia":false},{"id":44,"esSugerencia":false},{"id":5,"esSugerencia":false},{"id":1014,"esSugerencia":false},{"id":662,"esSugerencia":true},{"id":3,"esSugerencia":false},{"id":703,"esSugerencia":true},{"id":755,"esSugerencia":true},{"id":4},{"id":377,"esSugerencia":false},{"id":379,"horario":["MANANA"],"esSugerencia":false},{"id":49,"esSugerencia":false},{"id":597,"esSugerencia":false},{"id":283,"esSugerencia":true},{"id":408,"esSugerencia":true},{"id":2,"esSugerencia":true},{"id":774,"esSugerencia":false},{"id":119,"esSugerencia":true}]},"fecha":1568210937081},{"frase":"Hola ¿Cómo estás? tengo frío bajar volumen cantar apagar la televisión escuela sentarme escuela bajar volumen ","frecuencia":1,"complejidad":{"valor":0,"pictos componentes":[{"id":377,"esSugerencia":false},{"id":378,"esSugerencia":false},{"id":49,"esSugerencia":false},{"id":177,"esSugerencia":false},{"id":3,"esSugerencia":false},{"id":6,"esSugerencia":true},{"id":2,"esSugerencia":true},{"id":773,"esSugerencia":false},{"id":662,"esSugerencia":true},{"id":101,"esSugerencia":false},{"id":662,"esSugerencia":true},{"id":3,"esSugerencia":false}]},"fecha":1568210961245},{"frase":"Hola ¿Cómo estás? tengo escuela ","frecuencia":1,"complejidad":{"valor":0,"pictos componentes":[{"id":377,"esSugerencia":false},{"id":378,"esSugerencia":false},{"id":49,"esSugerencia":false},{"id":662,"esSugerencia":false}]},"fecha":1568240054161},{"frase":"Hola ¿Cómo estás? tengo escuela sentarme ","frecuencia":1,"complejidad":{"valor":0,"pictos componentes":[{"id":377,"esSugerencia":false},{"id":378,"esSugerencia":false},{"id":49,"esSugerencia":false},{"id":662,"esSugerencia":false},{"id":101,"esSugerencia":false}]},"fecha":1568240060425},{"frase":"Hola ¿Cómo estás? tengo escuela sentarme pintar ","frecuencia":1,"complejidad":{"valor":0,"pictos componentes":[{"id":377,"esSugerencia":false},{"id":378,"esSugerencia":false},{"id":49,"esSugerencia":false},{"id":662,"esSugerencia":false},{"id":101,"esSugerencia":false},{"id":43,"esSugerencia":true}]},"fecha":1568240068962}]