[{"frase":"Si ","frecuencia":9,"complejidad":{"valor":0,"pictos componentes":[{"id":388,"esSugerencia":false}]},"fecha":[1571341729877,1571341735384,1571341745689,1571425522783,1571425535878,1571425538047,1571425539138,1571425542106,1571425544964]},{"frase":"Si quiero ","frecuencia":6,"complejidad":{"valor":0,"pictos componentes":[{"id":388,"esSugerencia":false},{"id":44,"esSugerencia":false}]},"fecha":[1571341753069,1571341758633,1571341765010,1571341771626,1571341804631,1571341812680]},{"frase":"Hola ","frecuencia":34,"complejidad":{"valor":0,"pictos componentes":[{"id":377,"esSugerencia":false}]},"fecha":[1571341822483,1571341887971,1571341891946,1571341898894,1571341899445,1571341902634,1571342003504,1571342022520,1571342035480,1571342047173,1571342057258,1571342066247,1571342093603,1571342121712,1571342124385,1571342161246,1571342163535,1571342167360,1571342181173,1571342198326,1571342210267,1571342252874,1571342253926,1571342265901,1571342294532,1571342297654,1571342347810,1571342350316,1571342350981,1571342486836,1571342498680,1571342566909,1571425276354,1571425564439]},{"frase":"Hola ¿Cómo estás? tengo ","frecuencia":1,"complejidad":{"valor":0,"pictos componentes":[{"id":377,"esSugerencia":false},{"id":378,"esSugerencia":false},{"id":49,"esSugerencia":false}]},"fecha":1571341826674},{"frase":"Hola ¿Cómo estás? tengo escuela ","frecuencia":1,"complejidad":{"valor":0,"pictos componentes":[{"id":377,"esSugerencia":false},{"id":378,"esSugerencia":false},{"id":49,"esSugerencia":false},{"id":662,"esSugerencia":false}]},"fecha":1571341830871},{"frase":"yo ","frecuencia":1,"complejidad":{"valor":0,"pictos componentes":[{"id":643,"esSugerencia":false}]},"fecha":1571341846584},{"frase":"yo tengo frío ","frecuencia":1,"complejidad":{"valor":0,"pictos componentes":[{"id":643,"esSugerencia":false},{"id":49,"esSugerencia":false},{"id":177,"esSugerencia":false}]},"fecha":1571341851477},{"frase":"yo tengo frío mamá ","frecuencia":1,"complejidad":{"valor":0,"pictos componentes":[{"id":643,"esSugerencia":false},{"id":49,"esSugerencia":false},{"id":177,"esSugerencia":false},{"id":628,"esSugerencia":true}]},"fecha":1571341862167},{"frase":"Hola ¿Cómo estás? ","frecuencia":14,"complejidad":{"valor":0,"pictos componentes":[{"id":377,"esSugerencia":false},{"id":378,"esSugerencia":false}]},"fecha":[1571341908345,1571342368719,1571342500097,1571342502887,1571342508848,1571342511621,1571342569141,1571342578110,1571342579613,1571343536982,1571343538970,1571343540420,1571343605576,1571343606862]},{"frase":"quiero ir a comer ","frecuencia":1,"complejidad":{"valor":0,"pictos componentes":[{"id":44,"esSugerencia":false},{"id":30,"esSugerencia":false},{"id":118,"esSugerencia":false}]},"fecha":1571342376920},{"frase":"","frecuencia":5,"complejidad":{"valor":0,"pictos componentes":[]},"fecha":[1571342597100,1571342605317,1571342608039,1571342609697,1571425262537]},{"frase":"yo quiero comer ","frecuencia":1,"complejidad":{"valor":0,"pictos componentes":[{"id":643,"esSugerencia":false},{"id":44,"esSugerencia":false},{"id":118,"esSugerencia":false}]},"fecha":1571343578667},{"frase":"yo quiero comer pollo ","frecuencia":1,"complejidad":{"valor":0,"pictos componentes":[{"id":643,"esSugerencia":false},{"id":44,"esSugerencia":false},{"id":118,"esSugerencia":false},{"id":504,"esSugerencia":false}]},"fecha":1571343584916},{"frase":"yo tengo hambre ","frecuencia":1,"complejidad":{"valor":0,"pictos componentes":[{"id":643,"esSugerencia":false},{"id":49,"esSugerencia":false},{"id":597,"esSugerencia":false}]},"fecha":1571343857094},{"frase":"yo No quiero hacer nadar ","frecuencia":5,"complejidad":{"valor":0,"pictos componentes":[{"id":643,"esSugerencia":false},{"id":389,"esSugerencia":false},{"id":44,"esSugerencia":false},{"id":28},{"id":86}]},"fecha":[1571344517130,1571344549151,1571344555381,1571344580448,1571344583906]},{"frase":"No ","frecuencia":2,"complejidad":{"valor":0,"pictos componentes":[{"id":389,"esSugerencia":false}]},"fecha":[1571425504599,1571425509841]},{"frase":"Hola Buenas tardes ","frecuencia":2,"complejidad":{"valor":0,"pictos componentes":[{"id":377,"esSugerencia":false},{"id":380,"horario":["MEDIODIA","TARDE"],"esSugerencia":false}]},"fecha":[1571425571737,1571425574492]},{"frase":"mamá ","frecuencia":2,"complejidad":{"valor":0,"pictos componentes":[{"id":628,"esSugerencia":false}]},"fecha":[1571425798298,1571425808391]},{"frase":"dibujar dame yo escribir computadora crayones enamorado ","frecuencia":1,"complejidad":{"valor":0,"pictos componentes":[{"id":15},{"id":14,"esSugerencia":true},{"id":643,"esSugerencia":false},{"id":18},{"id":755},{"id":756},{"id":164}]},"fecha":1571426222027},{"frase":"dibujar mas o menos mal ","frecuencia":1,"complejidad":{"valor":0,"pictos componentes":[{"id":15},{"id":204},{"id":205,"esSugerencia":true}]},"fecha":1571426325242},{"frase":"quiero ","frecuencia":2,"complejidad":{"valor":0,"pictos componentes":[{"id":44,"esSugerencia":false}]},"fecha":[1571426678927,1571426691167]},{"frase":"quiero comer ","frecuencia":1,"complejidad":{"valor":0,"pictos componentes":[{"id":44,"esSugerencia":false},{"id":118,"esSugerencia":false}]},"fecha":1571426703259},{"frase":"quiero ir a ","frecuencia":1,"complejidad":{"valor":0,"pictos componentes":[{"id":44,"esSugerencia":false},{"id":30,"esSugerencia":false}]},"fecha":1571426727829},{"frase":"quiero ir a casa ","frecuencia":1,"complejidad":{"valor":0,"pictos componentes":[{"id":44,"esSugerencia":false},{"id":30,"esSugerencia":false},{"id":653,"esSugerencia":false}]},"fecha":1571426742941}]