[{"frase":"Hola Buenas tardes ","frecuencia":1,"complejidad":{"valor":0,"pictos componentes":[{"id":377,"esSugerencia":false},{"id":380,"horario":["MEDIODIA","TARDE"],"esSugerencia":false}]},"fecha":1550384499257},{"frase":"Si ","frecuencia":2,"complejidad":{"valor":0,"pictos componentes":[{"id":388,"esSugerencia":false}]},"fecha":[1550384545052,1550384547791]},{"frase":"mamá ","frecuencia":1,"complejidad":{"valor":0,"pictos componentes":[{"id":628,"esSugerencia":false}]},"fecha":1550384584847}]