[{"frase":"Hola Buenas noches ","frecuencia":2,"complejidad":{"valor":0,"pictos componentes":[{"id":377},{"id":381,"horario":["NOCHE"]}]},"fecha":[1534294663,1534296650]},{"frase":"Hola ¿Cómo estás? ","frecuencia":6,"complejidad":{"valor":0,"pictos componentes":[{"id":377},{"id":378}]},"fecha":[1534294772,1534369486,1534437377,1534870356,1563389489921,1570401960716]},{"frase":"Hola tengo hambre ","frecuencia":1,"complejidad":{"valor":0,"pictos componentes":[{"id":377},{"id":49},{"id":597}]},"fecha":[1534369501]},{"frase":"yo tengo hambre ","frecuencia":3,"complejidad":{"valor":0,"pictos componentes":[{"id":643},{"id":49},{"id":597}]},"fecha":[1534437458,1556109546986,1556109561094]},{"frase":"yo quiero ","frecuencia":3,"complejidad":{"valor":0,"pictos componentes":[{"id":643,"esSugerencia":false},{"id":44,"esSugerencia":false}]},"fecha":[1556109580407,1556109584706,1563389092761]},{"frase":"yo quiero escribir ","frecuencia":2,"complejidad":{"valor":0,"pictos componentes":[{"id":643,"esSugerencia":false},{"id":44,"esSugerencia":false},{"id":18}]},"fecha":[1556109644686,1556109653160]},{"frase":"yo quiero peinarme ","frecuencia":1,"complejidad":{"valor":0,"pictos componentes":[{"id":643,"esSugerencia":false},{"id":44,"esSugerencia":false},{"id":39,"esSugerencia":false}]},"fecha":1556110395305},{"frase":"yo quiero hacer pis ","frecuencia":2,"complejidad":{"valor":0,"pictos componentes":[{"id":643,"esSugerencia":false},{"id":44,"esSugerencia":false},{"id":29,"esSugerencia":false}]},"fecha":[1556110514746,1556110517353]},{"frase":"Hola quiero peinarme ","frecuencia":4,"complejidad":{"valor":0,"pictos componentes":[{"id":377,"esSugerencia":false},{"id":44,"esSugerencia":false},{"id":39,"esSugerencia":false}]},"fecha":[1558529645395,1563389153655,1565958324907,1565958329925]},{"frase":"yo quiero jugar con el juguete ","frecuencia":1,"complejidad":{"valor":0,"pictos componentes":[{"id":643,"esSugerencia":false},{"id":44,"esSugerencia":false},{"id":34,"esSugerencia":false},{"id":761,"esSugerencia":false}]},"fecha":1563388845178},{"frase":"yo tengo ","frecuencia":1,"complejidad":{"valor":0,"pictos componentes":[{"id":643,"esSugerencia":false},{"id":49,"esSugerencia":false}]},"fecha":1563388952874},{"frase":"Hola ","frecuencia":3,"complejidad":{"valor":0,"pictos componentes":[{"id":377,"esSugerencia":false}]},"fecha":[1563388964685,1563388970819,1563389135180]},{"frase":"Hola Buenas noches ¿Cómo estás? ","frecuencia":2,"complejidad":{"valor":0,"pictos componentes":[{"id":377,"esSugerencia":false},{"id":381,"horario":["NOCHE"],"esSugerencia":false},{"id":378,"esSugerencia":true}]},"fecha":[1563388979396,1563389378757]},{"frase":"Hola Buenas noches comprar el coche de bomberos ","frecuencia":1,"complejidad":{"valor":0,"pictos componentes":[{"id":377,"esSugerencia":false},{"id":381,"horario":["NOCHE"],"esSugerencia":false},{"id":13,"esSugerencia":true},{"id":981,"esSugerencia":true}]},"fecha":1563388990428},{"frase":"quiero mamá ","frecuencia":1,"complejidad":{"valor":0,"pictos componentes":[{"id":44,"esSugerencia":false},{"id":628,"esSugerencia":false}]},"fecha":1563389029532},{"frase":"quiero mamá quiero peinarme ir a comer hamburguesa y amigos ","frecuencia":1,"complejidad":{"valor":0,"pictos componentes":[{"id":44,"esSugerencia":false},{"id":628,"esSugerencia":false},{"id":44,"esSugerencia":false},{"id":39,"esSugerencia":false},{"id":30,"esSugerencia":true},{"id":118,"esSugerencia":false},{"id":515,"esSugerencia":false},{"id":923,"esSugerencia":true},{"id":615,"esSugerencia":true}]},"fecha":1563389066796},{"frase":"yo quiero peinarme peinada sentarme en el borde campera calza ","frecuencia":1,"complejidad":{"valor":0,"pictos componentes":[{"id":643,"esSugerencia":false},{"id":44,"esSugerencia":false},{"id":39,"esSugerencia":false},{"id":226,"esSugerencia":true},{"id":102,"esSugerencia":true},{"id":941,"esSugerencia":true},{"id":937,"esSugerencia":true}]},"fecha":1563389096850},{"frase":"Hola quiero comer ","frecuencia":1,"complejidad":{"valor":0,"pictos componentes":[{"id":377,"esSugerencia":false},{"id":44,"esSugerencia":false},{"id":118,"esSugerencia":false}]},"fecha":1563389171576},{"frase":"Hola quiero comer hamburguesa ","frecuencia":1,"complejidad":{"valor":0,"pictos componentes":[{"id":377,"esSugerencia":false},{"id":44,"esSugerencia":false},{"id":118,"esSugerencia":false},{"id":515,"esSugerencia":false}]},"fecha":1563389208111},{"frase":"Hola tengo me lo puedes dar  agua banana ","frecuencia":1,"complejidad":{"valor":0,"pictos componentes":[{"id":377,"esSugerencia":false},{"id":49,"esSugerencia":false},{"id":14,"esSugerencia":false},{"id":500,"esSugerencia":true},{"id":473,"esSugerencia":true}]},"fecha":1563389218676},{"frase":"Hola quiero comer manzana ","frecuencia":1,"complejidad":{"valor":0,"pictos componentes":[{"id":377,"esSugerencia":false},{"id":44,"esSugerencia":false},{"id":118,"esSugerencia":false},{"id":474,"esSugerencia":false}]},"fecha":1563389256271},{"frase":"Hola ¿Cómo estás? buscar serie tengo frío mamá ","frecuencia":1,"complejidad":{"valor":0,"pictos componentes":[{"id":377,"esSugerencia":false},{"id":378,"esSugerencia":false},{"id":5,"esSugerencia":true},{"id":721,"esSugerencia":true},{"id":49,"esSugerencia":true},{"id":177,"esSugerencia":false},{"id":628,"esSugerencia":false}]},"fecha":1563389343725},{"frase":"yo quiero comer pollo huevo frito ","frecuencia":1,"complejidad":{"valor":0,"pictos componentes":[{"id":643,"esSugerencia":false},{"id":44,"esSugerencia":false},{"id":118,"esSugerencia":false},{"id":504,"esSugerencia":false},{"id":421,"esSugerencia":true}]},"fecha":1563389432198},{"frase":"Hola ¿Cómo estás? en azul la pandereta pera ","frecuencia":1,"complejidad":{"valor":0,"pictos componentes":[{"id":377,"esSugerencia":false},{"id":378,"esSugerencia":false},{"id":533,"esSugerencia":true},{"id":734,"esSugerencia":true},{"id":862,"esSugerencia":true},{"id":475,"esSugerencia":true}]},"fecha":1563389458533},{"frase":"yo quiero jugar con la pelota violeta dorado erizo ","frecuencia":1,"complejidad":{"valor":0,"pictos componentes":[{"id":643,"esSugerencia":false},{"id":44,"esSugerencia":false},{"id":34,"esSugerencia":false},{"id":996,"esSugerencia":false},{"id":748,"esSugerencia":true},{"id":738,"esSugerencia":true},{"id":308,"esSugerencia":true}]},"fecha":1563389530027},{"frase":"Hola ¿Cómo estás? en ","frecuencia":1,"complejidad":{"valor":0,"pictos componentes":[{"id":377,"esSugerencia":false},{"id":378,"esSugerencia":false},{"id":533,"esSugerencia":false}]},"fecha":1563389558080},{"frase":"Hola ¿Cómo estás? en la abeja cero leer ","frecuencia":1,"complejidad":{"valor":0,"pictos componentes":[{"id":377,"esSugerencia":false},{"id":378,"esSugerencia":false},{"id":533,"esSugerencia":false},{"id":900,"esSugerencia":true},{"id":283,"esSugerencia":true},{"id":846,"esSugerencia":true},{"id":32,"esSugerencia":true}]},"fecha":1563389574690},{"frase":"Hola ¿Cómo estás? buscar ","frecuencia":1,"complejidad":{"valor":0,"pictos componentes":[{"id":377,"esSugerencia":false},{"id":378,"esSugerencia":false},{"id":5,"esSugerencia":false}]},"fecha":1563389628823},{"frase":"Hola quiero lavarme las manos ","frecuencia":2,"complejidad":{"valor":0,"pictos componentes":[{"id":377,"esSugerencia":false},{"id":44,"esSugerencia":false},{"id":31,"esSugerencia":false}]},"fecha":[1563389700398,1563389703864]},{"frase":"Hola tengo me lo puedes dar  ","frecuencia":3,"complejidad":{"valor":0,"pictos componentes":[{"id":377,"esSugerencia":false},{"id":49,"esSugerencia":false},{"id":14,"esSugerencia":false}]},"fecha":[1585144139930,1585144145646,1585144160229]}]