[{"frase":"papá ","frecuencia":2,"complejidad":{"valor":0,"pictos componentes":[{"id":632,"esSugerencia":false}]},"fecha":[1571750612309,1572804431137]},{"frase":"papá quiero jugar con la pelota verde ","frecuencia":1,"complejidad":{"valor":0,"pictos componentes":[{"id":632,"esSugerencia":false},{"id":44,"esSugerencia":false},{"id":34,"edad":["NINO"],"esSugerencia":false},{"id":996,"esSugerencia":false},{"id":749,"esSugerencia":false}]},"fecha":1571750623477},{"frase":"yo quiero comer ","frecuencia":1,"complejidad":{"valor":0,"pictos componentes":[{"id":643,"esSugerencia":false},{"id":44,"esSugerencia":false},{"id":118,"esSugerencia":false}]},"fecha":1571750636362},{"frase":"Hola la pelota ","frecuencia":1,"complejidad":{"valor":0,"pictos componentes":[{"id":377,"esSugerencia":false},{"id":996,"esSugerencia":false}]},"fecha":1572803817563},{"frase":"Hola la pelota quiero ","frecuencia":2,"complejidad":{"valor":0,"pictos componentes":[{"id":377,"esSugerencia":false},{"id":996,"esSugerencia":false},{"id":44,"esSugerencia":false}]},"fecha":[1572803822123,1572803839238]},{"frase":"Hola la pelota quiero Buenas tardes ","frecuencia":3,"complejidad":{"valor":0,"pictos componentes":[{"id":377,"esSugerencia":false},{"id":996,"esSugerencia":false},{"id":44,"esSugerencia":false},{"id":380,"horario":["MEDIODIA","TARDE"],"esSugerencia":false}]},"fecha":[1572803871820,1572803877864,1572803886364]},{"frase":"Hola la pelota quiero Buenas tardes tengo ","frecuencia":2,"complejidad":{"valor":0,"pictos componentes":[{"id":377,"esSugerencia":false},{"id":996,"esSugerencia":false},{"id":44,"esSugerencia":false},{"id":380,"horario":["MEDIODIA","TARDE"],"esSugerencia":false},{"id":49,"esSugerencia":false}]},"fecha":[1572803896743,1572803913388]},{"frase":"Hola la pelota quiero Buenas tardes tengo hambre ","frecuencia":1,"complejidad":{"valor":0,"pictos componentes":[{"id":377,"esSugerencia":false},{"id":996,"esSugerencia":false},{"id":44,"esSugerencia":false},{"id":380,"horario":["MEDIODIA","TARDE"],"esSugerencia":false},{"id":49,"esSugerencia":false},{"id":597,"esSugerencia":false}]},"fecha":1572803906009},{"frase":"Hola la pelota quiero Buenas tardes tengo bota quiero ","frecuencia":1,"complejidad":{"valor":0,"pictos componentes":[{"id":377,"esSugerencia":false},{"id":996,"esSugerencia":false},{"id":44,"esSugerencia":false},{"id":380,"horario":["MEDIODIA","TARDE"],"esSugerencia":false},{"id":49,"esSugerencia":false},{"id":931},{"id":44,"esSugerencia":false}]},"fecha":1572803943029},{"frase":"Hola la pelota quiero Buenas tardes tengo bota ","frecuencia":1,"complejidad":{"valor":0,"pictos componentes":[{"id":377,"esSugerencia":false},{"id":996,"esSugerencia":false},{"id":44,"esSugerencia":false},{"id":380,"horario":["MEDIODIA","TARDE"],"esSugerencia":false},{"id":49,"esSugerencia":false},{"id":931}]},"fecha":1572803955353},{"frase":"yo ","frecuencia":2,"complejidad":{"valor":0,"pictos componentes":[{"id":643,"esSugerencia":false}]},"fecha":[1572803966644,1572804736927]},{"frase":"yo quiero ","frecuencia":3,"complejidad":{"valor":0,"pictos componentes":[{"id":643,"esSugerencia":false},{"id":44,"esSugerencia":false}]},"fecha":[1572803972162,1572804747232,1572804751705]},{"frase":"yo quiero expulsar ","frecuencia":1,"complejidad":{"valor":0,"pictos componentes":[{"id":643,"esSugerencia":false},{"id":44,"esSugerencia":false},{"id":24}]},"fecha":1572803991219},{"frase":"yo quiero expulsar Hola ¿Cómo estás? ","frecuencia":1,"complejidad":{"valor":0,"pictos componentes":[{"id":643,"esSugerencia":false},{"id":44,"esSugerencia":false},{"id":24},{"id":377,"esSugerencia":false},{"id":378,"esSugerencia":false}]},"fecha":1572803999756},{"frase":"papá kiwi ","frecuencia":1,"complejidad":{"valor":0,"pictos componentes":[{"id":632,"esSugerencia":false},{"id":423}]},"fecha":1572804063123},{"frase":"papá kiwi Buenas tardes ","frecuencia":1,"complejidad":{"valor":0,"pictos componentes":[{"id":632,"esSugerencia":false},{"id":423},{"id":380,"horario":["MEDIODIA","TARDE"],"esSugerencia":false}]},"fecha":1572804070918},{"frase":"papá kiwi Buenas tardes quiero jugar con la pelota ","frecuencia":2,"complejidad":{"valor":0,"pictos componentes":[{"id":632,"esSugerencia":false},{"id":423},{"id":380,"horario":["MEDIODIA","TARDE"],"esSugerencia":false},{"id":44,"esSugerencia":false},{"id":34,"edad":["NINO"],"esSugerencia":false},{"id":996,"esSugerencia":false}]},"fecha":[1572804080791,1572804087655]},{"frase":"papá kiwi Buenas tardes quiero jugar con ","frecuencia":2,"complejidad":{"valor":0,"pictos componentes":[{"id":632,"esSugerencia":false},{"id":423},{"id":380,"horario":["MEDIODIA","TARDE"],"esSugerencia":false},{"id":44,"esSugerencia":false},{"id":34,"edad":["NINO"],"esSugerencia":false}]},"fecha":[1572804096257,1572804163935]},{"frase":"papá kiwi Buenas tardes quiero jugar con escuela ","frecuencia":1,"complejidad":{"valor":0,"pictos componentes":[{"id":632,"esSugerencia":false},{"id":423},{"id":380,"horario":["MEDIODIA","TARDE"],"esSugerencia":false},{"id":44,"esSugerencia":false},{"id":34,"edad":["NINO"],"esSugerencia":false},{"id":662,"esSugerencia":false}]},"fecha":1572804135553},{"frase":"papá kiwi Buenas tardes quiero jugar con escuela maestra ","frecuencia":1,"complejidad":{"valor":0,"pictos componentes":[{"id":632,"esSugerencia":false},{"id":423},{"id":380,"horario":["MEDIODIA","TARDE"],"esSugerencia":false},{"id":44,"esSugerencia":false},{"id":34,"edad":["NINO"],"esSugerencia":false},{"id":662,"esSugerencia":false},{"id":626,"esSugerencia":true}]},"fecha":1572804151493},{"frase":"papá kiwi Buenas tardes quiero jugar con el coche de bomberos ","frecuencia":1,"complejidad":{"valor":0,"pictos componentes":[{"id":632,"esSugerencia":false},{"id":423},{"id":380,"horario":["MEDIODIA","TARDE"],"esSugerencia":false},{"id":44,"esSugerencia":false},{"id":34,"edad":["NINO"],"esSugerencia":false},{"id":981}]},"fecha":1572804189812},{"frase":"papá kiwi Buenas tardes quiero jugar con el coche de bomberos Hola Buen día ","frecuencia":2,"complejidad":{"valor":0,"pictos componentes":[{"id":632,"esSugerencia":false},{"id":423},{"id":380,"horario":["MEDIODIA","TARDE"],"esSugerencia":false},{"id":44,"esSugerencia":false},{"id":34,"edad":["NINO"],"esSugerencia":false},{"id":981},{"id":377,"esSugerencia":false},{"id":379,"horario":["MANANA"],"esSugerencia":false}]},"fecha":[1572804204331,1572804214139]},{"frase":"papá kiwi Buenas tardes quiero jugar con el coche de bomberos Hola Buen día estoy bien bien bien bien bien suyos robusto bajar volumen ","frecuencia":1,"complejidad":{"valor":0,"pictos componentes":[{"id":632,"esSugerencia":false},{"id":423},{"id":380,"horario":["MEDIODIA","TARDE"],"esSugerencia":false},{"id":44,"esSugerencia":false},{"id":34,"edad":["NINO"],"esSugerencia":false},{"id":981},{"id":377,"esSugerencia":false},{"id":379,"horario":["MANANA"],"esSugerencia":false},{"id":22,"esSugerencia":false},{"id":133,"esSugerencia":false},{"id":133,"esSugerencia":true},{"id":133,"esSugerencia":false},{"id":133,"esSugerencia":false},{"id":133,"esSugerencia":false},{"id":918,"esSugerencia":true},{"id":244,"esSugerencia":true},{"id":3,"esSugerencia":true}]},"fecha":1572804248054},{"frase":"papá kiwi Buenas tardes quiero jugar con el coche de bomberos Hola Buen día estoy bien bien bien bien bien suyos robusto bajar volumen la pelota de basket ","frecuencia":1,"complejidad":{"valor":0,"pictos componentes":[{"id":632,"esSugerencia":false},{"id":423},{"id":380,"horario":["MEDIODIA","TARDE"],"esSugerencia":false},{"id":44,"esSugerencia":false},{"id":34,"edad":["NINO"],"esSugerencia":false},{"id":981},{"id":377,"esSugerencia":false},{"id":379,"horario":["MANANA"],"esSugerencia":false},{"id":22,"esSugerencia":false},{"id":133,"esSugerencia":false},{"id":133,"esSugerencia":true},{"id":133,"esSugerencia":false},{"id":133,"esSugerencia":false},{"id":133,"esSugerencia":false},{"id":918,"esSugerencia":true},{"id":244,"esSugerencia":true},{"id":3,"esSugerencia":true},{"id":999}]},"fecha":1572804283587},{"frase":"papá kiwi Buenas tardes quiero jugar con el coche de bomberos Hola Buen día estoy bien bien bien bien bien suyos robusto bajar volumen el coche de bomberos Hola ","frecuencia":1,"complejidad":{"valor":0,"pictos componentes":[{"id":632,"esSugerencia":false},{"id":423},{"id":380,"horario":["MEDIODIA","TARDE"],"esSugerencia":false},{"id":44,"esSugerencia":false},{"id":34,"edad":["NINO"],"esSugerencia":false},{"id":981},{"id":377,"esSugerencia":false},{"id":379,"horario":["MANANA"],"esSugerencia":false},{"id":22,"esSugerencia":false},{"id":133,"esSugerencia":false},{"id":133,"esSugerencia":true},{"id":133,"esSugerencia":false},{"id":133,"esSugerencia":false},{"id":133,"esSugerencia":false},{"id":918,"esSugerencia":true},{"id":244,"esSugerencia":true},{"id":3,"esSugerencia":true},{"id":981},{"id":377,"esSugerencia":false}]},"fecha":1572804312307},{"frase":"papá kiwi Buenas tardes quiero jugar con el coche de bomberos Hola Buen día estoy bien bien bien bien bien suyos robusto bajar volumen el coche de bomberos Hola Buen día quiero jugar con el juguete negro colores Hola ¿Cómo estás? tengo ","frecuencia":1,"complejidad":{"valor":0,"pictos componentes":[{"id":632,"esSugerencia":false},{"id":423},{"id":380,"horario":["MEDIODIA","TARDE"],"esSugerencia":false},{"id":44,"esSugerencia":false},{"id":34,"edad":["NINO"],"esSugerencia":false},{"id":981},{"id":377,"esSugerencia":false},{"id":379,"horario":["MANANA"],"esSugerencia":false},{"id":22,"esSugerencia":false},{"id":133,"esSugerencia":false},{"id":133,"esSugerencia":true},{"id":133,"esSugerencia":false},{"id":133,"esSugerencia":false},{"id":133,"esSugerencia":false},{"id":918,"esSugerencia":true},{"id":244,"esSugerencia":true},{"id":3,"esSugerencia":true},{"id":981},{"id":377,"esSugerencia":false},{"id":379,"horario":["MANANA"],"esSugerencia":false},{"id":44,"esSugerencia":false},{"id":34,"edad":["NINO"],"esSugerencia":false},{"id":761,"esSugerencia":false},{"id":743,"esSugerencia":false},{"id":737,"esSugerencia":true},{"id":377,"esSugerencia":true},{"id":378,"esSugerencia":false},{"id":49,"esSugerencia":false}]},"fecha":1572804335626},{"frase":"Hola ¿Cómo estás? estoy bien bien bien suyos robusto bajar volumen el coche de bomberos el coche de bomberos el coche de bomberos el coche de bomberos ","frecuencia":1,"complejidad":{"valor":0,"pictos componentes":[{"id":377,"esSugerencia":false},{"id":378,"esSugerencia":false},{"id":22,"esSugerencia":false},{"id":133,"esSugerencia":false},{"id":133,"esSugerencia":false},{"id":133,"esSugerencia":false},{"id":918,"esSugerencia":false},{"id":244,"esSugerencia":false},{"id":3,"esSugerencia":false},{"id":981,"esSugerencia":false},{"id":981,"esSugerencia":true},{"id":981,"esSugerencia":false},{"id":981,"esSugerencia":false}]},"fecha":1572804370894},{"frase":"Hola ¿Cómo estás? estoy bien bien bien suyos robusto bajar volumen el coche de bomberos el coche de bomberos el coche de bomberos el coche de bomberos el coche de bomberos el coche de bomberos el coche de bomberos el coche de bomberos el coche de bomberos el coche de bomberos el coche de bomberos el coche de bomberos ","frecuencia":1,"complejidad":{"valor":0,"pictos componentes":[{"id":377,"esSugerencia":false},{"id":378,"esSugerencia":false},{"id":22,"esSugerencia":false},{"id":133,"esSugerencia":false},{"id":133,"esSugerencia":false},{"id":133,"esSugerencia":false},{"id":918,"esSugerencia":false},{"id":244,"esSugerencia":false},{"id":3,"esSugerencia":false},{"id":981,"esSugerencia":false},{"id":981,"esSugerencia":true},{"id":981,"esSugerencia":false},{"id":981,"esSugerencia":false},{"id":981,"esSugerencia":false},{"id":981,"esSugerencia":false},{"id":981,"esSugerencia":false},{"id":981,"esSugerencia":false},{"id":981,"esSugerencia":false},{"id":981,"esSugerencia":false},{"id":981,"esSugerencia":false},{"id":981,"esSugerencia":false}]},"fecha":1572804390746},{"frase":"papá quiero jugar con el juguete azul ternera antílope verde Claro cerdo jarabe una juguetería higiene personal bajar volumen el coche de bomberos el coche de bomberos el coche de bomberos el coche de bomberos el coche de bomberos el coche de bomberos el coche de bomberos el coche de bomberos el coche de bomberos ","frecuencia":1,"complejidad":{"valor":0,"pictos componentes":[{"id":632,"esSugerencia":false},{"id":44,"esSugerencia":false},{"id":34,"edad":["NINO"],"esSugerencia":false},{"id":761,"esSugerencia":false},{"id":734,"esSugerencia":false},{"id":374,"esSugerencia":true},{"id":285,"esSugerencia":true},{"id":750,"esSugerencia":true},{"id":375,"esSugerencia":true},{"id":884,"esSugerencia":true},{"id":673,"esSugerencia":true},{"id":708,"esSugerencia":true},{"id":3,"esSugerencia":true},{"id":981,"esSugerencia":false},{"id":981,"esSugerencia":false},{"id":981,"esSugerencia":false},{"id":981,"esSugerencia":false},{"id":981,"esSugerencia":false},{"id":981,"esSugerencia":false},{"id":981,"esSugerencia":false},{"id":981,"esSugerencia":false},{"id":981,"esSugerencia":false}]},"fecha":1572804449570},{"frase":"papá quiero jugar con el juguete azul ternera antílope verde Claro cerdo jarabe una juguetería higiene personal bajar volumen el coche de bomberos el coche de bomberos el coche de bomberos el coche de bomberos el coche de bomberos el coche de bomberos el coche de bomberos el coche de bomberos el coche de bomberos el coche de bomberos el coche de bomberos el coche de bomberos el coche de bomberos el coche de bomberos el coche de bomberos el coche de bomberos el coche de bomberos el coche de bomberos el coche de bomberos el coche de bomberos el coche de bomberos ","frecuencia":1,"complejidad":{"valor":0,"pictos componentes":[{"id":632,"esSugerencia":false},{"id":44,"esSugerencia":false},{"id":34,"edad":["NINO"],"esSugerencia":false},{"id":761,"esSugerencia":false},{"id":734,"esSugerencia":false},{"id":374,"esSugerencia":true},{"id":285,"esSugerencia":true},{"id":750,"esSugerencia":true},{"id":375,"esSugerencia":true},{"id":884,"esSugerencia":true},{"id":673,"esSugerencia":true},{"id":708,"esSugerencia":true},{"id":3,"esSugerencia":true},{"id":981,"esSugerencia":false},{"id":981,"esSugerencia":false},{"id":981,"esSugerencia":false},{"id":981,"esSugerencia":false},{"id":981,"esSugerencia":false},{"id":981,"esSugerencia":false},{"id":981,"esSugerencia":false},{"id":981,"esSugerencia":false},{"id":981,"esSugerencia":false},{"id":981,"esSugerencia":false},{"id":981,"esSugerencia":false},{"id":981,"esSugerencia":false},{"id":981,"esSugerencia":false},{"id":981,"esSugerencia":false},{"id":981,"esSugerencia":false},{"id":981,"esSugerencia":false},{"id":981,"esSugerencia":false},{"id":981,"esSugerencia":false},{"id":981,"esSugerencia":false},{"id":981,"esSugerencia":false},{"id":981,"esSugerencia":false}]},"fecha":1572804478572},{"frase":"papá quiero jugar con el juguete azul ternera antílope verde Claro cerdo jarabe una juguetería higiene personal bajar volumen el coche de bomberos el coche de bomberos el coche de bomberos el coche de bomberos el coche de bomberos el coche de bomberos el coche de bomberos el coche de bomberos el coche de bomberos el coche de bomberos el coche de bomberos el coche de bomberos el coche de bomberos el coche de bomberos el coche de bomberos el coche de bomberos el coche de bomberos el coche de bomberos el coche de bomberos el coche de bomberos el coche de bomberos el coche de bomberos el coche de bomberos el coche de bomberos el coche de bomberos el coche de bomberos el coche de bomberos el coche de bomberos el coche de bomberos el coche de bomberos el coche de bomberos el coche de bomberos el coche de bomberos el coche de bomberos el coche de bomberos el coche de bomberos ","frecuencia":1,"complejidad":{"valor":0,"pictos componentes":[{"id":632,"esSugerencia":false},{"id":44,"esSugerencia":false},{"id":34,"edad":["NINO"],"esSugerencia":false},{"id":761,"esSugerencia":false},{"id":734,"esSugerencia":false},{"id":374,"esSugerencia":true},{"id":285,"esSugerencia":true},{"id":750,"esSugerencia":true},{"id":375,"esSugerencia":true},{"id":884,"esSugerencia":true},{"id":673,"esSugerencia":true},{"id":708,"esSugerencia":true},{"id":3,"esSugerencia":true},{"id":981,"esSugerencia":false},{"id":981,"esSugerencia":false},{"id":981,"esSugerencia":false},{"id":981,"esSugerencia":false},{"id":981,"esSugerencia":false},{"id":981,"esSugerencia":false},{"id":981,"esSugerencia":false},{"id":981,"esSugerencia":false},{"id":981,"esSugerencia":false},{"id":981,"esSugerencia":false},{"id":981,"esSugerencia":false},{"id":981,"esSugerencia":false},{"id":981,"esSugerencia":false},{"id":981,"esSugerencia":false},{"id":981,"esSugerencia":false},{"id":981,"esSugerencia":false},{"id":981,"esSugerencia":false},{"id":981,"esSugerencia":false},{"id":981,"esSugerencia":false},{"id":981,"esSugerencia":false},{"id":981,"esSugerencia":false},{"id":981,"esSugerencia":false},{"id":981,"esSugerencia":false},{"id":981,"esSugerencia":false},{"id":981,"esSugerencia":false},{"id":981,"esSugerencia":false},{"id":981,"esSugerencia":false},{"id":981,"esSugerencia":false},{"id":981,"esSugerencia":false},{"id":981,"esSugerencia":false},{"id":981,"esSugerencia":false},{"id":981,"esSugerencia":false},{"id":981,"esSugerencia":false},{"id":981,"esSugerencia":false},{"id":981,"esSugerencia":false},{"id":981,"esSugerencia":false}]},"fecha":1572804532554},{"frase":"Hola ","frecuencia":2,"complejidad":{"valor":0,"pictos componentes":[{"id":377,"esSugerencia":false}]},"fecha":[1572804595466,1572805597744]},{"frase":"","frecuencia":1,"complejidad":{"valor":0,"pictos componentes":[]},"fecha":1572804732980},{"frase":"yo quiero jugar con la pelota tocar la guitarra ","frecuencia":1,"complejidad":{"valor":0,"pictos componentes":[{"id":643,"esSugerencia":false},{"id":44,"esSugerencia":false},{"id":34,"edad":["NINO"],"esSugerencia":false},{"id":996,"esSugerencia":false},{"id":50}]},"fecha":1572804854204},{"frase":"yo quiero jugar con la pelota tocar la guitarra Hola Buen día estoy bien bien bien yo quiero jugar con el juguete azul ternera antílope verde Claro cerdo jarabe una juguetería higiene personal bueno papá quiero ir a casa amigos patalear respirar bajo el agua boca boca boca boca boca ","frecuencia":1,"complejidad":{"valor":0,"pictos componentes":[{"id":643,"esSugerencia":false},{"id":44,"esSugerencia":false},{"id":34,"edad":["NINO"],"esSugerencia":false},{"id":996,"esSugerencia":false},{"id":50},{"id":377,"esSugerencia":false},{"id":379,"horario":["MANANA"],"esSugerencia":false},{"id":22,"esSugerencia":false},{"id":133,"esSugerencia":false},{"id":133,"esSugerencia":false},{"id":133,"esSugerencia":false},{"id":643,"esSugerencia":true},{"id":44,"esSugerencia":false},{"id":34,"edad":["NINO"],"esSugerencia":false},{"id":761,"esSugerencia":false},{"id":734,"esSugerencia":false},{"id":374,"esSugerencia":false},{"id":285,"esSugerencia":false},{"id":750,"esSugerencia":false},{"id":375,"esSugerencia":false},{"id":884,"esSugerencia":false},{"id":673,"esSugerencia":false},{"id":708,"esSugerencia":false},{"id":136,"esSugerencia":true},{"id":632,"esSugerencia":true},{"id":44,"esSugerencia":false},{"id":30,"esSugerencia":false},{"id":653,"esSugerencia":false},{"id":615,"esSugerencia":true},{"id":88,"esSugerencia":true},{"id":96,"esSugerencia":true},{"id":777,"esSugerencia":true},{"id":777,"esSugerencia":true},{"id":777,"esSugerencia":false},{"id":777,"esSugerencia":false},{"id":777,"esSugerencia":false}]},"fecha":1572804920667},{"frase":"yo quiero jugar con la pelota tocar la guitarra Hola Buen día estoy bien bien bien yo quiero jugar con el juguete azul ternera antílope verde Claro cerdo jarabe una juguetería higiene personal bueno papá quiero ir a casa amigos patalear respirar bajo el agua boca boca boca boca boca cambiar cambiarme el pañal cambiarme la ropa . ¿me ayudas? escuela escuela escuela escuela escuela escuela ","frecuencia":2,"complejidad":{"valor":0,"pictos componentes":[{"id":643,"esSugerencia":false},{"id":44,"esSugerencia":false},{"id":34,"edad":["NINO"],"esSugerencia":false},{"id":996,"esSugerencia":false},{"id":50},{"id":377,"esSugerencia":false},{"id":379,"horario":["MANANA"],"esSugerencia":false},{"id":22,"esSugerencia":false},{"id":133,"esSugerencia":false},{"id":133,"esSugerencia":false},{"id":133,"esSugerencia":false},{"id":643,"esSugerencia":true},{"id":44,"esSugerencia":false},{"id":34,"edad":["NINO"],"esSugerencia":false},{"id":761,"esSugerencia":false},{"id":734,"esSugerencia":false},{"id":374,"esSugerencia":false},{"id":285,"esSugerencia":false},{"id":750,"esSugerencia":false},{"id":375,"esSugerencia":false},{"id":884,"esSugerencia":false},{"id":673,"esSugerencia":false},{"id":708,"esSugerencia":false},{"id":136,"esSugerencia":true},{"id":632,"esSugerencia":true},{"id":44,"esSugerencia":false},{"id":30,"esSugerencia":false},{"id":653,"esSugerencia":false},{"id":615,"esSugerencia":true},{"id":88,"esSugerencia":true},{"id":96,"esSugerencia":true},{"id":777,"esSugerencia":true},{"id":777,"esSugerencia":true},{"id":777,"esSugerencia":false},{"id":777,"esSugerencia":false},{"id":777,"esSugerencia":false},{"id":7,"esSugerencia":true},{"id":9,"esSugerencia":true},{"id":10,"esSugerencia":true},{"id":385,"esSugerencia":false},{"id":662,"esSugerencia":true},{"id":662,"esSugerencia":true},{"id":662,"esSugerencia":false},{"id":662,"esSugerencia":false},{"id":662,"esSugerencia":false},{"id":662,"esSugerencia":false}]},"fecha":[1572804950688,1572804987173]},{"frase":"yo quiero jugar con la pelota tocar la guitarra Hola Buen día estoy bien bien bien yo quiero jugar con el juguete azul ternera antílope verde Claro cerdo jarabe una juguetería higiene personal bueno papá quiero ir a casa amigos patalear respirar bajo el agua boca boca boca boca boca cambiar cambiarme el pañal cambiarme la ropa . ¿me ayudas? escuela buscar ","frecuencia":1,"complejidad":{"valor":0,"pictos componentes":[{"id":643,"esSugerencia":false},{"id":44,"esSugerencia":false},{"id":34,"edad":["NINO"],"esSugerencia":false},{"id":996,"esSugerencia":false},{"id":50},{"id":377,"esSugerencia":false},{"id":379,"horario":["MANANA"],"esSugerencia":false},{"id":22,"esSugerencia":false},{"id":133,"esSugerencia":false},{"id":133,"esSugerencia":false},{"id":133,"esSugerencia":false},{"id":643,"esSugerencia":true},{"id":44,"esSugerencia":false},{"id":34,"edad":["NINO"],"esSugerencia":false},{"id":761,"esSugerencia":false},{"id":734,"esSugerencia":false},{"id":374,"esSugerencia":false},{"id":285,"esSugerencia":false},{"id":750,"esSugerencia":false},{"id":375,"esSugerencia":false},{"id":884,"esSugerencia":false},{"id":673,"esSugerencia":false},{"id":708,"esSugerencia":false},{"id":136,"esSugerencia":true},{"id":632,"esSugerencia":true},{"id":44,"esSugerencia":false},{"id":30,"esSugerencia":false},{"id":653,"esSugerencia":false},{"id":615,"esSugerencia":true},{"id":88,"esSugerencia":true},{"id":96,"esSugerencia":true},{"id":777,"esSugerencia":true},{"id":777,"esSugerencia":true},{"id":777,"esSugerencia":false},{"id":777,"esSugerencia":false},{"id":777,"esSugerencia":false},{"id":7,"esSugerencia":true},{"id":9,"esSugerencia":true},{"id":10,"esSugerencia":true},{"id":385,"esSugerencia":false},{"id":662,"esSugerencia":true},{"id":5,"esSugerencia":true}]},"fecha":1572805018754},{"frase":"hermano ","frecuencia":1,"complejidad":{"valor":0,"pictos componentes":[{"id":623,"esSugerencia":false}]},"fecha":1572805066502},{"frase":"maestra ","frecuencia":3,"complejidad":{"valor":0,"pictos componentes":[{"id":626,"esSugerencia":false}]},"fecha":[1572805078658,1572805314668,1572806502168]},{"frase":"maestra acompañar abrazar yo quiero jugar con el juguete azul ternera antílope verde Claro cerdo verde Claro cerdo verde Claro cerdo verde Claro ","frecuencia":1,"complejidad":{"valor":0,"pictos componentes":[{"id":626,"esSugerencia":false},{"id":1,"esSugerencia":true},{"id":52,"esSugerencia":true},{"id":643,"esSugerencia":true},{"id":44,"esSugerencia":false},{"id":34,"edad":["NINO"],"esSugerencia":false},{"id":761,"esSugerencia":false},{"id":734,"esSugerencia":false},{"id":374,"esSugerencia":false},{"id":285,"esSugerencia":false},{"id":750,"esSugerencia":false},{"id":375,"esSugerencia":false},{"id":750,"esSugerencia":true},{"id":375,"esSugerencia":false},{"id":750,"esSugerencia":false},{"id":375,"esSugerencia":false},{"id":750,"esSugerencia":false}]},"fecha":1572805126414},{"frase":"maestra acompañar abrazar yo quiero jugar con el juguete azul ternera antílope verde Claro cerdo verde Claro cerdo verde Claro cerdo verde Claro uno ","frecuencia":1,"complejidad":{"valor":0,"pictos componentes":[{"id":626,"esSugerencia":false},{"id":1,"esSugerencia":true},{"id":52,"esSugerencia":true},{"id":643,"esSugerencia":true},{"id":44,"esSugerencia":false},{"id":34,"edad":["NINO"],"esSugerencia":false},{"id":761,"esSugerencia":false},{"id":734,"esSugerencia":false},{"id":374,"esSugerencia":false},{"id":285,"esSugerencia":false},{"id":750,"esSugerencia":false},{"id":375,"esSugerencia":false},{"id":750,"esSugerencia":true},{"id":375,"esSugerencia":false},{"id":750,"esSugerencia":false},{"id":375,"esSugerencia":false},{"id":750,"esSugerencia":false},{"id":836}]},"fecha":1572805169580},{"frase":"maestra acompañar abrazar yo quiero jugar con el juguete azul ternera antílope verde Claro cerdo verde Claro cerdo verde Claro cerdo verde Claro uno uno cero Si estoy bien yo tengo escuela pintar crayones ","frecuencia":2,"complejidad":{"valor":0,"pictos componentes":[{"id":626,"esSugerencia":false},{"id":1,"esSugerencia":true},{"id":52,"esSugerencia":true},{"id":643,"esSugerencia":true},{"id":44,"esSugerencia":false},{"id":34,"edad":["NINO"],"esSugerencia":false},{"id":761,"esSugerencia":false},{"id":734,"esSugerencia":false},{"id":374,"esSugerencia":false},{"id":285,"esSugerencia":false},{"id":750,"esSugerencia":false},{"id":375,"esSugerencia":false},{"id":750,"esSugerencia":true},{"id":375,"esSugerencia":false},{"id":750,"esSugerencia":false},{"id":375,"esSugerencia":false},{"id":750,"esSugerencia":false},{"id":836},{"id":836,"esSugerencia":true},{"id":846,"esSugerencia":true},{"id":388,"esSugerencia":true},{"id":22,"esSugerencia":false},{"id":133,"esSugerencia":false},{"id":643,"esSugerencia":false},{"id":49,"esSugerencia":false},{"id":662,"esSugerencia":false},{"id":43,"esSugerencia":true},{"id":756,"esSugerencia":true}]},"fecha":[1572805239492,1572805256838]},{"frase":"maestra acompañar abrazar yo quiero jugar con el juguete azul ternera antílope verde Claro cerdo verde Claro cerdo verde Claro cerdo verde Claro uno uno cero Si estoy bien yo quiero jugar con la pelota verde rojo gelatina ","frecuencia":1,"complejidad":{"valor":0,"pictos componentes":[{"id":626,"esSugerencia":false},{"id":1,"esSugerencia":true},{"id":52,"esSugerencia":true},{"id":643,"esSugerencia":true},{"id":44,"esSugerencia":false},{"id":34,"edad":["NINO"],"esSugerencia":false},{"id":761,"esSugerencia":false},{"id":734,"esSugerencia":false},{"id":374,"esSugerencia":false},{"id":285,"esSugerencia":false},{"id":750,"esSugerencia":false},{"id":375,"esSugerencia":false},{"id":750,"esSugerencia":true},{"id":375,"esSugerencia":false},{"id":750,"esSugerencia":false},{"id":375,"esSugerencia":false},{"id":750,"esSugerencia":false},{"id":836},{"id":836,"esSugerencia":true},{"id":846,"esSugerencia":true},{"id":388,"esSugerencia":true},{"id":22,"esSugerencia":false},{"id":133,"esSugerencia":false},{"id":643,"esSugerencia":false},{"id":44,"esSugerencia":false},{"id":34,"edad":["NINO"],"esSugerencia":false},{"id":996,"esSugerencia":false},{"id":749,"esSugerencia":false},{"id":746,"esSugerencia":true},{"id":417,"esSugerencia":true}]},"fecha":1572805291761},{"frase":"maestra acompañar abrazar yo quiero jugar con el juguete azul ternera antílope amarillo amarillo azul chimpancé Si tengo ","frecuencia":2,"complejidad":{"valor":0,"pictos componentes":[{"id":626,"esSugerencia":false},{"id":1,"esSugerencia":false},{"id":52,"esSugerencia":false},{"id":643,"esSugerencia":false},{"id":44,"esSugerencia":false},{"id":34,"edad":["NINO"],"esSugerencia":false},{"id":761,"esSugerencia":false},{"id":734,"esSugerencia":false},{"id":374,"esSugerencia":false},{"id":285,"esSugerencia":false},{"id":733,"esSugerencia":true},{"id":733,"esSugerencia":true},{"id":734,"esSugerencia":true},{"id":302,"esSugerencia":true},{"id":388,"esSugerencia":true},{"id":49,"esSugerencia":false}]},"fecha":[1572805345576,1572805357282]},{"frase":"yo tengo escuela ","frecuencia":2,"complejidad":{"valor":0,"pictos componentes":[{"id":643,"esSugerencia":false},{"id":49,"esSugerencia":false},{"id":662,"esSugerencia":false}]},"fecha":[1572805386868,1572805392722]},{"frase":"yo tengo escuela escuela ","frecuencia":1,"complejidad":{"valor":0,"pictos componentes":[{"id":643,"esSugerencia":false},{"id":49,"esSugerencia":false},{"id":662,"esSugerencia":false},{"id":662,"esSugerencia":false}]},"fecha":1572805403137},{"frase":"Hola ¿Cómo estás? ","frecuencia":15,"complejidad":{"valor":0,"pictos componentes":[{"id":377,"esSugerencia":false},{"id":378,"esSugerencia":false}]},"fecha":[1572805413181,1572805542159,1572805551059,1572805558103,1572805562066,1572805563445,1572805565064,1572805574901,1572805582924,1572805585376,1572805590408,1572805847897,1572805854437,1572805909447,1572805963589]},{"frase":"Hola ¿Cómo estás? boca cambiar cambiarme el pañal cambiarme la ropa ir a casa amigos patalear respirar bajo el agua sentarme en el borde salir del agua respirar bajo el agua sentarme en el borde ","frecuencia":1,"complejidad":{"valor":0,"pictos componentes":[{"id":377,"esSugerencia":false},{"id":378,"esSugerencia":false},{"id":777,"esSugerencia":true},{"id":7,"esSugerencia":false},{"id":9,"esSugerencia":false},{"id":10,"esSugerencia":false},{"id":30,"esSugerencia":true},{"id":653,"esSugerencia":false},{"id":615,"esSugerencia":false},{"id":88,"esSugerencia":false},{"id":96,"esSugerencia":false},{"id":102,"esSugerencia":true},{"id":99,"esSugerencia":true},{"id":96,"esSugerencia":true},{"id":102,"esSugerencia":false}]},"fecha":1572805466080},{"frase":"Hola ¿Cómo estás? boca cambiar cambiarme el pañal cambiarme la ropa ir a casa amigos patalear respirar bajo el agua sentarme en el borde salir del agua respirar bajo el agua sentarme en el borde salir del agua respirar bajo el agua sentarme en el borde salir del agua respirar bajo el agua sentarme en el borde ","frecuencia":2,"complejidad":{"valor":0,"pictos componentes":[{"id":377,"esSugerencia":false},{"id":378,"esSugerencia":false},{"id":777,"esSugerencia":true},{"id":7,"esSugerencia":false},{"id":9,"esSugerencia":false},{"id":10,"esSugerencia":false},{"id":30,"esSugerencia":true},{"id":653,"esSugerencia":false},{"id":615,"esSugerencia":false},{"id":88,"esSugerencia":false},{"id":96,"esSugerencia":false},{"id":102,"esSugerencia":true},{"id":99,"esSugerencia":true},{"id":96,"esSugerencia":true},{"id":102,"esSugerencia":false},{"id":99,"esSugerencia":false},{"id":96,"esSugerencia":false},{"id":102,"esSugerencia":false},{"id":99,"esSugerencia":false},{"id":96,"esSugerencia":false},{"id":102,"esSugerencia":false}]},"fecha":[1572805492414,1572805520174]},{"frase":"Hola ¿Cómo estás? Hola ¿Cómo estás? ","frecuencia":1,"complejidad":{"valor":0,"pictos componentes":[{"id":377,"esSugerencia":false},{"id":378,"esSugerencia":false},{"id":377,"esSugerencia":false},{"id":378,"esSugerencia":false}]},"fecha":1572805915646},{"frase":"Hola ¿Cómo estás? estoy bien bien yo tengo escuela escuela buscar mamá dame el cuento el piano reina arbitro fútbol partido de fútbol nadar patalear tirarme al agua ","frecuencia":1,"complejidad":{"valor":0,"pictos componentes":[{"id":377,"esSugerencia":false},{"id":378,"esSugerencia":false},{"id":22,"esSugerencia":false},{"id":133,"esSugerencia":false},{"id":133,"esSugerencia":false},{"id":643,"esSugerencia":false},{"id":49,"esSugerencia":false},{"id":662,"esSugerencia":false},{"id":662,"esSugerencia":false},{"id":5,"esSugerencia":false},{"id":628,"esSugerencia":false},{"id":14,"esSugerencia":false},{"id":986,"esSugerencia":false},{"id":865,"esSugerencia":true},{"id":638,"esSugerencia":true},{"id":616,"esSugerencia":true},{"id":835,"esSugerencia":true},{"id":834,"esSugerencia":true},{"id":86,"esSugerencia":true},{"id":88,"esSugerencia":true},{"id":83,"esSugerencia":true}]},"fecha":1572806044309},{"frase":"Hola ¿Cómo estás? estoy bien bien yo tengo escuela escuela buscar mamá dame el cuento el piano reina arbitro fútbol partido de fútbol nadar patalear tirarme al agua nadar patalear tirarme al agua nadar ","frecuencia":1,"complejidad":{"valor":0,"pictos componentes":[{"id":377,"esSugerencia":false},{"id":378,"esSugerencia":false},{"id":22,"esSugerencia":false},{"id":133,"esSugerencia":false},{"id":133,"esSugerencia":false},{"id":643,"esSugerencia":false},{"id":49,"esSugerencia":false},{"id":662,"esSugerencia":false},{"id":662,"esSugerencia":false},{"id":5,"esSugerencia":false},{"id":628,"esSugerencia":false},{"id":14,"esSugerencia":false},{"id":986,"esSugerencia":false},{"id":865,"esSugerencia":true},{"id":638,"esSugerencia":true},{"id":616,"esSugerencia":true},{"id":835,"esSugerencia":true},{"id":834,"esSugerencia":true},{"id":86,"esSugerencia":true},{"id":88,"esSugerencia":true},{"id":83,"esSugerencia":true},{"id":86,"esSugerencia":true},{"id":88,"esSugerencia":false},{"id":83,"esSugerencia":false},{"id":86,"esSugerencia":false}]},"fecha":1572806073411},{"frase":"Hola ¿Cómo estás? estoy bien bien yo tengo escuela escuela buscar mamá dame el cuento el piano reina arbitro fútbol partido de fútbol nadar patalear tirarme al agua nadar patalear tirarme al agua nadar hidroterapia parada ","frecuencia":2,"complejidad":{"valor":0,"pictos componentes":[{"id":377,"esSugerencia":false},{"id":378,"esSugerencia":false},{"id":22,"esSugerencia":false},{"id":133,"esSugerencia":false},{"id":133,"esSugerencia":false},{"id":643,"esSugerencia":false},{"id":49,"esSugerencia":false},{"id":662,"esSugerencia":false},{"id":662,"esSugerencia":false},{"id":5,"esSugerencia":false},{"id":628,"esSugerencia":false},{"id":14,"esSugerencia":false},{"id":986,"esSugerencia":false},{"id":865,"esSugerencia":true},{"id":638,"esSugerencia":true},{"id":616,"esSugerencia":true},{"id":835,"esSugerencia":true},{"id":834,"esSugerencia":true},{"id":86,"esSugerencia":true},{"id":88,"esSugerencia":true},{"id":83,"esSugerencia":true},{"id":86,"esSugerencia":true},{"id":88,"esSugerencia":false},{"id":83,"esSugerencia":false},{"id":86,"esSugerencia":false},{"id":667,"esSugerencia":true},{"id":612,"esSugerencia":true}]},"fecha":[1572806089447,1572806179637]},{"frase":"Hola ¿Cómo estás? estoy bien bien yo tengo escuela escuela buscar mamá dame el cuento el piano reina arbitro fútbol partido de fútbol nadar patalear tirarme al agua nadar patalear tirarme al agua nadar hidroterapia parada maestra quiero ir a hospital escuela pintar crayones teatro de marionetas teatro de marionetas teatro de marionetas el cuento el tambor el coche de bomberos el coche de bomberos el coche de bomberos el coche de bomberos el coche de bomberos el coche de bomberos el coche de bomberos el coche de bomberos el coche de bomberos el coche de bomberos ","frecuencia":2,"complejidad":{"valor":0,"pictos componentes":[{"id":377,"esSugerencia":false},{"id":378,"esSugerencia":false},{"id":22,"esSugerencia":false},{"id":133,"esSugerencia":false},{"id":133,"esSugerencia":false},{"id":643,"esSugerencia":false},{"id":49,"esSugerencia":false},{"id":662,"esSugerencia":false},{"id":662,"esSugerencia":false},{"id":5,"esSugerencia":false},{"id":628,"esSugerencia":false},{"id":14,"esSugerencia":false},{"id":986,"esSugerencia":false},{"id":865,"esSugerencia":true},{"id":638,"esSugerencia":true},{"id":616,"esSugerencia":true},{"id":835,"esSugerencia":true},{"id":834,"esSugerencia":true},{"id":86,"esSugerencia":true},{"id":88,"esSugerencia":true},{"id":83,"esSugerencia":true},{"id":86,"esSugerencia":true},{"id":88,"esSugerencia":false},{"id":83,"esSugerencia":false},{"id":86,"esSugerencia":false},{"id":667,"esSugerencia":true},{"id":612,"esSugerencia":true},{"id":626,"esSugerencia":false},{"id":44,"esSugerencia":true},{"id":30,"esSugerencia":false},{"id":668,"esSugerencia":false},{"id":662,"esSugerencia":true},{"id":43,"esSugerencia":false},{"id":756,"esSugerencia":false},{"id":555,"esSugerencia":false},{"id":555,"esSugerencia":true},{"id":555,"esSugerencia":false},{"id":986,"esSugerencia":true},{"id":870,"esSugerencia":true},{"id":981,"esSugerencia":true},{"id":981,"esSugerencia":false},{"id":981,"esSugerencia":false},{"id":981,"esSugerencia":false},{"id":981,"esSugerencia":false},{"id":981,"esSugerencia":false},{"id":981,"esSugerencia":false},{"id":981,"esSugerencia":false},{"id":981,"esSugerencia":false},{"id":981,"esSugerencia":false}]},"fecha":[1572806226583,1572806343838]},{"frase":"Hola ¿Cómo estás? estoy bien bien yo tengo escuela escuela buscar mamá dame el cuento el piano reina arbitro fútbol partido de fútbol nadar patalear tirarme al agua nadar patalear tirarme al agua nadar hidroterapia parada maestra quiero ir a hospital escuela pintar crayones teatro de marionetas teatro de marionetas teatro de marionetas el cuento el tambor el coche de bomberos el coche de bomberos el coche de bomberos el coche de bomberos el coche de bomberos el coche de bomberos el coche de bomberos el coche de bomberos el coche de bomberos el coche de bomberos el coche de bomberos el coche de bomberos ","frecuencia":1,"complejidad":{"valor":0,"pictos componentes":[{"id":377,"esSugerencia":false},{"id":378,"esSugerencia":false},{"id":22,"esSugerencia":false},{"id":133,"esSugerencia":false},{"id":133,"esSugerencia":false},{"id":643,"esSugerencia":false},{"id":49,"esSugerencia":false},{"id":662,"esSugerencia":false},{"id":662,"esSugerencia":false},{"id":5,"esSugerencia":false},{"id":628,"esSugerencia":false},{"id":14,"esSugerencia":false},{"id":986,"esSugerencia":false},{"id":865,"esSugerencia":true},{"id":638,"esSugerencia":true},{"id":616,"esSugerencia":true},{"id":835,"esSugerencia":true},{"id":834,"esSugerencia":true},{"id":86,"esSugerencia":true},{"id":88,"esSugerencia":true},{"id":83,"esSugerencia":true},{"id":86,"esSugerencia":true},{"id":88,"esSugerencia":false},{"id":83,"esSugerencia":false},{"id":86,"esSugerencia":false},{"id":667,"esSugerencia":true},{"id":612,"esSugerencia":true},{"id":626,"esSugerencia":false},{"id":44,"esSugerencia":true},{"id":30,"esSugerencia":false},{"id":668,"esSugerencia":false},{"id":662,"esSugerencia":true},{"id":43,"esSugerencia":false},{"id":756,"esSugerencia":false},{"id":555,"esSugerencia":false},{"id":555,"esSugerencia":true},{"id":555,"esSugerencia":false},{"id":986,"esSugerencia":true},{"id":870,"esSugerencia":true},{"id":981,"esSugerencia":true},{"id":981,"esSugerencia":false},{"id":981,"esSugerencia":false},{"id":981,"esSugerencia":false},{"id":981,"esSugerencia":false},{"id":981,"esSugerencia":false},{"id":981,"esSugerencia":false},{"id":981,"esSugerencia":false},{"id":981,"esSugerencia":false},{"id":981,"esSugerencia":false},{"id":981,"esSugerencia":false},{"id":981,"esSugerencia":false}]},"fecha":1572806390370},{"frase":"Hola ¿Cómo estás? estoy bien bien yo tengo escuela escuela buscar mamá dame el cuento el piano reina arbitro fútbol partido de fútbol nadar patalear tirarme al agua nadar patalear tirarme al agua nadar hidroterapia parada maestra quiero ir a hospital escuela pintar crayones teatro de marionetas teatro de marionetas teatro de marionetas el cuento el tambor el coche de bomberos el coche de bomberos el coche de bomberos el coche de bomberos el coche de bomberos el coche de bomberos el coche de bomberos el coche de bomberos el coche de bomberos el coche de bomberos el coche de bomberos el coche de bomberos el coche de bomberos el coche de bomberos calabaza huevo frito pan blanco galleta Sopa comer pollo flan ","frecuencia":1,"complejidad":{"valor":0,"pictos componentes":[{"id":377,"esSugerencia":false},{"id":378,"esSugerencia":false},{"id":22,"esSugerencia":false},{"id":133,"esSugerencia":false},{"id":133,"esSugerencia":false},{"id":643,"esSugerencia":false},{"id":49,"esSugerencia":false},{"id":662,"esSugerencia":false},{"id":662,"esSugerencia":false},{"id":5,"esSugerencia":false},{"id":628,"esSugerencia":false},{"id":14,"esSugerencia":false},{"id":986,"esSugerencia":false},{"id":865,"esSugerencia":true},{"id":638,"esSugerencia":true},{"id":616,"esSugerencia":true},{"id":835,"esSugerencia":true},{"id":834,"esSugerencia":true},{"id":86,"esSugerencia":true},{"id":88,"esSugerencia":true},{"id":83,"esSugerencia":true},{"id":86,"esSugerencia":true},{"id":88,"esSugerencia":false},{"id":83,"esSugerencia":false},{"id":86,"esSugerencia":false},{"id":667,"esSugerencia":true},{"id":612,"esSugerencia":true},{"id":626,"esSugerencia":false},{"id":44,"esSugerencia":true},{"id":30,"esSugerencia":false},{"id":668,"esSugerencia":false},{"id":662,"esSugerencia":true},{"id":43,"esSugerencia":false},{"id":756,"esSugerencia":false},{"id":555,"esSugerencia":false},{"id":555,"esSugerencia":true},{"id":555,"esSugerencia":false},{"id":986,"esSugerencia":true},{"id":870,"esSugerencia":true},{"id":981,"esSugerencia":true},{"id":981,"esSugerencia":false},{"id":981,"esSugerencia":false},{"id":981,"esSugerencia":false},{"id":981,"esSugerencia":false},{"id":981,"esSugerencia":false},{"id":981,"esSugerencia":false},{"id":981,"esSugerencia":false},{"id":981,"esSugerencia":false},{"id":981,"esSugerencia":false},{"id":981,"esSugerencia":false},{"id":981,"esSugerencia":false},{"id":981,"esSugerencia":false},{"id":981,"esSugerencia":false},{"id":399,"esSugerencia":true},{"id":421,"esSugerencia":true},{"id":438,"esSugerencia":true},{"id":415,"esSugerencia":true},{"id":472,"esSugerencia":true},{"id":118,"esSugerencia":true},{"id":504,"esSugerencia":false},{"id":412,"esSugerencia":true}]},"fecha":1572806449779},{"frase":"No ","frecuencia":1,"complejidad":{"valor":0,"pictos componentes":[{"id":389,"esSugerencia":false}]},"fecha":1572806510827},{"frase":"No Si ","frecuencia":1,"complejidad":{"valor":0,"pictos componentes":[{"id":389,"esSugerencia":false},{"id":388,"esSugerencia":true}]},"fecha":1572806515285},{"frase":"No Si despeinada jugar con la tablet Si ","frecuencia":2,"complejidad":{"valor":0,"pictos componentes":[{"id":389,"esSugerencia":false},{"id":388,"esSugerencia":true},{"id":158,"esSugerencia":true},{"id":82,"edad":["JOVEN"],"esSugerencia":true},{"id":388,"esSugerencia":true}]},"fecha":[1572806524629,1572806550009]},{"frase":"No Si despeinada jugar con la tablet Si No ","frecuencia":2,"complejidad":{"valor":0,"pictos componentes":[{"id":389,"esSugerencia":false},{"id":388,"esSugerencia":true},{"id":158,"esSugerencia":true},{"id":82,"edad":["JOVEN"],"esSugerencia":true},{"id":388,"esSugerencia":true},{"id":389,"esSugerencia":true}]},"fecha":[1572806530203,1572806543719]},{"frase":"No Si despeinada jugar con la tablet Si No Si ","frecuencia":1,"complejidad":{"valor":0,"pictos componentes":[{"id":389,"esSugerencia":false},{"id":388,"esSugerencia":true},{"id":158,"esSugerencia":true},{"id":82,"edad":["JOVEN"],"esSugerencia":true},{"id":388,"esSugerencia":true},{"id":389,"esSugerencia":true},{"id":388,"esSugerencia":false}]},"fecha":1572806536266},{"frase":"No Si despeinada jugar con la tablet Si tengo escuela buscar colores Hola Buen día tengo ","frecuencia":1,"complejidad":{"valor":0,"pictos componentes":[{"id":389,"esSugerencia":false},{"id":388,"esSugerencia":true},{"id":158,"esSugerencia":true},{"id":82,"edad":["JOVEN"],"esSugerencia":true},{"id":388,"esSugerencia":true},{"id":49,"esSugerencia":false},{"id":662,"esSugerencia":false},{"id":5,"esSugerencia":false},{"id":737,"esSugerencia":false},{"id":377,"esSugerencia":false},{"id":379,"horario":["MANANA"],"esSugerencia":false},{"id":49,"esSugerencia":false}]},"fecha":1572806569606},{"frase":"No Si despeinada jugar con la tablet Si tengo escuela buscar colores Hola Buen día tengo frío frío frío frío frío frío frío frío ","frecuencia":1,"complejidad":{"valor":0,"pictos componentes":[{"id":389,"esSugerencia":false},{"id":388,"esSugerencia":true},{"id":158,"esSugerencia":true},{"id":82,"edad":["JOVEN"],"esSugerencia":true},{"id":388,"esSugerencia":true},{"id":49,"esSugerencia":false},{"id":662,"esSugerencia":false},{"id":5,"esSugerencia":false},{"id":737,"esSugerencia":false},{"id":377,"esSugerencia":false},{"id":379,"horario":["MANANA"],"esSugerencia":false},{"id":49,"esSugerencia":false},{"id":177,"esSugerencia":false},{"id":177,"esSugerencia":true},{"id":177,"esSugerencia":false},{"id":177,"esSugerencia":false},{"id":177,"esSugerencia":false},{"id":177,"esSugerencia":false},{"id":177,"esSugerencia":false},{"id":177,"esSugerencia":false}]},"fecha":1572806584491},{"frase":"No Si despeinada jugar con la tablet Si tengo escuela buscar colores Hola Buen día tengo frío frío frío frío frío frío frío frío la tablet escuela pintar crayones ","frecuencia":1,"complejidad":{"valor":0,"pictos componentes":[{"id":389,"esSugerencia":false},{"id":388,"esSugerencia":true},{"id":158,"esSugerencia":true},{"id":82,"edad":["JOVEN"],"esSugerencia":true},{"id":388,"esSugerencia":true},{"id":49,"esSugerencia":false},{"id":662,"esSugerencia":false},{"id":5,"esSugerencia":false},{"id":737,"esSugerencia":false},{"id":377,"esSugerencia":false},{"id":379,"horario":["MANANA"],"esSugerencia":false},{"id":49,"esSugerencia":false},{"id":177,"esSugerencia":false},{"id":177,"esSugerencia":true},{"id":177,"esSugerencia":false},{"id":177,"esSugerencia":false},{"id":177,"esSugerencia":false},{"id":177,"esSugerencia":false},{"id":177,"esSugerencia":false},{"id":177,"esSugerencia":false},{"id":774,"esSugerencia":true},{"id":662,"esSugerencia":true},{"id":43,"esSugerencia":false},{"id":756,"esSugerencia":false}]},"fecha":1572806619837}]