[{"frase":"abuelo estoy ","frecuencia":1,"complejidad":{"valor":0,"pictos componentes":[{"id":614,"esSugerencia":false},{"id":22,"esSugerencia":false}]},"fecha":1561995247371},{"frase":"Hola Buenas tardes estoy aburrido quiero jugar con el juguete azul ","frecuencia":2,"complejidad":{"valor":0,"pictos componentes":[{"id":377,"esSugerencia":false},{"id":380,"horario":["MEDIODIA","TARDE"],"esSugerencia":false},{"id":22,"esSugerencia":false},{"id":119,"esSugerencia":false},{"id":44,"esSugerencia":false},{"id":34,"edad":["NINO"],"esSugerencia":false},{"id":761,"esSugerencia":false},{"id":734,"esSugerencia":false}]},"fecha":[1561995367099,1561995374097]},{"frase":"Hola tengo escuela cambiarme el pañal muerto Hola ","frecuencia":1,"complejidad":{"valor":0,"pictos componentes":[{"id":377,"esSugerencia":false},{"id":49,"esSugerencia":false},{"id":662,"esSugerencia":false},{"id":9,"esSugerencia":true},{"id":214},{"id":377,"esSugerencia":false}]},"fecha":1561995500520},{"frase":"Hola ","frecuencia":1,"complejidad":{"valor":0,"pictos componentes":[{"id":377,"esSugerencia":false}]},"fecha":1561995511612},{"frase":"Hola yo estoy infeliz ","frecuencia":1,"complejidad":{"valor":0,"pictos componentes":[{"id":377,"esSugerencia":false},{"id":643,"esSugerencia":true},{"id":22,"esSugerencia":false},{"id":190,"esSugerencia":true}]},"fecha":1561995549872},{"frase":"Hola yo estoy infeliz infeliz ","frecuencia":2,"complejidad":{"valor":0,"pictos componentes":[{"id":377,"esSugerencia":false},{"id":643,"esSugerencia":true},{"id":22,"esSugerencia":false},{"id":190,"esSugerencia":true},{"id":190,"esSugerencia":true}]},"fecha":[1561995599652,1561995604084]},{"frase":"Hola yo estoy infeliz muerto ","frecuencia":1,"complejidad":{"valor":0,"pictos componentes":[{"id":377,"esSugerencia":false},{"id":643,"esSugerencia":true},{"id":22,"esSugerencia":false},{"id":190,"esSugerencia":true},{"id":214}]},"fecha":1561995639722}]