[{"frase":"Hola ¿Cómo estás? ","frecuencia":1,"complejidad":{"valor":0,"pictos componentes":[{"id":377,"esSugerencia":false},{"id":378,"esSugerencia":false}]},"fecha":1559840159885},{"frase":"quiero buscar colores ","frecuencia":1,"complejidad":{"valor":0,"pictos componentes":[{"id":44,"esSugerencia":false},{"id":5,"esSugerencia":false},{"id":737,"esSugerencia":false}]},"fecha":1559840184866},{"frase":"yo tengo hambre ","frecuencia":1,"complejidad":{"valor":0,"pictos componentes":[{"id":643,"esSugerencia":false},{"id":49,"esSugerencia":false},{"id":597,"esSugerencia":false}]},"fecha":1559840202370},{"frase":"mamá dame la tablet ","frecuencia":1,"complejidad":{"valor":0,"pictos componentes":[{"id":628,"esSugerencia":false},{"id":14,"esSugerencia":false},{"id":774,"esSugerencia":false}]},"fecha":1559840220886},{"frase":"yo quiero ","frecuencia":2,"complejidad":{"valor":0,"pictos componentes":[{"id":643,"esSugerencia":false},{"id":44,"esSugerencia":false}]},"fecha":[1559840375310,1559840407060]},{"frase":"Hola Buenas tardes quiero comer carne casa café ","frecuencia":1,"complejidad":{"valor":0,"pictos componentes":[{"id":377,"esSugerencia":false},{"id":380,"horario":["MEDIODIA","TARDE"],"esSugerencia":false},{"id":44,"esSugerencia":false},{"id":118,"esSugerencia":false},{"id":482,"esSugerencia":false},{"id":653,"esSugerencia":true},{"id":496,"esSugerencia":true}]},"fecha":1559840433125}]