[{"frase":"Hola Buenas tardes ","frecuencia":3,"complejidad":{"valor":0,"pictos componentes":[{"id":377,"esSugerencia":false},{"id":380,"horario":["MEDIODIA","TARDE"],"esSugerencia":false}]},"fecha":[1542050689,1542051275,1542064002]},{"frase":"","frecuencia":6,"complejidad":{"valor":0,"pictos componentes":[]},"fecha":[1542050765,1542228613,1542228618,1542980210,1545427968,1545427971]},{"frase":"papá quiero comer carne apagar ","frecuencia":3,"complejidad":{"valor":0,"pictos componentes":[{"id":632,"esSugerencia":false},{"id":44,"esSugerencia":false},{"id":118,"esSugerencia":false},{"id":482,"esSugerencia":false},{"id":2,"esSugerencia":true}]},"fecha":[1542050791,1542050793,1542050794]},{"frase":"papá quiero comer carne ","frecuencia":2,"complejidad":{"valor":0,"pictos componentes":[{"id":632,"esSugerencia":false},{"id":44,"esSugerencia":false},{"id":118,"esSugerencia":false},{"id":482,"esSugerencia":false}]},"fecha":[1542050800,1542050815]},{"frase":"yo quiero ","frecuencia":7,"complejidad":{"valor":0,"pictos componentes":[{"id":643,"esSugerencia":false},{"id":44,"esSugerencia":false}]},"fecha":[1542050892,1542050893,1542050893,1542050894,1542050894,1542629715,1542629725]},{"frase":"yo quiero tomar leche tibio ","frecuencia":1,"complejidad":{"valor":0,"pictos componentes":[{"id":643,"esSugerencia":false},{"id":44,"esSugerencia":false},{"id":51,"esSugerencia":false},{"id":495,"esSugerencia":false},{"id":266,"esSugerencia":true}]},"fecha":[1542051231]},{"frase":"Hola ","frecuencia":4,"complejidad":{"valor":0,"pictos componentes":[{"id":377,"esSugerencia":false}]},"fecha":[1542051270,1542228471,1542228482,1542228519]},{"frase":"Hola Buenas tardes esperar ","frecuencia":1,"complejidad":{"valor":0,"pictos componentes":[{"id":377,"esSugerencia":false},{"id":380,"horario":["MEDIODIA","TARDE"],"esSugerencia":false},{"id":23,"esSugerencia":true}]},"fecha":[1542051282]},{"frase":"No quiero ","frecuencia":1,"complejidad":{"valor":0,"pictos componentes":[{"id":389,"esSugerencia":false},{"id":44,"esSugerencia":false}]},"fecha":[1542064053]},{"frase":"yo quiero comer manzana ","frecuencia":9,"complejidad":{"valor":0,"pictos componentes":[{"id":643,"esSugerencia":false},{"id":44,"esSugerencia":false},{"id":118,"esSugerencia":false},{"id":474,"esSugerencia":false}]},"fecha":[1542064090,1542629806,1542629878,1542983911,1542983916,1542983919,1542984002,1546629422,1569169894568]},{"frase":"yo tengo ","frecuencia":2,"complejidad":{"valor":0,"pictos componentes":[{"id":643,"esSugerencia":false},{"id":49,"esSugerencia":false}]},"fecha":[1542064620,1542064622]},{"frase":"yo quiero comer arroz con tomate ","frecuencia":3,"complejidad":{"valor":0,"pictos componentes":[{"id":643,"esSugerencia":false},{"id":44,"esSugerencia":false},{"id":118,"esSugerencia":false},{"id":481,"esSugerencia":false},{"id":528,"esSugerencia":true},{"id":463,"esSugerencia":true}]},"fecha":[1542064717,1542064722,1542064726]},{"frase":"yo quiero comer arroz con tomate y vino ","frecuencia":1,"complejidad":{"valor":0,"pictos componentes":[{"id":643,"esSugerencia":false},{"id":44,"esSugerencia":false},{"id":118,"esSugerencia":false},{"id":481,"esSugerencia":false},{"id":528,"esSugerencia":true},{"id":463,"esSugerencia":true},{"id":923,"esSugerencia":true},{"id":503,"edad":["ADULTO"],"esSugerencia":true}]},"fecha":[1542064773]},{"frase":"el perro ","frecuencia":1,"complejidad":{"valor":0,"pictos componentes":[{"id":899,"esSugerencia":true},{"id":342,"esSugerencia":true}]},"fecha":[1542199112]},{"frase":"el perro comer ","frecuencia":1,"complejidad":{"valor":0,"pictos componentes":[{"id":899,"esSugerencia":true},{"id":342,"esSugerencia":true},{"id":118,"esSugerencia":false}]},"fecha":[1542199225]},{"frase":"el perro comer hueso ","frecuencia":4,"complejidad":{"valor":0,"pictos componentes":[{"id":899,"esSugerencia":true},{"id":342,"esSugerencia":true},{"id":118,"esSugerencia":false},{"id":1034}]},"fecha":[1542199427,1542199430,1542199445,1542199448]},{"frase":"mamá ","frecuencia":9,"complejidad":{"valor":0,"pictos componentes":[{"id":628,"esSugerencia":false}]},"fecha":[1542228182,1542228184,1542228185,1542228186,1542228187,1542228187,1542228187,1542228226,1542228228]},{"frase":"mamá tengo ","frecuencia":2,"complejidad":{"valor":0,"pictos componentes":[{"id":628,"esSugerencia":false},{"id":49,"esSugerencia":false}]},"fecha":[1542228295,1542228298]},{"frase":"mamá tengo hambre ","frecuencia":2,"complejidad":{"valor":0,"pictos componentes":[{"id":628,"esSugerencia":false},{"id":49,"esSugerencia":false},{"id":597,"esSugerencia":false}]},"fecha":[1542228303,1542228305]},{"frase":"Hola tengo frío ","frecuencia":3,"complejidad":{"valor":0,"pictos componentes":[{"id":377,"esSugerencia":false},{"id":49,"esSugerencia":false},{"id":177,"esSugerencia":false}]},"fecha":[1542228385,1542228528,1542228535]},{"frase":"YO.","frecuencia":12,"complejidad":{"valor":0,"pictos componentes":[{"id":643,"esSugerencia":false}]},"fecha":[1542228611,1569242082250,1569242084734,1569242258044,1569242269446,1569245928823,1575899927982,1575899934887,1575899938942,1575899940941,1575899951982,1575899954501]},{"frase":"Soy bueno.","frecuencia":1,"complejidad":{"valor":0,"pictos componentes":[{"id":643,"esSugerencia":false},{"id":22,"esSugerencia":false},{"id":133,"esSugerencia":false}]},"fecha":[1542228628]},{"frase":"Estoy cantando.","frecuencia":1,"complejidad":{"valor":0,"pictos componentes":[{"id":643,"esSugerencia":false},{"id":22,"esSugerencia":false},{"id":133,"esSugerencia":false},{"id":6,"esSugerencia":true}]},"fecha":[1542228639]},{"frase":"Yo soy.","frecuencia":1,"complejidad":{"valor":0,"pictos componentes":[{"id":643,"esSugerencia":false},{"id":22,"esSugerencia":false}]},"fecha":[1542228691]},{"frase":"Quiero comer una jalea.","frecuencia":1,"complejidad":{"valor":0,"pictos componentes":[{"id":643,"esSugerencia":false},{"id":44,"esSugerencia":true},{"id":118,"esSugerencia":false},{"id":417,"esSugerencia":true}]},"fecha":[1542288669]},{"frase":"Quiero comer una jalea y un patín.","frecuencia":1,"complejidad":{"valor":0,"pictos componentes":[{"id":643,"esSugerencia":false},{"id":44,"esSugerencia":true},{"id":118,"esSugerencia":false},{"id":417,"esSugerencia":true},{"id":414,"esSugerencia":true},{"id":995,"esSugerencia":true}]},"fecha":[1542288789]},{"frase":"Tengo un jean","frecuencia":1,"complejidad":{"valor":0,"pictos componentes":[{"id":643,"esSugerencia":false},{"id":49,"esSugerencia":false},{"id":954,"esSugerencia":true},{"id":734,"esSugerencia":true}]},"fecha":[1542404146]},{"frase":"Tiene un jean","frecuencia":2,"complejidad":{"valor":0,"pictos componentes":[{"id":643,"esSugerencia":false},{"id":49,"esSugerencia":false},{"id":954,"esSugerencia":true},{"id":734,"esSugerencia":true}]},"fecha":[1542404147,1542404164]},{"frase":"Mamá es feliz","frecuencia":1,"complejidad":{"valor":0,"pictos componentes":[{"id":628,"esSugerencia":false},{"id":22,"esSugerencia":false},{"id":181,"esSugerencia":false}]},"fecha":[1542404283]},{"frase":"Es feliz.","frecuencia":3,"complejidad":{"valor":0,"pictos componentes":[{"id":628,"esSugerencia":false},{"id":22,"esSugerencia":false},{"id":181,"esSugerencia":false}]},"fecha":[1542404288,1542404288,1542404290]},{"frase":"Quiero jugar con.","frecuencia":1,"complejidad":{"valor":0,"pictos componentes":[{"id":643,"esSugerencia":false},{"id":44,"esSugerencia":false},{"id":34,"edad":["NINO"],"esSugerencia":false},{"id":615,"esSugerencia":false}]},"fecha":[1542404551]},{"frase":"Quiere jugar con.","frecuencia":2,"complejidad":{"valor":0,"pictos componentes":[{"id":643,"esSugerencia":false},{"id":44,"esSugerencia":false},{"id":34,"edad":["NINO"],"esSugerencia":false},{"id":615,"esSugerencia":false},{"id":4,"esSugerencia":true}]},"fecha":[1542404552,1542404552]},{"frase":"Quiero borrar","frecuencia":1,"complejidad":{"valor":0,"pictos componentes":[{"id":643,"esSugerencia":false},{"id":44,"esSugerencia":false},{"id":34,"edad":["NINO"],"esSugerencia":false},{"id":615,"esSugerencia":false},{"id":4,"esSugerencia":true}]},"fecha":[1542404556]},{"frase":"Quiere borrar.","frecuencia":1,"complejidad":{"valor":0,"pictos componentes":[{"id":643,"esSugerencia":false},{"id":44,"esSugerencia":false},{"id":34,"edad":["NINO"],"esSugerencia":false},{"id":615,"esSugerencia":false},{"id":4,"esSugerencia":true}]},"fecha":[1542404557]},{"frase":"niña quiero ","frecuencia":1,"complejidad":{"valor":0,"pictos componentes":[{"id":631,"esSugerencia":true},{"id":44,"esSugerencia":false}]},"fecha":[1542630304]},{"frase":"niña quiero comer pollo muslo de pollo ","frecuencia":1,"complejidad":{"valor":0,"pictos componentes":[{"id":631,"esSugerencia":false},{"id":44,"esSugerencia":false},{"id":118,"esSugerencia":false},{"id":504,"esSugerencia":false},{"id":505,"esSugerencia":true}]},"fecha":[1542631566]},{"frase":"yo escuchar de nuevo ","frecuencia":1,"complejidad":{"valor":0,"pictos componentes":[{"id":643,"esSugerencia":false},{"id":19,"esSugerencia":true}]},"fecha":[1542638722]},{"frase":"guisar ","frecuencia":1,"complejidad":{"valor":0,"pictos componentes":[{"id":27}]},"fecha":[1542638792]},{"frase":"mamá quiero ir a un supermercado a comprar leche flan y y y y tomar ","frecuencia":1,"complejidad":{"valor":0,"pictos componentes":[{"id":628,"esSugerencia":true},{"id":44,"esSugerencia":false},{"id":30,"esSugerencia":false},{"id":688,"esSugerencia":false},{"id":525,"esSugerencia":true},{"id":13,"esSugerencia":true},{"id":495,"esSugerencia":true},{"id":412,"esSugerencia":true},{"id":923,"esSugerencia":true},{"id":923,"esSugerencia":false},{"id":923,"esSugerencia":false},{"id":923,"esSugerencia":false},{"id":51,"esSugerencia":false}]},"fecha":[1542980183]},{"frase":"mamá quiero ir a un supermercado a comprar leche flan y y y y tomar yogur ","frecuencia":1,"complejidad":{"valor":0,"pictos componentes":[{"id":628,"esSugerencia":true},{"id":44,"esSugerencia":false},{"id":30,"esSugerencia":false},{"id":688,"esSugerencia":false},{"id":525,"esSugerencia":true},{"id":13,"esSugerencia":true},{"id":495,"esSugerencia":true},{"id":412,"esSugerencia":true},{"id":923,"esSugerencia":true},{"id":923,"esSugerencia":false},{"id":923,"esSugerencia":false},{"id":923,"esSugerencia":false},{"id":51,"esSugerencia":false},{"id":484,"esSugerencia":false}]},"fecha":[1542980198]},{"frase":"yo ","frecuencia":1,"complejidad":{"valor":0,"pictos componentes":[{"id":643,"esSugerencia":false}]},"fecha":[1542980216]},{"frase":"niña malva ","frecuencia":1,"complejidad":{"valor":0,"pictos componentes":[{"id":631,"esSugerencia":true},{"id":741,"esSugerencia":true}]},"fecha":[1542980240]},{"frase":"yo quiero tomar jugo ","frecuencia":1,"complejidad":{"valor":0,"pictos componentes":[{"id":643,"esSugerencia":false},{"id":44,"esSugerencia":false},{"id":51,"esSugerencia":false},{"id":497,"esSugerencia":false}]},"fecha":[1542984093]},{"frase":"Bye.Girl dibuja un dinasour y un camión.","frecuencia":1,"complejidad":{"valor":0,"pictos componentes":[{"id":631,"esSugerencia":false},{"id":15,"esSugerencia":false},{"id":307,"esSugerencia":true},{"id":382,"esSugerencia":true},{"id":613,"esSugerencia":true},{"id":980,"esSugerencia":true}]},"fecha":[1543007614]},{"frase":"Da una historia y un camión de bomberos.","frecuencia":2,"complejidad":{"valor":0,"pictos componentes":[{"id":14,"esSugerencia":true},{"id":986,"esSugerencia":false},{"id":870,"esSugerencia":true},{"id":981,"esSugerencia":true}]},"fecha":[1543007669,1543007670]},{"frase":"Da una historia y una trompeta.","frecuencia":37,"complejidad":{"valor":0,"pictos componentes":[{"id":14,"esSugerencia":true},{"id":986,"esSugerencia":false},{"id":870,"esSugerencia":true},{"id":875,"esSugerencia":true},{"id":874,"esSugerencia":false}]},"fecha":[1543007704,1543007711,1543007713,1543007714,1543007715,1543007717,1543007717,1543007718,1543007719,1543007719,1543007719,1543007720,1543007720,1543007720,1543007720,1543007721,1543007721,1543007721,1543007722,1543007722,1543007723,1543007724,1543007725,1543007726,1543007726,1543007727,1543007727,1543007728,1543007728,1543007729,1543007729,1543007730,1543007733,1543007738,1543007740,1543007923,1543007926]},{"frase":"Da escuchas canta tiene una historia y abuelo.","frecuencia":1,"complejidad":{"valor":0,"pictos componentes":[{"id":14,"esSugerencia":false},{"id":986,"esSugerencia":true},{"id":870,"esSugerencia":true},{"id":21,"esSugerencia":true},{"id":6,"esSugerencia":true},{"id":283,"esSugerencia":false},{"id":614,"esSugerencia":false},{"id":49,"esSugerencia":false}]},"fecha":[1543007785]},{"frase":"Da una historia","frecuencia":4,"complejidad":{"valor":0,"pictos componentes":[{"id":14,"esSugerencia":true},{"id":986,"esSugerencia":true}]},"fecha":[1543007865,1543007867,1543007874,1543007878]},{"frase":"Quiero comer un queso.","frecuencia":1,"complejidad":{"valor":0,"pictos componentes":[{"id":643,"esSugerencia":false},{"id":44,"esSugerencia":false},{"id":118,"esSugerencia":false},{"id":521,"esSugerencia":false}]},"fecha":[1543068230]},{"frase":"El abuelo tiene un carro.","frecuencia":1,"complejidad":{"valor":0,"pictos componentes":[{"id":614,"esSugerencia":false},{"id":49,"esSugerencia":false},{"id":608,"esSugerencia":true}]},"fecha":[1543329143]},{"frase":"mamá tengo hambre la flauta el xilofón peinarme . ¿me ayudas? aunque estoy bien cantar apagar la computadora videoclub pasear ansioso cambiar de canal la bateria ir a comer arroz con galleta bar amistad águila abeja leer leer tengo escuela ","frecuencia":1,"complejidad":{"valor":0,"pictos componentes":[{"id":628,"esSugerencia":false},{"id":49,"esSugerencia":false},{"id":597,"esSugerencia":false},{"id":854,"esSugerencia":false},{"id":877,"esSugerencia":true},{"id":39,"esSugerencia":true},{"id":385,"esSugerencia":false},{"id":889,"esSugerencia":true},{"id":22,"esSugerencia":false},{"id":133,"esSugerencia":true},{"id":6,"esSugerencia":false},{"id":2,"esSugerencia":true},{"id":1016,"esSugerencia":false},{"id":700,"esSugerencia":true},{"id":38,"esSugerencia":true},{"id":124,"esSugerencia":true},{"id":8,"esSugerencia":true},{"id":849,"esSugerencia":false},{"id":30,"esSugerencia":false},{"id":118,"esSugerencia":false},{"id":481,"esSugerencia":false},{"id":528,"esSugerencia":false},{"id":415,"esSugerencia":true},{"id":649,"edad":["ADULTO"],"esSugerencia":true},{"id":702,"esSugerencia":true},{"id":284,"esSugerencia":true},{"id":283,"esSugerencia":true},{"id":32,"esSugerencia":false},{"id":32,"esSugerencia":false},{"id":49,"esSugerencia":true},{"id":662,"esSugerencia":false}]},"fecha":[1543412596]},{"frase":"yo tengo gato ","frecuencia":1,"complejidad":{"valor":0,"pictos componentes":[{"id":643,"esSugerencia":false},{"id":49,"esSugerencia":false},{"id":313,"esSugerencia":false}]},"fecha":[1543412664]},{"frase":"yo ir a peluquería ","frecuencia":1,"complejidad":{"valor":0,"pictos componentes":[{"id":643,"esSugerencia":false},{"id":30,"esSugerencia":true},{"id":1036}]},"fecha":[1544446429]},{"frase":"La abeja escucha una oreja.","frecuencia":1,"complejidad":{"valor":0,"pictos componentes":[{"id":283,"esSugerencia":true},{"id":21,"esSugerencia":true},{"id":793,"esSugerencia":true}]},"fecha":[1544539546]},{"frase":"Quiero jugar con una pelota.","frecuencia":1,"complejidad":{"valor":0,"pictos componentes":[{"id":643,"esSugerencia":false},{"id":44,"esSugerencia":false},{"id":34,"edad":["NINO"],"esSugerencia":false},{"id":996,"esSugerencia":false},{"id":749,"esSugerencia":false}]},"fecha":[1544713687]},{"frase":"Quiere jugar con una pelota.","frecuencia":3,"complejidad":{"valor":0,"pictos componentes":[{"id":643,"esSugerencia":false},{"id":44,"esSugerencia":false},{"id":34,"edad":["NINO"],"esSugerencia":false},{"id":996,"esSugerencia":false},{"id":749,"esSugerencia":false}]},"fecha":[1544713692,1544713694,1569242600587]},{"frase":"Mamá tiene hambre.","frecuencia":1,"complejidad":{"valor":0,"pictos componentes":[{"id":628,"esSugerencia":false},{"id":49,"esSugerencia":false},{"id":597,"esSugerencia":false}]},"fecha":[1544713768]},{"frase":"Tiene hambre.","frecuencia":6,"complejidad":{"valor":0,"pictos componentes":[{"id":628,"esSugerencia":false},{"id":49,"esSugerencia":false},{"id":597,"esSugerencia":false}]},"fecha":[1544713771,1544713774,1569170209817,1569170212749,1569413149851,1569413154291]},{"frase":"Mamá come una manzana.","frecuencia":1,"complejidad":{"valor":0,"pictos componentes":[{"id":628,"esSugerencia":false},{"id":118,"esSugerencia":true},{"id":474,"esSugerencia":false}]},"fecha":[1544713815]},{"frase":"Mamá tiene un caballo.","frecuencia":1,"complejidad":{"valor":0,"pictos componentes":[{"id":628,"esSugerencia":false},{"id":49,"esSugerencia":false},{"id":837,"esSugerencia":true},{"id":293,"esSugerencia":true}]},"fecha":[1544889913]},{"frase":"Tengo un gato.","frecuencia":1,"complejidad":{"valor":0,"pictos componentes":[{"id":643,"esSugerencia":false},{"id":49,"esSugerencia":false},{"id":313,"esSugerencia":false}]},"fecha":[1544889958]},{"frase":"Tiene un gato","frecuencia":4,"complejidad":{"valor":0,"pictos componentes":[{"id":643,"esSugerencia":false},{"id":49,"esSugerencia":false},{"id":313,"esSugerencia":false}]},"fecha":[1544889988,1545427400,1545427401,1569242869602]},{"frase":"Papá.","frecuencia":1,"complejidad":{"valor":0,"pictos componentes":[{"id":632,"esSugerencia":false}]},"fecha":[1544890047]},{"frase":"Papá quiere pasear un avión.","frecuencia":1,"complejidad":{"valor":0,"pictos componentes":[{"id":632,"esSugerencia":true},{"id":44,"esSugerencia":false},{"id":30,"esSugerencia":false},{"id":87,"esSugerencia":false},{"id":606}]},"fecha":[1544890394]},{"frase":"Quiere dar un paseo un avion.","frecuencia":2,"complejidad":{"valor":0,"pictos componentes":[{"id":632,"esSugerencia":true},{"id":44,"esSugerencia":false},{"id":30,"esSugerencia":false},{"id":87,"esSugerencia":false},{"id":606}]},"fecha":[1544890396,1544890428]},{"frase":"Tiene una tortuga.","frecuencia":9,"complejidad":{"valor":0,"pictos componentes":[{"id":643,"esSugerencia":false},{"id":49,"esSugerencia":false},{"id":356,"esSugerencia":false}]},"fecha":[1545427119,1545427119,1545427123,1545427123,1545427127,1545427128,1545427128,1545427129,1545427130]},{"frase":"Tengo una tortuga","frecuencia":1,"complejidad":{"valor":0,"pictos componentes":[{"id":643,"esSugerencia":false},{"id":49,"esSugerencia":false},{"id":356,"esSugerencia":false}]},"fecha":[1545427120]},{"frase":"Mamá tiene un brazo.","frecuencia":1,"complejidad":{"valor":0,"pictos componentes":[{"id":628,"esSugerencia":false},{"id":49,"esSugerencia":false},{"id":778,"esSugerencia":true}]},"fecha":[1545427255]},{"frase":"Tiene un brazo","frecuencia":2,"complejidad":{"valor":0,"pictos componentes":[{"id":628,"esSugerencia":false},{"id":49,"esSugerencia":false},{"id":778,"esSugerencia":true}]},"fecha":[1545427273,1545427274]},{"frase":"El abuelo tiene un gato.","frecuencia":1,"complejidad":{"valor":0,"pictos componentes":[{"id":614,"esSugerencia":false},{"id":49,"esSugerencia":false},{"id":313,"esSugerencia":false}]},"fecha":[1545427397]},{"frase":"yo tengo hambre ","frecuencia":1,"complejidad":{"valor":0,"pictos componentes":[{"id":643,"esSugerencia":false},{"id":49,"esSugerencia":false},{"id":597,"esSugerencia":false}]},"fecha":[1546389528]},{"frase":"yo quiero comer manzana rojo ","frecuencia":2,"complejidad":{"valor":0,"pictos componentes":[{"id":643,"esSugerencia":false},{"id":44,"esSugerencia":false},{"id":118,"esSugerencia":false},{"id":474,"esSugerencia":false},{"id":746,"esSugerencia":false}]},"fecha":[1546389561,1566400153]},{"frase":"Quiero comer un pan blanco y una mantequilla.","frecuencia":1,"complejidad":{"valor":0,"pictos componentes":[{"id":643,"esSugerencia":false},{"id":44,"esSugerencia":false},{"id":118,"esSugerencia":false},{"id":438,"esSugerencia":true},{"id":528,"esSugerencia":true},{"id":431,"esSugerencia":true}]},"fecha":1552742428741},{"frase":"Hola tengo hambre ","frecuencia":4,"complejidad":{"valor":0,"pictos componentes":[{"id":377,"esSugerencia":false},{"id":49,"esSugerencia":false},{"id":597,"esSugerencia":false}]},"fecha":[1566400121,1566400124,1566400126,1566400129]},{"frase":"yo quiero comer manzana rojo boca ","frecuencia":1,"complejidad":{"valor":0,"pictos componentes":[{"id":643,"esSugerencia":false},{"id":44,"esSugerencia":false},{"id":118,"esSugerencia":false},{"id":474,"esSugerencia":true},{"id":746,"esSugerencia":false},{"id":777,"esSugerencia":true}]},"fecha":[1566400158]},{"frase":"Hola ¿Cómo estás? ","frecuencia":1,"complejidad":{"valor":0,"pictos componentes":[{"id":377,"esSugerencia":false},{"id":378,"esSugerencia":false}]},"fecha":1569169924654},{"frase":"quiero ir a comer helado ","frecuencia":3,"complejidad":{"valor":0,"pictos componentes":[{"id":44,"esSugerencia":false},{"id":30,"esSugerencia":false},{"id":118,"esSugerencia":false},{"id":486,"esSugerencia":true}]},"fecha":[1569170011678,1569170014739,1569170022418]},{"frase":"mamá dame leche y galletas ","frecuencia":1,"complejidad":{"valor":0,"pictos componentes":[{"id":628,"esSugerencia":false},{"id":14,"esSugerencia":false},{"id":427,"esSugerencia":false}]},"fecha":1569170062475},{"frase":"Si.","frecuencia":1,"complejidad":{"valor":0,"pictos componentes":[{"id":388,"esSugerencia":false}]},"fecha":1569172531085},{"frase":"Sí, tiene frío.","frecuencia":1,"complejidad":{"valor":0,"pictos componentes":[{"id":388,"esSugerencia":false},{"id":49,"esSugerencia":false},{"id":177,"esSugerencia":false}]},"fecha":1569172541539},{"frase":"Hola.","frecuencia":7,"complejidad":{"valor":0,"pictos componentes":[{"id":377,"esSugerencia":false}]},"fecha":[1569242000410,1569244687430,1569244692416,1569244701083,1569244710051,1569244720064,1569244730339]},{"frase":"Hola. ¿Cómo estás?","frecuencia":3,"complejidad":{"valor":0,"pictos componentes":[{"id":377,"esSugerencia":false},{"id":378,"esSugerencia":false}]},"fecha":[1569242016675,1569242059912,1569244739049]},{"frase":"Es.","frecuencia":5,"complejidad":{"valor":0,"pictos componentes":[{"id":643,"esSugerencia":false},{"id":22,"esSugerencia":false}]},"fecha":[1569242090401,1569242094133,1569242283394,1569242286302,1569242296479]},{"frase":"Es bueno.","frecuencia":1,"complejidad":{"valor":0,"pictos componentes":[{"id":643,"esSugerencia":false},{"id":22,"esSugerencia":false},{"id":133,"esSugerencia":false}]},"fecha":1569242105193},{"frase":"Es bueno","frecuencia":4,"complejidad":{"valor":0,"pictos componentes":[{"id":643,"esSugerencia":false},{"id":22,"esSugerencia":false},{"id":133,"esSugerencia":false}]},"fecha":[1569242110180,1569242116755,1569242118576,1569242126362]},{"frase":"Es aburrido","frecuencia":2,"complejidad":{"valor":0,"pictos componentes":[{"id":643,"esSugerencia":false},{"id":22,"esSugerencia":false},{"id":119,"esSugerencia":false}]},"fecha":[1569242304858,1569242307091]},{"frase":"Es malo.","frecuencia":1,"complejidad":{"valor":0,"pictos componentes":[{"id":643,"esSugerencia":false},{"id":22,"esSugerencia":false},{"id":205,"esSugerencia":false}]},"fecha":1569242315890},{"frase":"Quiere una galleta","frecuencia":2,"complejidad":{"valor":0,"pictos componentes":[{"id":643,"esSugerencia":false},{"id":44,"esSugerencia":false},{"id":415,"esSugerencia":true}]},"fecha":[1569242405727,1569242465982]},{"frase":"Quiere jugar con","frecuencia":1,"complejidad":{"valor":0,"pictos componentes":[{"id":44,"esSugerencia":false},{"id":34,"edad":["NINO"],"esSugerencia":false}]},"fecha":1569242517651},{"frase":"Quiere jugar con una pelota y colores.","frecuencia":1,"complejidad":{"valor":0,"pictos componentes":[{"id":44,"esSugerencia":false},{"id":34,"edad":["NINO"],"esSugerencia":false},{"id":996,"esSugerencia":false},{"id":737,"esSugerencia":false}]},"fecha":1569242635065},{"frase":"Quiere comer","frecuencia":2,"complejidad":{"valor":0,"pictos componentes":[{"id":44,"esSugerencia":false},{"id":118,"esSugerencia":false}]},"fecha":[1569242730545,1569243015073]},{"frase":"Quiere comer un helado.","frecuencia":2,"complejidad":{"valor":0,"pictos componentes":[{"id":44,"esSugerencia":false},{"id":118,"esSugerencia":false},{"id":486,"esSugerencia":false}]},"fecha":[1569242813098,1569242829364]},{"frase":"Tiene un perro.","frecuencia":2,"complejidad":{"valor":0,"pictos componentes":[{"id":643,"esSugerencia":false},{"id":49,"esSugerencia":false},{"id":342,"esSugerencia":true}]},"fecha":[1569242915996,1569242954856]},{"frase":"Quiere.","frecuencia":2,"complejidad":{"valor":0,"pictos componentes":[{"id":44,"esSugerencia":false}]},"fecha":[1569244822258,1575899962727]},{"frase":"Quiere beber","frecuencia":1,"complejidad":{"valor":0,"pictos componentes":[{"id":44,"esSugerencia":false},{"id":51,"esSugerencia":false}]},"fecha":1569244837562},{"frase":"Quiere tomar leche.","frecuencia":2,"complejidad":{"valor":0,"pictos componentes":[{"id":44,"esSugerencia":false},{"id":51,"esSugerencia":false},{"id":495,"esSugerencia":false},{"id":140,"esSugerencia":false}]},"fecha":[1569244853207,1569244857287]},{"frase":"Quiere tomar leche y te.","frecuencia":2,"complejidad":{"valor":0,"pictos componentes":[{"id":44,"esSugerencia":false},{"id":51,"esSugerencia":false},{"id":495,"esSugerencia":false},{"id":140,"esSugerencia":false},{"id":499,"esSugerencia":true}]},"fecha":[1569244870426,1569244876333]},{"frase":"Quiere comer una manzana.","frecuencia":2,"complejidad":{"valor":0,"pictos componentes":[{"id":628,"esSugerencia":false},{"id":44,"esSugerencia":false},{"id":118,"esSugerencia":false},{"id":474,"esSugerencia":false}]},"fecha":[1569244951018,1569244961064]},{"frase":"Quiere tomar un café.","frecuencia":2,"complejidad":{"valor":0,"pictos componentes":[{"id":632,"esSugerencia":false},{"id":44,"esSugerencia":false},{"id":51,"esSugerencia":false},{"id":496,"esSugerencia":true}]},"fecha":[1569245087205,1569245124240]},{"frase":"Quiere tomar agua","frecuencia":3,"complejidad":{"valor":0,"pictos componentes":[{"id":614,"esSugerencia":false},{"id":44,"esSugerencia":false},{"id":51,"esSugerencia":false},{"id":500,"esSugerencia":false}]},"fecha":[1569245465911,1569245549380,1569245556005]},{"frase":"Niña.","frecuencia":1,"complejidad":{"valor":0,"pictos componentes":[{"id":631,"esSugerencia":false}]},"fecha":1569245595105},{"frase":"Da.","frecuencia":1,"complejidad":{"valor":0,"pictos componentes":[{"id":628,"esSugerencia":false},{"id":14,"esSugerencia":false}]},"fecha":1569245732635},{"frase":"Abogado de distrito.","frecuencia":1,"complejidad":{"valor":0,"pictos componentes":[{"id":628,"esSugerencia":false},{"id":14,"esSugerencia":false}]},"fecha":1569245733985},{"frase":"Quiere ir.","frecuencia":1,"complejidad":{"valor":0,"pictos componentes":[{"id":44,"esSugerencia":false},{"id":30,"esSugerencia":false}]},"fecha":1569245769235},{"frase":"Quiere ir a un hospital.","frecuencia":1,"complejidad":{"valor":0,"pictos componentes":[{"id":44,"esSugerencia":false},{"id":30,"esSugerencia":false},{"id":668,"esSugerencia":false}]},"fecha":1569245776711},{"frase":"Come.","frecuencia":1,"complejidad":{"valor":0,"pictos componentes":[{"id":643,"esSugerencia":false},{"id":118,"esSugerencia":false}]},"fecha":1569245944786},{"frase":"Come un arroz","frecuencia":3,"complejidad":{"valor":0,"pictos componentes":[{"id":643,"esSugerencia":false},{"id":118,"esSugerencia":false},{"id":481,"esSugerencia":false}]},"fecha":[1569245960107,1569245963461,1569246024793]},{"frase":"Come arroz y aves de corral.","frecuencia":1,"complejidad":{"valor":0,"pictos componentes":[{"id":643,"esSugerencia":false},{"id":118,"esSugerencia":false},{"id":481,"esSugerencia":false},{"id":504,"esSugerencia":false}]},"fecha":1569245999830},{"frase":"Ven arroz y aves de corral.","frecuencia":2,"complejidad":{"valor":0,"pictos componentes":[{"id":643,"esSugerencia":false},{"id":118,"esSugerencia":false},{"id":481,"esSugerencia":false},{"id":504,"esSugerencia":false}]},"fecha":[1569246006599,1569246013583]},{"frase":"Come un arroz y un muslo de pollo.","frecuencia":1,"complejidad":{"valor":0,"pictos componentes":[{"id":643,"esSugerencia":false},{"id":118,"esSugerencia":false},{"id":481,"esSugerencia":false},{"id":504,"esSugerencia":false},{"id":505,"esSugerencia":true}]},"fecha":1569246021244}]