[{"frase":"Hola Buenas tardes ","frecuencia":1,"complejidad":{"valor":0,"pictos componentes":[{"id":377,"esSugerencia":false},{"id":380,"horario":["MEDIODIA","TARDE"],"esSugerencia":false}]},"fecha":1569952131289},{"frase":"No quiero mamá ","frecuencia":1,"complejidad":{"valor":0,"pictos componentes":[{"id":389,"esSugerencia":false},{"id":44,"esSugerencia":false},{"id":628,"esSugerencia":false}]},"fecha":1569952269089},{"frase":"yo estoy mal ","frecuencia":2,"complejidad":{"valor":0,"pictos componentes":[{"id":643,"esSugerencia":false},{"id":22,"esSugerencia":false},{"id":205,"esSugerencia":false}]},"fecha":[1569952810893,1571767510765]},{"frase":"culo ","frecuencia":1,"complejidad":{"valor":0,"pictos componentes":[{"id":1034}]},"fecha":1570115856226},{"frase":"","frecuencia":3,"complejidad":{"valor":0,"pictos componentes":[]},"fecha":[1570116016491,1570116017634,1570116017944]},{"frase":"dolor culo ","frecuencia":1,"complejidad":{"valor":0,"pictos componentes":[{"id":821},{"id":1034}]},"fecha":1570116271537},{"frase":"papá dolor culo ","frecuencia":1,"complejidad":{"valor":0,"pictos componentes":[{"id":632,"esSugerencia":false},{"id":821,"esSugerencia":true},{"id":1034}]},"fecha":1570116389087},{"frase":"yo quiero comer ","frecuencia":1,"complejidad":{"valor":0,"pictos componentes":[{"id":643,"esSugerencia":false},{"id":44,"esSugerencia":false},{"id":118,"esSugerencia":false}]},"fecha":1570301300514},{"frase":"Hola ¿Cómo estás? ","frecuencia":1,"complejidad":{"valor":0,"pictos componentes":[{"id":377,"esSugerencia":false},{"id":378,"esSugerencia":false}]},"fecha":1571767483130},{"frase":"dolor oreja ","frecuencia":1,"complejidad":{"valor":0,"pictos componentes":[{"id":821,"esSugerencia":true},{"id":793}]},"fecha":1571767595834},{"frase":"mamá dame leche y galletas ","frecuencia":1,"complejidad":{"valor":0,"pictos componentes":[{"id":628,"esSugerencia":false},{"id":14,"esSugerencia":false},{"id":427,"esSugerencia":false}]},"fecha":1571767621620},{"frase":"galleta ","frecuencia":1,"complejidad":{"valor":0,"pictos componentes":[{"id":415}]},"fecha":1573723982850},{"frase":"manzana ","frecuencia":1,"complejidad":{"valor":0,"pictos componentes":[{"id":474}]},"fecha":1573724012996},{"frase":"yo agua ","frecuencia":4,"complejidad":{"valor":0,"pictos componentes":[{"id":643,"esSugerencia":false},{"id":500}]},"fecha":[1574270223126,1574270263797,1574271417133,1574336557370]},{"frase":"yo quiero agua ","frecuencia":9,"complejidad":{"valor":0,"pictos componentes":[{"id":643,"esSugerencia":false},{"id":44,"esSugerencia":false},{"id":500,"esSugerencia":false}]},"fecha":[1574270445137,1574270533095,1574271500256,1574271514822,1574271878222,1574271942179,1574272018648,1574336232924,1574336568572]},{"frase":"yo quiero bocadillo ","frecuencia":5,"complejidad":{"valor":0,"pictos componentes":[{"id":643,"esSugerencia":false},{"id":44,"esSugerencia":false},{"id":398}]},"fecha":[1574270565342,1574270577879,1574271524886,1574271888502,1574272006229]},{"frase":"yo quiero hacer pis ","frecuencia":6,"complejidad":{"valor":0,"pictos componentes":[{"id":643,"esSugerencia":false},{"id":44,"esSugerencia":false},{"id":29,"esSugerencia":false}]},"fecha":[1574270749873,1574270767651,1574271446289,1574271908017,1574272036002,1574272194517]},{"frase":"Hola ","frecuencia":6,"complejidad":{"valor":0,"pictos componentes":[{"id":377,"esSugerencia":false}]},"fecha":[1574271537116,1574271567949,1574271752712,1574271801096,1574271922282,1574271924685]},{"frase":"Adiós ","frecuencia":6,"complejidad":{"valor":0,"pictos componentes":[{"id":382,"esSugerencia":false}]},"fecha":[1574271564090,1574271573676,1574271828114,1574271915124,1574271967265,1574271982745]},{"frase":"mamá ","frecuencia":1,"complejidad":{"valor":0,"pictos componentes":[{"id":628,"esSugerencia":false}]},"fecha":1574271581290},{"frase":"papá ","frecuencia":1,"complejidad":{"valor":0,"pictos componentes":[{"id":632,"esSugerencia":false}]},"fecha":1574271590526},{"frase":"yo estoy bien ","frecuencia":1,"complejidad":{"valor":0,"pictos componentes":[{"id":643,"esSugerencia":false},{"id":22,"esSugerencia":false},{"id":133,"esSugerencia":false}]},"fecha":1579866429251},{"frase":"yo tengo hambre ","frecuencia":1,"complejidad":{"valor":0,"pictos componentes":[{"id":643,"esSugerencia":false},{"id":49,"esSugerencia":false},{"id":597,"esSugerencia":false}]},"fecha":1579866438623}]