[{"frase":"Hola Buenas tardes ","frecuencia":2,"complejidad":{"valor":0,"pictos componentes":[{"id":377,"esSugerencia":false},{"id":380,"horario":["MEDIODIA","TARDE"],"esSugerencia":false}]},"fecha":[1552598840531,1553433005745]},{"frase":"papá estoy bien cantar apagar la televisión heroe ","frecuencia":1,"complejidad":{"valor":0,"pictos componentes":[{"id":632,"esSugerencia":false},{"id":22,"esSugerencia":false},{"id":133,"esSugerencia":false},{"id":6,"esSugerencia":true},{"id":2,"esSugerencia":true},{"id":773,"esSugerencia":false},{"id":544,"esSugerencia":true}]},"fecha":1552598918228},{"frase":"Hola ","frecuencia":27,"complejidad":{"valor":0,"pictos componentes":[{"id":377,"esSugerencia":false}]},"fecha":[1552606225373,1552606229907,1552606231349,1552607411431,1552607431320,1552607436937,1552607442200,1552607442843,1552607452234,1552607463898,1552607471006,1552607478722,1552607484299,1552607487414,1552607810440,1553433001099,1553526336074,1554666688618,1554667312057,1554668044188,1558543211282,1559268317734,1559268322468,1559268324789,1559519796736,1562803469164,1572829666668]},{"frase":"Hola Buenas tardes quiero comer verduras caliente té abeja ","frecuencia":1,"complejidad":{"valor":0,"pictos componentes":[{"id":377,"esSugerencia":false},{"id":380,"horario":["MEDIODIA","TARDE"],"esSugerencia":false},{"id":44,"esSugerencia":false},{"id":118,"esSugerencia":false},{"id":478,"esSugerencia":false},{"id":140,"esSugerencia":true},{"id":499,"esSugerencia":true},{"id":283,"esSugerencia":true}]},"fecha":1552606327375},{"frase":"Hola Buenas tardes quiero comer verduras caliente té abeja animales ardilla ballena búho cotorra león escribir pavo jabalí ","frecuencia":3,"complejidad":{"valor":0,"pictos componentes":[{"id":377,"esSugerencia":false},{"id":380,"horario":["MEDIODIA","TARDE"],"esSugerencia":false},{"id":44,"esSugerencia":false},{"id":118,"esSugerencia":false},{"id":478,"esSugerencia":false},{"id":140,"esSugerencia":true},{"id":499,"esSugerencia":true},{"id":283,"esSugerencia":true},{"id":286,"esSugerencia":true},{"id":287},{"id":290},{"id":291},{"id":305},{"id":323},{"id":18},{"id":338},{"id":318}]},"fecha":[1552607244321,1552607258571,1552607268244]},{"frase":"Hola Buenas tardes quiero comer verduras caliente té abeja animales ardilla ballena búho cotorra león escribir pavo jabalí rinoceronte ","frecuencia":2,"complejidad":{"valor":0,"pictos componentes":[{"id":377,"esSugerencia":false},{"id":380,"horario":["MEDIODIA","TARDE"],"esSugerencia":false},{"id":44,"esSugerencia":false},{"id":118,"esSugerencia":false},{"id":478,"esSugerencia":false},{"id":140,"esSugerencia":true},{"id":499,"esSugerencia":true},{"id":283,"esSugerencia":true},{"id":286,"esSugerencia":true},{"id":287},{"id":290},{"id":291},{"id":305},{"id":323},{"id":18},{"id":338},{"id":318},{"id":350,"esSugerencia":true}]},"fecha":[1552607283885,1552607299441]},{"frase":"Hola Buenas tardes quiero comer verduras caliente té abeja animales ardilla ballena búho cotorra león escribir pavo jabalí rinoceronte agua ","frecuencia":1,"complejidad":{"valor":0,"pictos componentes":[{"id":377,"esSugerencia":false},{"id":380,"horario":["MEDIODIA","TARDE"],"esSugerencia":false},{"id":44,"esSugerencia":false},{"id":118,"esSugerencia":false},{"id":478,"esSugerencia":false},{"id":140,"esSugerencia":true},{"id":499,"esSugerencia":true},{"id":283,"esSugerencia":true},{"id":286,"esSugerencia":true},{"id":287},{"id":290},{"id":291},{"id":305},{"id":323},{"id":18},{"id":338},{"id":318},{"id":350,"esSugerencia":true},{"id":500,"esSugerencia":true}]},"fecha":1552607318638},{"frase":"Hola Buenas tardes quiero comer verduras caliente té abeja animales ardilla ballena búho cotorra león escribir pavo jabalí rinoceronte agua escribir ","frecuencia":3,"complejidad":{"valor":0,"pictos componentes":[{"id":377,"esSugerencia":false},{"id":380,"horario":["MEDIODIA","TARDE"],"esSugerencia":false},{"id":44,"esSugerencia":false},{"id":118,"esSugerencia":false},{"id":478,"esSugerencia":false},{"id":140,"esSugerencia":true},{"id":499,"esSugerencia":true},{"id":283,"esSugerencia":true},{"id":286,"esSugerencia":true},{"id":287},{"id":290},{"id":291},{"id":305},{"id":323},{"id":18},{"id":338},{"id":318},{"id":350,"esSugerencia":true},{"id":500,"esSugerencia":true},{"id":18,"esSugerencia":true}]},"fecha":[1552607346026,1552607359636,1552607375759]},{"frase":"Hola Buen día quiero jugar con papá ","frecuencia":5,"complejidad":{"valor":0,"pictos componentes":[{"id":377,"esSugerencia":false},{"id":379,"horario":["MANANA"],"esSugerencia":false},{"id":44,"esSugerencia":false},{"id":34,"edad":["NINO"],"esSugerencia":false},{"id":632,"esSugerencia":false}]},"fecha":[1552607565703,1552607573105,1552607582045,1552607590289,1552607596370]},{"frase":"Hola Buen día quiero jugar con papá quiero comer hamburguesa y el monopatín ","frecuencia":11,"complejidad":{"valor":0,"pictos componentes":[{"id":377,"esSugerencia":false},{"id":379,"horario":["MANANA"],"esSugerencia":false},{"id":44,"esSugerencia":false},{"id":34,"edad":["NINO"],"esSugerencia":false},{"id":632,"esSugerencia":false},{"id":44,"esSugerencia":false},{"id":118,"esSugerencia":false},{"id":515,"esSugerencia":false},{"id":923,"esSugerencia":true},{"id":997,"esSugerencia":true}]},"fecha":[1552607635265,1552607643015,1552607652208,1552607658523,1552607665307,1552607678273,1552607689564,1552607694944,1552607700226,1552607705528,1552607715129]},{"frase":"Hola Buen día quiero jugar con papá quiero comer hamburguesa y el monopatín calvo ","frecuencia":1,"complejidad":{"valor":0,"pictos componentes":[{"id":377,"esSugerencia":false},{"id":379,"horario":["MANANA"],"esSugerencia":false},{"id":44,"esSugerencia":false},{"id":34,"edad":["NINO"],"esSugerencia":false},{"id":632,"esSugerencia":false},{"id":44,"esSugerencia":false},{"id":118,"esSugerencia":false},{"id":515,"esSugerencia":false},{"id":923,"esSugerencia":true},{"id":997,"esSugerencia":true},{"id":142,"esSugerencia":true}]},"fecha":1552607722132},{"frase":"Hola Buen día quiero jugar con papá quiero comer hamburguesa y el monopatín calvo castañas ","frecuencia":7,"complejidad":{"valor":0,"pictos componentes":[{"id":377,"esSugerencia":false},{"id":379,"horario":["MANANA"],"esSugerencia":false},{"id":44,"esSugerencia":false},{"id":34,"edad":["NINO"],"esSugerencia":false},{"id":632,"esSugerencia":false},{"id":44,"esSugerencia":false},{"id":118,"esSugerencia":false},{"id":515,"esSugerencia":false},{"id":923,"esSugerencia":true},{"id":997,"esSugerencia":true},{"id":142,"esSugerencia":true},{"id":402,"esSugerencia":true}]},"fecha":[1552607733208,1552607739817,1552607746366,1552607758473,1552607788819,1552607795472,1552607802009]},{"frase":"Hola Buen día estoy bien ","frecuencia":2,"complejidad":{"valor":0,"pictos componentes":[{"id":377,"esSugerencia":false},{"id":379,"horario":["MANANA"],"esSugerencia":false},{"id":22,"esSugerencia":false},{"id":133,"esSugerencia":false}]},"fecha":[1553432977835,1553432984832]},{"frase":"Hola Buenas tardes estoy ","frecuencia":1,"complejidad":{"valor":0,"pictos componentes":[{"id":377,"esSugerencia":false},{"id":380,"horario":["MEDIODIA","TARDE"],"esSugerencia":false},{"id":22,"esSugerencia":false}]},"fecha":1553433015473},{"frase":"Hola Buenas tardes estoy aburrido ","frecuencia":1,"complejidad":{"valor":0,"pictos componentes":[{"id":377,"esSugerencia":false},{"id":380,"horario":["MEDIODIA","TARDE"],"esSugerencia":false},{"id":22,"esSugerencia":false},{"id":119,"esSugerencia":false}]},"fecha":1553433022810},{"frase":"Hola Buenas tardes estoy aburrido quiero ","frecuencia":1,"complejidad":{"valor":0,"pictos componentes":[{"id":377,"esSugerencia":false},{"id":380,"horario":["MEDIODIA","TARDE"],"esSugerencia":false},{"id":22,"esSugerencia":false},{"id":119,"esSugerencia":false},{"id":44,"esSugerencia":false}]},"fecha":1553433029787},{"frase":"Hola Buenas tardes estoy aburrido quiero jugar con ","frecuencia":1,"complejidad":{"valor":0,"pictos componentes":[{"id":377,"esSugerencia":false},{"id":380,"horario":["MEDIODIA","TARDE"],"esSugerencia":false},{"id":22,"esSugerencia":false},{"id":119,"esSugerencia":false},{"id":44,"esSugerencia":false},{"id":34,"edad":["NINO"],"esSugerencia":false}]},"fecha":1553433037323},{"frase":"Hola Buenas tardes estoy aburrido quiero jugar con el juguete ","frecuencia":8,"complejidad":{"valor":0,"pictos componentes":[{"id":377,"esSugerencia":false},{"id":380,"horario":["MEDIODIA","TARDE"],"esSugerencia":false},{"id":22,"esSugerencia":false},{"id":119,"esSugerencia":false},{"id":44,"esSugerencia":false},{"id":34,"edad":["NINO"],"esSugerencia":false},{"id":761,"esSugerencia":false}]},"fecha":[1553433044546,1553433056891,1553433066872,1553433074992,1553433081509,1553433090963,1553433097259,1553433102177]},{"frase":"Hola ¿Cómo estás? ","frecuencia":8,"complejidad":{"valor":0,"pictos componentes":[{"id":377,"esSugerencia":false},{"id":378,"esSugerencia":false}]},"fecha":[1553526341907,1554666693804,1554668047476,1558543215953,1559268332652,1560215954746,1560215963840,1562803477080]},{"frase":"Hola ¿Cómo estás? estoy ","frecuencia":7,"complejidad":{"valor":0,"pictos componentes":[{"id":377,"esSugerencia":false},{"id":378,"esSugerencia":false},{"id":22,"esSugerencia":false}]},"fecha":[1553526348312,1554666699231,1554668050522,1558543218804,1559268340288,1560215971915,1562803480702]},{"frase":"Hola ¿Cómo estás? estoy bien ","frecuencia":4,"complejidad":{"valor":0,"pictos componentes":[{"id":377,"esSugerencia":false},{"id":378,"esSugerencia":false},{"id":22,"esSugerencia":false},{"id":133,"esSugerencia":false}]},"fecha":[1553526355232,1554668054733,1558543225578,1562803485323]},{"frase":"Hola ¿Cómo estás? estoy bien cantar ","frecuencia":2,"complejidad":{"valor":0,"pictos componentes":[{"id":377,"esSugerencia":false},{"id":378,"esSugerencia":false},{"id":22,"esSugerencia":false},{"id":133,"esSugerencia":false},{"id":6,"esSugerencia":false}]},"fecha":[1553526361655,1554668061058]},{"frase":"Hola ¿Cómo estás? estoy bien cantar apagar ","frecuencia":1,"complejidad":{"valor":0,"pictos componentes":[{"id":377,"esSugerencia":false},{"id":378,"esSugerencia":false},{"id":22,"esSugerencia":false},{"id":133,"esSugerencia":false},{"id":6,"esSugerencia":false},{"id":2,"esSugerencia":false}]},"fecha":1553526367110},{"frase":"Hola ¿Cómo estás? estoy bien cantar apagar la televisión ","frecuencia":1,"complejidad":{"valor":0,"pictos componentes":[{"id":377,"esSugerencia":false},{"id":378,"esSugerencia":false},{"id":22,"esSugerencia":false},{"id":133,"esSugerencia":false},{"id":6,"esSugerencia":false},{"id":2,"esSugerencia":false},{"id":773,"esSugerencia":false}]},"fecha":1553526373002},{"frase":"Hola ¿Cómo estás? estoy bien cantar apagar la televisión heroe ","frecuencia":1,"complejidad":{"valor":0,"pictos componentes":[{"id":377,"esSugerencia":false},{"id":378,"esSugerencia":false},{"id":22,"esSugerencia":false},{"id":133,"esSugerencia":false},{"id":6,"esSugerencia":false},{"id":2,"esSugerencia":false},{"id":773,"esSugerencia":false},{"id":544,"esSugerencia":false}]},"fecha":1553526381124},{"frase":"Hola ¿Cómo estás? estoy bien cantar apagar la televisión heroe águila caballito de mar reptíles saliva amistad águila caballito de mar reptíles saliva amistad águila caballito de mar reptíles huevo frito y amigos acompañar abrazar águila camello la guitarra eléctrica la guitarra dinosaurio liebre ","frecuencia":1,"complejidad":{"valor":0,"pictos componentes":[{"id":377,"esSugerencia":false},{"id":378,"esSugerencia":false},{"id":22,"esSugerencia":false},{"id":133,"esSugerencia":false},{"id":6,"esSugerencia":false},{"id":2,"esSugerencia":false},{"id":773,"esSugerencia":false},{"id":544,"esSugerencia":false},{"id":284,"esSugerencia":true},{"id":292,"esSugerencia":true},{"id":349,"esSugerencia":true},{"id":803,"esSugerencia":true},{"id":702,"esSugerencia":true},{"id":284,"esSugerencia":true},{"id":292,"esSugerencia":false},{"id":349,"esSugerencia":false},{"id":803,"esSugerencia":false},{"id":702,"esSugerencia":false},{"id":284,"esSugerencia":false},{"id":292,"esSugerencia":false},{"id":349,"esSugerencia":false},{"id":421,"esSugerencia":true},{"id":923,"esSugerencia":true},{"id":615,"esSugerencia":true},{"id":1,"esSugerencia":true},{"id":52,"esSugerencia":true},{"id":284,"esSugerencia":false},{"id":296},{"id":856,"esSugerencia":true},{"id":855,"esSugerencia":true},{"id":307},{"id":325}]},"fecha":1553527137947},{"frase":"dame cienpíes hipopótamo león ","frecuencia":1,"complejidad":{"valor":0,"pictos componentes":[{"id":14,"esSugerencia":false},{"id":303},{"id":316,"esSugerencia":true},{"id":323}]},"fecha":1553527204532},{"frase":"dame cienpíes hipopótamo león ornitorrinco ","frecuencia":1,"complejidad":{"valor":0,"pictos componentes":[{"id":14,"esSugerencia":false},{"id":303},{"id":316,"esSugerencia":true},{"id":323},{"id":330}]},"fecha":1553527274142},{"frase":"Hola ¿Cómo estás? estoy aburrido ","frecuencia":3,"complejidad":{"valor":0,"pictos componentes":[{"id":377,"esSugerencia":false},{"id":378,"esSugerencia":false},{"id":22,"esSugerencia":false},{"id":119,"esSugerencia":false}]},"fecha":[1554666708275,1559268346846,1560215977217]},{"frase":"Hola ¿Cómo estás? estoy aburrido quiero ","frecuencia":1,"complejidad":{"valor":0,"pictos componentes":[{"id":377,"esSugerencia":false},{"id":378,"esSugerencia":false},{"id":22,"esSugerencia":false},{"id":119,"esSugerencia":false},{"id":44,"esSugerencia":false}]},"fecha":1554666716798},{"frase":"Hola ¿Cómo estás? estoy aburrido quiero jugar con ","frecuencia":1,"complejidad":{"valor":0,"pictos componentes":[{"id":377,"esSugerencia":false},{"id":378,"esSugerencia":false},{"id":22,"esSugerencia":false},{"id":119,"esSugerencia":false},{"id":44,"esSugerencia":false},{"id":34,"edad":["NINO"],"esSugerencia":false}]},"fecha":1554666722324},{"frase":"Hola ¿Cómo estás? estoy aburrido quiero jugar con el juguete ","frecuencia":1,"complejidad":{"valor":0,"pictos componentes":[{"id":377,"esSugerencia":false},{"id":378,"esSugerencia":false},{"id":22,"esSugerencia":false},{"id":119,"esSugerencia":false},{"id":44,"esSugerencia":false},{"id":34,"edad":["NINO"],"esSugerencia":false},{"id":761,"esSugerencia":false}]},"fecha":1554666731360},{"frase":"Hola ¿Cómo estás? estoy aburrido quiero jugar con el juguete azul ternera antílope verde Claro cerdo ","frecuencia":1,"complejidad":{"valor":0,"pictos componentes":[{"id":377,"esSugerencia":false},{"id":378,"esSugerencia":false},{"id":22,"esSugerencia":false},{"id":119,"esSugerencia":false},{"id":44,"esSugerencia":false},{"id":34,"edad":["NINO"],"esSugerencia":false},{"id":761,"esSugerencia":false},{"id":734,"esSugerencia":false},{"id":374,"esSugerencia":true},{"id":285,"esSugerencia":true},{"id":750,"esSugerencia":true},{"id":375,"esSugerencia":true}]},"fecha":1554666745178},{"frase":"Hola bar camperón ","frecuencia":1,"complejidad":{"valor":0,"pictos componentes":[{"id":377,"esSugerencia":false},{"id":649,"edad":["ADULTO"],"esSugerencia":true},{"id":942,"esSugerencia":true}]},"fecha":1554667337226},{"frase":"Hola bar camperón empatar ","frecuencia":1,"complejidad":{"valor":0,"pictos componentes":[{"id":377,"esSugerencia":false},{"id":649,"edad":["ADULTO"],"esSugerencia":true},{"id":942,"esSugerencia":true},{"id":16,"esSugerencia":true}]},"fecha":1554667340281},{"frase":"Hola bar camperón empatar subir la temperatura ","frecuencia":1,"complejidad":{"valor":0,"pictos componentes":[{"id":377,"esSugerencia":false},{"id":649,"edad":["ADULTO"],"esSugerencia":true},{"id":942,"esSugerencia":true},{"id":16,"esSugerencia":true},{"id":105,"esSugerencia":true}]},"fecha":1554667343576},{"frase":"Hola bar camperón empatar subir la temperatura celebración ","frecuencia":1,"complejidad":{"valor":0,"pictos componentes":[{"id":377,"esSugerencia":false},{"id":649,"edad":["ADULTO"],"esSugerencia":true},{"id":942,"esSugerencia":true},{"id":16,"esSugerencia":true},{"id":105,"esSugerencia":true},{"id":704,"esSugerencia":true}]},"fecha":1554667349802},{"frase":"Hola bar camperón empatar subir la temperatura celebración pincel ","frecuencia":1,"complejidad":{"valor":0,"pictos componentes":[{"id":377,"esSugerencia":false},{"id":649,"edad":["ADULTO"],"esSugerencia":true},{"id":942,"esSugerencia":true},{"id":16,"esSugerencia":true},{"id":105,"esSugerencia":true},{"id":704,"esSugerencia":true},{"id":769,"esSugerencia":true}]},"fecha":1554667356750},{"frase":"Hola bar camperón empatar subir la temperatura celebración pincel la guitarra ","frecuencia":1,"complejidad":{"valor":0,"pictos componentes":[{"id":377,"esSugerencia":false},{"id":649,"edad":["ADULTO"],"esSugerencia":true},{"id":942,"esSugerencia":true},{"id":16,"esSugerencia":true},{"id":105,"esSugerencia":true},{"id":704,"esSugerencia":true},{"id":769,"esSugerencia":true},{"id":855,"esSugerencia":true}]},"fecha":1554667364137},{"frase":"Hola bar camperón empatar subir la temperatura celebración pincel la guitarra dinosaurio liebre nutria tortuga los instrumentos musicales cantar apagar la televisión heroe águila caballito de mar reptíles ternera huerta tomate jugo de uva lata de sardinas rugoso ternera antílope verde Claro cerdo chimpancé camello la guitarra eléctrica la guitarra dinosaurio liebre nutria tortuga los instrumentos musicales cantar apagar la televisión heroe águila caballito de mar reptíles saliva amistad águila caballito de mar reptíles agencia de viajes buscar ciudad ","frecuencia":1,"complejidad":{"valor":0,"pictos componentes":[{"id":377,"esSugerencia":false},{"id":649,"edad":["ADULTO"],"esSugerencia":true},{"id":942,"esSugerencia":true},{"id":16,"esSugerencia":true},{"id":105,"esSugerencia":true},{"id":704,"esSugerencia":true},{"id":769,"esSugerencia":true},{"id":855,"esSugerencia":true},{"id":307,"esSugerencia":false},{"id":325,"esSugerencia":false},{"id":329,"esSugerencia":false},{"id":356,"esSugerencia":false},{"id":857,"esSugerencia":false},{"id":6,"esSugerencia":false},{"id":2,"esSugerencia":false},{"id":773,"esSugerencia":false},{"id":544,"esSugerencia":false},{"id":284,"esSugerencia":false},{"id":292,"esSugerencia":false},{"id":349,"esSugerencia":false},{"id":353,"esSugerencia":true},{"id":671},{"id":463,"esSugerencia":true},{"id":471,"esSugerencia":true},{"id":425,"esSugerencia":true},{"id":247,"esSugerencia":true},{"id":374,"esSugerencia":true},{"id":285,"esSugerencia":false},{"id":750,"esSugerencia":false},{"id":375,"esSugerencia":false},{"id":302,"esSugerencia":false},{"id":296,"esSugerencia":false},{"id":856,"esSugerencia":false},{"id":855,"esSugerencia":false},{"id":307,"esSugerencia":false},{"id":325,"esSugerencia":false},{"id":329,"esSugerencia":false},{"id":356,"esSugerencia":false},{"id":857,"esSugerencia":false},{"id":6,"esSugerencia":false},{"id":2,"esSugerencia":false},{"id":773,"esSugerencia":false},{"id":544,"esSugerencia":false},{"id":284,"esSugerencia":false},{"id":292,"esSugerencia":false},{"id":349,"esSugerencia":false},{"id":803,"esSugerencia":false},{"id":702,"esSugerencia":false},{"id":284,"esSugerencia":false},{"id":292,"esSugerencia":false},{"id":349,"esSugerencia":false},{"id":647,"esSugerencia":true},{"id":5,"esSugerencia":true},{"id":656}]},"fecha":1554667696941},{"frase":"Hola bar camperón empatar subir la temperatura celebración pincel la guitarra dinosaurio liebre nutria tortuga los instrumentos musicales cantar apagar la televisión heroe águila caballito de mar reptíles ternera huerta tomate jugo de uva lata de sardinas rugoso ternera antílope verde Claro cerdo chimpancé camello la guitarra eléctrica la guitarra dinosaurio liebre nutria tortuga los instrumentos musicales cantar apagar la televisión heroe águila caballito de mar reptíles saliva amistad águila caballito de mar reptíles agencia de viajes buscar ciudad ciudad ciudad ciudad ciudad ciudad ","frecuencia":1,"complejidad":{"valor":0,"pictos componentes":[{"id":377,"esSugerencia":false},{"id":649,"edad":["ADULTO"],"esSugerencia":true},{"id":942,"esSugerencia":true},{"id":16,"esSugerencia":true},{"id":105,"esSugerencia":true},{"id":704,"esSugerencia":true},{"id":769,"esSugerencia":true},{"id":855,"esSugerencia":true},{"id":307,"esSugerencia":false},{"id":325,"esSugerencia":false},{"id":329,"esSugerencia":false},{"id":356,"esSugerencia":false},{"id":857,"esSugerencia":false},{"id":6,"esSugerencia":false},{"id":2,"esSugerencia":false},{"id":773,"esSugerencia":false},{"id":544,"esSugerencia":false},{"id":284,"esSugerencia":false},{"id":292,"esSugerencia":false},{"id":349,"esSugerencia":false},{"id":353,"esSugerencia":true},{"id":671},{"id":463,"esSugerencia":true},{"id":471,"esSugerencia":true},{"id":425,"esSugerencia":true},{"id":247,"esSugerencia":true},{"id":374,"esSugerencia":true},{"id":285,"esSugerencia":false},{"id":750,"esSugerencia":false},{"id":375,"esSugerencia":false},{"id":302,"esSugerencia":false},{"id":296,"esSugerencia":false},{"id":856,"esSugerencia":false},{"id":855,"esSugerencia":false},{"id":307,"esSugerencia":false},{"id":325,"esSugerencia":false},{"id":329,"esSugerencia":false},{"id":356,"esSugerencia":false},{"id":857,"esSugerencia":false},{"id":6,"esSugerencia":false},{"id":2,"esSugerencia":false},{"id":773,"esSugerencia":false},{"id":544,"esSugerencia":false},{"id":284,"esSugerencia":false},{"id":292,"esSugerencia":false},{"id":349,"esSugerencia":false},{"id":803,"esSugerencia":false},{"id":702,"esSugerencia":false},{"id":284,"esSugerencia":false},{"id":292,"esSugerencia":false},{"id":349,"esSugerencia":false},{"id":647,"esSugerencia":true},{"id":5,"esSugerencia":true},{"id":656},{"id":656,"esSugerencia":true},{"id":656,"esSugerencia":false},{"id":656,"esSugerencia":false},{"id":656,"esSugerencia":false},{"id":656,"esSugerencia":false}]},"fecha":1554667738956},{"frase":"la pelota de rugby la pelota de basket ","frecuencia":1,"complejidad":{"valor":0,"pictos componentes":[{"id":998,"esSugerencia":true},{"id":999,"esSugerencia":true}]},"fecha":1554667879568},{"frase":"la pelota de rugby la pelota de basket la pelota de beisbol ","frecuencia":1,"complejidad":{"valor":0,"pictos componentes":[{"id":998,"esSugerencia":true},{"id":999,"esSugerencia":true},{"id":1000,"esSugerencia":true}]},"fecha":1554667886321},{"frase":"la pelota de rugby la pelota de basket la pelota de beisbol primavera ","frecuencia":1,"complejidad":{"valor":0,"pictos componentes":[{"id":998,"esSugerencia":true},{"id":999,"esSugerencia":true},{"id":1000,"esSugerencia":true},{"id":817,"esSugerencia":true}]},"fecha":1554667893953},{"frase":"la pelota de rugby la pelota de basket la pelota de beisbol primavera camarero ","frecuencia":1,"complejidad":{"valor":0,"pictos componentes":[{"id":998,"esSugerencia":true},{"id":999,"esSugerencia":true},{"id":1000,"esSugerencia":true},{"id":817,"esSugerencia":true},{"id":618,"esSugerencia":true}]},"fecha":1554667901461},{"frase":"la pelota de rugby la pelota de basket la pelota de beisbol primavera camarero límpio ","frecuencia":1,"complejidad":{"valor":0,"pictos componentes":[{"id":998,"esSugerencia":true},{"id":999,"esSugerencia":true},{"id":1000,"esSugerencia":true},{"id":817,"esSugerencia":true},{"id":618,"esSugerencia":true},{"id":199,"esSugerencia":true}]},"fecha":1554667909293},{"frase":"la pelota de rugby la pelota de basket la pelota de beisbol primavera camarero límpio Por favor ","frecuencia":2,"complejidad":{"valor":0,"pictos componentes":[{"id":998,"esSugerencia":true},{"id":999,"esSugerencia":true},{"id":1000,"esSugerencia":true},{"id":817,"esSugerencia":true},{"id":618,"esSugerencia":true},{"id":199,"esSugerencia":true},{"id":383,"esSugerencia":true}]},"fecha":[1554667918124,1554667925801]},{"frase":"la pelota de rugby la pelota de basket la pelota de beisbol primavera camarero límpio Por favor Gracias ","frecuencia":1,"complejidad":{"valor":0,"pictos componentes":[{"id":998,"esSugerencia":true},{"id":999,"esSugerencia":true},{"id":1000,"esSugerencia":true},{"id":817,"esSugerencia":true},{"id":618,"esSugerencia":true},{"id":199,"esSugerencia":true},{"id":383,"esSugerencia":true},{"id":384,"esSugerencia":true}]},"fecha":1554667934676},{"frase":"Hola ¿Cómo estás? estoy bien cantar la bateria ","frecuencia":1,"complejidad":{"valor":0,"pictos componentes":[{"id":377,"esSugerencia":false},{"id":378,"esSugerencia":false},{"id":22,"esSugerencia":false},{"id":133,"esSugerencia":false},{"id":6,"esSugerencia":false},{"id":849,"esSugerencia":true}]},"fecha":1554668067532},{"frase":"Hola ¿Cómo estás? estoy bien cantar la bateria ir a ","frecuencia":1,"complejidad":{"valor":0,"pictos componentes":[{"id":377,"esSugerencia":false},{"id":378,"esSugerencia":false},{"id":22,"esSugerencia":false},{"id":133,"esSugerencia":false},{"id":6,"esSugerencia":false},{"id":849,"esSugerencia":true},{"id":30,"esSugerencia":true}]},"fecha":1554668073798},{"frase":"Hola ¿Cómo estás? estoy bien cantar la bateria ir a hospital escuela ¿Qué color es? colores Hola Buenas tardes estoy bien animales ardilla ballena búho cotorra león escribir pavo jabalí rinoceronte agua escribir pavo jabalí rinoceronte agua escribir pavo jabalí rinoceronte agua bien respirar bajo el agua niño la pelota colores Hola ¿Cómo estás? estoy aburrido cantar lata de atún ","frecuencia":1,"complejidad":{"valor":0,"pictos componentes":[{"id":377,"esSugerencia":false},{"id":378,"esSugerencia":false},{"id":22,"esSugerencia":false},{"id":133,"esSugerencia":false},{"id":6,"esSugerencia":false},{"id":849,"esSugerencia":true},{"id":30,"esSugerencia":true},{"id":668,"esSugerencia":false},{"id":662,"esSugerencia":true},{"id":745,"esSugerencia":true},{"id":737,"esSugerencia":true},{"id":377,"esSugerencia":true},{"id":380,"horario":["MEDIODIA","TARDE"],"esSugerencia":false},{"id":22,"esSugerencia":false},{"id":133,"esSugerencia":false},{"id":286,"esSugerencia":true},{"id":287,"esSugerencia":false},{"id":290,"esSugerencia":false},{"id":291,"esSugerencia":false},{"id":305,"esSugerencia":false},{"id":323,"esSugerencia":false},{"id":18,"esSugerencia":false},{"id":338,"esSugerencia":false},{"id":318,"esSugerencia":false},{"id":350,"esSugerencia":false},{"id":500,"esSugerencia":false},{"id":18,"esSugerencia":false},{"id":338,"esSugerencia":false},{"id":318,"esSugerencia":false},{"id":350,"esSugerencia":false},{"id":500,"esSugerencia":false},{"id":18,"esSugerencia":false},{"id":338,"esSugerencia":false},{"id":318,"esSugerencia":false},{"id":350,"esSugerencia":false},{"id":500,"esSugerencia":false},{"id":133,"esSugerencia":true},{"id":96,"esSugerencia":true},{"id":630,"esSugerencia":true},{"id":996,"esSugerencia":true},{"id":737,"esSugerencia":false},{"id":377,"esSugerencia":false},{"id":378,"esSugerencia":false},{"id":22,"esSugerencia":false},{"id":119,"esSugerencia":false},{"id":6,"esSugerencia":true},{"id":424,"esSugerencia":true}]},"fecha":1554668199462},{"frase":"Hola ¿Cómo estás? estoy bien cantar la bateria ir a hospital escuela ¿Qué color es? colores Hola Buenas tardes estoy bien animales ardilla ballena búho cotorra león escribir pavo jabalí rinoceronte agua escribir pavo jabalí rinoceronte agua escribir pavo jabalí rinoceronte agua bien respirar bajo el agua niño la pelota colores Hola ¿Cómo estás? estoy aburrido cantar lata de atún y el monopatín calvo castañas Buenas noches estoy bien animales ","frecuencia":1,"complejidad":{"valor":0,"pictos componentes":[{"id":377,"esSugerencia":false},{"id":378,"esSugerencia":false},{"id":22,"esSugerencia":false},{"id":133,"esSugerencia":false},{"id":6,"esSugerencia":false},{"id":849,"esSugerencia":true},{"id":30,"esSugerencia":true},{"id":668,"esSugerencia":false},{"id":662,"esSugerencia":true},{"id":745,"esSugerencia":true},{"id":737,"esSugerencia":true},{"id":377,"esSugerencia":true},{"id":380,"horario":["MEDIODIA","TARDE"],"esSugerencia":false},{"id":22,"esSugerencia":false},{"id":133,"esSugerencia":false},{"id":286,"esSugerencia":true},{"id":287,"esSugerencia":false},{"id":290,"esSugerencia":false},{"id":291,"esSugerencia":false},{"id":305,"esSugerencia":false},{"id":323,"esSugerencia":false},{"id":18,"esSugerencia":false},{"id":338,"esSugerencia":false},{"id":318,"esSugerencia":false},{"id":350,"esSugerencia":false},{"id":500,"esSugerencia":false},{"id":18,"esSugerencia":false},{"id":338,"esSugerencia":false},{"id":318,"esSugerencia":false},{"id":350,"esSugerencia":false},{"id":500,"esSugerencia":false},{"id":18,"esSugerencia":false},{"id":338,"esSugerencia":false},{"id":318,"esSugerencia":false},{"id":350,"esSugerencia":false},{"id":500,"esSugerencia":false},{"id":133,"esSugerencia":true},{"id":96,"esSugerencia":true},{"id":630,"esSugerencia":true},{"id":996,"esSugerencia":true},{"id":737,"esSugerencia":false},{"id":377,"esSugerencia":false},{"id":378,"esSugerencia":false},{"id":22,"esSugerencia":false},{"id":119,"esSugerencia":false},{"id":6,"esSugerencia":true},{"id":424,"esSugerencia":true},{"id":923,"esSugerencia":true},{"id":997,"esSugerencia":false},{"id":142,"esSugerencia":false},{"id":402,"esSugerencia":false},{"id":381,"horario":["NOCHE"],"esSugerencia":false},{"id":22,"esSugerencia":false},{"id":133,"esSugerencia":false},{"id":286,"esSugerencia":false}]},"fecha":1554668245429},{"frase":"yo ","frecuencia":6,"complejidad":{"valor":0,"pictos componentes":[{"id":643,"esSugerencia":false}]},"fecha":[1555786078410,1555786093229,1555786094581,1555786095967,1555786096896,1590193524281]},{"frase":"yo quiero ","frecuencia":1,"complejidad":{"valor":0,"pictos componentes":[{"id":643,"esSugerencia":false},{"id":44,"esSugerencia":false}]},"fecha":1555786100761},{"frase":"yo quiero buscar ","frecuencia":1,"complejidad":{"valor":0,"pictos componentes":[{"id":643,"esSugerencia":false},{"id":44,"esSugerencia":false},{"id":5,"esSugerencia":false}]},"fecha":1555786104049},{"frase":"yo quiero buscar . ¿me ayudas? ","frecuencia":1,"complejidad":{"valor":0,"pictos componentes":[{"id":643,"esSugerencia":false},{"id":44,"esSugerencia":false},{"id":5,"esSugerencia":false},{"id":385,"esSugerencia":false}]},"fecha":1555786108158},{"frase":"yo quiero buscar . ¿me ayudas? aunque ","frecuencia":1,"complejidad":{"valor":0,"pictos componentes":[{"id":643,"esSugerencia":false},{"id":44,"esSugerencia":false},{"id":5,"esSugerencia":false},{"id":385,"esSugerencia":false},{"id":889,"esSugerencia":true}]},"fecha":1555786112011},{"frase":"yo quiero buscar . ¿me ayudas? aunque estoy ","frecuencia":1,"complejidad":{"valor":0,"pictos componentes":[{"id":643,"esSugerencia":false},{"id":44,"esSugerencia":false},{"id":5,"esSugerencia":false},{"id":385,"esSugerencia":false},{"id":889,"esSugerencia":true},{"id":22,"esSugerencia":false}]},"fecha":1555786116900},{"frase":"yo quiero buscar . ¿me ayudas? aunque estoy aburrido ","frecuencia":1,"complejidad":{"valor":0,"pictos componentes":[{"id":643,"esSugerencia":false},{"id":44,"esSugerencia":false},{"id":5,"esSugerencia":false},{"id":385,"esSugerencia":false},{"id":889,"esSugerencia":true},{"id":22,"esSugerencia":false},{"id":119,"esSugerencia":false}]},"fecha":1555786120882},{"frase":"yo quiero buscar . ¿me ayudas? aunque estoy aburrido salir del agua ","frecuencia":1,"complejidad":{"valor":0,"pictos componentes":[{"id":643,"esSugerencia":false},{"id":44,"esSugerencia":false},{"id":5,"esSugerencia":false},{"id":385,"esSugerencia":false},{"id":889,"esSugerencia":true},{"id":22,"esSugerencia":false},{"id":119,"esSugerencia":false},{"id":99,"esSugerencia":true}]},"fecha":1555786127006},{"frase":"Hola ¿Cómo estás? estoy bien respirar bajo el agua ","frecuencia":2,"complejidad":{"valor":0,"pictos componentes":[{"id":377,"esSugerencia":false},{"id":378,"esSugerencia":false},{"id":22,"esSugerencia":false},{"id":133,"esSugerencia":false},{"id":96,"esSugerencia":false}]},"fecha":[1558543231243,1562803489947]},{"frase":"Hola ¿Cómo estás? estoy bien respirar bajo el agua sentarme en el borde ","frecuencia":2,"complejidad":{"valor":0,"pictos componentes":[{"id":377,"esSugerencia":false},{"id":378,"esSugerencia":false},{"id":22,"esSugerencia":false},{"id":133,"esSugerencia":false},{"id":96,"esSugerencia":false},{"id":102,"esSugerencia":true}]},"fecha":[1558543239788,1562803496416]},{"frase":"Hola ¿Cómo estás? estoy bien respirar bajo el agua sentarme en el borde salir del agua ","frecuencia":2,"complejidad":{"valor":0,"pictos componentes":[{"id":377,"esSugerencia":false},{"id":378,"esSugerencia":false},{"id":22,"esSugerencia":false},{"id":133,"esSugerencia":false},{"id":96,"esSugerencia":false},{"id":102,"esSugerencia":true},{"id":99,"esSugerencia":true}]},"fecha":[1558543245048,1562803502826]},{"frase":"Buenas tardes la guitarra eléctrica ","frecuencia":1,"complejidad":{"valor":0,"pictos componentes":[{"id":380,"horario":["MEDIODIA","TARDE"],"esSugerencia":false},{"id":856,"esSugerencia":false}]},"fecha":1558543648285},{"frase":"Buenas tardes la guitarra eléctrica la matraca ","frecuencia":1,"complejidad":{"valor":0,"pictos componentes":[{"id":380,"horario":["MEDIODIA","TARDE"],"esSugerencia":false},{"id":856,"esSugerencia":false},{"id":859}]},"fecha":1558543690106},{"frase":"Buenas tardes la guitarra eléctrica la matraca el piano ","frecuencia":1,"complejidad":{"valor":0,"pictos componentes":[{"id":380,"horario":["MEDIODIA","TARDE"],"esSugerencia":false},{"id":856,"esSugerencia":false},{"id":859},{"id":865}]},"fecha":1558543728997},{"frase":"Hola ¿Cómo estás? estoy aburrido cantar apagar ","frecuencia":1,"complejidad":{"valor":0,"pictos componentes":[{"id":377,"esSugerencia":false},{"id":378,"esSugerencia":false},{"id":22,"esSugerencia":false},{"id":119,"esSugerencia":false},{"id":6,"esSugerencia":false},{"id":2,"esSugerencia":false}]},"fecha":1559268355486},{"frase":"Hola ¿Cómo estás? estoy aburrido cantar apagar la tablet ","frecuencia":2,"complejidad":{"valor":0,"pictos componentes":[{"id":377,"esSugerencia":false},{"id":378,"esSugerencia":false},{"id":22,"esSugerencia":false},{"id":119,"esSugerencia":false},{"id":6,"esSugerencia":false},{"id":2,"esSugerencia":false},{"id":774,"esSugerencia":false}]},"fecha":[1559268364600,1559268369168]},{"frase":"Hola ¿Cómo estás? estoy aburrido cantar apagar la tablet alcaucil ","frecuencia":1,"complejidad":{"valor":0,"pictos componentes":[{"id":377,"esSugerencia":false},{"id":378,"esSugerencia":false},{"id":22,"esSugerencia":false},{"id":119,"esSugerencia":false},{"id":6,"esSugerencia":false},{"id":2,"esSugerencia":false},{"id":774,"esSugerencia":false},{"id":392,"esSugerencia":true}]},"fecha":1559268384383},{"frase":"Hola ¿Cómo estás? estoy aburrido cantar apagar la tablet alcaucil acá hacer pis . ¿me ayudas? aunque estoy bien cantar apagar la televisión heroe águila caballito de mar reptíles saliva amistad águila aburrido ansioso aburrido ","frecuencia":2,"complejidad":{"valor":0,"pictos componentes":[{"id":377,"esSugerencia":false},{"id":378,"esSugerencia":false},{"id":22,"esSugerencia":false},{"id":119,"esSugerencia":false},{"id":6,"esSugerencia":false},{"id":2,"esSugerencia":false},{"id":774,"esSugerencia":false},{"id":392,"esSugerencia":true},{"id":644,"esSugerencia":true},{"id":29,"esSugerencia":true},{"id":385,"esSugerencia":false},{"id":889,"esSugerencia":false},{"id":22,"esSugerencia":false},{"id":133,"esSugerencia":false},{"id":6,"esSugerencia":false},{"id":2,"esSugerencia":false},{"id":773,"esSugerencia":false},{"id":544,"esSugerencia":false},{"id":284,"esSugerencia":false},{"id":292,"esSugerencia":false},{"id":349,"esSugerencia":false},{"id":803,"esSugerencia":false},{"id":702,"esSugerencia":false},{"id":284,"esSugerencia":false},{"id":119,"esSugerencia":true},{"id":124,"esSugerencia":true},{"id":119,"esSugerencia":true}]},"fecha":[1559268435797,1559268596242]},{"frase":"Hola ¿Cómo estás? estoy aburrido cantar apagar la tablet alcaucil acá hacer pis . ¿me ayudas? aunque estoy bien cantar apagar la televisión heroe águila caballito de mar reptíles saliva amistad águila aburrido ansioso aburrido salir del agua ","frecuencia":1,"complejidad":{"valor":0,"pictos componentes":[{"id":377,"esSugerencia":false},{"id":378,"esSugerencia":false},{"id":22,"esSugerencia":false},{"id":119,"esSugerencia":false},{"id":6,"esSugerencia":false},{"id":2,"esSugerencia":false},{"id":774,"esSugerencia":false},{"id":392,"esSugerencia":true},{"id":644,"esSugerencia":true},{"id":29,"esSugerencia":true},{"id":385,"esSugerencia":false},{"id":889,"esSugerencia":false},{"id":22,"esSugerencia":false},{"id":133,"esSugerencia":false},{"id":6,"esSugerencia":false},{"id":2,"esSugerencia":false},{"id":773,"esSugerencia":false},{"id":544,"esSugerencia":false},{"id":284,"esSugerencia":false},{"id":292,"esSugerencia":false},{"id":349,"esSugerencia":false},{"id":803,"esSugerencia":false},{"id":702,"esSugerencia":false},{"id":284,"esSugerencia":false},{"id":119,"esSugerencia":true},{"id":124,"esSugerencia":true},{"id":119,"esSugerencia":true},{"id":99,"esSugerencia":false}]},"fecha":1559268520246},{"frase":"Hola ¿Cómo estás? estoy aburrido cantar apagar la tablet alcaucil acá hacer pis . ¿me ayudas? aunque estoy bien cantar apagar la televisión heroe águila caballito de mar reptíles saliva amistad águila aburrido ansioso aburrido cantar ","frecuencia":3,"complejidad":{"valor":0,"pictos componentes":[{"id":377,"esSugerencia":false},{"id":378,"esSugerencia":false},{"id":22,"esSugerencia":false},{"id":119,"esSugerencia":false},{"id":6,"esSugerencia":false},{"id":2,"esSugerencia":false},{"id":774,"esSugerencia":false},{"id":392,"esSugerencia":true},{"id":644,"esSugerencia":true},{"id":29,"esSugerencia":true},{"id":385,"esSugerencia":false},{"id":889,"esSugerencia":false},{"id":22,"esSugerencia":false},{"id":133,"esSugerencia":false},{"id":6,"esSugerencia":false},{"id":2,"esSugerencia":false},{"id":773,"esSugerencia":false},{"id":544,"esSugerencia":false},{"id":284,"esSugerencia":false},{"id":292,"esSugerencia":false},{"id":349,"esSugerencia":false},{"id":803,"esSugerencia":false},{"id":702,"esSugerencia":false},{"id":284,"esSugerencia":false},{"id":119,"esSugerencia":true},{"id":124,"esSugerencia":true},{"id":119,"esSugerencia":true},{"id":6,"esSugerencia":false}]},"fecha":[1559268618278,1559268639347,1559268833187]},{"frase":"Hola ¿Cómo estás? estoy aburrido cantar apagar la tablet alcaucil acá hacer pis . ¿me ayudas? aunque estoy bien cantar apagar la televisión heroe águila caballito de mar reptíles saliva amistad águila aburrido ansioso aburrido ansioso aburrido salir del agua cambiar de canal descripción ","frecuencia":1,"complejidad":{"valor":0,"pictos componentes":[{"id":377,"esSugerencia":false},{"id":378,"esSugerencia":false},{"id":22,"esSugerencia":false},{"id":119,"esSugerencia":false},{"id":6,"esSugerencia":false},{"id":2,"esSugerencia":false},{"id":774,"esSugerencia":false},{"id":392,"esSugerencia":true},{"id":644,"esSugerencia":true},{"id":29,"esSugerencia":true},{"id":385,"esSugerencia":false},{"id":889,"esSugerencia":false},{"id":22,"esSugerencia":false},{"id":133,"esSugerencia":false},{"id":6,"esSugerencia":false},{"id":2,"esSugerencia":false},{"id":773,"esSugerencia":false},{"id":544,"esSugerencia":false},{"id":284,"esSugerencia":false},{"id":292,"esSugerencia":false},{"id":349,"esSugerencia":false},{"id":803,"esSugerencia":false},{"id":702,"esSugerencia":false},{"id":284,"esSugerencia":false},{"id":119,"esSugerencia":true},{"id":124,"esSugerencia":true},{"id":119,"esSugerencia":true},{"id":124,"esSugerencia":false},{"id":119,"esSugerencia":false},{"id":99,"esSugerencia":false},{"id":8,"esSugerencia":true},{"id":707,"esSugerencia":true}]},"fecha":1559268884410},{"frase":"Hola camaleón ","frecuencia":1,"complejidad":{"valor":0,"pictos componentes":[{"id":377,"esSugerencia":false},{"id":295}]},"fecha":1559519878366},{"frase":"Hola camaleón apagar ","frecuencia":1,"complejidad":{"valor":0,"pictos componentes":[{"id":377,"esSugerencia":false},{"id":295},{"id":2,"esSugerencia":true}]},"fecha":1559519883737},{"frase":"","frecuencia":27,"complejidad":{"valor":0,"pictos componentes":[]},"fecha":[1559519985060,1559519987887,1559519991266,1559519994685,1559519997552,1559520000789,1559520005030,1559520006536,1559601273305,1559601274543,1559601275213,1559601275556,1559601275879,1559601516134,1559601517980,1559601519618,1559601521423,1559601523027,1560556898942,1560556901320,1560556902620,1560556903372,1560556903938,1560556905619,1560556906079,1591842641060,1591842641278]},{"frase":"yo tengo escuela bien respirar bajo el agua caballo leer leer escuela bien respirar bajo el agua caballo cabalgar el coro el barrilete asustado sentimientos amigos ","frecuencia":9,"complejidad":{"valor":0,"pictos componentes":[{"id":643,"esSugerencia":false},{"id":49,"esSugerencia":false},{"id":662,"esSugerencia":false},{"id":133,"esSugerencia":true},{"id":96,"esSugerencia":false},{"id":293,"esSugerencia":true},{"id":32,"esSugerencia":true},{"id":32,"esSugerencia":true},{"id":662,"esSugerencia":true},{"id":133,"esSugerencia":false},{"id":96,"esSugerencia":false},{"id":293,"esSugerencia":false},{"id":65,"esSugerencia":true},{"id":853,"esSugerencia":true},{"id":976,"esSugerencia":true},{"id":121,"esSugerencia":true},{"id":722,"esSugerencia":true},{"id":615,"esSugerencia":true}]},"fecha":[1559520066626,1559520091312,1559520110054,1559520123177,1559520138013,1559520149161,1559520160577,1559520172039,1559520183435]},{"frase":"malva ","frecuencia":6,"complejidad":{"valor":0,"pictos componentes":[{"id":741}]},"fecha":[1560125043111,1560125051435,1560125053523,1560125055329,1560125058030,1560125059571]},{"frase":"Hola ¿Cómo estás? estoy aburrido salir del agua ","frecuencia":1,"complejidad":{"valor":0,"pictos componentes":[{"id":377,"esSugerencia":false},{"id":378,"esSugerencia":false},{"id":22,"esSugerencia":false},{"id":119,"esSugerencia":false},{"id":99,"esSugerencia":false}]},"fecha":1560215983657},{"frase":"Hola ¿Cómo estás? estoy aburrido salir del agua respirar bajo el agua ","frecuencia":1,"complejidad":{"valor":0,"pictos componentes":[{"id":377,"esSugerencia":false},{"id":378,"esSugerencia":false},{"id":22,"esSugerencia":false},{"id":119,"esSugerencia":false},{"id":99,"esSugerencia":false},{"id":96,"esSugerencia":false}]},"fecha":1560215989939},{"frase":"Hola ¿Cómo estás? estoy aburrido salir del agua respirar bajo el agua sentarme en el borde ","frecuencia":1,"complejidad":{"valor":0,"pictos componentes":[{"id":377,"esSugerencia":false},{"id":378,"esSugerencia":false},{"id":22,"esSugerencia":false},{"id":119,"esSugerencia":false},{"id":99,"esSugerencia":false},{"id":96,"esSugerencia":false},{"id":102,"esSugerencia":false}]},"fecha":1560215996625},{"frase":"Hola ¿Cómo estás? estoy bien respirar bajo el agua sentarme en el borde salir del agua respirar bajo el agua ","frecuencia":1,"complejidad":{"valor":0,"pictos componentes":[{"id":377,"esSugerencia":false},{"id":378,"esSugerencia":false},{"id":22,"esSugerencia":false},{"id":133,"esSugerencia":false},{"id":96,"esSugerencia":false},{"id":102,"esSugerencia":false},{"id":99,"esSugerencia":false},{"id":96,"esSugerencia":false}]},"fecha":1562803510436},{"frase":"Hola ¿Cómo estás? estoy bien respirar bajo el agua sentarme en el borde salir del agua respirar bajo el agua sentarme en el borde ","frecuencia":1,"complejidad":{"valor":0,"pictos componentes":[{"id":377,"esSugerencia":false},{"id":378,"esSugerencia":false},{"id":22,"esSugerencia":false},{"id":133,"esSugerencia":false},{"id":96,"esSugerencia":false},{"id":102,"esSugerencia":false},{"id":99,"esSugerencia":false},{"id":96,"esSugerencia":false},{"id":102,"esSugerencia":false}]},"fecha":1562803520048},{"frase":"Hola ¿Cómo estás? estoy bien respirar bajo el agua sentarme en el borde salir del agua respirar bajo el agua sentarme en el borde salir del agua ","frecuencia":1,"complejidad":{"valor":0,"pictos componentes":[{"id":377,"esSugerencia":false},{"id":378,"esSugerencia":false},{"id":22,"esSugerencia":false},{"id":133,"esSugerencia":false},{"id":96,"esSugerencia":false},{"id":102,"esSugerencia":false},{"id":99,"esSugerencia":false},{"id":96,"esSugerencia":false},{"id":102,"esSugerencia":false},{"id":99,"esSugerencia":false}]},"fecha":1562803530215},{"frase":"Hola ¿Cómo estás? estoy bien respirar bajo el agua sentarme en el borde salir del agua respirar bajo el agua sentarme en el borde salir del agua respirar bajo el agua ","frecuencia":1,"complejidad":{"valor":0,"pictos componentes":[{"id":377,"esSugerencia":false},{"id":378,"esSugerencia":false},{"id":22,"esSugerencia":false},{"id":133,"esSugerencia":false},{"id":96,"esSugerencia":false},{"id":102,"esSugerencia":false},{"id":99,"esSugerencia":false},{"id":96,"esSugerencia":false},{"id":102,"esSugerencia":false},{"id":99,"esSugerencia":false},{"id":96,"esSugerencia":false}]},"fecha":1562803542447},{"frase":"Hola yo ","frecuencia":1,"complejidad":{"valor":0,"pictos componentes":[{"id":377,"esSugerencia":false},{"id":643,"esSugerencia":false}]},"fecha":1572829671888},{"frase":"Hola yo estoy ","frecuencia":1,"complejidad":{"valor":0,"pictos componentes":[{"id":377,"esSugerencia":false},{"id":643,"esSugerencia":false},{"id":22,"esSugerencia":false}]},"fecha":1572829676231},{"frase":"Hola yo estoy bien ","frecuencia":1,"complejidad":{"valor":0,"pictos componentes":[{"id":377,"esSugerencia":false},{"id":643,"esSugerencia":false},{"id":22,"esSugerencia":false},{"id":133,"esSugerencia":false}]},"fecha":1572829680156},{"frase":"Hola yo estoy bien respirar bajo el agua ","frecuencia":1,"complejidad":{"valor":0,"pictos componentes":[{"id":377,"esSugerencia":false},{"id":643,"esSugerencia":false},{"id":22,"esSugerencia":false},{"id":133,"esSugerencia":false},{"id":96,"esSugerencia":false}]},"fecha":1572829683669},{"frase":"Hola yo estoy bien respirar bajo el agua sentarme en el borde ","frecuencia":1,"complejidad":{"valor":0,"pictos componentes":[{"id":377,"esSugerencia":false},{"id":643,"esSugerencia":false},{"id":22,"esSugerencia":false},{"id":133,"esSugerencia":false},{"id":96,"esSugerencia":false},{"id":102,"esSugerencia":false}]},"fecha":1572829688541},{"frase":"Hola yo estoy bien respirar bajo el agua sentarme en el borde salir del agua ","frecuencia":1,"complejidad":{"valor":0,"pictos componentes":[{"id":377,"esSugerencia":false},{"id":643,"esSugerencia":false},{"id":22,"esSugerencia":false},{"id":133,"esSugerencia":false},{"id":96,"esSugerencia":false},{"id":102,"esSugerencia":false},{"id":99,"esSugerencia":false}]},"fecha":1572829697566},{"frase":"escribir ","frecuencia":1,"complejidad":{"valor":0,"pictos componentes":[{"id":18,"esSugerencia":false}]},"fecha":1574541335504},{"frase":"escribir escribir escribir escribir escribir escribir escribir yogur cambiar ","frecuencia":4,"complejidad":{"valor":0,"pictos componentes":[{"id":18,"esSugerencia":false},{"id":18,"esSugerencia":false},{"id":18,"esSugerencia":false},{"id":18,"esSugerencia":false},{"id":18,"esSugerencia":false},{"id":18,"esSugerencia":false},{"id":18,"esSugerencia":false},{"id":484,"esSugerencia":true},{"id":7,"esSugerencia":true}]},"fecha":[1574541584258,1574541590361,1574541597324,1574542512403]},{"frase":"escribir escribir escribir escribir escribir escribir escribir yogur cambiar yogur ","frecuencia":8,"complejidad":{"valor":0,"pictos componentes":[{"id":18,"esSugerencia":false},{"id":18,"esSugerencia":false},{"id":18,"esSugerencia":false},{"id":18,"esSugerencia":false},{"id":18,"esSugerencia":false},{"id":18,"esSugerencia":false},{"id":18,"esSugerencia":false},{"id":484,"esSugerencia":true},{"id":7,"esSugerencia":true},{"id":484,"esSugerencia":true}]},"fecha":[1574542582627,1574542590042,1574542596975,1574542613204,1574542630075,1574557213016,1574557219729,1574557226109]},{"frase":"mamá ¿Cómo estás? escribir escribir escribir escribir escribir escribir escribir yogur dame súcio abrochar ","frecuencia":4,"complejidad":{"valor":0,"pictos componentes":[{"id":628,"esSugerencia":false},{"id":378,"esSugerencia":false},{"id":18,"esSugerencia":false},{"id":18,"esSugerencia":false},{"id":18,"esSugerencia":false},{"id":18,"esSugerencia":false},{"id":18,"esSugerencia":false},{"id":18,"esSugerencia":false},{"id":18,"esSugerencia":false},{"id":484,"esSugerencia":false},{"id":14,"esSugerencia":false},{"id":263,"esSugerencia":true},{"id":54}]},"fecha":[1580645631546,1580645643546,1580645653288,1580645660969]},{"frase":"yo tengo ","frecuencia":1,"complejidad":{"valor":0,"pictos componentes":[{"id":643,"esSugerencia":false},{"id":49,"esSugerencia":false}]},"fecha":1590193526750},{"frase":"yo tengo hambre ","frecuencia":8,"complejidad":{"valor":0,"pictos componentes":[{"id":643,"esSugerencia":false},{"id":49,"esSugerencia":false},{"id":597,"esSugerencia":false}]},"fecha":[1590193531245,1590193533670,1590193536159,1590193538362,1590193539934,1590193541646,1590193543218,1590193548368]},{"frase":"Hola Buenas tardes tengo verguenza ","frecuencia":2,"complejidad":{"valor":0,"pictos componentes":[{"id":377,"esSugerencia":false},{"id":380,"horario":["MEDIODIA","TARDE"],"esSugerencia":false},{"id":49,"esSugerencia":false},{"id":729,"esSugerencia":false}]},"fecha":[1591842310081,1591842314268]},{"frase":"Hola Buenas tardes tengo verguenza llamar a alguien dibujar jugo de uva descripción bajo ","frecuencia":12,"complejidad":{"valor":0,"pictos componentes":[{"id":377,"esSugerencia":false},{"id":380,"horario":["MEDIODIA","TARDE"],"esSugerencia":false},{"id":49,"esSugerencia":false},{"id":729,"esSugerencia":false},{"id":33},{"id":15,"esSugerencia":true},{"id":471,"esSugerencia":true},{"id":707,"esSugerencia":false},{"id":130}]},"fecha":[1591842535495,1591842541988,1591842552310,1591842558979,1591842567669,1591842576721,1591842585193,1591842591961,1591842601001,1591842609472,1591842618164,1591842629829]},{"frase":"mamá ¿Cómo estás? tengo hambre calabaza Por favor vaso verde Claro la trompeta tres cero Si tengo hambre calabaza Por favor Gracias feliz la discoteca cuarto de baño rodilla boca leche queso ","frecuencia":3,"complejidad":{"valor":0,"pictos componentes":[{"id":628,"esSugerencia":false},{"id":378,"esSugerencia":false},{"id":49,"esSugerencia":false},{"id":597,"esSugerencia":false},{"id":399},{"id":383,"esSugerencia":true},{"id":605},{"id":750,"esSugerencia":true},{"id":874,"esSugerencia":false},{"id":838,"esSugerencia":false},{"id":846,"esSugerencia":false},{"id":388,"esSugerencia":false},{"id":49,"esSugerencia":false},{"id":597,"esSugerencia":false},{"id":399,"esSugerencia":false},{"id":383,"esSugerencia":false},{"id":384,"esSugerencia":false},{"id":171,"esSugerencia":false},{"id":661,"esSugerencia":false},{"id":660,"esSugerencia":false},{"id":802,"esSugerencia":false},{"id":777,"esSugerencia":false},{"id":495,"esSugerencia":false},{"id":521}]},"fecha":[1591843032864,1591843046360,1591843059821]},{"frase":"yo quiero ir a comer carne codo diez bar la toalla ","frecuencia":5,"complejidad":{"valor":0,"pictos componentes":[{"id":643,"esSugerencia":false},{"id":44,"esSugerencia":false},{"id":30,"esSugerencia":false},{"id":118,"esSugerencia":false},{"id":482,"esSugerencia":false},{"id":780},{"id":845},{"id":649,"edad":["ADULTO"],"esSugerencia":true},{"id":1020}]},"fecha":[1591843488456,1591843493946,1591843498824,1591843504128,1591843508491]},{"frase":"a bolsa aunque estoy bien cantar apagar la televisión heroe ","frecuencia":1,"complejidad":{"valor":0,"pictos componentes":[{"id":525},{"id":930},{"id":889,"esSugerencia":false},{"id":22,"esSugerencia":false},{"id":133,"esSugerencia":false},{"id":6,"esSugerencia":false},{"id":2,"esSugerencia":false},{"id":773,"esSugerencia":false},{"id":544,"esSugerencia":false}]},"fecha":1591843750156}]