[{"frase":"Hola Buenas tardes ","frecuencia":1,"complejidad":{"valor":0,"pictos componentes":[{"id":377},{"id":380,"horario":["MEDIODIA","TARDE"]}]},"fecha":[1539653525]},{"frase":"Si quiero ir a comer verduras ","frecuencia":1,"complejidad":{"valor":0,"pictos componentes":[{"id":388},{"id":44},{"id":30},{"id":118},{"id":478}]},"fecha":[1539653590]},{"frase":"mamá ¿Cómo estás? quiero buscar comida ","frecuencia":1,"complejidad":{"valor":0,"pictos componentes":[{"id":628},{"id":378},{"id":44},{"id":5},{"id":1014}]},"fecha":[1539653827]},{"frase":"","frecuencia":1,"complejidad":{"valor":0,"pictos componentes":[]},"fecha":1553768584110},{"frase":"Si despeinada verdulería la pelota verde leer Adiós ","frecuencia":1,"complejidad":{"valor":0,"pictos componentes":[{"id":388,"esSugerencia":false},{"id":158,"esSugerencia":true},{"id":698,"esSugerencia":true},{"id":996,"esSugerencia":true},{"id":749,"esSugerencia":false},{"id":32,"esSugerencia":true},{"id":382,"esSugerencia":true}]},"fecha":1553768621647},{"frase":"Hola Buen día estoy bien ","frecuencia":1,"complejidad":{"valor":0,"pictos componentes":[{"id":377,"esSugerencia":false},{"id":379,"horario":["MANANA"],"esSugerencia":false},{"id":22,"esSugerencia":false},{"id":133,"esSugerencia":false}]},"fecha":1553768685528},{"frase":"Hola ¿Cómo estás? estoy mas o menos ","frecuencia":1,"complejidad":{"valor":0,"pictos componentes":[{"id":377,"esSugerencia":false},{"id":378,"esSugerencia":false},{"id":22,"esSugerencia":false},{"id":204,"esSugerencia":false}]},"fecha":1553768764044}]