[{"frase":"Hola ","frecuencia":10,"complejidad":{"valor":0,"pictos componentes":[{"id":377,"esSugerencia":false}]},"fecha":[1566315015031,1566315020760,1566315029835,1566315038313,1566315040385,1566315042831,1566315108338,1566315110522,1566315237981,1566680719098]},{"frase":"mamá quiero ","frecuencia":1,"complejidad":{"valor":0,"pictos componentes":[{"id":628,"esSugerencia":false},{"id":44,"esSugerencia":false}]},"fecha":1566315119151},{"frase":"mamá quiero jugar con el juguete ","frecuencia":1,"complejidad":{"valor":0,"pictos componentes":[{"id":628,"esSugerencia":false},{"id":44,"esSugerencia":false},{"id":34,"edad":["NINO"],"esSugerencia":false},{"id":761,"esSugerencia":false}]},"fecha":1566315122728},{"frase":"mamá ","frecuencia":1,"complejidad":{"valor":0,"pictos componentes":[{"id":628,"esSugerencia":false}]},"fecha":1566315143294},{"frase":"quiero ","frecuencia":3,"complejidad":{"valor":0,"pictos componentes":[{"id":44,"esSugerencia":false}]},"fecha":[1566315183711,1566316261997,1566397559849]},{"frase":"Hola mamá cocinar ","frecuencia":1,"complejidad":{"valor":0,"pictos componentes":[{"id":377,"esSugerencia":false},{"id":628,"esSugerencia":false},{"id":1029,"esSugerencia":true}]},"fecha":1566315255797},{"frase":"Hola mamá ","frecuencia":2,"complejidad":{"valor":0,"pictos componentes":[{"id":377,"esSugerencia":false},{"id":628,"esSugerencia":false}]},"fecha":[1566315266525,1566315310988]},{"frase":"Hola mamá ¿Cómo estás? ","frecuencia":1,"complejidad":{"valor":0,"pictos componentes":[{"id":377,"esSugerencia":false},{"id":628,"esSugerencia":false},{"id":378,"esSugerencia":false}]},"fecha":1566315274803},{"frase":"quiero comer manzana ","frecuencia":1,"complejidad":{"valor":0,"pictos componentes":[{"id":44,"esSugerencia":false},{"id":118,"esSugerencia":false},{"id":474,"esSugerencia":false}]},"fecha":1566315359288},{"frase":"quiero comer manzana leche con cacáo ","frecuencia":1,"complejidad":{"valor":0,"pictos componentes":[{"id":44,"esSugerencia":false},{"id":118,"esSugerencia":false},{"id":474,"esSugerencia":false},{"id":426,"edad":["NINO"],"esSugerencia":true}]},"fecha":1566315363043},{"frase":"Hola papá ","frecuencia":7,"complejidad":{"valor":0,"pictos componentes":[{"id":377,"esSugerencia":false},{"id":632,"esSugerencia":false}]},"fecha":[1566315384797,1566397371914,1566397380098,1566397381395,1566680724318,1566680727782,1568130224914]},{"frase":"quiero hacer pis ","frecuencia":1,"complejidad":{"valor":0,"pictos componentes":[{"id":44,"esSugerencia":false},{"id":29,"esSugerencia":false}]},"fecha":1566315602430},{"frase":"quiero hacer pis papá ","frecuencia":1,"complejidad":{"valor":0,"pictos componentes":[{"id":44,"esSugerencia":false},{"id":29,"esSugerencia":false},{"id":632,"esSugerencia":true}]},"fecha":1566315606630},{"frase":"quiero hacer pis higiene personal ","frecuencia":1,"complejidad":{"valor":0,"pictos componentes":[{"id":44,"esSugerencia":false},{"id":29,"esSugerencia":false},{"id":708,"esSugerencia":true}]},"fecha":1566315617994},{"frase":"quiero jugar con el juguete ","frecuencia":2,"complejidad":{"valor":0,"pictos componentes":[{"id":44,"esSugerencia":false},{"id":34,"edad":["NINO"],"esSugerencia":false},{"id":761,"esSugerencia":false}]},"fecha":[1566315649132,1566315653818]},{"frase":"quiero jugar con la pelota ","frecuencia":1,"complejidad":{"valor":0,"pictos componentes":[{"id":44,"esSugerencia":false},{"id":34,"edad":["NINO"],"esSugerencia":false},{"id":996,"esSugerencia":false}]},"fecha":1566315673162},{"frase":"quiero comer jamón cocido salchichas ","frecuencia":3,"complejidad":{"valor":0,"pictos componentes":[{"id":44,"esSugerencia":false},{"id":118,"esSugerencia":false},{"id":517,"esSugerencia":true},{"id":524,"esSugerencia":true}]},"fecha":[1566315764328,1566315774149,1566315779448]},{"frase":"quiero comer helado ","frecuencia":1,"complejidad":{"valor":0,"pictos componentes":[{"id":44,"esSugerencia":false},{"id":118,"esSugerencia":false},{"id":486}]},"fecha":1566316080783},{"frase":"quiero comer huevo frito ","frecuencia":1,"complejidad":{"valor":0,"pictos componentes":[{"id":44,"esSugerencia":false},{"id":118,"esSugerencia":false},{"id":421,"esSugerencia":true}]},"fecha":1566316466088},{"frase":"Hola Buen día ","frecuencia":1,"complejidad":{"valor":0,"pictos componentes":[{"id":377,"esSugerencia":false},{"id":379,"horario":["MANANA"],"esSugerencia":false}]},"fecha":1566316485041},{"frase":"Hola Buenas tardes ","frecuencia":1,"complejidad":{"valor":0,"pictos componentes":[{"id":377,"esSugerencia":false},{"id":380,"horario":["MEDIODIA","TARDE"],"esSugerencia":false}]},"fecha":1566316494337},{"frase":"Hola Buenas tardes esperar ","frecuencia":2,"complejidad":{"valor":0,"pictos componentes":[{"id":377,"esSugerencia":false},{"id":380,"horario":["MEDIODIA","TARDE"],"esSugerencia":false},{"id":23,"esSugerencia":true}]},"fecha":[1566316498067,1566316503777]},{"frase":"quiero ir a ","frecuencia":2,"complejidad":{"valor":0,"pictos componentes":[{"id":44,"esSugerencia":false},{"id":30,"esSugerencia":false}]},"fecha":[1566333268715,1566333282552]},{"frase":"Hola papá dame la tablet ","frecuencia":1,"complejidad":{"valor":0,"pictos componentes":[{"id":377,"esSugerencia":false},{"id":632,"esSugerencia":false},{"id":14,"esSugerencia":false},{"id":774,"esSugerencia":false}]},"fecha":1566333312809},{"frase":"Hola papá dame el cuento ","frecuencia":1,"complejidad":{"valor":0,"pictos componentes":[{"id":377,"esSugerencia":false},{"id":632,"esSugerencia":false},{"id":14,"esSugerencia":false},{"id":986,"esSugerencia":false}]},"fecha":1566333320728},{"frase":"Hola papá acompañar ","frecuencia":1,"complejidad":{"valor":0,"pictos componentes":[{"id":377,"esSugerencia":false},{"id":632,"esSugerencia":false},{"id":1,"esSugerencia":true}]},"fecha":1566397390632},{"frase":"quiero comer pollo ","frecuencia":1,"complejidad":{"valor":0,"pictos componentes":[{"id":44,"esSugerencia":false},{"id":118,"esSugerencia":false},{"id":504,"esSugerencia":false}]},"fecha":1566397423560},{"frase":"quiero comer carne ","frecuencia":1,"complejidad":{"valor":0,"pictos componentes":[{"id":44,"esSugerencia":false},{"id":118,"esSugerencia":false},{"id":482,"esSugerencia":false}]},"fecha":1566397431328},{"frase":"quiero comer carne casa ","frecuencia":1,"complejidad":{"valor":0,"pictos componentes":[{"id":44,"esSugerencia":false},{"id":118,"esSugerencia":false},{"id":482,"esSugerencia":false},{"id":653,"esSugerencia":true}]},"fecha":1566397433949},{"frase":"quiero comer sandwich ","frecuencia":1,"complejidad":{"valor":0,"pictos componentes":[{"id":44,"esSugerencia":false},{"id":118,"esSugerencia":false},{"id":458,"esSugerencia":true}]},"fecha":1566397591493},{"frase":"","frecuencia":3,"complejidad":{"valor":0,"pictos componentes":[]},"fecha":[1566397631538,1566680822110,1566680824021]},{"frase":"quiero jugar con la cocinita ","frecuencia":1,"complejidad":{"valor":0,"pictos componentes":[{"id":44,"esSugerencia":false},{"id":34,"edad":["NINO"],"esSugerencia":false},{"id":982,"esSugerencia":false}]},"fecha":1566397646655},{"frase":"quiero jugar con ","frecuencia":1,"complejidad":{"valor":0,"pictos componentes":[{"id":44,"esSugerencia":false},{"id":34,"edad":["NINO"],"esSugerencia":false}]},"fecha":1566397695351},{"frase":"quiero jugar con perro ","frecuencia":1,"complejidad":{"valor":0,"pictos componentes":[{"id":44,"esSugerencia":false},{"id":34,"edad":["NINO"],"esSugerencia":false},{"id":342,"esSugerencia":true}]},"fecha":1566397742633},{"frase":"Hola mamá cocinar comer manzana ","frecuencia":1,"complejidad":{"valor":0,"pictos componentes":[{"id":377,"esSugerencia":false},{"id":628,"esSugerencia":false},{"id":1029,"esSugerencia":false},{"id":118,"esSugerencia":true},{"id":474,"esSugerencia":false}]},"fecha":1566680754795},{"frase":"Hola mamá cocinar comer manzana manzana amarillo azul ","frecuencia":3,"complejidad":{"valor":0,"pictos componentes":[{"id":377,"esSugerencia":false},{"id":628,"esSugerencia":false},{"id":1029,"esSugerencia":false},{"id":118,"esSugerencia":true},{"id":474,"esSugerencia":false},{"id":474,"esSugerencia":true},{"id":733,"esSugerencia":true},{"id":734,"esSugerencia":true}]},"fecha":[1566680767240,1566680780055,1566680785161]},{"frase":"Hola mamá cocinar comer hamburguesa cantar ","frecuencia":1,"complejidad":{"valor":0,"pictos componentes":[{"id":377,"esSugerencia":false},{"id":628,"esSugerencia":false},{"id":1029,"esSugerencia":false},{"id":118,"esSugerencia":true},{"id":515,"esSugerencia":false},{"id":6,"esSugerencia":true}]},"fecha":1566680795119},{"frase":"yo tengo escuela ","frecuencia":3,"complejidad":{"valor":0,"pictos componentes":[{"id":643,"esSugerencia":false},{"id":49,"esSugerencia":false},{"id":662,"esSugerencia":false}]},"fecha":[1566680813739,1566680817331,1566680818935]},{"frase":"vaca ternera vaca ","frecuencia":1,"complejidad":{"valor":0,"pictos componentes":[{"id":357,"esSugerencia":true},{"id":374,"esSugerencia":true},{"id":357,"esSugerencia":true}]},"fecha":1566680905243},{"frase":"Hola papá quiero ","frecuencia":1,"complejidad":{"valor":0,"pictos componentes":[{"id":377,"esSugerencia":false},{"id":632,"esSugerencia":false},{"id":44,"esSugerencia":false}]},"fecha":1568130228174},{"frase":"quiero comer vino ","frecuencia":2,"complejidad":{"valor":0,"pictos componentes":[{"id":44,"esSugerencia":false},{"id":118,"esSugerencia":false},{"id":503,"edad":["ADULTO"]}]},"fecha":[1568130395020,1568130408413]},{"frase":"quiero comer galleta ","frecuencia":1,"complejidad":{"valor":0,"pictos componentes":[{"id":44,"esSugerencia":false},{"id":118,"esSugerencia":false},{"id":415}]},"fecha":1568130501560},{"frase":"quiero comer galleta mamá ","frecuencia":1,"complejidad":{"valor":0,"pictos componentes":[{"id":44,"esSugerencia":false},{"id":118,"esSugerencia":false},{"id":415},{"id":628,"esSugerencia":false}]},"fecha":1568130504885},{"frase":"quiero comer banana ","frecuencia":1,"complejidad":{"valor":0,"pictos componentes":[{"id":44,"esSugerencia":false},{"id":118,"esSugerencia":false},{"id":473}]},"fecha":1568130599883}]