[{"frase":"Hola ¿Cómo estás? ","frecuencia":1,"complejidad":{"valor":0,"pictos componentes":[{"id":377},{"id":378}]},"fecha":[1534084635]},{"frase":"Hola quiero comer Golosina ","frecuencia":1,"complejidad":{"valor":0,"pictos componentes":[{"id":377},{"id":44},{"id":118},{"id":494}]},"fecha":[1534084675]},{"frase":"mamá quiero hacer pis ","frecuencia":3,"complejidad":{"valor":0,"pictos componentes":[{"id":628},{"id":44},{"id":29}]},"fecha":[1534087826,1534293970,1551977635167]},{"frase":"yo estoy mal ","frecuencia":1,"complejidad":{"valor":0,"pictos componentes":[{"id":643},{"id":22},{"id":205}]},"fecha":[1534087924]},{"frase":"yo me lo puedes dar  ","frecuencia":2,"complejidad":{"valor":0,"pictos componentes":[{"id":643},{"id":14}]},"fecha":[1534087934,1534294155]},{"frase":"yo tengo hambre ","frecuencia":2,"complejidad":{"valor":0,"pictos componentes":[{"id":643},{"id":49},{"id":597}]},"fecha":[1534087940,1552187376398]},{"frase":"yo quiero comer ","frecuencia":1,"complejidad":{"valor":0,"pictos componentes":[{"id":643},{"id":44},{"id":118}]},"fecha":[1534266318]},{"frase":"yo quiero comer hamburguesa ","frecuencia":1,"complejidad":{"valor":0,"pictos componentes":[{"id":643},{"id":44},{"id":118},{"id":515}]},"fecha":[1534266334]},{"frase":"yo tengo frío ","frecuencia":1,"complejidad":{"valor":0,"pictos componentes":[{"id":643},{"id":49},{"id":177}]},"fecha":[1534277643]},{"frase":"","frecuencia":3,"complejidad":{"valor":0,"pictos componentes":[]},"fecha":[1534293951,1534293955,1551977608883]},{"frase":"mamá quiero ","frecuencia":2,"complejidad":{"valor":0,"pictos componentes":[{"id":628},{"id":44}]},"fecha":[1534293992,1534293994]},{"frase":"mamá quiero jugar con la computadora ","frecuencia":1,"complejidad":{"valor":0,"pictos componentes":[{"id":628},{"id":44},{"id":34},{"id":1016}]},"fecha":[1534294052]},{"frase":"yo quiero comer Golosina mañana ","frecuencia":1,"complejidad":{"valor":0,"pictos componentes":[{"id":643},{"id":44},{"id":118},{"id":494},{"id":815}]},"fecha":[1534294192]},{"frase":"yo quiero ir a a la pizzería ","frecuencia":1,"complejidad":{"valor":0,"pictos componentes":[{"id":643},{"id":44},{"id":30},{"id":525},{"id":900},{"id":679}]},"fecha":[1534294354]},{"frase":"Hola quien? ","frecuencia":1,"complejidad":{"valor":0,"pictos componentes":[{"id":377},{"id":911}]},"fecha":[1534294596]},{"frase":"Hola quien? agarró el cuaderno ","frecuencia":4,"complejidad":{"valor":0,"pictos componentes":[{"id":377},{"id":911},{"id":69},{"id":899},{"id":757}]},"fecha":[1534294770,1534294773,1551978992501,1551979002069]},{"frase":"yo quiero cambiar de canal ","frecuencia":4,"complejidad":{"valor":0,"pictos componentes":[{"id":643},{"id":44},{"id":8}]},"fecha":[1534443884,1534443890,1534443900,1534443906]},{"frase":"yo estoy Cansado ","frecuencia":1,"complejidad":{"valor":0,"pictos componentes":[{"id":643},{"id":22},{"id":137}]},"fecha":[1536125344]},{"frase":"maestra la ","frecuencia":2,"complejidad":{"valor":0,"pictos componentes":[{"id":626},{"id":900}]},"fecha":[1536125525,1536125528]},{"frase":"la maestra aprobar ","frecuencia":2,"complejidad":{"valor":0,"pictos componentes":[{"id":900},{"id":626},{"id":60}]},"fecha":[1536125826,1536125858]},{"frase":"yo quiero comprar Golosina ","frecuencia":1,"complejidad":{"valor":0,"pictos componentes":[{"id":643},{"id":44},{"id":13},{"id":494}]},"fecha":[1536126095]},{"frase":"yo quiero comprar Golosina mañana ","frecuencia":1,"complejidad":{"valor":0,"pictos componentes":[{"id":643},{"id":44},{"id":13},{"id":494},{"id":815}]},"fecha":[1536126103]},{"frase":"yo quiero comprar Golosina despues ","frecuencia":1,"complejidad":{"valor":0,"pictos componentes":[{"id":643},{"id":44},{"id":13},{"id":494},{"id":812}]},"fecha":[1536126127]},{"frase":"JUGUÉ en la pileta ","frecuencia":2,"complejidad":{"valor":0,"pictos componentes":[{"id":34},{"id":533},{"id":900},{"id":1037}]},"fecha":[1537906400,1537906403]},{"frase":"JUGUÉ en la pileta con fede ","frecuencia":1,"complejidad":{"valor":0,"pictos componentes":[{"id":34},{"id":533},{"id":900},{"id":1037},{"id":528},{"id":1039}]},"fecha":[1537906493]},{"frase":"yo DISFRACÉ PIRATA ","frecuencia":1,"complejidad":{"valor":0,"pictos componentes":[{"id":643},{"id":1036},{"id":1033}]},"fecha":[1537906570]},{"frase":"yo comí arroz ","frecuencia":1,"complejidad":{"valor":0,"pictos componentes":[{"id":643},{"id":1043},{"id":1042}]},"fecha":[1537906685]},{"frase":"yo dormí en CARPA ","frecuencia":1,"complejidad":{"valor":0,"pictos componentes":[{"id":643},{"id":1038},{"id":533},{"id":1035}]},"fecha":[1537906759]},{"frase":"yo estoy bien ","frecuencia":1,"complejidad":{"valor":0,"pictos componentes":[{"id":643},{"id":22},{"id":133}]},"fecha":[1537906800]},{"frase":"Hola tengo ","frecuencia":1,"complejidad":{"valor":0,"pictos componentes":[{"id":377,"esSugerencia":false},{"id":49,"esSugerencia":false}]},"fecha":1551975901262},{"frase":"quiero comer hamburguesa ","frecuencia":1,"complejidad":{"valor":0,"pictos componentes":[{"id":44,"esSugerencia":false},{"id":118,"esSugerencia":false},{"id":515,"esSugerencia":false}]},"fecha":1551975943626},{"frase":"yo tengo diez ","frecuencia":1,"complejidad":{"valor":0,"pictos componentes":[{"id":643,"esSugerencia":false},{"id":49,"esSugerencia":false},{"id":845}]},"fecha":1551976167288},{"frase":"yo estoy mas o menos ","frecuencia":1,"complejidad":{"valor":0,"pictos componentes":[{"id":643,"esSugerencia":false},{"id":22,"esSugerencia":false},{"id":204,"esSugerencia":false}]},"fecha":1551977623419},{"frase":"yo comí flan ","frecuencia":2,"complejidad":{"valor":0,"pictos componentes":[{"id":643,"esSugerencia":false},{"id":1043,"esSugerencia":false},{"id":412}]},"fecha":[1551977675469,1551977677406]},{"frase":"yo FUI A casa ","frecuencia":1,"complejidad":{"valor":0,"pictos componentes":[{"id":643,"esSugerencia":false},{"id":30,"esSugerencia":false},{"id":653,"esSugerencia":false}]},"fecha":1551977728515},{"frase":"yo leer ","frecuencia":1,"complejidad":{"valor":0,"pictos componentes":[{"id":643,"esSugerencia":false},{"id":32}]},"fecha":1551977893588},{"frase":"yo estoy feliz ","frecuencia":1,"complejidad":{"valor":0,"pictos componentes":[{"id":643,"esSugerencia":false},{"id":22,"esSugerencia":false},{"id":181,"esSugerencia":false}]},"fecha":1551982556611},{"frase":"yo estoy feliz acompañar ","frecuencia":1,"complejidad":{"valor":0,"pictos componentes":[{"id":643,"esSugerencia":false},{"id":22,"esSugerencia":false},{"id":181,"esSugerencia":false},{"id":1,"esSugerencia":true}]},"fecha":1551982588339},{"frase":"quiero comer yogur ","frecuencia":1,"complejidad":{"valor":0,"pictos componentes":[{"id":44,"esSugerencia":false},{"id":118,"esSugerencia":false},{"id":484,"esSugerencia":true}]},"fecha":1552187395588},{"frase":"quiero comer yogur sin azúcar ","frecuencia":1,"complejidad":{"valor":0,"pictos componentes":[{"id":44,"esSugerencia":false},{"id":118,"esSugerencia":false},{"id":484,"esSugerencia":true},{"id":540},{"id":396,"esSugerencia":true}]},"fecha":1552187478232},{"frase":"Valentín y yo cocinar ","frecuencia":1,"complejidad":{"valor":0,"pictos componentes":[{"id":1046},{"id":923},{"id":643,"esSugerencia":false},{"id":1029}]},"fecha":1552454768071},{"frase":"Valentín y yo COCINAMOS pochoclos ","frecuencia":5,"complejidad":{"valor":0,"pictos componentes":[{"id":1046},{"id":923},{"id":643,"esSugerencia":false},{"id":1029},{"id":1047}]},"fecha":[1552454899283,1552454933024,1552454984546,1552506543622,1552506561698]},{"frase":"pusimos maíz azúcar y aceite ","frecuencia":1,"complejidad":{"valor":0,"pictos componentes":[{"id":92},{"id":1049},{"id":396,"esSugerencia":true},{"id":923,"esSugerencia":false},{"id":487}]},"fecha":1552456085878},{"frase":"pusimos maíz azúcar y aceite en la olla ","frecuencia":2,"complejidad":{"valor":0,"pictos componentes":[{"id":92},{"id":1049,"esSugerencia":false},{"id":396,"esSugerencia":false},{"id":923,"esSugerencia":false},{"id":487,"esSugerencia":false},{"id":533},{"id":900,"esSugerencia":false},{"id":1051,"esSugerencia":false}]},"fecha":[1552456354143,1552456372028]},{"frase":"pochoclos ","frecuencia":1,"complejidad":{"valor":0,"pictos componentes":[{"id":1047,"esSugerencia":false}]},"fecha":1552505347459},{"frase":"maíz ","frecuencia":1,"complejidad":{"valor":0,"pictos componentes":[{"id":1049,"esSugerencia":false}]},"fecha":1552505453987},{"frase":"Valentín y ","frecuencia":1,"complejidad":{"valor":0,"pictos componentes":[{"id":1046,"esSugerencia":false},{"id":923,"esSugerencia":false}]},"fecha":1552505834949},{"frase":"Valentín y maestro búho búho ","frecuencia":1,"complejidad":{"valor":0,"pictos componentes":[{"id":1046,"esSugerencia":false},{"id":923,"esSugerencia":false},{"id":627},{"id":291,"esSugerencia":true},{"id":291,"esSugerencia":true}]},"fecha":1552505858470},{"frase":"Valentín y yo COCINAMOS pochoclos pusimos maíz en la pochoclera ","frecuencia":4,"complejidad":{"valor":0,"pictos componentes":[{"id":1046,"esSugerencia":false},{"id":923,"esSugerencia":false},{"id":643,"esSugerencia":false},{"id":1029,"esSugerencia":false},{"id":1047,"esSugerencia":false},{"id":92},{"id":1049,"esSugerencia":false},{"id":533},{"id":900,"esSugerencia":false},{"id":1053}]},"fecha":[1552506688747,1552506726131,1552506745645,1552506753931]},{"frase":"Valentín y YO ","frecuencia":1,"complejidad":{"valor":0,"pictos componentes":[{"id":1046,"esSugerencia":false},{"id":923,"esSugerencia":false},{"id":1052}]},"fecha":1553716531558},{"frase":"Valentín y YO JUGAMOS a JUEGO DE LA MEMORIA ","frecuencia":8,"complejidad":{"valor":0,"pictos componentes":[{"id":1046,"esSugerencia":false},{"id":923,"esSugerencia":false},{"id":1052},{"id":34,"esSugerencia":false},{"id":525,"esSugerencia":false},{"id":1054}]},"fecha":[1553716717667,1553716729070,1553716745363,1553716808958,1553716824579,1553716829871,1553716835292,1553716838536]},{"frase":"hoy Valentín y YO JUGAMOS ADIVINANZAS ","frecuencia":5,"complejidad":{"valor":0,"pictos componentes":[{"id":1056},{"id":1046,"esSugerencia":false},{"id":923,"esSugerencia":false},{"id":1052,"esSugerencia":false},{"id":34,"esSugerencia":false},{"id":1057}]},"fecha":[1554926397330,1554926438340,1554926443047,1554926482569,1554926497367]},{"frase":"áspero blando duro flexible liso opaco pegajoso rugoso ","frecuencia":1,"complejidad":{"valor":0,"pictos componentes":[{"id":127},{"id":132},{"id":162},{"id":175},{"id":201},{"id":221},{"id":225,"esSugerencia":true},{"id":247}]},"fecha":1567791099208}]