[{"frase":"papá ","frecuencia":2,"complejidad":{"valor":0,"pictos componentes":[{"id":632,"esSugerencia":false}]},"fecha":[1556368624866,1556368626830]},{"frase":"papá quiero ","frecuencia":1,"complejidad":{"valor":0,"pictos componentes":[{"id":632,"esSugerencia":false},{"id":44,"esSugerencia":false}]},"fecha":1556368632384},{"frase":"papá quiero jugar con ","frecuencia":1,"complejidad":{"valor":0,"pictos componentes":[{"id":632,"esSugerencia":false},{"id":44,"esSugerencia":false},{"id":34,"edad":["NINO"],"esSugerencia":false}]},"fecha":1556368636908},{"frase":"papá quiero jugar con la pelota ","frecuencia":1,"complejidad":{"valor":0,"pictos componentes":[{"id":632,"esSugerencia":false},{"id":44,"esSugerencia":false},{"id":34,"edad":["NINO"],"esSugerencia":false},{"id":996,"esSugerencia":false}]},"fecha":1556368645009},{"frase":"papá quiero jugar con la pelota colores ","frecuencia":1,"complejidad":{"valor":0,"pictos componentes":[{"id":632,"esSugerencia":false},{"id":44,"esSugerencia":false},{"id":34,"edad":["NINO"],"esSugerencia":false},{"id":996,"esSugerencia":false},{"id":737,"esSugerencia":false}]},"fecha":1556368649943},{"frase":"papá quiero jugar con la pelota colores cuatro ","frecuencia":1,"complejidad":{"valor":0,"pictos componentes":[{"id":632,"esSugerencia":false},{"id":44,"esSugerencia":false},{"id":34,"edad":["NINO"],"esSugerencia":false},{"id":996,"esSugerencia":false},{"id":737,"esSugerencia":false},{"id":839,"esSugerencia":true}]},"fecha":1556368656764},{"frase":"papá quiero jugar con la pelota colores cuatro pillar ","frecuencia":1,"complejidad":{"valor":0,"pictos componentes":[{"id":632,"esSugerencia":false},{"id":44,"esSugerencia":false},{"id":34,"edad":["NINO"],"esSugerencia":false},{"id":996,"esSugerencia":false},{"id":737,"esSugerencia":false},{"id":839,"esSugerencia":true},{"id":42,"esSugerencia":true}]},"fecha":1556368662268},{"frase":"buscar mamá ","frecuencia":1,"complejidad":{"valor":0,"pictos componentes":[{"id":5,"esSugerencia":false},{"id":628,"esSugerencia":false}]},"fecha":1558407182228},{"frase":"buscar mamá quiero ","frecuencia":1,"complejidad":{"valor":0,"pictos componentes":[{"id":5,"esSugerencia":false},{"id":628,"esSugerencia":false},{"id":44,"esSugerencia":false}]},"fecha":1558407190944},{"frase":"yo estoy aburrido ","frecuencia":2,"complejidad":{"valor":0,"pictos componentes":[{"id":643,"esSugerencia":false},{"id":22,"esSugerencia":false},{"id":119,"esSugerencia":false}]},"fecha":[1558407207708,1558407211189]},{"frase":"yo estoy mas o menos ","frecuencia":1,"complejidad":{"valor":0,"pictos componentes":[{"id":643,"esSugerencia":false},{"id":22,"esSugerencia":false},{"id":204,"esSugerencia":false}]},"fecha":1558407218742},{"frase":"yo estoy mas o menos jugar con ","frecuencia":1,"complejidad":{"valor":0,"pictos componentes":[{"id":643,"esSugerencia":false},{"id":22,"esSugerencia":false},{"id":204,"esSugerencia":false},{"id":34,"edad":["NINO"],"esSugerencia":true}]},"fecha":1558407225997},{"frase":"yo estoy mas o menos jugar con amigos ","frecuencia":1,"complejidad":{"valor":0,"pictos componentes":[{"id":643,"esSugerencia":false},{"id":22,"esSugerencia":false},{"id":204,"esSugerencia":false},{"id":34,"edad":["NINO"],"esSugerencia":true},{"id":615,"esSugerencia":false}]},"fecha":1558407231297},{"frase":"yo estoy mas o menos jugar con amigos primavera ","frecuencia":1,"complejidad":{"valor":0,"pictos componentes":[{"id":643,"esSugerencia":false},{"id":22,"esSugerencia":false},{"id":204,"esSugerencia":false},{"id":34,"edad":["NINO"],"esSugerencia":true},{"id":615,"esSugerencia":false},{"id":817,"esSugerencia":true}]},"fecha":1558407239609},{"frase":"mamá dame leche y galletas ","frecuencia":1,"complejidad":{"valor":0,"pictos componentes":[{"id":628,"esSugerencia":false},{"id":14,"esSugerencia":false},{"id":427,"esSugerencia":false}]},"fecha":1558407259714},{"frase":"cepillarme los dientes ","frecuencia":1,"complejidad":{"valor":0,"pictos componentes":[{"id":11}]},"fecha":1565541579381},{"frase":"cepillarme los dientes yo ","frecuencia":1,"complejidad":{"valor":0,"pictos componentes":[{"id":11},{"id":643,"esSugerencia":false}]},"fecha":1565541588075},{"frase":"cepillarme los dientes yo estoy bien ","frecuencia":1,"complejidad":{"valor":0,"pictos componentes":[{"id":11},{"id":643,"esSugerencia":false},{"id":22,"esSugerencia":false},{"id":133,"esSugerencia":false}]},"fecha":1565541600739},{"frase":"cepillarme los dientes tomar agua ","frecuencia":1,"complejidad":{"valor":0,"pictos componentes":[{"id":11},{"id":51,"esSugerencia":true},{"id":500,"esSugerencia":false}]},"fecha":1565541618024},{"frase":"cepillarme los dientes tomar agua ayuda ","frecuencia":1,"complejidad":{"valor":0,"pictos componentes":[{"id":11},{"id":51,"esSugerencia":true},{"id":500,"esSugerencia":false},{"id":703,"esSugerencia":true}]},"fecha":1565541633361},{"frase":"abuelo dame los juguetes ","frecuencia":1,"complejidad":{"valor":0,"pictos componentes":[{"id":614,"esSugerencia":false},{"id":14,"esSugerencia":false},{"id":989,"esSugerencia":false}]},"fecha":1570652005442},{"frase":"abuelo dame los juguetes niño en ropa interior comedor ","frecuencia":1,"complejidad":{"valor":0,"pictos componentes":[{"id":614,"esSugerencia":false},{"id":14,"esSugerencia":false},{"id":989,"esSugerencia":false},{"id":959,"esSugerencia":true},{"id":657,"esSugerencia":true}]},"fecha":1570652013831},{"frase":"yo ir a comer ","frecuencia":1,"complejidad":{"valor":0,"pictos componentes":[{"id":643,"esSugerencia":false},{"id":30,"esSugerencia":false},{"id":118,"esSugerencia":false}]},"fecha":1580075397926}]