[{"frase":"","frecuencia":6,"complejidad":{"valor":0,"pictos componentes":[]},"fecha":[1557408412951,1557408415340,1557408873321,1557408962431,1557748261320,1583859222711]},{"frase":"Hola Buenas tardes ","frecuencia":3,"complejidad":{"valor":0,"pictos componentes":[{"id":377,"esSugerencia":false},{"id":380,"horario":["MEDIODIA","TARDE"],"esSugerencia":false}]},"fecha":[1557408427968,1557748314045,1557748315492]},{"frase":"quiero ","frecuencia":2,"complejidad":{"valor":0,"pictos componentes":[{"id":44,"esSugerencia":false}]},"fecha":[1557408746225,1557408982217]},{"frase":"quiero ir a ","frecuencia":1,"complejidad":{"valor":0,"pictos componentes":[{"id":44,"esSugerencia":false},{"id":30,"esSugerencia":false}]},"fecha":1557408755778},{"frase":"quiero ir a un supermercado ","frecuencia":1,"complejidad":{"valor":0,"pictos componentes":[{"id":44,"esSugerencia":false},{"id":30,"esSugerencia":false},{"id":688,"esSugerencia":false}]},"fecha":1557408761474},{"frase":"dame el cuento lila ","frecuencia":1,"complejidad":{"valor":0,"pictos componentes":[{"id":14,"esSugerencia":true},{"id":986,"esSugerencia":false},{"id":740}]},"fecha":1557409140533},{"frase":"yo estoy ","frecuencia":2,"complejidad":{"valor":0,"pictos componentes":[{"id":643,"esSugerencia":false},{"id":22,"esSugerencia":false}]},"fecha":[1557748357560,1583859320708]},{"frase":"yo ","frecuencia":3,"complejidad":{"valor":0,"pictos componentes":[{"id":643,"esSugerencia":false}]},"fecha":[1557748579628,1583859314752,1583859316802]},{"frase":"yo salir ","frecuencia":2,"complejidad":{"valor":0,"pictos componentes":[{"id":643,"esSugerencia":false},{"id":98,"esSugerencia":true}]},"fecha":[1557748635310,1557748636056]},{"frase":"yo salir patio ","frecuencia":4,"complejidad":{"valor":0,"pictos componentes":[{"id":643,"esSugerencia":false},{"id":98,"esSugerencia":true},{"id":678,"esSugerencia":true}]},"fecha":[1557748650535,1557748653955,1557748657496,1557748662956]},{"frase":"mamá ¿Cómo estás? ","frecuencia":3,"complejidad":{"valor":0,"pictos componentes":[{"id":628,"esSugerencia":false},{"id":378,"esSugerencia":false}]},"fecha":[1557748903163,1557748905518,1557748909358]},{"frase":"Hola ","frecuencia":1,"complejidad":{"valor":0,"pictos componentes":[{"id":377,"esSugerencia":false}]},"fecha":1583859229001},{"frase":"Hola ¿Cómo estás? ","frecuencia":2,"complejidad":{"valor":0,"pictos componentes":[{"id":377,"esSugerencia":false},{"id":378,"esSugerencia":false}]},"fecha":[1583859233600,1583859268949]},{"frase":"yo estoy bien ","frecuencia":1,"complejidad":{"valor":0,"pictos componentes":[{"id":643,"esSugerencia":false},{"id":22,"esSugerencia":false},{"id":133,"esSugerencia":false}]},"fecha":1583859325461},{"frase":"mamá tengo escuela ","frecuencia":2,"complejidad":{"valor":0,"pictos componentes":[{"id":628,"esSugerencia":false},{"id":49,"esSugerencia":false},{"id":662,"esSugerencia":false}]},"fecha":[1583859343386,1583859345337]}]