[{"frase":"papá ","frecuencia":1,"complejidad":{"valor":0,"pictos componentes":[{"id":632,"esSugerencia":false}]},"fecha":1564686198076},{"frase":"papá quiero ","frecuencia":1,"complejidad":{"valor":0,"pictos componentes":[{"id":632,"esSugerencia":false},{"id":44,"esSugerencia":false}]},"fecha":1564686202375},{"frase":"papá quiero ir a ","frecuencia":1,"complejidad":{"valor":0,"pictos componentes":[{"id":632,"esSugerencia":false},{"id":44,"esSugerencia":false},{"id":30,"esSugerencia":false}]},"fecha":1564686209243},{"frase":"papá quiero ir a casa ","frecuencia":1,"complejidad":{"valor":0,"pictos componentes":[{"id":632,"esSugerencia":false},{"id":44,"esSugerencia":false},{"id":30,"esSugerencia":false},{"id":653,"esSugerencia":false}]},"fecha":1564686215319},{"frase":"papá quiero ir a casa ayuda ","frecuencia":1,"complejidad":{"valor":0,"pictos componentes":[{"id":632,"esSugerencia":false},{"id":44,"esSugerencia":false},{"id":30,"esSugerencia":false},{"id":653,"esSugerencia":false},{"id":703,"esSugerencia":true}]},"fecha":1564686224170},{"frase":"papá quiero ir a casa ayuda dibujar y el monopatín calvo ","frecuencia":1,"complejidad":{"valor":0,"pictos componentes":[{"id":632,"esSugerencia":false},{"id":44,"esSugerencia":false},{"id":30,"esSugerencia":false},{"id":653,"esSugerencia":false},{"id":703,"esSugerencia":true},{"id":15,"esSugerencia":true},{"id":923,"esSugerencia":true},{"id":997,"esSugerencia":true},{"id":142,"esSugerencia":true}]},"fecha":1564686267770},{"frase":"mamá quiero ","frecuencia":2,"complejidad":{"valor":0,"pictos componentes":[{"id":628,"esSugerencia":false},{"id":44,"esSugerencia":false}]},"fecha":[1564686299968,1565442447161]},{"frase":"mamá quiero ir a un supermercado ","frecuencia":1,"complejidad":{"valor":0,"pictos componentes":[{"id":628,"esSugerencia":false},{"id":44,"esSugerencia":false},{"id":30,"esSugerencia":false},{"id":688,"esSugerencia":false}]},"fecha":1564686305050},{"frase":"mamá quiero ir a un supermercado galleta ","frecuencia":1,"complejidad":{"valor":0,"pictos componentes":[{"id":628,"esSugerencia":false},{"id":44,"esSugerencia":false},{"id":30,"esSugerencia":false},{"id":688,"esSugerencia":false},{"id":415,"esSugerencia":true}]},"fecha":1564686314741},{"frase":"quiero ","frecuencia":1,"complejidad":{"valor":0,"pictos componentes":[{"id":44,"esSugerencia":false}]},"fecha":1564686356172},{"frase":"mamá ","frecuencia":1,"complejidad":{"valor":0,"pictos componentes":[{"id":628,"esSugerencia":false}]},"fecha":1564699642177},{"frase":"mamá estoy bien ","frecuencia":1,"complejidad":{"valor":0,"pictos componentes":[{"id":628,"esSugerencia":false},{"id":22,"esSugerencia":false},{"id":133,"esSugerencia":false}]},"fecha":1564699675606},{"frase":"yo estoy mal por perder ","frecuencia":1,"complejidad":{"valor":0,"pictos componentes":[{"id":643,"esSugerencia":false},{"id":22,"esSugerencia":false},{"id":205,"esSugerencia":false},{"id":538,"esSugerencia":true},{"id":41,"esSugerencia":true}]},"fecha":1564699731504},{"frase":"Si quiero jugar con papá dame ","frecuencia":3,"complejidad":{"valor":0,"pictos componentes":[{"id":388,"esSugerencia":false},{"id":44,"esSugerencia":false},{"id":34,"edad":["NINO"],"esSugerencia":false},{"id":632,"esSugerencia":false},{"id":14,"esSugerencia":false}]},"fecha":[1564699778296,1564699781563,1564699785890]},{"frase":"amarillo águila ","frecuencia":1,"complejidad":{"valor":0,"pictos componentes":[{"id":733,"esSugerencia":true},{"id":284,"esSugerencia":true}]},"fecha":1564699815944},{"frase":"mamá quiero ir a comer ","frecuencia":1,"complejidad":{"valor":0,"pictos componentes":[{"id":628,"esSugerencia":false},{"id":44,"esSugerencia":false},{"id":30,"esSugerencia":false},{"id":118,"esSugerencia":false}]},"fecha":1565442452056},{"frase":"Hola ","frecuencia":1,"complejidad":{"valor":0,"pictos componentes":[{"id":377,"esSugerencia":false}]},"fecha":1565442495310},{"frase":"Hola amarillo águila ","frecuencia":1,"complejidad":{"valor":0,"pictos componentes":[{"id":377,"esSugerencia":false},{"id":733,"esSugerencia":false},{"id":284,"esSugerencia":false}]},"fecha":1565442513608},{"frase":"yo ","frecuencia":1,"complejidad":{"valor":0,"pictos componentes":[{"id":643,"esSugerencia":false}]},"fecha":1565442528743},{"frase":"yo quiero ir a casa ","frecuencia":4,"complejidad":{"valor":0,"pictos componentes":[{"id":643,"esSugerencia":false},{"id":44,"esSugerencia":false},{"id":30,"esSugerencia":false},{"id":653,"esSugerencia":false}]},"fecha":[1565442539343,1565442542215,1567332508955,1567332511894]},{"frase":"Hola Buenas tardes ","frecuencia":6,"complejidad":{"valor":0,"pictos componentes":[{"id":377,"esSugerencia":false},{"id":380,"horario":["MEDIODIA","TARDE"],"esSugerencia":false}]},"fecha":[1565483037930,1565483041452,1565483045650,1565483048224,1565483056500,1565483058606]},{"frase":"Hola Buenas tardes tengo ","frecuencia":6,"complejidad":{"valor":0,"pictos componentes":[{"id":377,"esSugerencia":false},{"id":380,"horario":["MEDIODIA","TARDE"],"esSugerencia":false},{"id":49,"esSugerencia":false}]},"fecha":[1565483063621,1565483075137,1565483078683,1565483083436,1565483086639,1565483089932]},{"frase":"Hola Buenas tardes tengo clases ","frecuencia":1,"complejidad":{"valor":0,"pictos componentes":[{"id":377,"esSugerencia":false},{"id":380,"horario":["MEDIODIA","TARDE"],"esSugerencia":false},{"id":49,"esSugerencia":false},{"id":754,"esSugerencia":false}]},"fecha":1565483103513},{"frase":"Hola Buenas tardes tengo clases sentarme bocadillo bocadillo bocadillo bocadillo ","frecuencia":2,"complejidad":{"valor":0,"pictos componentes":[{"id":377,"esSugerencia":false},{"id":380,"horario":["MEDIODIA","TARDE"],"esSugerencia":false},{"id":49,"esSugerencia":false},{"id":754,"esSugerencia":false},{"id":101,"esSugerencia":true},{"id":398,"esSugerencia":true},{"id":398,"esSugerencia":true},{"id":398,"esSugerencia":false},{"id":398,"esSugerencia":false}]},"fecha":[1565483132326,1565483142159]},{"frase":"papá estoy mal ","frecuencia":2,"complejidad":{"valor":0,"pictos componentes":[{"id":632,"esSugerencia":false},{"id":22,"esSugerencia":false},{"id":205,"esSugerencia":false}]},"fecha":[1565483215185,1565483218548]},{"frase":"papá estoy mal asustado ","frecuencia":1,"complejidad":{"valor":0,"pictos componentes":[{"id":632,"esSugerencia":false},{"id":22,"esSugerencia":false},{"id":205,"esSugerencia":false},{"id":121,"esSugerencia":true}]},"fecha":1565483229799},{"frase":"papá estoy mal asustado ácido ","frecuencia":1,"complejidad":{"valor":0,"pictos componentes":[{"id":632,"esSugerencia":false},{"id":22,"esSugerencia":false},{"id":205,"esSugerencia":false},{"id":121,"esSugerencia":true},{"id":122,"esSugerencia":true}]},"fecha":1565483245159},{"frase":"papá estoy mal asustado ácido asustado ","frecuencia":1,"complejidad":{"valor":0,"pictos componentes":[{"id":632,"esSugerencia":false},{"id":22,"esSugerencia":false},{"id":205,"esSugerencia":false},{"id":121,"esSugerencia":true},{"id":122,"esSugerencia":true},{"id":121,"esSugerencia":true}]},"fecha":1565483254866},{"frase":"yo quiero ir a comer ","frecuencia":1,"complejidad":{"valor":0,"pictos componentes":[{"id":643,"esSugerencia":false},{"id":44,"esSugerencia":false},{"id":30,"esSugerencia":false},{"id":118,"esSugerencia":false}]},"fecha":1565631507387},{"frase":"yo quiero ir a comer carne ","frecuencia":1,"complejidad":{"valor":0,"pictos componentes":[{"id":643,"esSugerencia":false},{"id":44,"esSugerencia":false},{"id":30,"esSugerencia":false},{"id":118,"esSugerencia":false},{"id":482,"esSugerencia":false}]},"fecha":1565631512574},{"frase":"yo quiero ir a comer carne tomar gaseosa ","frecuencia":1,"complejidad":{"valor":0,"pictos componentes":[{"id":643,"esSugerencia":false},{"id":44,"esSugerencia":false},{"id":30,"esSugerencia":false},{"id":118,"esSugerencia":false},{"id":482,"esSugerencia":false},{"id":51,"esSugerencia":true},{"id":501,"esSugerencia":false}]},"fecha":1565631529926},{"frase":"yo quiero ir a comer carne tomar gaseosa aburrido ","frecuencia":1,"complejidad":{"valor":0,"pictos componentes":[{"id":643,"esSugerencia":false},{"id":44,"esSugerencia":false},{"id":30,"esSugerencia":false},{"id":118,"esSugerencia":false},{"id":482,"esSugerencia":false},{"id":51,"esSugerencia":true},{"id":501,"esSugerencia":false},{"id":119,"esSugerencia":true}]},"fecha":1565631542506},{"frase":"yo quiero ir a comer carne tomar gaseosa aburrido cantar ","frecuencia":1,"complejidad":{"valor":0,"pictos componentes":[{"id":643,"esSugerencia":false},{"id":44,"esSugerencia":false},{"id":30,"esSugerencia":false},{"id":118,"esSugerencia":false},{"id":482,"esSugerencia":false},{"id":51,"esSugerencia":true},{"id":501,"esSugerencia":false},{"id":119,"esSugerencia":true},{"id":6,"esSugerencia":true}]},"fecha":1565631549473},{"frase":"No quiero ","frecuencia":1,"complejidad":{"valor":0,"pictos componentes":[{"id":389,"esSugerencia":false},{"id":44,"esSugerencia":false}]},"fecha":1565631566605},{"frase":"No quiero ir a escuela ","frecuencia":1,"complejidad":{"valor":0,"pictos componentes":[{"id":389,"esSugerencia":false},{"id":44,"esSugerencia":false},{"id":30,"esSugerencia":false},{"id":662,"esSugerencia":true}]},"fecha":1565631580752},{"frase":"Hola ¿Cómo estás? quiero ir a hospital ","frecuencia":1,"complejidad":{"valor":0,"pictos componentes":[{"id":377,"esSugerencia":false},{"id":378,"esSugerencia":false},{"id":44,"esSugerencia":false},{"id":30,"esSugerencia":false},{"id":668,"esSugerencia":false}]},"fecha":1565631609231},{"frase":"Hola ¿Cómo estás? ","frecuencia":1,"complejidad":{"valor":0,"pictos componentes":[{"id":377,"esSugerencia":false},{"id":378,"esSugerencia":false}]},"fecha":1567332486036},{"frase":"Hola ¿Cómo estás? estoy ","frecuencia":1,"complejidad":{"valor":0,"pictos componentes":[{"id":377,"esSugerencia":false},{"id":378,"esSugerencia":false},{"id":22,"esSugerencia":false}]},"fecha":1567332488933},{"frase":"Hola ¿Cómo estás? estoy bien ","frecuencia":1,"complejidad":{"valor":0,"pictos componentes":[{"id":377,"esSugerencia":false},{"id":378,"esSugerencia":false},{"id":22,"esSugerencia":false},{"id":133,"esSugerencia":false}]},"fecha":1567332493676}]