[{"frase":"","frecuencia":2,"complejidad":{"valor":0,"pictos componentes":[]},"fecha":[1552906162208,1555093143413]},{"frase":"Hola Buen día ir a casa ","frecuencia":1,"complejidad":{"valor":0,"pictos componentes":[{"id":377,"esSugerencia":false},{"id":379,"horario":["MANANA"],"esSugerencia":false},{"id":30,"esSugerencia":true},{"id":653,"esSugerencia":false}]},"fecha":1552906237096},{"frase":"Hola Buen día tengo escuela ","frecuencia":1,"complejidad":{"valor":0,"pictos componentes":[{"id":377,"esSugerencia":false},{"id":379,"horario":["MANANA"],"esSugerencia":false},{"id":49,"esSugerencia":false},{"id":662,"esSugerencia":false}]},"fecha":1552906258232},{"frase":"Hola Buenas tardes estoy bien ","frecuencia":2,"complejidad":{"valor":0,"pictos componentes":[{"id":377,"esSugerencia":false},{"id":380,"horario":["MEDIODIA","TARDE"],"esSugerencia":false},{"id":22,"esSugerencia":false},{"id":133,"esSugerencia":false}]},"fecha":[1553109725006,1553125470650]},{"frase":"yo quiero ir a comer Golosina uno ","frecuencia":1,"complejidad":{"valor":0,"pictos componentes":[{"id":643,"esSugerencia":false},{"id":44,"esSugerencia":false},{"id":30,"esSugerencia":false},{"id":118,"esSugerencia":false},{"id":494,"edad":["JOVEN","NINO"],"esSugerencia":false},{"id":836,"esSugerencia":true}]},"fecha":1553109796201},{"frase":"yo dibujar borrar ","frecuencia":1,"complejidad":{"valor":0,"pictos componentes":[{"id":643,"esSugerencia":false},{"id":15,"esSugerencia":true},{"id":4,"esSugerencia":true}]},"fecha":1553109832812},{"frase":"Hola Buenas tardes estoy feliz ","frecuencia":1,"complejidad":{"valor":0,"pictos componentes":[{"id":377,"esSugerencia":false},{"id":380,"horario":["MEDIODIA","TARDE"],"esSugerencia":false},{"id":22,"esSugerencia":false},{"id":181,"esSugerencia":false}]},"fecha":1553125512465},{"frase":"papá quiero jugar con amigos ","frecuencia":1,"complejidad":{"valor":0,"pictos componentes":[{"id":632,"esSugerencia":false},{"id":44,"esSugerencia":false},{"id":34,"edad":["NINO"],"esSugerencia":false},{"id":615,"esSugerencia":false}]},"fecha":1553125576383},{"frase":"mamá dame los juguetes aprender a nada ","frecuencia":1,"complejidad":{"valor":0,"pictos componentes":[{"id":628,"esSugerencia":false},{"id":14,"esSugerencia":false},{"id":989,"esSugerencia":false},{"id":59,"esSugerencia":true}]},"fecha":1553125655117},{"frase":"abuelo tengo frío protección ","frecuencia":1,"complejidad":{"valor":0,"pictos componentes":[{"id":614,"esSugerencia":false},{"id":49,"esSugerencia":false},{"id":177,"esSugerencia":false},{"id":717,"esSugerencia":true}]},"fecha":1553125871655},{"frase":"yo quiero comer arroz ","frecuencia":1,"complejidad":{"valor":0,"pictos componentes":[{"id":643,"esSugerencia":false},{"id":44,"esSugerencia":false},{"id":118,"esSugerencia":false},{"id":481,"esSugerencia":false}]},"fecha":1553125915279},{"frase":"mamá dame el cuento los globos ","frecuencia":1,"complejidad":{"valor":0,"pictos componentes":[{"id":628,"esSugerencia":false},{"id":14,"esSugerencia":false},{"id":986,"esSugerencia":false},{"id":987,"esSugerencia":true}]},"fecha":1553125966723},{"frase":"Hola ¿Cómo estás? estoy bien respirar bajo el agua ","frecuencia":1,"complejidad":{"valor":0,"pictos componentes":[{"id":377,"esSugerencia":false},{"id":378,"esSugerencia":false},{"id":22,"esSugerencia":false},{"id":133,"esSugerencia":false},{"id":96,"esSugerencia":true}]},"fecha":1553211672782},{"frase":"Hola ¿Cómo estás? estoy bien buscar comida escuela ","frecuencia":1,"complejidad":{"valor":0,"pictos componentes":[{"id":377,"esSugerencia":false},{"id":378,"esSugerencia":false},{"id":22,"esSugerencia":false},{"id":133,"esSugerencia":false},{"id":5,"esSugerencia":false},{"id":1014,"esSugerencia":false},{"id":662,"esSugerencia":false}]},"fecha":1553351492470},{"frase":"Hola ¿Cómo estás? estoy bien cantar la bateria la bateria ","frecuencia":1,"complejidad":{"valor":0,"pictos componentes":[{"id":377,"esSugerencia":false},{"id":378,"esSugerencia":false},{"id":22,"esSugerencia":false},{"id":133,"esSugerencia":false},{"id":6,"esSugerencia":true},{"id":849,"esSugerencia":true},{"id":849,"esSugerencia":true}]},"fecha":1553351519015},{"frase":"Hola ¿Cómo estás? estoy bien cantar la bateria ir a ","frecuencia":1,"complejidad":{"valor":0,"pictos componentes":[{"id":377,"esSugerencia":false},{"id":378,"esSugerencia":false},{"id":22,"esSugerencia":false},{"id":133,"esSugerencia":false},{"id":6,"esSugerencia":true},{"id":849,"esSugerencia":true},{"id":30,"esSugerencia":true}]},"fecha":1553351537670},{"frase":"Hola ¿Cómo estás? estoy mal alto bajar volumen ","frecuencia":1,"complejidad":{"valor":0,"pictos componentes":[{"id":377,"esSugerencia":false},{"id":378,"esSugerencia":false},{"id":22,"esSugerencia":false},{"id":205,"esSugerencia":false},{"id":123,"esSugerencia":true},{"id":3,"esSugerencia":true}]},"fecha":1553351559216},{"frase":"Hola Buenas tardes ","frecuencia":1,"complejidad":{"valor":0,"pictos componentes":[{"id":377,"esSugerencia":false},{"id":380,"horario":["MEDIODIA","TARDE"],"esSugerencia":false}]},"fecha":1554905036034},{"frase":"Hola Buen día yo tengo ","frecuencia":2,"complejidad":{"valor":0,"pictos componentes":[{"id":377,"esSugerencia":false},{"id":379,"horario":["MANANA"],"esSugerencia":false},{"id":643,"esSugerencia":true},{"id":49,"esSugerencia":false}]},"fecha":[1554905184547,1554905188536]},{"frase":"Hola Buen día yo tengo ir a hacer pis ","frecuencia":1,"complejidad":{"valor":0,"pictos componentes":[{"id":377,"esSugerencia":false},{"id":379,"horario":["MANANA"],"esSugerencia":false},{"id":643,"esSugerencia":true},{"id":49,"esSugerencia":false},{"id":30,"esSugerencia":true},{"id":29,"esSugerencia":true}]},"fecha":1554905221334},{"frase":"Hola Buen día tengo frío ","frecuencia":1,"complejidad":{"valor":0,"pictos componentes":[{"id":377,"esSugerencia":false},{"id":379,"horario":["MANANA"],"esSugerencia":false},{"id":49,"esSugerencia":false},{"id":177,"esSugerencia":false}]},"fecha":1555093091128},{"frase":"yo quiero ir a casa ","frecuencia":1,"complejidad":{"valor":0,"pictos componentes":[{"id":643,"esSugerencia":false},{"id":44,"esSugerencia":false},{"id":30,"esSugerencia":false},{"id":653,"esSugerencia":false}]},"fecha":1555093158105}]