[{"frase":"Hola ","frecuencia":6,"complejidad":{"valor":0,"pictos componentes":[{"id":377,"esSugerencia":false}]},"fecha":[1563272180512,1563272181299,1563272182051,1563272182627,1563272186803,1563272188830]},{"frase":"Hola ¿Cómo estás? ","frecuencia":2,"complejidad":{"valor":0,"pictos componentes":[{"id":377,"esSugerencia":false},{"id":378,"esSugerencia":false}]},"fecha":[1563272194167,1563272200905]},{"frase":"Hola ¿Cómo estás? estoy ","frecuencia":1,"complejidad":{"valor":0,"pictos componentes":[{"id":377,"esSugerencia":false},{"id":378,"esSugerencia":false},{"id":22,"esSugerencia":false}]},"fecha":1563272203022},{"frase":"Hola ¿Cómo estás? estoy aburrido ","frecuencia":1,"complejidad":{"valor":0,"pictos componentes":[{"id":377,"esSugerencia":false},{"id":378,"esSugerencia":false},{"id":22,"esSugerencia":false},{"id":119,"esSugerencia":false}]},"fecha":1563272209244},{"frase":"Hola ¿Cómo estás? estoy aburrido mas o menos mas o menos mas o menos mal ","frecuencia":2,"complejidad":{"valor":0,"pictos componentes":[{"id":377,"esSugerencia":false},{"id":378,"esSugerencia":false},{"id":22,"esSugerencia":false},{"id":119,"esSugerencia":false},{"id":204,"esSugerencia":false},{"id":204,"esSugerencia":false},{"id":204,"esSugerencia":false},{"id":205,"esSugerencia":false}]},"fecha":[1563272219706,1563272230819]},{"frase":"","frecuencia":2,"complejidad":{"valor":0,"pictos componentes":[]},"fecha":[1568112522403,1568112523596]}]