[{"frase":"yo quiero comer ","frecuencia":3,"complejidad":{"valor":0,"pictos componentes":[{"id":643,"esSugerencia":false},{"id":44,"esSugerencia":false},{"id":118,"esSugerencia":false}]},"fecha":[1568686211871,1568758974094,1568761757276]},{"frase":"yo quiero hacer pis ","frecuencia":3,"complejidad":{"valor":0,"pictos componentes":[{"id":643,"esSugerencia":false},{"id":44,"esSugerencia":false},{"id":29}]},"fecha":[1568686254291,1568759031214,1568759035204]},{"frase":"yo tengo hambre ","frecuencia":1,"complejidad":{"valor":0,"pictos componentes":[{"id":643,"esSugerencia":false},{"id":49,"esSugerencia":false},{"id":597,"esSugerencia":false}]},"fecha":1568686289588},{"frase":"Hola ","frecuencia":18,"complejidad":{"valor":0,"pictos componentes":[{"id":377,"esSugerencia":false}]},"fecha":[1568758412871,1568758436506,1568758440130,1568758454410,1568758457080,1568758531108,1568758533815,1568758544369,1568758628178,1568758638076,1568759851673,1568759854196,1568759857352,1568759859359,1568759980869,1568759997924,1568760000859,1568761680313]},{"frase":"Hola mamá ","frecuencia":1,"complejidad":{"valor":0,"pictos componentes":[{"id":377,"esSugerencia":false},{"id":628,"esSugerencia":false}]},"fecha":1568758465526},{"frase":"mamá ","frecuencia":25,"complejidad":{"valor":0,"pictos componentes":[{"id":628,"esSugerencia":false}]},"fecha":[1568758475165,1568758484075,1568758525549,1568758554112,1568758558951,1568758650838,1568758656661,1568758826386,1568758835982,1568758848571,1568758851407,1568758857140,1568758861987,1568759819634,1568759821868,1568759825043,1568759829207,1568759871609,1568760014082,1568760020718,1568760483957,1569967173124,1569967188230,1569967196027,1569967205208]},{"frase":"papá ","frecuencia":4,"complejidad":{"valor":0,"pictos componentes":[{"id":632,"esSugerencia":false}]},"fecha":[1568758597016,1568758751537,1568758755794,1568758803659]},{"frase":"papá mamá ","frecuencia":2,"complejidad":{"valor":0,"pictos componentes":[{"id":632,"esSugerencia":false},{"id":628,"esSugerencia":false}]},"fecha":[1568758605673,1568758761222]},{"frase":"yo ","frecuencia":8,"complejidad":{"valor":0,"pictos componentes":[{"id":643,"esSugerencia":false}]},"fecha":[1568758615758,1568758931384,1568758934922,1568758938921,1568758950639,1568758956266,1568758961529,1568760495111]},{"frase":"mamá papá ","frecuencia":1,"complejidad":{"valor":0,"pictos componentes":[{"id":628,"esSugerencia":false},{"id":632,"esSugerencia":false}]},"fecha":1568758906463},{"frase":"yo quiero ","frecuencia":1,"complejidad":{"valor":0,"pictos componentes":[{"id":643,"esSugerencia":false},{"id":44,"esSugerencia":false}]},"fecha":1568758965162},{"frase":"hacer pis ","frecuencia":2,"complejidad":{"valor":0,"pictos componentes":[{"id":29}]},"fecha":[1568759077739,1568760558695]},{"frase":"gato ","frecuencia":4,"complejidad":{"valor":0,"pictos componentes":[{"id":313}]},"fecha":[1568759898053,1568759900475,1568759902539,1568759905176]},{"frase":"gallo ","frecuencia":1,"complejidad":{"valor":0,"pictos componentes":[{"id":310}]},"fecha":1568759947515},{"frase":"Si ","frecuencia":1,"complejidad":{"valor":0,"pictos componentes":[{"id":388,"esSugerencia":false}]},"fecha":1568760516722},{"frase":"No ","frecuencia":1,"complejidad":{"valor":0,"pictos componentes":[{"id":389,"esSugerencia":false}]},"fecha":1568760524971},{"frase":"Hola tengo hambre ","frecuencia":1,"complejidad":{"valor":0,"pictos componentes":[{"id":377,"esSugerencia":false},{"id":49,"esSugerencia":false},{"id":597,"esSugerencia":false}]},"fecha":1568761688139},{"frase":"mamá quiero ","frecuencia":1,"complejidad":{"valor":0,"pictos componentes":[{"id":628,"esSugerencia":false},{"id":44,"esSugerencia":false}]},"fecha":1569967219608},{"frase":"quiero ","frecuencia":2,"complejidad":{"valor":0,"pictos componentes":[{"id":44,"esSugerencia":false}]},"fecha":[1569967241368,1569967250737]}]