[{"frase":"Hola ¿Cómo estás? feliz animales beige ¿Qué color es? tengo ","frecuencia":8,"complejidad":{"valor":0,"pictos componentes":[{"id":377,"esSugerencia":false},{"id":378,"esSugerencia":false},{"id":181,"esSugerencia":false},{"id":286,"esSugerencia":false},{"id":735,"esSugerencia":false},{"id":745,"esSugerencia":false},{"id":49,"esSugerencia":false}]},"fecha":[1555176287628,1555176300864,1555176309717,1555176315895,1566511082413,1566511359517,1572060325963,1573845658424]},{"frase":"Hola ¿Cómo estás? feliz animales beige ¿Qué color es? tengo Buenas tardes ","frecuencia":2,"complejidad":{"valor":0,"pictos componentes":[{"id":377,"esSugerencia":false},{"id":378,"esSugerencia":false},{"id":181,"esSugerencia":false},{"id":286,"esSugerencia":false},{"id":735,"esSugerencia":false},{"id":745,"esSugerencia":false},{"id":49,"esSugerencia":false},{"id":380,"horario":["MEDIODIA","TARDE"],"esSugerencia":false}]},"fecha":[1555176327559,1555176336817]},{"frase":"Hola ¿Cómo estás? feliz animales beige ¿Qué color es? tengo Buenas tardes hambre hambre ","frecuencia":1,"complejidad":{"valor":0,"pictos componentes":[{"id":377,"esSugerencia":false},{"id":378,"esSugerencia":false},{"id":181,"esSugerencia":false},{"id":286,"esSugerencia":false},{"id":735,"esSugerencia":false},{"id":745,"esSugerencia":false},{"id":49,"esSugerencia":false},{"id":380,"horario":["MEDIODIA","TARDE"],"esSugerencia":false},{"id":597,"esSugerencia":false},{"id":597,"esSugerencia":false}]},"fecha":1555176349940},{"frase":"Hola ¿Cómo estás? feliz animales beige ¿Qué color es? tengo Buenas tardes hambre hambre hambre frío frío ","frecuencia":2,"complejidad":{"valor":0,"pictos componentes":[{"id":377,"esSugerencia":false},{"id":378,"esSugerencia":false},{"id":181,"esSugerencia":false},{"id":286,"esSugerencia":false},{"id":735,"esSugerencia":false},{"id":745,"esSugerencia":false},{"id":49,"esSugerencia":false},{"id":380,"horario":["MEDIODIA","TARDE"],"esSugerencia":false},{"id":597,"esSugerencia":false},{"id":597,"esSugerencia":false},{"id":597,"esSugerencia":false},{"id":177,"esSugerencia":false},{"id":177,"esSugerencia":false}]},"fecha":[1555176366692,1555176379036]},{"frase":"Hola ¿Cómo estás? feliz animales beige ¿Qué color es? tengo Buenas tardes hambre hambre hambre frío frío frío ","frecuencia":3,"complejidad":{"valor":0,"pictos componentes":[{"id":377,"esSugerencia":false},{"id":378,"esSugerencia":false},{"id":181,"esSugerencia":false},{"id":286,"esSugerencia":false},{"id":735,"esSugerencia":false},{"id":745,"esSugerencia":false},{"id":49,"esSugerencia":false},{"id":380,"horario":["MEDIODIA","TARDE"],"esSugerencia":false},{"id":597,"esSugerencia":false},{"id":597,"esSugerencia":false},{"id":597,"esSugerencia":false},{"id":177,"esSugerencia":false},{"id":177,"esSugerencia":false},{"id":177,"esSugerencia":false}]},"fecha":[1555176387005,1555176396017,1555176404628]},{"frase":"yo quiero ","frecuencia":21,"complejidad":{"valor":0,"pictos componentes":[{"id":643,"esSugerencia":false},{"id":44,"esSugerencia":false}]},"fecha":[1555176423438,1555176425245,1555176426329,1555176427295,1555176452265,1555176590734,1555176592038,1555176594604,1555176597793,1555176600996,1556753842441,1565660241085,1565660354693,1566510986856,1566510989190,1568682940871,1568682978205,1568682980062,1568682981045,1568682984350,1569029472777]},{"frase":"yo quiero jugar con ","frecuencia":8,"complejidad":{"valor":0,"pictos componentes":[{"id":643,"esSugerencia":false},{"id":44,"esSugerencia":false},{"id":34,"esSugerencia":false}]},"fecha":[1555176455469,1565660244899,1565660360820,1565660366668,1568682947688,1569029477658,1569635839267,1569635842776]},{"frase":"yo quiero jugar con la armónica ","frecuencia":6,"complejidad":{"valor":0,"pictos componentes":[{"id":643,"esSugerencia":false},{"id":44,"esSugerencia":false},{"id":34,"esSugerencia":false},{"id":848,"esSugerencia":false}]},"fecha":[1555176460954,1555176463387,1555176466614,1555176469625,1565660249610,1568682952675]},{"frase":"yo quiero jugar con la pelota ","frecuencia":23,"complejidad":{"valor":0,"pictos componentes":[{"id":643,"esSugerencia":false},{"id":44,"esSugerencia":false},{"id":34,"esSugerencia":false},{"id":996,"esSugerencia":false}]},"fecha":[1555176475380,1569635845651,1569635852412,1569635856082,1569635859116,1569635862846,1570847443944,1570847446172,1570847449501,1570847579384,1570847582672,1572060211553,1572060216153,1573845451337,1592442953299,1592704086071,1594071831539,1594071834573,1594071837035,1596161125016,1596161127482,1599355040468,1605910808356]},{"frase":"yo quiero jugar con la pelota el juguete ","frecuencia":1,"complejidad":{"valor":0,"pictos componentes":[{"id":643,"esSugerencia":false},{"id":44,"esSugerencia":false},{"id":34,"esSugerencia":false},{"id":996,"esSugerencia":false},{"id":761,"esSugerencia":false}]},"fecha":1555176478798},{"frase":"yo quiero jugar con la pelota el juguete comer pollo ","frecuencia":1,"complejidad":{"valor":0,"pictos componentes":[{"id":643,"esSugerencia":false},{"id":44,"esSugerencia":false},{"id":34,"esSugerencia":false},{"id":996,"esSugerencia":false},{"id":761,"esSugerencia":false},{"id":118,"esSugerencia":false},{"id":504,"esSugerencia":false}]},"fecha":1555176487646},{"frase":"yo quiero jugar con la pelota el juguete comer pollo manzana ","frecuencia":1,"complejidad":{"valor":0,"pictos componentes":[{"id":643,"esSugerencia":false},{"id":44,"esSugerencia":false},{"id":34,"esSugerencia":false},{"id":996,"esSugerencia":false},{"id":761,"esSugerencia":false},{"id":118,"esSugerencia":false},{"id":504,"esSugerencia":false},{"id":474,"esSugerencia":false}]},"fecha":1555176498651},{"frase":"mamá quiero ","frecuencia":11,"complejidad":{"valor":0,"pictos componentes":[{"id":628,"esSugerencia":false},{"id":44,"esSugerencia":false}]},"fecha":[1555176531073,1556753902945,1565660644438,1565660645760,1566511220562,1568683103882,1569635914251,1570847502315,1572060276934,1596161181197,1596161182424]},{"frase":"mamá quiero hacer pis ","frecuencia":1,"complejidad":{"valor":0,"pictos componentes":[{"id":628,"esSugerencia":false},{"id":44,"esSugerencia":false},{"id":29,"esSugerencia":false}]},"fecha":1555176535241},{"frase":"mamá quiero hacer pis jugar con el juguete ","frecuencia":1,"complejidad":{"valor":0,"pictos componentes":[{"id":628,"esSugerencia":false},{"id":44,"esSugerencia":false},{"id":29,"esSugerencia":false},{"id":34,"esSugerencia":false},{"id":761,"esSugerencia":false}]},"fecha":1555176544870},{"frase":"","frecuencia":48,"complejidad":{"valor":0,"pictos componentes":[]},"fecha":[1555176560830,1556753836188,1565660181559,1566511028578,1566511029374,1566511031064,1566511031703,1566511031963,1566511032232,1566511032476,1566511032738,1566511034822,1568683122446,1568683125158,1568683126526,1568683128155,1568683128668,1568683129454,1568683130054,1568683130687,1568683133210,1568683133799,1568683135478,1568683137136,1569029509010,1569635949896,1570847514084,1570847517441,1570847518575,1570847519115,1570847519456,1570847519772,1573845502564,1573845503059,1573845503323,1573845503461,1573845503611,1573845503697,1573845503884,1573845504875,1573845504981,1573845507109,1594071801111,1599354916357,1605910791237,1605910791677,1605910791997,1605910792261]},{"frase":"asno verde Claro ardilla koala ","frecuencia":12,"complejidad":{"valor":0,"pictos componentes":[{"id":288,"esSugerencia":false},{"id":750,"esSugerencia":false},{"id":287,"esSugerencia":false},{"id":321,"esSugerencia":false}]},"fecha":[1555176577203,1556753929851,1556753936798,1568683114565,1568683117262,1569635927825,1569635930663,1569635933034,1572060295579,1573845572152,1573845574840,1573845594571]},{"frase":"yo estoy ","frecuencia":6,"complejidad":{"valor":0,"pictos componentes":[{"id":643,"esSugerencia":false},{"id":22,"esSugerencia":false}]},"fecha":[1555176615262,1565660285354,1566511157054,1568682989781,1568682991630,1568682993319]},{"frase":"yo tengo ","frecuencia":6,"complejidad":{"valor":0,"pictos componentes":[{"id":643,"esSugerencia":false},{"id":49,"esSugerencia":false}]},"fecha":[1555176624774,1555176627785,1566511167728,1568683008875,1568683013382,1569029529785]},{"frase":"yo me lo puedes dar  ","frecuencia":23,"complejidad":{"valor":0,"pictos componentes":[{"id":643,"esSugerencia":false},{"id":14,"esSugerencia":false}]},"fecha":[1555176636718,1565660335774,1565660340396,1566511177072,1568683018217,1568683022427,1568683039463,1568683048042,1569029545496,1569635907045,1570847480471,1570847482602,1570847490908,1570847493631,1570847609489,1570847616163,1570847619575,1572060246046,1572060253439,1573845482251,1573845484356,1573845486163,1596161169069]},{"frase":"Hola ","frecuencia":10,"complejidad":{"valor":0,"pictos componentes":[{"id":377,"esSugerencia":false}]},"fecha":[1556753750377,1565660232598,1566511039853,1566511058750,1566511329333,1567966461359,1568682877928,1594071792884,1596161097152,1599160875866]},{"frase":"Hola ¿Cómo estás? ","frecuencia":12,"complejidad":{"valor":0,"pictos componentes":[{"id":377,"esSugerencia":false},{"id":378,"esSugerencia":false}]},"fecha":[1556753753453,1566511060468,1566511335340,1567966463151,1568682880620,1569029380688,1573845671837,1573845673363,1573845674692,1592442774552,1594071796275,1596161099591]},{"frase":"Hola ¿Cómo estás? feliz ","frecuencia":6,"complejidad":{"valor":0,"pictos componentes":[{"id":377,"esSugerencia":false},{"id":378,"esSugerencia":false},{"id":181,"esSugerencia":false}]},"fecha":[1556753756226,1566511062659,1566511340057,1567966467060,1568682885883,1569029383007]},{"frase":"Hola ¿Cómo estás? feliz animales ","frecuencia":4,"complejidad":{"valor":0,"pictos componentes":[{"id":377,"esSugerencia":false},{"id":378,"esSugerencia":false},{"id":181,"esSugerencia":false},{"id":286,"esSugerencia":false}]},"fecha":[1556753760909,1566511067060,1567966471142,1568682890065]},{"frase":"Hola ¿Cómo estás? feliz animales beige ¿Qué color es? tengo hambre frío frío ","frecuencia":3,"complejidad":{"valor":0,"pictos componentes":[{"id":377,"esSugerencia":false},{"id":378,"esSugerencia":false},{"id":181,"esSugerencia":false},{"id":286,"esSugerencia":false},{"id":735,"esSugerencia":false},{"id":745,"esSugerencia":false},{"id":49,"esSugerencia":false},{"id":597,"esSugerencia":false},{"id":177,"esSugerencia":false},{"id":177,"esSugerencia":false}]},"fecha":[1556753786734,1556753794633,1556753801622]},{"frase":"Hola ¿Cómo estás? feliz animales beige ¿Qué color es? tengo hambre frío frío Buenas tardes ","frecuencia":1,"complejidad":{"valor":0,"pictos componentes":[{"id":377,"esSugerencia":false},{"id":378,"esSugerencia":false},{"id":181,"esSugerencia":false},{"id":286,"esSugerencia":false},{"id":735,"esSugerencia":false},{"id":745,"esSugerencia":false},{"id":49,"esSugerencia":false},{"id":597,"esSugerencia":false},{"id":177,"esSugerencia":false},{"id":177,"esSugerencia":false},{"id":380,"horario":["MEDIODIA","TARDE"],"esSugerencia":false}]},"fecha":1556753811471},{"frase":"yo ","frecuencia":8,"complejidad":{"valor":0,"pictos componentes":[{"id":643,"esSugerencia":false}]},"fecha":[1556753839859,1565660350998,1568682987899,1569635833970,1570847569094,1570847570262,1572060204440,1605910759467]},{"frase":"yo quiero peinarme ","frecuencia":3,"complejidad":{"valor":0,"pictos componentes":[{"id":643,"esSugerencia":false},{"id":44,"esSugerencia":false},{"id":39,"esSugerencia":false}]},"fecha":[1556753845110,1605215523353,1605910818500]},{"frase":"yo quiero peinarme jugar con ","frecuencia":1,"complejidad":{"valor":0,"pictos componentes":[{"id":643,"esSugerencia":false},{"id":44,"esSugerencia":false},{"id":39,"esSugerencia":false},{"id":34,"esSugerencia":false}]},"fecha":1556753848149},{"frase":"yo quiero peinarme jugar con la pelota ","frecuencia":1,"complejidad":{"valor":0,"pictos componentes":[{"id":643,"esSugerencia":false},{"id":44,"esSugerencia":false},{"id":39,"esSugerencia":false},{"id":34,"esSugerencia":false},{"id":996,"esSugerencia":false}]},"fecha":1556753852062},{"frase":"yo quiero peinarme jugar con la pelota el juguete ","frecuencia":1,"complejidad":{"valor":0,"pictos componentes":[{"id":643,"esSugerencia":false},{"id":44,"esSugerencia":false},{"id":39,"esSugerencia":false},{"id":34,"esSugerencia":false},{"id":996,"esSugerencia":false},{"id":761,"esSugerencia":false}]},"fecha":1556753858377},{"frase":"yo quiero peinarme jugar con la pelota el juguete comer Golosina hamburguesa ","frecuencia":1,"complejidad":{"valor":0,"pictos componentes":[{"id":643,"esSugerencia":false},{"id":44,"esSugerencia":false},{"id":39,"esSugerencia":false},{"id":34,"esSugerencia":false},{"id":996,"esSugerencia":false},{"id":761,"esSugerencia":false},{"id":118,"esSugerencia":false},{"id":494,"esSugerencia":false},{"id":515,"esSugerencia":false}]},"fecha":1556753870490},{"frase":"yo quiero peinarme la armónica ","frecuencia":1,"complejidad":{"valor":0,"pictos componentes":[{"id":643,"esSugerencia":false},{"id":44,"esSugerencia":false},{"id":39,"esSugerencia":false},{"id":848,"esSugerencia":false}]},"fecha":1556753887807},{"frase":"mamá ","frecuencia":7,"complejidad":{"valor":0,"pictos componentes":[{"id":628,"esSugerencia":false}]},"fecha":[1556753900574,1566511218075,1569635916942,1570847508815,1570847509921,1570847510823,1596161179402]},{"frase":"mamá quiero jugar con la armónica ","frecuencia":3,"complejidad":{"valor":0,"pictos componentes":[{"id":628,"esSugerencia":false},{"id":44,"esSugerencia":false},{"id":34,"esSugerencia":false},{"id":848,"esSugerencia":false}]},"fecha":[1556753907139,1566511232409,1566511236823]},{"frase":"asno asno ","frecuencia":3,"complejidad":{"valor":0,"pictos componentes":[{"id":288,"esSugerencia":false},{"id":288,"esSugerencia":false}]},"fecha":[1556753918250,1556753920001,1565660655106]},{"frase":"asno verde Claro ","frecuencia":3,"complejidad":{"valor":0,"pictos componentes":[{"id":288,"esSugerencia":false},{"id":750,"esSugerencia":false}]},"fecha":[1556753924198,1573845601626,1573845603896]},{"frase":"asno verde Claro ardilla ","frecuencia":3,"complejidad":{"valor":0,"pictos componentes":[{"id":288,"esSugerencia":false},{"id":750,"esSugerencia":false},{"id":287,"esSugerencia":false}]},"fecha":[1556753927244,1568683112566,1596161210985]},{"frase":"Hola ¿Cómo estás? feliz animales beige ¿Qué color es? ","frecuencia":4,"complejidad":{"valor":0,"pictos componentes":[{"id":377,"esSugerencia":false},{"id":378,"esSugerencia":false},{"id":181,"esSugerencia":false},{"id":286,"esSugerencia":false},{"id":735,"esSugerencia":false},{"id":745,"esSugerencia":false}]},"fecha":[1565660207347,1567966481273,1568682899719,1569029390930]},{"frase":"Hola ¿Cómo estás? feliz ¿Qué color es? ","frecuencia":2,"complejidad":{"valor":0,"pictos componentes":[{"id":377,"esSugerencia":false},{"id":378,"esSugerencia":false},{"id":181,"esSugerencia":false},{"id":745,"esSugerencia":false}]},"fecha":[1565660220395,1565660225561]},{"frase":"yo quiero jugar con la armónica el juguete ","frecuencia":5,"complejidad":{"valor":0,"pictos componentes":[{"id":643,"esSugerencia":false},{"id":44,"esSugerencia":false},{"id":34,"esSugerencia":false},{"id":848,"esSugerencia":false},{"id":761,"esSugerencia":false}]},"fecha":[1565660252759,1568682959511,1594071815795,1594071819676,1594071823183]},{"frase":"yo quiero jugar con el juguete ","frecuencia":4,"complejidad":{"valor":0,"pictos componentes":[{"id":643,"esSugerencia":false},{"id":44,"esSugerencia":false},{"id":34,"esSugerencia":false},{"id":761,"esSugerencia":false}]},"fecha":[1565660263881,1568682969292,1569635869904,1592442961354]},{"frase":"yo quiero jugar con el juguete hamburguesa ","frecuencia":1,"complejidad":{"valor":0,"pictos componentes":[{"id":643,"esSugerencia":false},{"id":44,"esSugerencia":false},{"id":34,"esSugerencia":false},{"id":761,"esSugerencia":false},{"id":515,"esSugerencia":false}]},"fecha":1565660269663},{"frase":"yo estoy feliz ","frecuencia":12,"complejidad":{"valor":0,"pictos componentes":[{"id":643,"esSugerencia":false},{"id":22,"esSugerencia":false},{"id":181,"esSugerencia":false}]},"fecha":[1565660310472,1568682995388,1568683000493,1568683002077,1569029524374,1569635880785,1569635885340,1569635887361,1570847457829,1570847594125,1592442975259,1596161142119]},{"frase":"yo tengo hambre ","frecuencia":14,"complejidad":{"valor":0,"pictos componentes":[{"id":643,"esSugerencia":false},{"id":49,"esSugerencia":false},{"id":597,"esSugerencia":false}]},"fecha":[1565660323642,1569029532492,1569029534605,1569029536037,1569635896582,1570847468643,1570847601814,1572060236156,1572060238940,1573845474070,1592442986266,1592442987968,1596161154285,1596161157243]},{"frase":"yo me lo puedes dar  me lo puedes dar  ","frecuencia":3,"complejidad":{"valor":0,"pictos componentes":[{"id":643,"esSugerencia":false},{"id":14,"esSugerencia":false},{"id":14,"esSugerencia":false}]},"fecha":[1565660345754,1570847476664,1572060249929]},{"frase":"yo quiero jugar con comer pollo ","frecuencia":1,"complejidad":{"valor":0,"pictos componentes":[{"id":643,"esSugerencia":false},{"id":44,"esSugerencia":false},{"id":34,"esSugerencia":false},{"id":118,"esSugerencia":false},{"id":504,"esSugerencia":false}]},"fecha":1565660387151},{"frase":"yo quiero jugar con comer pollo manzana Golosina hamburguesa ","frecuencia":2,"complejidad":{"valor":0,"pictos componentes":[{"id":643,"esSugerencia":false},{"id":44,"esSugerencia":false},{"id":34,"esSugerencia":false},{"id":118,"esSugerencia":false},{"id":504,"esSugerencia":false},{"id":474,"esSugerencia":false},{"id":494,"esSugerencia":false},{"id":515,"esSugerencia":false}]},"fecha":[1565660402425,1565660407056]},{"frase":"yo quiero jugar con comer hamburguesa ","frecuencia":1,"complejidad":{"valor":0,"pictos componentes":[{"id":643,"esSugerencia":false},{"id":44,"esSugerencia":false},{"id":34,"esSugerencia":false},{"id":118,"esSugerencia":false},{"id":515,"esSugerencia":false}]},"fecha":1565660417672},{"frase":"yo estoy feliz ¿Qué color es? bien mal tengo hambre frío Buenas tardes Buenas tardes Buenas tardes hambre ¿Cómo estás? feliz ¿Qué color es? tengo frío Buenas tardes Buenas tardes Buenas tardes ¿Cómo estás? hambre Buenas tardes Buenas tardes ","frecuencia":3,"complejidad":{"valor":0,"pictos componentes":[{"id":643,"esSugerencia":false},{"id":22,"esSugerencia":false},{"id":181,"esSugerencia":false},{"id":745,"esSugerencia":false},{"id":133,"esSugerencia":false},{"id":205,"esSugerencia":false},{"id":49,"esSugerencia":false},{"id":597,"esSugerencia":false},{"id":177,"esSugerencia":false},{"id":380,"horario":["MEDIODIA","TARDE"],"esSugerencia":false},{"id":380,"horario":["MEDIODIA","TARDE"],"esSugerencia":false},{"id":380,"horario":["MEDIODIA","TARDE"],"esSugerencia":false},{"id":597,"esSugerencia":false},{"id":378,"esSugerencia":false},{"id":181,"esSugerencia":false},{"id":745,"esSugerencia":false},{"id":49,"esSugerencia":false},{"id":177,"esSugerencia":false},{"id":380,"horario":["MEDIODIA","TARDE"],"esSugerencia":false},{"id":380,"horario":["MEDIODIA","TARDE"],"esSugerencia":false},{"id":380,"horario":["MEDIODIA","TARDE"],"esSugerencia":false},{"id":378,"esSugerencia":false},{"id":597,"esSugerencia":false},{"id":380,"horario":["MEDIODIA","TARDE"],"esSugerencia":false},{"id":380,"horario":["MEDIODIA","TARDE"],"esSugerencia":false}]},"fecha":[1565660454470,1565660473147,1565660493582]},{"frase":"yo estoy feliz ¿Qué color es? bien mal tengo hambre frío Buenas tardes Buenas tardes Buenas tardes hambre ¿Cómo estás? feliz ¿Qué color es? tengo frío Buenas tardes Buenas tardes Buenas tardes ¿Cómo estás? hambre Buenas tardes Buenas tardes Buenas tardes Buenas tardes Buenas tardes Buenas tardes Buenas tardes Buenas tardes ¿Cómo estás? hambre Buenas tardes Buenas tardes Buenas tardes Buenas tardes Buenas tardes Buenas tardes Buenas tardes Buenas tardes Buenas tardes hambre hambre ¿Cómo estás? ¿Cómo estás? feliz Buenas tardes ¿Cómo estás? feliz ¿Cómo estás? ¿Cómo estás? ¿Cómo estás? ¿Cómo estás? feliz ¿Cómo estás? hambre ","frecuencia":1,"complejidad":{"valor":0,"pictos componentes":[{"id":643,"esSugerencia":false},{"id":22,"esSugerencia":false},{"id":181,"esSugerencia":false},{"id":745,"esSugerencia":false},{"id":133,"esSugerencia":false},{"id":205,"esSugerencia":false},{"id":49,"esSugerencia":false},{"id":597,"esSugerencia":false},{"id":177,"esSugerencia":false},{"id":380,"horario":["MEDIODIA","TARDE"],"esSugerencia":false},{"id":380,"horario":["MEDIODIA","TARDE"],"esSugerencia":false},{"id":380,"horario":["MEDIODIA","TARDE"],"esSugerencia":false},{"id":597,"esSugerencia":false},{"id":378,"esSugerencia":false},{"id":181,"esSugerencia":false},{"id":745,"esSugerencia":false},{"id":49,"esSugerencia":false},{"id":177,"esSugerencia":false},{"id":380,"horario":["MEDIODIA","TARDE"],"esSugerencia":false},{"id":380,"horario":["MEDIODIA","TARDE"],"esSugerencia":false},{"id":380,"horario":["MEDIODIA","TARDE"],"esSugerencia":false},{"id":378,"esSugerencia":false},{"id":597,"esSugerencia":false},{"id":380,"horario":["MEDIODIA","TARDE"],"esSugerencia":false},{"id":380,"horario":["MEDIODIA","TARDE"],"esSugerencia":false},{"id":380,"horario":["MEDIODIA","TARDE"],"esSugerencia":false},{"id":380,"horario":["MEDIODIA","TARDE"],"esSugerencia":false},{"id":380,"horario":["MEDIODIA","TARDE"],"esSugerencia":false},{"id":380,"horario":["MEDIODIA","TARDE"],"esSugerencia":false},{"id":380,"horario":["MEDIODIA","TARDE"],"esSugerencia":false},{"id":380,"horario":["MEDIODIA","TARDE"],"esSugerencia":false},{"id":378,"esSugerencia":false},{"id":597,"esSugerencia":false},{"id":380,"horario":["MEDIODIA","TARDE"],"esSugerencia":false},{"id":380,"horario":["MEDIODIA","TARDE"],"esSugerencia":false},{"id":380,"horario":["MEDIODIA","TARDE"],"esSugerencia":false},{"id":380,"horario":["MEDIODIA","TARDE"],"esSugerencia":false},{"id":380,"horario":["MEDIODIA","TARDE"],"esSugerencia":false},{"id":380,"horario":["MEDIODIA","TARDE"],"esSugerencia":false},{"id":380,"horario":["MEDIODIA","TARDE"],"esSugerencia":false},{"id":380,"horario":["MEDIODIA","TARDE"],"esSugerencia":false},{"id":380,"horario":["MEDIODIA","TARDE"],"esSugerencia":false},{"id":597,"esSugerencia":false},{"id":597,"esSugerencia":false},{"id":378,"esSugerencia":false},{"id":378,"esSugerencia":false},{"id":181,"esSugerencia":false},{"id":380,"horario":["MEDIODIA","TARDE"],"esSugerencia":false},{"id":378,"esSugerencia":false},{"id":181,"esSugerencia":false},{"id":378,"esSugerencia":false},{"id":378,"esSugerencia":false},{"id":378,"esSugerencia":false},{"id":378,"esSugerencia":false},{"id":181,"esSugerencia":false},{"id":378,"esSugerencia":false},{"id":597,"esSugerencia":false}]},"fecha":1565660522426},{"frase":"Hola ¿Cómo estás? hambre hambre Buenas tardes ¿Cómo estás? ¿Cómo estás? feliz Buenas tardes Buenas tardes Buenas tardes Buenas tardes Buenas tardes Buenas tardes Buenas tardes Buenas tardes Buenas tardes ¿Cómo estás? Buenas tardes Buenas tardes hambre hambre ¿Cómo estás? feliz ¿Cómo estás? Buenas tardes Buenas tardes hambre hambre Buenas tardes Buenas tardes Buenas tardes hambre ¿Cómo estás? feliz animales ¿Cómo estás? hambre hambre Buenas tardes ¿Cómo estás? feliz ¿Cómo estás? Buenas tardes Buenas tardes hambre frío ¿Cómo estás? hambre ¿Cómo estás? ¿Cómo estás? ","frecuencia":1,"complejidad":{"valor":0,"pictos componentes":[{"id":377,"esSugerencia":false},{"id":378,"esSugerencia":false},{"id":597,"esSugerencia":false},{"id":597,"esSugerencia":false},{"id":380,"horario":["MEDIODIA","TARDE"],"esSugerencia":false},{"id":378,"esSugerencia":false},{"id":378,"esSugerencia":false},{"id":181,"esSugerencia":false},{"id":380,"horario":["MEDIODIA","TARDE"],"esSugerencia":false},{"id":380,"horario":["MEDIODIA","TARDE"],"esSugerencia":false},{"id":380,"horario":["MEDIODIA","TARDE"],"esSugerencia":false},{"id":380,"horario":["MEDIODIA","TARDE"],"esSugerencia":false},{"id":380,"horario":["MEDIODIA","TARDE"],"esSugerencia":false},{"id":380,"horario":["MEDIODIA","TARDE"],"esSugerencia":false},{"id":380,"horario":["MEDIODIA","TARDE"],"esSugerencia":false},{"id":380,"horario":["MEDIODIA","TARDE"],"esSugerencia":false},{"id":380,"horario":["MEDIODIA","TARDE"],"esSugerencia":false},{"id":378,"esSugerencia":false},{"id":380,"horario":["MEDIODIA","TARDE"],"esSugerencia":false},{"id":380,"horario":["MEDIODIA","TARDE"],"esSugerencia":false},{"id":597,"esSugerencia":false},{"id":597,"esSugerencia":false},{"id":378,"esSugerencia":false},{"id":181,"esSugerencia":false},{"id":378,"esSugerencia":false},{"id":380,"horario":["MEDIODIA","TARDE"],"esSugerencia":false},{"id":380,"horario":["MEDIODIA","TARDE"],"esSugerencia":false},{"id":597,"esSugerencia":false},{"id":597,"esSugerencia":false},{"id":380,"horario":["MEDIODIA","TARDE"],"esSugerencia":false},{"id":380,"horario":["MEDIODIA","TARDE"],"esSugerencia":false},{"id":380,"horario":["MEDIODIA","TARDE"],"esSugerencia":false},{"id":597,"esSugerencia":false},{"id":378,"esSugerencia":false},{"id":181,"esSugerencia":false},{"id":286,"esSugerencia":false},{"id":378,"esSugerencia":false},{"id":597,"esSugerencia":false},{"id":597,"esSugerencia":false},{"id":380,"horario":["MEDIODIA","TARDE"],"esSugerencia":false},{"id":378,"esSugerencia":false},{"id":181,"esSugerencia":false},{"id":378,"esSugerencia":false},{"id":380,"horario":["MEDIODIA","TARDE"],"esSugerencia":false},{"id":380,"horario":["MEDIODIA","TARDE"],"esSugerencia":false},{"id":597,"esSugerencia":false},{"id":177,"esSugerencia":false},{"id":378,"esSugerencia":false},{"id":597,"esSugerencia":false},{"id":378,"esSugerencia":false},{"id":378,"esSugerencia":false}]},"fecha":1565660592055},{"frase":"asno ","frecuencia":9,"complejidad":{"valor":0,"pictos componentes":[{"id":288,"esSugerencia":false}]},"fecha":[1565660652488,1566511205456,1566511207110,1566511208150,1566511209092,1566511209986,1569029600237,1569635921775,1569635922981]},{"frase":"asno asno verde Claro ardilla koala ","frecuencia":3,"complejidad":{"valor":0,"pictos componentes":[{"id":288,"esSugerencia":false},{"id":288,"esSugerencia":false},{"id":750,"esSugerencia":false},{"id":287,"esSugerencia":false},{"id":321,"esSugerencia":false}]},"fecha":[1565660660262,1566511196060,1566511199061]},{"frase":"abuelo ","frecuencia":2,"complejidad":{"valor":0,"pictos componentes":[{"id":614,"esSugerencia":false}]},"fecha":[1565660683023,1599354965426]},{"frase":"abuelo estoy enfermo enfermo ","frecuencia":1,"complejidad":{"valor":0,"pictos componentes":[{"id":614,"esSugerencia":false},{"id":22,"esSugerencia":false},{"id":819,"esSugerencia":false},{"id":819,"esSugerencia":false}]},"fecha":1565660697066},{"frase":"abuelo estoy enfermo enfermo resfrío ","frecuencia":2,"complejidad":{"valor":0,"pictos componentes":[{"id":614,"esSugerencia":false},{"id":22,"esSugerencia":false},{"id":819,"esSugerencia":false},{"id":819,"esSugerencia":false},{"id":831,"esSugerencia":false}]},"fecha":[1565660701146,1565660719431]},{"frase":"Si No ","frecuencia":12,"complejidad":{"valor":0,"pictos componentes":[{"id":388,"esSugerencia":false},{"id":389,"esSugerencia":false}]},"fecha":[1565660735091,1565660736403,1565660736948,1565660737645,1565660738163,1565660741281,1596161238119,1596161239515,1599160982561,1599161056725,1599161058406,1599354945303]},{"frase":"Si ","frecuencia":7,"complejidad":{"valor":0,"pictos componentes":[{"id":388,"esSugerencia":false}]},"fecha":[1565660749750,1573845636483,1599160936384,1599160991439,1599161060139,1599161061260,1599161061738]},{"frase":"Si No No ","frecuencia":1,"complejidad":{"valor":0,"pictos componentes":[{"id":388,"esSugerencia":false},{"id":389,"esSugerencia":false},{"id":389,"esSugerencia":false}]},"fecha":1565660752320},{"frase":"Si No No No ","frecuencia":1,"complejidad":{"valor":0,"pictos componentes":[{"id":388,"esSugerencia":false},{"id":389,"esSugerencia":false},{"id":389,"esSugerencia":false},{"id":389,"esSugerencia":false}]},"fecha":1565660756173},{"frase":"Si No No No No ","frecuencia":1,"complejidad":{"valor":0,"pictos componentes":[{"id":388,"esSugerencia":false},{"id":389,"esSugerencia":false},{"id":389,"esSugerencia":false},{"id":389,"esSugerencia":false},{"id":389,"esSugerencia":false}]},"fecha":1565660759615},{"frase":"Si No No No No No No No No No No No No No No No No No No No No No No No No No No ","frecuencia":2,"complejidad":{"valor":0,"pictos componentes":[{"id":388,"esSugerencia":false},{"id":389,"esSugerencia":false},{"id":389,"esSugerencia":false},{"id":389,"esSugerencia":false},{"id":389,"esSugerencia":false},{"id":389,"esSugerencia":false},{"id":389,"esSugerencia":false},{"id":389,"esSugerencia":false},{"id":389,"esSugerencia":false},{"id":389,"esSugerencia":false},{"id":389,"esSugerencia":false},{"id":389,"esSugerencia":false},{"id":389,"esSugerencia":false},{"id":389,"esSugerencia":false},{"id":389,"esSugerencia":false},{"id":389,"esSugerencia":false},{"id":389,"esSugerencia":false},{"id":389,"esSugerencia":false},{"id":389,"esSugerencia":false},{"id":389,"esSugerencia":false},{"id":389,"esSugerencia":false},{"id":389,"esSugerencia":false},{"id":389,"esSugerencia":false},{"id":389,"esSugerencia":false},{"id":389,"esSugerencia":false},{"id":389,"esSugerencia":false},{"id":389,"esSugerencia":false}]},"fecha":[1565660771609,1565660776632]},{"frase":"Si No No No No No No No No No No No No No No No No No No No No No No No No No No No No No No No No No No No No No No ","frecuencia":2,"complejidad":{"valor":0,"pictos componentes":[{"id":388,"esSugerencia":false},{"id":389,"esSugerencia":false},{"id":389,"esSugerencia":false},{"id":389,"esSugerencia":false},{"id":389,"esSugerencia":false},{"id":389,"esSugerencia":false},{"id":389,"esSugerencia":false},{"id":389,"esSugerencia":false},{"id":389,"esSugerencia":false},{"id":389,"esSugerencia":false},{"id":389,"esSugerencia":false},{"id":389,"esSugerencia":false},{"id":389,"esSugerencia":false},{"id":389,"esSugerencia":false},{"id":389,"esSugerencia":false},{"id":389,"esSugerencia":false},{"id":389,"esSugerencia":false},{"id":389,"esSugerencia":false},{"id":389,"esSugerencia":false},{"id":389,"esSugerencia":false},{"id":389,"esSugerencia":false},{"id":389,"esSugerencia":false},{"id":389,"esSugerencia":false},{"id":389,"esSugerencia":false},{"id":389,"esSugerencia":false},{"id":389,"esSugerencia":false},{"id":389,"esSugerencia":false},{"id":389,"esSugerencia":false},{"id":389,"esSugerencia":false},{"id":389,"esSugerencia":false},{"id":389,"esSugerencia":false},{"id":389,"esSugerencia":false},{"id":389,"esSugerencia":false},{"id":389,"esSugerencia":false},{"id":389,"esSugerencia":false},{"id":389,"esSugerencia":false},{"id":389,"esSugerencia":false},{"id":389,"esSugerencia":false},{"id":389,"esSugerencia":false}]},"fecha":[1565660784999,1565660793656]},{"frase":"Si No No No No No No No No No No No No No No No No No No No No No No No No No No No No No No No No No No No No No No No No No No No No No No No No ","frecuencia":2,"complejidad":{"valor":0,"pictos componentes":[{"id":388,"esSugerencia":false},{"id":389,"esSugerencia":false},{"id":389,"esSugerencia":false},{"id":389,"esSugerencia":false},{"id":389,"esSugerencia":false},{"id":389,"esSugerencia":false},{"id":389,"esSugerencia":false},{"id":389,"esSugerencia":false},{"id":389,"esSugerencia":false},{"id":389,"esSugerencia":false},{"id":389,"esSugerencia":false},{"id":389,"esSugerencia":false},{"id":389,"esSugerencia":false},{"id":389,"esSugerencia":false},{"id":389,"esSugerencia":false},{"id":389,"esSugerencia":false},{"id":389,"esSugerencia":false},{"id":389,"esSugerencia":false},{"id":389,"esSugerencia":false},{"id":389,"esSugerencia":false},{"id":389,"esSugerencia":false},{"id":389,"esSugerencia":false},{"id":389,"esSugerencia":false},{"id":389,"esSugerencia":false},{"id":389,"esSugerencia":false},{"id":389,"esSugerencia":false},{"id":389,"esSugerencia":false},{"id":389,"esSugerencia":false},{"id":389,"esSugerencia":false},{"id":389,"esSugerencia":false},{"id":389,"esSugerencia":false},{"id":389,"esSugerencia":false},{"id":389,"esSugerencia":false},{"id":389,"esSugerencia":false},{"id":389,"esSugerencia":false},{"id":389,"esSugerencia":false},{"id":389,"esSugerencia":false},{"id":389,"esSugerencia":false},{"id":389,"esSugerencia":false},{"id":389,"esSugerencia":false},{"id":389,"esSugerencia":false},{"id":389,"esSugerencia":false},{"id":389,"esSugerencia":false},{"id":389,"esSugerencia":false},{"id":389,"esSugerencia":false},{"id":389,"esSugerencia":false},{"id":389,"esSugerencia":false},{"id":389,"esSugerencia":false},{"id":389,"esSugerencia":false}]},"fecha":[1565660805312,1565660813291]},{"frase":"Si No No No No No No No No No No No No No No No No No No ","frecuencia":1,"complejidad":{"valor":0,"pictos componentes":[{"id":388,"esSugerencia":false},{"id":389,"esSugerencia":false},{"id":389,"esSugerencia":false},{"id":389,"esSugerencia":false},{"id":389,"esSugerencia":false},{"id":389,"esSugerencia":false},{"id":389,"esSugerencia":false},{"id":389,"esSugerencia":false},{"id":389,"esSugerencia":false},{"id":389,"esSugerencia":false},{"id":389,"esSugerencia":false},{"id":389,"esSugerencia":false},{"id":389,"esSugerencia":false},{"id":389,"esSugerencia":false},{"id":389,"esSugerencia":false},{"id":389,"esSugerencia":false},{"id":389,"esSugerencia":false},{"id":389,"esSugerencia":false},{"id":389,"esSugerencia":false}]},"fecha":1565660838730},{"frase":"Si No No No No No No No No No No No No No No No No No No ¿Cómo estás? ¿Cómo estás? ","frecuencia":1,"complejidad":{"valor":0,"pictos componentes":[{"id":388,"esSugerencia":false},{"id":389,"esSugerencia":false},{"id":389,"esSugerencia":false},{"id":389,"esSugerencia":false},{"id":389,"esSugerencia":false},{"id":389,"esSugerencia":false},{"id":389,"esSugerencia":false},{"id":389,"esSugerencia":false},{"id":389,"esSugerencia":false},{"id":389,"esSugerencia":false},{"id":389,"esSugerencia":false},{"id":389,"esSugerencia":false},{"id":389,"esSugerencia":false},{"id":389,"esSugerencia":false},{"id":389,"esSugerencia":false},{"id":389,"esSugerencia":false},{"id":389,"esSugerencia":false},{"id":389,"esSugerencia":false},{"id":389,"esSugerencia":false},{"id":378,"esSugerencia":false},{"id":378,"esSugerencia":false}]},"fecha":1565660852986},{"frase":"Si No No No No No No No No No No No No No No No No No No ¿Cómo estás? ¿Cómo estás? feliz Buenas tardes ¿Cómo estás? ¿Cómo estás? Buenas tardes Buenas tardes Buenas tardes ¿Cómo estás? hambre hambre Buenas tardes ¿Cómo estás? hambre ¿Cómo estás? Buenas tardes ¿Cómo estás? ¿Cómo estás? ¿Cómo estás? Buenas tardes hambre hambre Buenas tardes ¿Cómo estás? hambre hambre ¿Cómo estás? ¿Cómo estás? hambre frío frío ","frecuencia":1,"complejidad":{"valor":0,"pictos componentes":[{"id":388,"esSugerencia":false},{"id":389,"esSugerencia":false},{"id":389,"esSugerencia":false},{"id":389,"esSugerencia":false},{"id":389,"esSugerencia":false},{"id":389,"esSugerencia":false},{"id":389,"esSugerencia":false},{"id":389,"esSugerencia":false},{"id":389,"esSugerencia":false},{"id":389,"esSugerencia":false},{"id":389,"esSugerencia":false},{"id":389,"esSugerencia":false},{"id":389,"esSugerencia":false},{"id":389,"esSugerencia":false},{"id":389,"esSugerencia":false},{"id":389,"esSugerencia":false},{"id":389,"esSugerencia":false},{"id":389,"esSugerencia":false},{"id":389,"esSugerencia":false},{"id":378,"esSugerencia":false},{"id":378,"esSugerencia":false},{"id":181,"esSugerencia":false},{"id":380,"horario":["MEDIODIA","TARDE"],"esSugerencia":false},{"id":378,"esSugerencia":false},{"id":378,"esSugerencia":false},{"id":380,"horario":["MEDIODIA","TARDE"],"esSugerencia":false},{"id":380,"horario":["MEDIODIA","TARDE"],"esSugerencia":false},{"id":380,"horario":["MEDIODIA","TARDE"],"esSugerencia":false},{"id":378,"esSugerencia":false},{"id":597,"esSugerencia":false},{"id":597,"esSugerencia":false},{"id":380,"horario":["MEDIODIA","TARDE"],"esSugerencia":false},{"id":378,"esSugerencia":false},{"id":597,"esSugerencia":false},{"id":378,"esSugerencia":false},{"id":380,"horario":["MEDIODIA","TARDE"],"esSugerencia":false},{"id":378,"esSugerencia":false},{"id":378,"esSugerencia":false},{"id":378,"esSugerencia":false},{"id":380,"horario":["MEDIODIA","TARDE"],"esSugerencia":false},{"id":597,"esSugerencia":false},{"id":597,"esSugerencia":false},{"id":380,"horario":["MEDIODIA","TARDE"],"esSugerencia":false},{"id":378,"esSugerencia":false},{"id":597,"esSugerencia":false},{"id":597,"esSugerencia":false},{"id":378,"esSugerencia":false},{"id":378,"esSugerencia":false},{"id":597,"esSugerencia":false},{"id":177,"esSugerencia":false},{"id":177,"esSugerencia":false}]},"fecha":1565660865294},{"frase":"Hola ¿Cómo estás? feliz animales beige ","frecuencia":3,"complejidad":{"valor":0,"pictos componentes":[{"id":377,"esSugerencia":false},{"id":378,"esSugerencia":false},{"id":181,"esSugerencia":false},{"id":286,"esSugerencia":false},{"id":735,"esSugerencia":false}]},"fecha":[1566511071806,1567966474652,1568682894672]},{"frase":"Hola ¿Cómo estás? feliz animales beige ¿Qué color es? tengo hambre frío Buenas tardes ","frecuencia":1,"complejidad":{"valor":0,"pictos componentes":[{"id":377,"esSugerencia":false},{"id":378,"esSugerencia":false},{"id":181,"esSugerencia":false},{"id":286,"esSugerencia":false},{"id":735,"esSugerencia":false},{"id":745,"esSugerencia":false},{"id":49,"esSugerencia":false},{"id":597,"esSugerencia":false},{"id":177,"esSugerencia":false},{"id":380,"horario":["MEDIODIA","TARDE"],"esSugerencia":false}]},"fecha":1566511100447},{"frase":"Hola ¿Cómo estás? feliz animales beige ¿Qué color es? tengo hambre frío Buenas tardes Buenas tardes hambre frío ¿Cómo estás? ¿Cómo estás? hambre hambre Buenas tardes ¿Cómo estás? hambre Buenas tardes ¿Cómo estás? ¿Cómo estás? Buenas tardes Buenas tardes hambre ¿Cómo estás? feliz ¿Qué color es? ¿Qué color es? tengo ","frecuencia":1,"complejidad":{"valor":0,"pictos componentes":[{"id":377,"esSugerencia":false},{"id":378,"esSugerencia":false},{"id":181,"esSugerencia":false},{"id":286,"esSugerencia":false},{"id":735,"esSugerencia":false},{"id":745,"esSugerencia":false},{"id":49,"esSugerencia":false},{"id":597,"esSugerencia":false},{"id":177,"esSugerencia":false},{"id":380,"horario":["MEDIODIA","TARDE"],"esSugerencia":false},{"id":380,"horario":["MEDIODIA","TARDE"],"esSugerencia":false},{"id":597,"esSugerencia":false},{"id":177,"esSugerencia":false},{"id":378,"esSugerencia":false},{"id":378,"esSugerencia":false},{"id":597,"esSugerencia":false},{"id":597,"esSugerencia":false},{"id":380,"horario":["MEDIODIA","TARDE"],"esSugerencia":false},{"id":378,"esSugerencia":false},{"id":597,"esSugerencia":false},{"id":380,"horario":["MEDIODIA","TARDE"],"esSugerencia":false},{"id":378,"esSugerencia":false},{"id":378,"esSugerencia":false},{"id":380,"horario":["MEDIODIA","TARDE"],"esSugerencia":false},{"id":380,"horario":["MEDIODIA","TARDE"],"esSugerencia":false},{"id":597,"esSugerencia":false},{"id":378,"esSugerencia":false},{"id":181,"esSugerencia":false},{"id":745,"esSugerencia":false},{"id":745,"esSugerencia":false},{"id":49,"esSugerencia":false}]},"fecha":1566511115614},{"frase":"mamá quiero jugar con ","frecuencia":3,"complejidad":{"valor":0,"pictos componentes":[{"id":628,"esSugerencia":false},{"id":44,"esSugerencia":false},{"id":34,"esSugerencia":false}]},"fecha":[1566511225442,1566511229901,1566511243364]},{"frase":"mamá quiero jugar con la pelota ","frecuencia":5,"complejidad":{"valor":0,"pictos componentes":[{"id":628,"esSugerencia":false},{"id":44,"esSugerencia":false},{"id":34,"esSugerencia":false},{"id":996,"esSugerencia":false}]},"fecha":[1566511251089,1566511263147,1566511266329,1566511268970,1573845496656]},{"frase":"mamá quiero jugar con el juguete ","frecuencia":1,"complejidad":{"valor":0,"pictos componentes":[{"id":628,"esSugerencia":false},{"id":44,"esSugerencia":false},{"id":34,"esSugerencia":false},{"id":761,"esSugerencia":false}]},"fecha":1566511277425},{"frase":"mamá quiero jugar con el juguete hamburguesa comer pollo manzana Golosina ","frecuencia":1,"complejidad":{"valor":0,"pictos componentes":[{"id":628,"esSugerencia":false},{"id":44,"esSugerencia":false},{"id":34,"esSugerencia":false},{"id":761,"esSugerencia":false},{"id":515,"esSugerencia":false},{"id":118,"esSugerencia":false},{"id":504,"esSugerencia":false},{"id":474,"esSugerencia":false},{"id":494,"esSugerencia":false}]},"fecha":1566511311763},{"frase":"Hola ¿Cómo estás? feliz animales beige ¿Qué color es? tengo hambre ¿Cómo estás? ¿Cómo estás? hambre frío ¿Cómo estás? feliz ¿Cómo estás? hambre hambre ¿Cómo estás? hambre ¿Cómo estás? hambre frío frío ¿Cómo estás? hambre ¿Cómo estás? feliz ¿Qué color es? bien bien ","frecuencia":1,"complejidad":{"valor":0,"pictos componentes":[{"id":377,"esSugerencia":false},{"id":378,"esSugerencia":false},{"id":181,"esSugerencia":false},{"id":286,"esSugerencia":false},{"id":735,"esSugerencia":false},{"id":745,"esSugerencia":false},{"id":49,"esSugerencia":false},{"id":597,"esSugerencia":false},{"id":378,"esSugerencia":false},{"id":378,"esSugerencia":false},{"id":597,"esSugerencia":false},{"id":177,"esSugerencia":false},{"id":378,"esSugerencia":false},{"id":181,"esSugerencia":false},{"id":378,"esSugerencia":false},{"id":597,"esSugerencia":false},{"id":597,"esSugerencia":false},{"id":378,"esSugerencia":false},{"id":597,"esSugerencia":false},{"id":378,"esSugerencia":false},{"id":597,"esSugerencia":false},{"id":177,"esSugerencia":false},{"id":177,"esSugerencia":false},{"id":378,"esSugerencia":false},{"id":597,"esSugerencia":false},{"id":378,"esSugerencia":false},{"id":181,"esSugerencia":false},{"id":745,"esSugerencia":false},{"id":133,"esSugerencia":false},{"id":133,"esSugerencia":false}]},"fecha":1566511370137},{"frase":"Hola ¿Cómo estás? feliz animales beige ¿Qué color es? tengo hambre ¿Cómo estás? ¿Cómo estás? hambre frío ¿Cómo estás? feliz ¿Cómo estás? hambre hambre ¿Cómo estás? hambre ¿Cómo estás? hambre frío frío ¿Cómo estás? hambre ¿Cómo estás? feliz ¿Qué color es? bien bien mal ¿Qué color es? bien ¿Qué color es? bien ¿Qué color es? bien Buenas tardes ¿Cómo estás? Buenas tardes hambre ¿Cómo estás? Buenas tardes Buenas tardes ¿Cómo estás? ¿Cómo estás? feliz Buenas tardes Buenas tardes Buenas tardes Buenas tardes Buenas tardes Buenas tardes Buenas tardes Buenas tardes Buenas tardes Buenas tardes Buenas tardes Buenas tardes Buenas tardes Buenas tardes ¿Cómo estás? feliz Buenas tardes Buenas tardes ¿Cómo estás? ¿Cómo estás? hambre Buenas tardes Buenas tardes Buenas tardes Buenas tardes Buenas tardes Buenas tardes Buenas tardes Buenas tardes Buenas tardes Buenas tardes ","frecuencia":2,"complejidad":{"valor":0,"pictos componentes":[{"id":377,"esSugerencia":false},{"id":378,"esSugerencia":false},{"id":181,"esSugerencia":false},{"id":286,"esSugerencia":false},{"id":735,"esSugerencia":false},{"id":745,"esSugerencia":false},{"id":49,"esSugerencia":false},{"id":597,"esSugerencia":false},{"id":378,"esSugerencia":false},{"id":378,"esSugerencia":false},{"id":597,"esSugerencia":false},{"id":177,"esSugerencia":false},{"id":378,"esSugerencia":false},{"id":181,"esSugerencia":false},{"id":378,"esSugerencia":false},{"id":597,"esSugerencia":false},{"id":597,"esSugerencia":false},{"id":378,"esSugerencia":false},{"id":597,"esSugerencia":false},{"id":378,"esSugerencia":false},{"id":597,"esSugerencia":false},{"id":177,"esSugerencia":false},{"id":177,"esSugerencia":false},{"id":378,"esSugerencia":false},{"id":597,"esSugerencia":false},{"id":378,"esSugerencia":false},{"id":181,"esSugerencia":false},{"id":745,"esSugerencia":false},{"id":133,"esSugerencia":false},{"id":133,"esSugerencia":false},{"id":205,"esSugerencia":false},{"id":745,"esSugerencia":false},{"id":133,"esSugerencia":false},{"id":745,"esSugerencia":false},{"id":133,"esSugerencia":false},{"id":745,"esSugerencia":false},{"id":133,"esSugerencia":false},{"id":380,"horario":["MEDIODIA","TARDE"],"esSugerencia":false},{"id":378,"esSugerencia":false},{"id":380,"horario":["MEDIODIA","TARDE"],"esSugerencia":false},{"id":597,"esSugerencia":false},{"id":378,"esSugerencia":false},{"id":380,"horario":["MEDIODIA","TARDE"],"esSugerencia":false},{"id":380,"horario":["MEDIODIA","TARDE"],"esSugerencia":false},{"id":378,"esSugerencia":false},{"id":378,"esSugerencia":false},{"id":181,"esSugerencia":false},{"id":380,"horario":["MEDIODIA","TARDE"],"esSugerencia":false},{"id":380,"horario":["MEDIODIA","TARDE"],"esSugerencia":false},{"id":380,"horario":["MEDIODIA","TARDE"],"esSugerencia":false},{"id":380,"horario":["MEDIODIA","TARDE"],"esSugerencia":false},{"id":380,"horario":["MEDIODIA","TARDE"],"esSugerencia":false},{"id":380,"horario":["MEDIODIA","TARDE"],"esSugerencia":false},{"id":380,"horario":["MEDIODIA","TARDE"],"esSugerencia":false},{"id":380,"horario":["MEDIODIA","TARDE"],"esSugerencia":false},{"id":380,"horario":["MEDIODIA","TARDE"],"esSugerencia":false},{"id":380,"horario":["MEDIODIA","TARDE"],"esSugerencia":false},{"id":380,"horario":["MEDIODIA","TARDE"],"esSugerencia":false},{"id":380,"horario":["MEDIODIA","TARDE"],"esSugerencia":false},{"id":380,"horario":["MEDIODIA","TARDE"],"esSugerencia":false},{"id":380,"horario":["MEDIODIA","TARDE"],"esSugerencia":false},{"id":378,"esSugerencia":false},{"id":181,"esSugerencia":false},{"id":380,"horario":["MEDIODIA","TARDE"],"esSugerencia":false},{"id":380,"horario":["MEDIODIA","TARDE"],"esSugerencia":false},{"id":378,"esSugerencia":false},{"id":378,"esSugerencia":false},{"id":597,"esSugerencia":false},{"id":380,"horario":["MEDIODIA","TARDE"],"esSugerencia":false},{"id":380,"horario":["MEDIODIA","TARDE"],"esSugerencia":false},{"id":380,"horario":["MEDIODIA","TARDE"],"esSugerencia":false},{"id":380,"horario":["MEDIODIA","TARDE"],"esSugerencia":false},{"id":380,"horario":["MEDIODIA","TARDE"],"esSugerencia":false},{"id":380,"horario":["MEDIODIA","TARDE"],"esSugerencia":false},{"id":380,"horario":["MEDIODIA","TARDE"],"esSugerencia":false},{"id":380,"horario":["MEDIODIA","TARDE"],"esSugerencia":false},{"id":380,"horario":["MEDIODIA","TARDE"],"esSugerencia":false},{"id":380,"horario":["MEDIODIA","TARDE"],"esSugerencia":false}]},"fecha":[1566511409596,1566511477395]},{"frase":"Hola ¿Cómo estás? feliz animales beige ¿Qué color es? tengo tengo frío Buenas tardes hambre Buenas tardes Buenas tardes ¿Cómo estás? Buenas tardes hambre hambre Buenas tardes Buenas tardes Buenas tardes ¿Cómo estás? ¿Cómo estás? Buenas tardes ","frecuencia":1,"complejidad":{"valor":0,"pictos componentes":[{"id":377,"esSugerencia":false},{"id":378,"esSugerencia":false},{"id":181,"esSugerencia":false},{"id":286,"esSugerencia":false},{"id":735,"esSugerencia":false},{"id":745,"esSugerencia":false},{"id":49,"esSugerencia":false},{"id":49,"esSugerencia":false},{"id":177,"esSugerencia":false},{"id":380,"horario":["MEDIODIA","TARDE"],"esSugerencia":false},{"id":597,"esSugerencia":false},{"id":380,"horario":["MEDIODIA","TARDE"],"esSugerencia":false},{"id":380,"horario":["MEDIODIA","TARDE"],"esSugerencia":false},{"id":378,"esSugerencia":false},{"id":380,"horario":["MEDIODIA","TARDE"],"esSugerencia":false},{"id":597,"esSugerencia":false},{"id":597,"esSugerencia":false},{"id":380,"horario":["MEDIODIA","TARDE"],"esSugerencia":false},{"id":380,"horario":["MEDIODIA","TARDE"],"esSugerencia":false},{"id":380,"horario":["MEDIODIA","TARDE"],"esSugerencia":false},{"id":378,"esSugerencia":false},{"id":378,"esSugerencia":false},{"id":380,"horario":["MEDIODIA","TARDE"],"esSugerencia":false}]},"fecha":1567966490333},{"frase":"Hola ¿Cómo estás? feliz animales beige ¿Qué color es? tengo Buenas tardes ¿Cómo estás? ¿Cómo estás? hambre frío frío tengo Buenas tardes ¿Cómo estás? Buenas tardes ¿Cómo estás? ¿Cómo estás? Buenas tardes ¿Cómo estás? hambre frío ¿Cómo estás? hambre ¿Cómo estás? hambre Buenas tardes hambre frío ","frecuencia":1,"complejidad":{"valor":0,"pictos componentes":[{"id":377,"esSugerencia":false},{"id":378,"esSugerencia":false},{"id":181,"esSugerencia":false},{"id":286,"esSugerencia":false},{"id":735,"esSugerencia":false},{"id":745,"esSugerencia":false},{"id":49,"esSugerencia":false},{"id":380,"horario":["MEDIODIA","TARDE"],"esSugerencia":false},{"id":378,"esSugerencia":false},{"id":378,"esSugerencia":false},{"id":597,"esSugerencia":false},{"id":177,"esSugerencia":false},{"id":177,"esSugerencia":false},{"id":49,"esSugerencia":false},{"id":380,"horario":["MEDIODIA","TARDE"],"esSugerencia":false},{"id":378,"esSugerencia":false},{"id":380,"horario":["MEDIODIA","TARDE"],"esSugerencia":false},{"id":378,"esSugerencia":false},{"id":378,"esSugerencia":false},{"id":380,"horario":["MEDIODIA","TARDE"],"esSugerencia":false},{"id":378,"esSugerencia":false},{"id":597,"esSugerencia":false},{"id":177,"esSugerencia":false},{"id":378,"esSugerencia":false},{"id":597,"esSugerencia":false},{"id":378,"esSugerencia":false},{"id":597,"esSugerencia":false},{"id":380,"horario":["MEDIODIA","TARDE"],"esSugerencia":false},{"id":597,"esSugerencia":false},{"id":177,"esSugerencia":false}]},"fecha":1568682910672},{"frase":"Hola Buen día ","frecuencia":4,"complejidad":{"valor":0,"pictos componentes":[{"id":377,"esSugerencia":false},{"id":379,"horario":["MANANA"],"esSugerencia":false}]},"fecha":[1568683147963,1569029610249,1570847533856,1592442786923]},{"frase":"Hola ¿Cómo estás? feliz animales beige ¿Qué color es? tengo tengo frío tengo Buenas tardes ¿Cómo estás? Buenas tardes Buenas tardes Buenas tardes Buenas tardes Buenas tardes Buenas tardes Buenas tardes Buenas tardes Buenas tardes Buenas tardes ","frecuencia":1,"complejidad":{"valor":0,"pictos componentes":[{"id":377,"esSugerencia":false},{"id":378,"esSugerencia":false},{"id":181,"esSugerencia":false},{"id":286,"esSugerencia":false},{"id":735,"esSugerencia":false},{"id":745,"esSugerencia":false},{"id":49,"esSugerencia":false},{"id":49,"esSugerencia":false},{"id":177,"esSugerencia":false},{"id":49,"esSugerencia":false},{"id":380,"horario":["MEDIODIA","TARDE"],"esSugerencia":false},{"id":378,"esSugerencia":false},{"id":380,"horario":["MEDIODIA","TARDE"],"esSugerencia":false},{"id":380,"horario":["MEDIODIA","TARDE"],"esSugerencia":false},{"id":380,"horario":["MEDIODIA","TARDE"],"esSugerencia":false},{"id":380,"horario":["MEDIODIA","TARDE"],"esSugerencia":false},{"id":380,"horario":["MEDIODIA","TARDE"],"esSugerencia":false},{"id":380,"horario":["MEDIODIA","TARDE"],"esSugerencia":false},{"id":380,"horario":["MEDIODIA","TARDE"],"esSugerencia":false},{"id":380,"horario":["MEDIODIA","TARDE"],"esSugerencia":false},{"id":380,"horario":["MEDIODIA","TARDE"],"esSugerencia":false},{"id":380,"horario":["MEDIODIA","TARDE"],"esSugerencia":false}]},"fecha":1569029398479},{"frase":"Hola ¿Cómo estás? feliz animales beige ¿Qué color es? tengo tengo frío tengo Buenas tardes ¿Cómo estás? Buenas tardes Buenas tardes Buenas tardes Buenas tardes Buenas tardes Buenas tardes Buenas tardes Buenas tardes Buenas tardes Buenas tardes Buenas tardes Buenas tardes Buenas tardes ¿Cómo estás? Buenas tardes ¿Cómo estás? Buenas tardes ¿Cómo estás? ¿Cómo estás? Buenas tardes Buenas tardes Buenas tardes Buenas tardes Buenas tardes Buenas tardes Buenas tardes Buenas tardes Buenas tardes Buenas tardes Buenas tardes Buenas tardes ¿Cómo estás? Buenas tardes ¿Cómo estás? hambre Buenas tardes ¿Cómo estás? ¿Cómo estás? hambre ¿Cómo estás? ","frecuencia":1,"complejidad":{"valor":0,"pictos componentes":[{"id":377,"esSugerencia":false},{"id":378,"esSugerencia":false},{"id":181,"esSugerencia":false},{"id":286,"esSugerencia":false},{"id":735,"esSugerencia":false},{"id":745,"esSugerencia":false},{"id":49,"esSugerencia":false},{"id":49,"esSugerencia":false},{"id":177,"esSugerencia":false},{"id":49,"esSugerencia":false},{"id":380,"horario":["MEDIODIA","TARDE"],"esSugerencia":false},{"id":378,"esSugerencia":false},{"id":380,"horario":["MEDIODIA","TARDE"],"esSugerencia":false},{"id":380,"horario":["MEDIODIA","TARDE"],"esSugerencia":false},{"id":380,"horario":["MEDIODIA","TARDE"],"esSugerencia":false},{"id":380,"horario":["MEDIODIA","TARDE"],"esSugerencia":false},{"id":380,"horario":["MEDIODIA","TARDE"],"esSugerencia":false},{"id":380,"horario":["MEDIODIA","TARDE"],"esSugerencia":false},{"id":380,"horario":["MEDIODIA","TARDE"],"esSugerencia":false},{"id":380,"horario":["MEDIODIA","TARDE"],"esSugerencia":false},{"id":380,"horario":["MEDIODIA","TARDE"],"esSugerencia":false},{"id":380,"horario":["MEDIODIA","TARDE"],"esSugerencia":false},{"id":380,"horario":["MEDIODIA","TARDE"],"esSugerencia":false},{"id":380,"horario":["MEDIODIA","TARDE"],"esSugerencia":false},{"id":380,"horario":["MEDIODIA","TARDE"],"esSugerencia":false},{"id":378,"esSugerencia":false},{"id":380,"horario":["MEDIODIA","TARDE"],"esSugerencia":false},{"id":378,"esSugerencia":false},{"id":380,"horario":["MEDIODIA","TARDE"],"esSugerencia":false},{"id":378,"esSugerencia":false},{"id":378,"esSugerencia":false},{"id":380,"horario":["MEDIODIA","TARDE"],"esSugerencia":false},{"id":380,"horario":["MEDIODIA","TARDE"],"esSugerencia":false},{"id":380,"horario":["MEDIODIA","TARDE"],"esSugerencia":false},{"id":380,"horario":["MEDIODIA","TARDE"],"esSugerencia":false},{"id":380,"horario":["MEDIODIA","TARDE"],"esSugerencia":false},{"id":380,"horario":["MEDIODIA","TARDE"],"esSugerencia":false},{"id":380,"horario":["MEDIODIA","TARDE"],"esSugerencia":false},{"id":380,"horario":["MEDIODIA","TARDE"],"esSugerencia":false},{"id":380,"horario":["MEDIODIA","TARDE"],"esSugerencia":false},{"id":380,"horario":["MEDIODIA","TARDE"],"esSugerencia":false},{"id":380,"horario":["MEDIODIA","TARDE"],"esSugerencia":false},{"id":380,"horario":["MEDIODIA","TARDE"],"esSugerencia":false},{"id":378,"esSugerencia":false},{"id":380,"horario":["MEDIODIA","TARDE"],"esSugerencia":false},{"id":378,"esSugerencia":false},{"id":597,"esSugerencia":false},{"id":380,"horario":["MEDIODIA","TARDE"],"esSugerencia":false},{"id":378,"esSugerencia":false},{"id":378,"esSugerencia":false},{"id":597,"esSugerencia":false},{"id":378,"esSugerencia":false}]},"fecha":1569029417960},{"frase":"asno asno asno asno asno asno asno asno asno ardilla asno asno asno ","frecuencia":1,"complejidad":{"valor":0,"pictos componentes":[{"id":288,"esSugerencia":false},{"id":288,"esSugerencia":false},{"id":288,"esSugerencia":false},{"id":288,"esSugerencia":false},{"id":288,"esSugerencia":false},{"id":288,"esSugerencia":false},{"id":288,"esSugerencia":false},{"id":288,"esSugerencia":false},{"id":288,"esSugerencia":false},{"id":287,"esSugerencia":false},{"id":288,"esSugerencia":false},{"id":288,"esSugerencia":false},{"id":288,"esSugerencia":false}]},"fecha":1569029582671},{"frase":"Hola Buen día Buenas tardes ","frecuencia":3,"complejidad":{"valor":0,"pictos componentes":[{"id":377,"esSugerencia":false},{"id":379,"horario":["MANANA"],"esSugerencia":false},{"id":380,"horario":["MEDIODIA","TARDE"],"esSugerencia":false}]},"fecha":[1569029617154,1569029620907,1570847536299]},{"frase":"Hola Buen día Buenas tardes Buenas tardes Buenas tardes Buenas tardes ","frecuencia":1,"complejidad":{"valor":0,"pictos componentes":[{"id":377,"esSugerencia":false},{"id":379,"horario":["MANANA"],"esSugerencia":false},{"id":380,"horario":["MEDIODIA","TARDE"],"esSugerencia":false},{"id":380,"horario":["MEDIODIA","TARDE"],"esSugerencia":false},{"id":380,"horario":["MEDIODIA","TARDE"],"esSugerencia":false},{"id":380,"horario":["MEDIODIA","TARDE"],"esSugerencia":false}]},"fecha":1570847543769},{"frase":"yo estoy bien ","frecuencia":2,"complejidad":{"valor":0,"pictos componentes":[{"id":643,"esSugerencia":false},{"id":22,"esSugerencia":false},{"id":133,"esSugerencia":false}]},"fecha":[1572060227405,1573845462525]},{"frase":"Hola ¿Cómo estás? feliz animales beige ¿Qué color es? tengo tengo frío ¿Cómo estás? hambre Buenas tardes Buenas tardes Buenas tardes Buenas tardes Buenas tardes Buenas tardes Buenas tardes Buenas tardes Buenas tardes Buenas tardes Buenas tardes Buenas tardes Buenas tardes Buenas tardes Buenas tardes Buenas tardes Buenas tardes Buenas tardes Buenas tardes Buenas tardes Buenas tardes Buenas tardes Buenas tardes Buenas tardes Buenas tardes Buenas tardes Buenas tardes Buenas tardes Buenas tardes Buenas tardes Buenas tardes Buenas tardes Buenas tardes Buenas tardes Buenas tardes Buenas tardes Buenas tardes Buenas tardes ","frecuencia":1,"complejidad":{"valor":0,"pictos componentes":[{"id":377,"esSugerencia":false},{"id":378,"esSugerencia":false},{"id":181,"esSugerencia":false},{"id":286,"esSugerencia":false},{"id":735,"esSugerencia":false},{"id":745,"esSugerencia":false},{"id":49,"esSugerencia":false},{"id":49,"esSugerencia":false},{"id":177,"esSugerencia":false},{"id":378,"esSugerencia":false},{"id":597,"esSugerencia":false},{"id":380,"horario":["MEDIODIA","TARDE"],"esSugerencia":false},{"id":380,"horario":["MEDIODIA","TARDE"],"esSugerencia":false},{"id":380,"horario":["MEDIODIA","TARDE"],"esSugerencia":false},{"id":380,"horario":["MEDIODIA","TARDE"],"esSugerencia":false},{"id":380,"horario":["MEDIODIA","TARDE"],"esSugerencia":false},{"id":380,"horario":["MEDIODIA","TARDE"],"esSugerencia":false},{"id":380,"horario":["MEDIODIA","TARDE"],"esSugerencia":false},{"id":380,"horario":["MEDIODIA","TARDE"],"esSugerencia":false},{"id":380,"horario":["MEDIODIA","TARDE"],"esSugerencia":false},{"id":380,"horario":["MEDIODIA","TARDE"],"esSugerencia":false},{"id":380,"horario":["MEDIODIA","TARDE"],"esSugerencia":false},{"id":380,"horario":["MEDIODIA","TARDE"],"esSugerencia":false},{"id":380,"horario":["MEDIODIA","TARDE"],"esSugerencia":false},{"id":380,"horario":["MEDIODIA","TARDE"],"esSugerencia":false},{"id":380,"horario":["MEDIODIA","TARDE"],"esSugerencia":false},{"id":380,"horario":["MEDIODIA","TARDE"],"esSugerencia":false},{"id":380,"horario":["MEDIODIA","TARDE"],"esSugerencia":false},{"id":380,"horario":["MEDIODIA","TARDE"],"esSugerencia":false},{"id":380,"horario":["MEDIODIA","TARDE"],"esSugerencia":false},{"id":380,"horario":["MEDIODIA","TARDE"],"esSugerencia":false},{"id":380,"horario":["MEDIODIA","TARDE"],"esSugerencia":false},{"id":380,"horario":["MEDIODIA","TARDE"],"esSugerencia":false},{"id":380,"horario":["MEDIODIA","TARDE"],"esSugerencia":false},{"id":380,"horario":["MEDIODIA","TARDE"],"esSugerencia":false},{"id":380,"horario":["MEDIODIA","TARDE"],"esSugerencia":false},{"id":380,"horario":["MEDIODIA","TARDE"],"esSugerencia":false},{"id":380,"horario":["MEDIODIA","TARDE"],"esSugerencia":false},{"id":380,"horario":["MEDIODIA","TARDE"],"esSugerencia":false},{"id":380,"horario":["MEDIODIA","TARDE"],"esSugerencia":false},{"id":380,"horario":["MEDIODIA","TARDE"],"esSugerencia":false},{"id":380,"horario":["MEDIODIA","TARDE"],"esSugerencia":false},{"id":380,"horario":["MEDIODIA","TARDE"],"esSugerencia":false},{"id":380,"horario":["MEDIODIA","TARDE"],"esSugerencia":false},{"id":380,"horario":["MEDIODIA","TARDE"],"esSugerencia":false},{"id":380,"horario":["MEDIODIA","TARDE"],"esSugerencia":false},{"id":380,"horario":["MEDIODIA","TARDE"],"esSugerencia":false},{"id":380,"horario":["MEDIODIA","TARDE"],"esSugerencia":false},{"id":380,"horario":["MEDIODIA","TARDE"],"esSugerencia":false}]},"fecha":1572060341114},{"frase":"asno verde Claro ardilla koala koala asno verde Claro ","frecuencia":1,"complejidad":{"valor":0,"pictos componentes":[{"id":288,"esSugerencia":false},{"id":750,"esSugerencia":false},{"id":287,"esSugerencia":false},{"id":321,"esSugerencia":false},{"id":321,"esSugerencia":false},{"id":288,"esSugerencia":false},{"id":750,"esSugerencia":false}]},"fecha":1573845587554},{"frase":"quiero ","frecuencia":1,"complejidad":{"valor":0,"pictos componentes":[{"id":44,"esSugerencia":false}]},"fecha":1573845629996},{"frase":"No ","frecuencia":2,"complejidad":{"valor":0,"pictos componentes":[{"id":389,"esSugerencia":false}]},"fecha":[1573845643254,1605910768299]},{"frase":"Hola ¿Cómo estás? ¿Cómo estás? ","frecuencia":2,"complejidad":{"valor":0,"pictos componentes":[{"id":377,"esSugerencia":false},{"id":378,"esSugerencia":false},{"id":378,"esSugerencia":false}]},"fecha":[1573845680804,1592442813625]},{"frase":"mamá quiero comer ","frecuencia":1,"complejidad":{"valor":0,"pictos componentes":[{"id":628,"esSugerencia":false},{"id":44,"esSugerencia":false},{"id":118,"esSugerencia":false}]},"fecha":1596161192012},{"frase":"mamá quiero peinarme ","frecuencia":1,"complejidad":{"valor":0,"pictos componentes":[{"id":628,"esSugerencia":false},{"id":44,"esSugerencia":false},{"id":39,"esSugerencia":false}]},"fecha":1596161199664},{"frase":"abuelo estoy feliz ","frecuencia":2,"complejidad":{"valor":0,"pictos componentes":[{"id":614,"esSugerencia":false},{"id":22,"esSugerencia":false},{"id":181,"esSugerencia":false}]},"fecha":[1596161229645,1599160947189]},{"frase":"dorado ","frecuencia":2,"complejidad":{"valor":0,"pictos componentes":[{"id":738}]},"fecha":[1596161277439,1596161279152]},{"frase":"dorado plateado ","frecuencia":1,"complejidad":{"valor":0,"pictos componentes":[{"id":738},{"id":744}]},"fecha":1596161301951},{"frase":"abuelo estoy feliz animales ¿Qué color es? animales ","frecuencia":1,"complejidad":{"valor":0,"pictos componentes":[{"id":614,"esSugerencia":false},{"id":22,"esSugerencia":false},{"id":181,"esSugerencia":false},{"id":286,"esSugerencia":false},{"id":745,"esSugerencia":false},{"id":286,"esSugerencia":false}]},"fecha":1599160958046},{"frase":"abuelo estoy feliz animales ¿Qué color es? ","frecuencia":1,"complejidad":{"valor":0,"pictos componentes":[{"id":614,"esSugerencia":false},{"id":22,"esSugerencia":false},{"id":181,"esSugerencia":false},{"id":286,"esSugerencia":false},{"id":745,"esSugerencia":false}]},"fecha":1599160965251},{"frase":"Si No No No No No No ","frecuencia":12,"complejidad":{"valor":0,"pictos componentes":[{"id":388,"esSugerencia":false},{"id":389,"esSugerencia":false},{"id":389,"esSugerencia":false},{"id":389,"esSugerencia":false},{"id":389,"esSugerencia":false},{"id":389,"esSugerencia":false},{"id":389,"esSugerencia":false}]},"fecha":[1599161002639,1599161005098,1599161006905,1599161008464,1599161009750,1599161011002,1599161012568,1599161014045,1599161015638,1599161023036,1599161024683,1599161027813]},{"frase":"Si No No No No No No ¿Cómo estás? ","frecuencia":1,"complejidad":{"valor":0,"pictos componentes":[{"id":388,"esSugerencia":false},{"id":389,"esSugerencia":false},{"id":389,"esSugerencia":false},{"id":389,"esSugerencia":false},{"id":389,"esSugerencia":false},{"id":389,"esSugerencia":false},{"id":389,"esSugerencia":false},{"id":378,"esSugerencia":false}]},"fecha":1599161018832},{"frase":"Si No No No No No No No ","frecuencia":12,"complejidad":{"valor":0,"pictos componentes":[{"id":388,"esSugerencia":false},{"id":389,"esSugerencia":false},{"id":389,"esSugerencia":false},{"id":389,"esSugerencia":false},{"id":389,"esSugerencia":false},{"id":389,"esSugerencia":false},{"id":389,"esSugerencia":false},{"id":389,"esSugerencia":false}]},"fecha":[1599161031335,1599161033641,1599161035373,1599161049022,1599161051755,1599279277616,1599354931660,1599354933568,1599354935374,1599354941531,1599354954017,1605215461999]},{"frase":"Si No No No No No No No No ","frecuencia":2,"complejidad":{"valor":0,"pictos componentes":[{"id":388,"esSugerencia":false},{"id":389,"esSugerencia":false},{"id":389,"esSugerencia":false},{"id":389,"esSugerencia":false},{"id":389,"esSugerencia":false},{"id":389,"esSugerencia":false},{"id":389,"esSugerencia":false},{"id":389,"esSugerencia":false},{"id":389,"esSugerencia":false}]},"fecha":[1599161037783,1599354937468]},{"frase":"asno verde Claro ardilla koala koala koala koala ","frecuencia":2,"complejidad":{"valor":0,"pictos componentes":[{"id":288,"esSugerencia":false},{"id":750,"esSugerencia":false},{"id":287,"esSugerencia":false},{"id":321,"esSugerencia":false},{"id":321,"esSugerencia":false},{"id":321,"esSugerencia":false},{"id":321,"esSugerencia":false}]},"fecha":[1599161110014,1599161125353]},{"frase":"asno verde Claro ardilla koala koala koala koala aburrido ","frecuencia":1,"complejidad":{"valor":0,"pictos componentes":[{"id":288,"esSugerencia":false},{"id":750,"esSugerencia":false},{"id":287,"esSugerencia":false},{"id":321,"esSugerencia":false},{"id":321,"esSugerencia":false},{"id":321,"esSugerencia":false},{"id":321,"esSugerencia":false},{"id":119,"esSugerencia":false}]},"fecha":1599161136977},{"frase":"asno verde Claro ardilla koala koala koala koala aburrido lila ","frecuencia":1,"complejidad":{"valor":0,"pictos componentes":[{"id":288,"esSugerencia":false},{"id":750,"esSugerencia":false},{"id":287,"esSugerencia":false},{"id":321,"esSugerencia":false},{"id":321,"esSugerencia":false},{"id":321,"esSugerencia":false},{"id":321,"esSugerencia":false},{"id":119,"esSugerencia":false},{"id":740,"esSugerencia":false}]},"fecha":1599161140620},{"frase":"alto ","frecuencia":1,"complejidad":{"valor":0,"pictos componentes":[{"id":123}]},"fecha":1599279216098},{"frase":"Hola ¿Cómo estás? feliz animales ¿Qué color es? tengo hambre frío ","frecuencia":2,"complejidad":{"valor":0,"pictos componentes":[{"id":377,"esSugerencia":false},{"id":378,"esSugerencia":false},{"id":181,"esSugerencia":false},{"id":286,"esSugerencia":false},{"id":745,"esSugerencia":false},{"id":49,"esSugerencia":false},{"id":597,"esSugerencia":false},{"id":177,"esSugerencia":false}]},"fecha":[1599279238624,1599354995290]},{"frase":"Hola ¿Cómo estás? feliz animales ¿Qué color es? tengo hambre frío Buenas tardes ","frecuencia":2,"complejidad":{"valor":0,"pictos componentes":[{"id":377,"esSugerencia":false},{"id":378,"esSugerencia":false},{"id":181,"esSugerencia":false},{"id":286,"esSugerencia":false},{"id":745,"esSugerencia":false},{"id":49,"esSugerencia":false},{"id":597,"esSugerencia":false},{"id":177,"esSugerencia":false},{"id":380,"horario":["MEDIODIA","TARDE"],"esSugerencia":false}]},"fecha":[1599279245462,1599354988160]},{"frase":"Si No No No No No No No cangrejo ","frecuencia":2,"complejidad":{"valor":0,"pictos componentes":[{"id":388,"esSugerencia":false},{"id":389,"esSugerencia":false},{"id":389,"esSugerencia":false},{"id":389,"esSugerencia":false},{"id":389,"esSugerencia":false},{"id":389,"esSugerencia":false},{"id":389,"esSugerencia":false},{"id":389,"esSugerencia":false},{"id":298}]},"fecha":[1599279325574,1605215466790]},{"frase":"Hola ¿Cómo estás? feliz animales ¿Qué color es? tengo hambre frío Buenas tardes ¿Cómo estás? ¿Cómo estás? ","frecuencia":1,"complejidad":{"valor":0,"pictos componentes":[{"id":377,"esSugerencia":false},{"id":378,"esSugerencia":false},{"id":181,"esSugerencia":false},{"id":286,"esSugerencia":false},{"id":745,"esSugerencia":false},{"id":49,"esSugerencia":false},{"id":597,"esSugerencia":false},{"id":177,"esSugerencia":false},{"id":380,"horario":["MEDIODIA","TARDE"],"esSugerencia":false},{"id":378,"esSugerencia":false},{"id":378,"esSugerencia":false}]},"fecha":1599355013714},{"frase":"yo quiero hacer pis ","frecuencia":3,"complejidad":{"valor":0,"pictos componentes":[{"id":643,"esSugerencia":false},{"id":44,"esSugerencia":false},{"id":29,"esSugerencia":false}]},"fecha":[1605215528027,1605215533435,1605910824720]},{"frase":"yo quiero comer pollo ","frecuencia":1,"complejidad":{"valor":0,"pictos componentes":[{"id":643,"esSugerencia":false},{"id":44,"esSugerencia":false},{"id":118,"esSugerencia":false},{"id":504,"esSugerencia":false}]},"fecha":1605215549379},{"frase":"yo quiero comer manzana ","frecuencia":1,"complejidad":{"valor":0,"pictos componentes":[{"id":643,"esSugerencia":false},{"id":44,"esSugerencia":false},{"id":118,"esSugerencia":false},{"id":474,"esSugerencia":false}]},"fecha":1605215561982},{"frase":"yo quiero comer Golosina ","frecuencia":3,"complejidad":{"valor":0,"pictos componentes":[{"id":643,"esSugerencia":false},{"id":44,"esSugerencia":false},{"id":118,"esSugerencia":false},{"id":494,"esSugerencia":false}]},"fecha":[1605215565574,1605910933654,1605910937296]},{"frase":"yo quiero comer hamburguesa ","frecuencia":1,"complejidad":{"valor":0,"pictos componentes":[{"id":643,"esSugerencia":false},{"id":44,"esSugerencia":false},{"id":118,"esSugerencia":false},{"id":515,"esSugerencia":false}]},"fecha":1605215572542},{"frase":"yo quiero comer ","frecuencia":1,"complejidad":{"valor":0,"pictos componentes":[{"id":643,"esSugerencia":false},{"id":44,"esSugerencia":false},{"id":118,"esSugerencia":false}]},"fecha":1605910929008},{"frase":"yo quiero comer Golosina Golosina ","frecuencia":1,"complejidad":{"valor":0,"pictos componentes":[{"id":643,"esSugerencia":false},{"id":44,"esSugerencia":false},{"id":118,"esSugerencia":false},{"id":494,"esSugerencia":false},{"id":494,"esSugerencia":false}]},"fecha":1605910942877},{"frase":"yo quiero comer Golosina Golosina Golosina ","frecuencia":1,"complejidad":{"valor":0,"pictos componentes":[{"id":643,"esSugerencia":false},{"id":44,"esSugerencia":false},{"id":118,"esSugerencia":false},{"id":494,"esSugerencia":false},{"id":494,"esSugerencia":false},{"id":494,"esSugerencia":false}]},"fecha":1605910948895}]