[{"frase":"Hola ¿Cómo estás? quiero jugar con amigos ","frecuencia":1,"complejidad":{"valor":0,"pictos componentes":[{"id":377,"esSugerencia":false},{"id":378,"esSugerencia":false},{"id":44,"esSugerencia":false},{"id":34,"edad":["NINO"],"esSugerencia":false},{"id":615,"esSugerencia":false}]},"fecha":1567259978486},{"frase":"Hola Buen día estoy mas o menos ","frecuencia":2,"complejidad":{"valor":0,"pictos componentes":[{"id":377,"esSugerencia":false},{"id":379,"horario":["MANANA"],"esSugerencia":false},{"id":22,"esSugerencia":false},{"id":204,"esSugerencia":false}]},"fecha":[1567260061399,1567260068765]},{"frase":"Hola ","frecuencia":19,"complejidad":{"valor":0,"pictos componentes":[{"id":377,"esSugerencia":false}]},"fecha":[1567260082316,1567294091576,1568738672049,1568998851788,1571027766863,1571836136323,1571836144489,1571836180130,1571857317551,1571932275017,1572289836303,1572289837961,1572289841344,1572289852437,1572358941773,1572530795731,1572530801196,1583859536263,1584128392211]},{"frase":"Hola tengo ","frecuencia":2,"complejidad":{"valor":0,"pictos componentes":[{"id":377,"esSugerencia":false},{"id":49,"esSugerencia":false}]},"fecha":[1567260098255,1567260101513]},{"frase":"Hola tengo frío ","frecuencia":1,"complejidad":{"valor":0,"pictos componentes":[{"id":377,"esSugerencia":false},{"id":49,"esSugerencia":false},{"id":177,"esSugerencia":false}]},"fecha":1567260114445},{"frase":"yo ","frecuencia":5,"complejidad":{"valor":0,"pictos componentes":[{"id":643,"esSugerencia":false}]},"fecha":[1567260127630,1567293518152,1592350293816,1592350295441,1592350296379]},{"frase":"yo quiero ","frecuencia":2,"complejidad":{"valor":0,"pictos componentes":[{"id":643,"esSugerencia":false},{"id":44,"esSugerencia":false}]},"fecha":[1567260132524,1567293552381]},{"frase":"yo quiero ir a un supermercado ","frecuencia":1,"complejidad":{"valor":0,"pictos componentes":[{"id":643,"esSugerencia":false},{"id":44,"esSugerencia":false},{"id":30,"esSugerencia":false},{"id":688,"esSugerencia":false}]},"fecha":1567260179577},{"frase":"yo quiero ir a un supermercado mamá ","frecuencia":1,"complejidad":{"valor":0,"pictos componentes":[{"id":643,"esSugerencia":false},{"id":44,"esSugerencia":false},{"id":30,"esSugerencia":false},{"id":688,"esSugerencia":false},{"id":628,"esSugerencia":false}]},"fecha":1567260224959},{"frase":"yo quiero ir a un supermercado comprar ","frecuencia":2,"complejidad":{"valor":0,"pictos componentes":[{"id":643,"esSugerencia":false},{"id":44,"esSugerencia":false},{"id":30,"esSugerencia":false},{"id":688,"esSugerencia":false},{"id":13,"esSugerencia":true}]},"fecha":[1567260246210,1567260253180]},{"frase":"yo quiero ir a un supermercado comprar el coche de bomberos ","frecuencia":1,"complejidad":{"valor":0,"pictos componentes":[{"id":643,"esSugerencia":false},{"id":44,"esSugerencia":false},{"id":30,"esSugerencia":false},{"id":688,"esSugerencia":false},{"id":13,"esSugerencia":true},{"id":981,"esSugerencia":true}]},"fecha":1567260269668},{"frase":"yo quiero ir a un supermercado galleta ","frecuencia":1,"complejidad":{"valor":0,"pictos componentes":[{"id":643,"esSugerencia":false},{"id":44,"esSugerencia":false},{"id":30,"esSugerencia":false},{"id":688,"esSugerencia":false},{"id":415,"esSugerencia":true}]},"fecha":1567260339515},{"frase":"yo estoy ananá Hola ","frecuencia":1,"complejidad":{"valor":0,"pictos componentes":[{"id":643,"esSugerencia":false},{"id":22,"esSugerencia":false},{"id":394,"esSugerencia":true},{"id":377,"esSugerencia":false}]},"fecha":1567262139607},{"frase":"yo quiero comer carne ","frecuencia":3,"complejidad":{"valor":0,"pictos componentes":[{"id":643,"esSugerencia":false},{"id":44,"esSugerencia":false},{"id":118,"esSugerencia":false},{"id":482,"esSugerencia":false}]},"fecha":[1567262185562,1567262192640,1567262340305]},{"frase":"yo quiero comer carne No quiero ","frecuencia":1,"complejidad":{"valor":0,"pictos componentes":[{"id":643,"esSugerencia":false},{"id":44,"esSugerencia":false},{"id":118,"esSugerencia":false},{"id":482,"esSugerencia":false},{"id":389,"esSugerencia":false},{"id":44,"esSugerencia":false}]},"fecha":1567262370842},{"frase":"yo quiero comer carne tomar agua escribir ","frecuencia":1,"complejidad":{"valor":0,"pictos componentes":[{"id":643,"esSugerencia":false},{"id":44,"esSugerencia":false},{"id":118,"esSugerencia":false},{"id":482,"esSugerencia":false},{"id":51,"esSugerencia":true},{"id":500,"esSugerencia":false},{"id":18,"esSugerencia":true}]},"fecha":1567262415198},{"frase":"yo quiero comer carne tomar agua ","frecuencia":1,"complejidad":{"valor":0,"pictos componentes":[{"id":643,"esSugerencia":false},{"id":44,"esSugerencia":false},{"id":118,"esSugerencia":false},{"id":482,"esSugerencia":false},{"id":51,"esSugerencia":true},{"id":500,"esSugerencia":false}]},"fecha":1567262424222},{"frase":"yo quiero comer carne tomar agua banana ","frecuencia":1,"complejidad":{"valor":0,"pictos componentes":[{"id":643,"esSugerencia":false},{"id":44,"esSugerencia":false},{"id":118,"esSugerencia":false},{"id":482,"esSugerencia":false},{"id":51,"esSugerencia":true},{"id":500,"esSugerencia":false},{"id":473,"esSugerencia":true}]},"fecha":1567262434066},{"frase":"Hola ¿Cómo estás? estoy bien suyos ","frecuencia":1,"complejidad":{"valor":0,"pictos componentes":[{"id":377,"esSugerencia":false},{"id":378,"esSugerencia":false},{"id":22,"esSugerencia":false},{"id":133,"esSugerencia":false},{"id":918,"esSugerencia":true}]},"fecha":1567262585292},{"frase":"Hola ¿Cómo estás? estoy bien ","frecuencia":2,"complejidad":{"valor":0,"pictos componentes":[{"id":377,"esSugerencia":false},{"id":378,"esSugerencia":false},{"id":22,"esSugerencia":false},{"id":133,"esSugerencia":false}]},"fecha":[1567262591474,1572358974232]},{"frase":"Hola ¿Cómo estás? estoy bien higiene personal ","frecuencia":1,"complejidad":{"valor":0,"pictos componentes":[{"id":377,"esSugerencia":false},{"id":378,"esSugerencia":false},{"id":22,"esSugerencia":false},{"id":133,"esSugerencia":false},{"id":708}]},"fecha":1567262642527},{"frase":"yo quiero ir a ","frecuencia":5,"complejidad":{"valor":0,"pictos componentes":[{"id":643,"esSugerencia":false},{"id":44,"esSugerencia":false},{"id":30,"esSugerencia":false}]},"fecha":[1567293555423,1567293568372,1567293685268,1567293774885,1567293836105]},{"frase":"yo quiero ir a casa ","frecuencia":2,"complejidad":{"valor":0,"pictos componentes":[{"id":643,"esSugerencia":false},{"id":44,"esSugerencia":false},{"id":30,"esSugerencia":false},{"id":653,"esSugerencia":false}]},"fecha":[1567293849273,1567293856557]},{"frase":"yo quiero ir a casa Hola ","frecuencia":1,"complejidad":{"valor":0,"pictos componentes":[{"id":643,"esSugerencia":false},{"id":44,"esSugerencia":false},{"id":30,"esSugerencia":false},{"id":653,"esSugerencia":false},{"id":377,"esSugerencia":false}]},"fecha":1567294067351},{"frase":"Hola ¿Cómo estás? ","frecuencia":15,"complejidad":{"valor":0,"pictos componentes":[{"id":377,"esSugerencia":false},{"id":378,"esSugerencia":false}]},"fecha":[1567294111903,1567294121777,1567372258139,1568738676717,1568998856603,1571027773376,1571857221944,1571857229378,1572289863716,1572358948431,1572530805658,1572530813727,1572530820478,1584128406432,1592349594118]},{"frase":"Hola ¿Cómo estás? estoy mas o menos ","frecuencia":3,"complejidad":{"valor":0,"pictos componentes":[]},"fecha":[1568998868581,1571931715723,1584128453442]},{"frase":"Hola ¿Cómo estás? estoy aburrido ","frecuencia":1,"complejidad":{"valor":0,"pictos componentes":[{"id":377,"esSugerencia":false},{"id":378,"esSugerencia":false},{"id":22,"esSugerencia":false},{"id":119,"esSugerencia":false}]},"fecha":1571027789787},{"frase":"Hola quiero jugar con la pelota ","frecuencia":1,"complejidad":{"valor":0,"pictos componentes":[{"id":377,"esSugerencia":false},{"id":44,"esSugerencia":false},{"id":34,"edad":["NINO"],"esSugerencia":false},{"id":996,"esSugerencia":false}]},"fecha":1571836206176},{"frase":"","frecuencia":2,"complejidad":{"valor":0,"pictos componentes":[]},"fecha":[1571857198943,1571932255048]},{"frase":"Hola ¿Cómo estás? estoy mas o menos jugar con ","frecuencia":2,"complejidad":{"valor":0,"pictos componentes":[]},"fecha":[1571931771703,1584128461133]},{"frase":"Hola ¿Cómo estás? estoy mas o menos jugar con papá dame el cuento el tambor ","frecuencia":3,"complejidad":{"valor":0,"pictos componentes":[]},"fecha":[1571931835514,1571931843114,1571931853474]},{"frase":"Hola ¿Cómo estás? estoy mas o menos jugar con papá dame el cuento el tambor la bateria escuela sentarme ","frecuencia":2,"complejidad":{"valor":0,"pictos componentes":[]},"fecha":[1571932131440,1571932153146]},{"frase":"Hola ¿Cómo estás? estoy mas o menos jugar con papá dame el cuento el tambor la bateria escuela sentarme escuela buscar ","frecuencia":2,"complejidad":{"valor":0,"pictos componentes":[]},"fecha":[1571932204977,1571932243789]},{"frase":"Hola Buenas tardes ","frecuencia":1,"complejidad":{"valor":0,"pictos componentes":[{"id":377,"esSugerencia":false},{"id":380,"horario":["MEDIODIA","TARDE"],"esSugerencia":false}]},"fecha":1571932276080},{"frase":"quiero ir a un supermercado comprar ","frecuencia":1,"complejidad":{"valor":0,"pictos componentes":[{"id":44,"esSugerencia":false},{"id":30,"esSugerencia":false},{"id":688,"esSugerencia":false},{"id":13,"esSugerencia":false}]},"fecha":1571932329087},{"frase":"quiero ir a comer hamburguesa tomar ","frecuencia":2,"complejidad":{"valor":0,"pictos componentes":[]},"fecha":[1572706328180,1572707047361]},{"frase":"Hola quiero ir a casa ","frecuencia":1,"complejidad":{"valor":0,"pictos componentes":[{"id":377,"esSugerencia":false},{"id":44,"esSugerencia":false},{"id":30,"esSugerencia":false},{"id":653,"esSugerencia":false}]},"fecha":1583855764284},{"frase":"Hola quiero ir a ","frecuencia":1,"complejidad":{"valor":0,"pictos componentes":[{"id":377,"esSugerencia":false},{"id":44,"esSugerencia":false},{"id":30,"esSugerencia":false}]},"fecha":1583856012188},{"frase":"Hola quiero ir a hospital ","frecuencia":1,"complejidad":{"valor":0,"pictos componentes":[{"id":377,"esSugerencia":false},{"id":44,"esSugerencia":false},{"id":30,"esSugerencia":false},{"id":668,"esSugerencia":false}]},"fecha":1583859527111},{"frase":"Hola ¿Cómo estás? quiero comer ","frecuencia":1,"complejidad":{"valor":0,"pictos componentes":[{"id":377,"esSugerencia":false},{"id":378,"esSugerencia":false},{"id":44,"esSugerencia":false},{"id":118,"esSugerencia":false}]},"fecha":1583859545633},{"frase":"Hola ¿Cómo estás? quiero comer hamburguesa ","frecuencia":1,"complejidad":{"valor":0,"pictos componentes":[{"id":377,"esSugerencia":false},{"id":378,"esSugerencia":false},{"id":44,"esSugerencia":false},{"id":118,"esSugerencia":false},{"id":515,"esSugerencia":false}]},"fecha":1583859864593},{"frase":"Hola ¿Cómo estás? estoy ","frecuencia":1,"complejidad":{"valor":0,"pictos componentes":[{"id":377,"esSugerencia":false},{"id":378,"esSugerencia":false},{"id":22,"esSugerencia":false}]},"fecha":1592349606076},{"frase":"Hola ¿Cómo estás? estoy feliz ","frecuencia":1,"complejidad":{"valor":0,"pictos componentes":[{"id":377,"esSugerencia":false},{"id":378,"esSugerencia":false},{"id":22,"esSugerencia":false},{"id":181,"esSugerencia":false}]},"fecha":1592349670846}]