[{"frase":"Hola Buenas tardes ","frecuencia":3,"complejidad":{"valor":0,"pictos componentes":[{"id":377,"esSugerencia":false},{"id":380,"horario":["MEDIODIA","TARDE"],"esSugerencia":false}]},"fecha":[1553516928565,1555440857691,1555442730195]},{"frase":"papá quiero ir a comer carne ","frecuencia":1,"complejidad":{"valor":0,"pictos componentes":[{"id":632,"esSugerencia":false},{"id":44,"esSugerencia":false},{"id":30,"esSugerencia":false},{"id":118,"esSugerencia":false},{"id":482,"esSugerencia":false}]},"fecha":1553516978056},{"frase":"Hola ","frecuencia":37,"complejidad":{"valor":0,"pictos componentes":[{"id":377,"esSugerencia":false}]},"fecha":[1553517004047,1554309247724,1554309253739,1554309267800,1554310648527,1554310653181,1554310655115,1555440815197,1555440819020,1555440846692,1555442386121,1555442557536,1555442726171,1556307893502,1556308105955,1556308994284,1556556806961,1556556905496,1556654733323,1571419408047,1571426863962,1571427188101,1583694349405,1583694350882,1583694351854,1583694352924,1583694354193,1583694355402,1584138607149,1584138621173,1584138639726,1591399700450,1591399845850,1591743994372,1591743997652,1591743999382,1591744000685]},{"frase":"Hola ¿Cómo estás? quiero jugar con la pelota ","frecuencia":1,"complejidad":{"valor":0,"pictos componentes":[{"id":377,"esSugerencia":false},{"id":378,"esSugerencia":false},{"id":44,"esSugerencia":false},{"id":34,"edad":["NINO"],"esSugerencia":false},{"id":996,"esSugerencia":false}]},"fecha":1553517031046},{"frase":"yo quiero comer verduras ","frecuencia":1,"complejidad":{"valor":0,"pictos componentes":[{"id":643,"esSugerencia":false},{"id":44,"esSugerencia":false},{"id":118,"esSugerencia":false},{"id":478,"esSugerencia":false}]},"fecha":1553517066560},{"frase":"","frecuencia":23,"complejidad":{"valor":0,"pictos componentes":[]},"fecha":[1554309245721,1555440849230,1555440851692,1555442270828,1555442271969,1556307851633,1556307855231,1556307895632,1556307897184,1556307898950,1556556800122,1556556803037,1556654716635,1556654718120,1556654734839,1560124598198,1571419384107,1571419384345,1571419608423,1575033461927,1575033462107,1591399695144,1591399834993]},{"frase":"mamá ","frecuencia":8,"complejidad":{"valor":0,"pictos componentes":[{"id":628,"esSugerencia":false}]},"fecha":[1554309278015,1554310664230,1554310860856,1554310921923,1554310923253,1555440830713,1555442396882,1555442468291]},{"frase":"quiero ir a ","frecuencia":1,"complejidad":{"valor":0,"pictos componentes":[{"id":44,"esSugerencia":false},{"id":30,"esSugerencia":false}]},"fecha":1554309290986},{"frase":"quiero ir a casa ","frecuencia":1,"complejidad":{"valor":0,"pictos componentes":[{"id":44,"esSugerencia":false},{"id":30,"esSugerencia":false},{"id":653,"esSugerencia":false}]},"fecha":1554309300825},{"frase":"quiero ir a casa papá ","frecuencia":1,"complejidad":{"valor":0,"pictos componentes":[{"id":44,"esSugerencia":false},{"id":30,"esSugerencia":false},{"id":653,"esSugerencia":false},{"id":632,"esSugerencia":true}]},"fecha":1554309305019},{"frase":"quiero ir a casa papá dame ","frecuencia":1,"complejidad":{"valor":0,"pictos componentes":[{"id":44,"esSugerencia":false},{"id":30,"esSugerencia":false},{"id":653,"esSugerencia":false},{"id":632,"esSugerencia":true},{"id":14,"esSugerencia":false}]},"fecha":1554309309091},{"frase":"quiero ir a casa papá dame leche y galletas ","frecuencia":1,"complejidad":{"valor":0,"pictos componentes":[{"id":44,"esSugerencia":false},{"id":30,"esSugerencia":false},{"id":653,"esSugerencia":false},{"id":632,"esSugerencia":true},{"id":14,"esSugerencia":false},{"id":427,"esSugerencia":false}]},"fecha":1554309314791},{"frase":"mamá ¿Cómo estás? ","frecuencia":2,"complejidad":{"valor":0,"pictos componentes":[{"id":628,"esSugerencia":false},{"id":378,"esSugerencia":false}]},"fecha":[1554309360849,1554311225954]},{"frase":"papá ","frecuencia":4,"complejidad":{"valor":0,"pictos componentes":[{"id":632,"esSugerencia":false}]},"fecha":[1554310702802,1555442425309,1555442428395,1555442429595]},{"frase":"mamá dame ","frecuencia":4,"complejidad":{"valor":0,"pictos componentes":[{"id":628,"esSugerencia":false},{"id":14,"esSugerencia":false}]},"fecha":[1554310865620,1554310927714,1556556811938,1556556875786]},{"frase":"mamá dame leche y galletas ","frecuencia":2,"complejidad":{"valor":0,"pictos componentes":[{"id":628,"esSugerencia":false},{"id":14,"esSugerencia":false},{"id":427,"esSugerencia":false}]},"fecha":[1554310871766,1556654865568]},{"frase":"mamá dame la tablet ","frecuencia":2,"complejidad":{"valor":0,"pictos componentes":[{"id":628,"esSugerencia":false},{"id":14,"esSugerencia":false},{"id":774,"esSugerencia":false}]},"fecha":[1554310953699,1556556889156]},{"frase":"mamá tengo ","frecuencia":1,"complejidad":{"valor":0,"pictos componentes":[{"id":628,"esSugerencia":false},{"id":49,"esSugerencia":false}]},"fecha":1554310962892},{"frase":"mamá tengo hambre ","frecuencia":5,"complejidad":{"valor":0,"pictos componentes":[{"id":628,"esSugerencia":false},{"id":49,"esSugerencia":false},{"id":597,"esSugerencia":false}]},"fecha":[1554310967647,1555441113687,1571419268163,1571419274141,1571419279839]},{"frase":"yo quiero buscar ","frecuencia":2,"complejidad":{"valor":0,"pictos componentes":[{"id":643,"esSugerencia":false},{"id":44,"esSugerencia":false},{"id":5,"esSugerencia":false}]},"fecha":[1554311046541,1556556838158]},{"frase":"yo quiero buscar comida ","frecuencia":1,"complejidad":{"valor":0,"pictos componentes":[{"id":643,"esSugerencia":false},{"id":44,"esSugerencia":false},{"id":5,"esSugerencia":false},{"id":1014,"esSugerencia":false}]},"fecha":1554311052864},{"frase":"Hola Buen día ","frecuencia":2,"complejidad":{"valor":0,"pictos componentes":[{"id":377,"esSugerencia":false},{"id":379,"horario":["MANANA"],"esSugerencia":false}]},"fecha":[1554311072800,1591399706044]},{"frase":"Hola Buen día quiero ","frecuencia":2,"complejidad":{"valor":0,"pictos componentes":[{"id":377,"esSugerencia":false},{"id":379,"horario":["MANANA"],"esSugerencia":false},{"id":44,"esSugerencia":false}]},"fecha":[1554311080637,1556654907118]},{"frase":"Hola Buen día quiero ir a ","frecuencia":1,"complejidad":{"valor":0,"pictos componentes":[{"id":377,"esSugerencia":false},{"id":379,"horario":["MANANA"],"esSugerencia":false},{"id":44,"esSugerencia":false},{"id":30,"esSugerencia":false}]},"fecha":1554311085407},{"frase":"Hola Buen día quiero ir a casa ","frecuencia":1,"complejidad":{"valor":0,"pictos componentes":[{"id":377,"esSugerencia":false},{"id":379,"horario":["MANANA"],"esSugerencia":false},{"id":44,"esSugerencia":false},{"id":30,"esSugerencia":false},{"id":653,"esSugerencia":false}]},"fecha":1554311090897},{"frase":"Si quiero comer ","frecuencia":1,"complejidad":{"valor":0,"pictos componentes":[{"id":388,"esSugerencia":false},{"id":44,"esSugerencia":false},{"id":118,"esSugerencia":false}]},"fecha":1554311206635},{"frase":"Hola tengo hambre ","frecuencia":4,"complejidad":{"valor":0,"pictos componentes":[{"id":377,"esSugerencia":false},{"id":49,"esSugerencia":false},{"id":597,"esSugerencia":false}]},"fecha":[1555440649531,1556557455890,1571426875930,1591399721244]},{"frase":"avión ","frecuencia":1,"complejidad":{"valor":0,"pictos componentes":[{"id":606}]},"fecha":1555440981016},{"frase":"papá quiero comer ","frecuencia":1,"complejidad":{"valor":0,"pictos componentes":[{"id":632,"esSugerencia":false},{"id":44,"esSugerencia":false},{"id":118,"esSugerencia":false}]},"fecha":1555441096065},{"frase":"cebolla alcaucil acá hacer pis ","frecuencia":1,"complejidad":{"valor":0,"pictos componentes":[{"id":403},{"id":392,"esSugerencia":true},{"id":644,"esSugerencia":true},{"id":29,"esSugerencia":true}]},"fecha":1555442380629},{"frase":"Hola ¿Cómo estás? ","frecuencia":11,"complejidad":{"valor":0,"pictos componentes":[{"id":377,"esSugerencia":false},{"id":378,"esSugerencia":false}]},"fecha":[1555442391577,1555442440619,1555442443351,1555442562959,1556556910960,1556556932790,1556654915722,1571419417304,1571419424075,1575033468108,1583694122112]},{"frase":"mamá quiero jugar con ","frecuencia":1,"complejidad":{"valor":0,"pictos componentes":[{"id":628,"esSugerencia":false},{"id":44,"esSugerencia":false},{"id":34,"edad":["NINO"],"esSugerencia":false}]},"fecha":1555442483642},{"frase":"mamá quiero jugar con la pelota ","frecuencia":1,"complejidad":{"valor":0,"pictos componentes":[{"id":628,"esSugerencia":false},{"id":44,"esSugerencia":false},{"id":34,"edad":["NINO"],"esSugerencia":false},{"id":996,"esSugerencia":false}]},"fecha":1555442493376},{"frase":"mamá quiero jugar con la pelota verde ","frecuencia":1,"complejidad":{"valor":0,"pictos componentes":[{"id":628,"esSugerencia":false},{"id":44,"esSugerencia":false},{"id":34,"edad":["NINO"],"esSugerencia":false},{"id":996,"esSugerencia":false},{"id":749,"esSugerencia":false}]},"fecha":1555442512218},{"frase":"mamá quiero jugar con la pelota verde leer ","frecuencia":1,"complejidad":{"valor":0,"pictos componentes":[{"id":628,"esSugerencia":false},{"id":44,"esSugerencia":false},{"id":34,"edad":["NINO"],"esSugerencia":false},{"id":996,"esSugerencia":false},{"id":749,"esSugerencia":false},{"id":32,"esSugerencia":true}]},"fecha":1555442524391},{"frase":"mamá quiero jugar con la pelota verde leer Adiós ","frecuencia":1,"complejidad":{"valor":0,"pictos componentes":[{"id":628,"esSugerencia":false},{"id":44,"esSugerencia":false},{"id":34,"edad":["NINO"],"esSugerencia":false},{"id":996,"esSugerencia":false},{"id":749,"esSugerencia":false},{"id":32,"esSugerencia":true},{"id":382,"esSugerencia":true}]},"fecha":1555442538190},{"frase":"Hola ¿Cómo estás? quiero ","frecuencia":1,"complejidad":{"valor":0,"pictos componentes":[{"id":377,"esSugerencia":false},{"id":378,"esSugerencia":false},{"id":44,"esSugerencia":false}]},"fecha":1555442577515},{"frase":"Hola ¿Cómo estás? quiero jugar con ","frecuencia":1,"complejidad":{"valor":0,"pictos componentes":[{"id":377,"esSugerencia":false},{"id":378,"esSugerencia":false},{"id":44,"esSugerencia":false},{"id":34,"edad":["NINO"],"esSugerencia":false}]},"fecha":1555442586826},{"frase":"Hola ¿Cómo estás? quiero jugar con el juguete negro ","frecuencia":2,"complejidad":{"valor":0,"pictos componentes":[{"id":377,"esSugerencia":false},{"id":378,"esSugerencia":false},{"id":44,"esSugerencia":false},{"id":34,"edad":["NINO"],"esSugerencia":false},{"id":761,"esSugerencia":false},{"id":743,"esSugerencia":false}]},"fecha":[1555442599124,1555442613415]},{"frase":"Hola ¿Cómo estás? quiero jugar con el juguete negro naranja ","frecuencia":1,"complejidad":{"valor":0,"pictos componentes":[{"id":377,"esSugerencia":false},{"id":378,"esSugerencia":false},{"id":44,"esSugerencia":false},{"id":34,"edad":["NINO"],"esSugerencia":false},{"id":761,"esSugerencia":false},{"id":743,"esSugerencia":false},{"id":742,"esSugerencia":true}]},"fecha":1555442627593},{"frase":"Hola ¿Cómo estás? quiero jugar con el juguete negro naranja gallo ","frecuencia":1,"complejidad":{"valor":0,"pictos componentes":[{"id":377,"esSugerencia":false},{"id":378,"esSugerencia":false},{"id":44,"esSugerencia":false},{"id":34,"edad":["NINO"],"esSugerencia":false},{"id":761,"esSugerencia":false},{"id":743,"esSugerencia":false},{"id":742,"esSugerencia":true},{"id":310,"esSugerencia":true}]},"fecha":1555442638501},{"frase":"yo ","frecuencia":9,"complejidad":{"valor":0,"pictos componentes":[{"id":643,"esSugerencia":false}]},"fecha":[1555442657859,1556556898621,1556654714754,1556654770711,1556654799271,1571427309821,1589836378638,1589836380405,1589836383032]},{"frase":"yo tengo ","frecuencia":2,"complejidad":{"valor":0,"pictos componentes":[{"id":643,"esSugerencia":false},{"id":49,"esSugerencia":false}]},"fecha":[1555442662563,1571427320427]},{"frase":"yo tengo frío ","frecuencia":1,"complejidad":{"valor":0,"pictos componentes":[{"id":643,"esSugerencia":false},{"id":49,"esSugerencia":false},{"id":177,"esSugerencia":false}]},"fecha":1555442670993},{"frase":"yo tengo frío borrar ","frecuencia":1,"complejidad":{"valor":0,"pictos componentes":[{"id":643,"esSugerencia":false},{"id":49,"esSugerencia":false},{"id":177,"esSugerencia":false},{"id":4,"esSugerencia":true}]},"fecha":1555442677033},{"frase":"yo tengo frío borrar axila ","frecuencia":1,"complejidad":{"valor":0,"pictos componentes":[{"id":643,"esSugerencia":false},{"id":49,"esSugerencia":false},{"id":177,"esSugerencia":false},{"id":4,"esSugerencia":true},{"id":776,"esSugerencia":true}]},"fecha":1555442684951},{"frase":"yo tengo frío borrar axila rojo ","frecuencia":1,"complejidad":{"valor":0,"pictos componentes":[{"id":643,"esSugerencia":false},{"id":49,"esSugerencia":false},{"id":177,"esSugerencia":false},{"id":4,"esSugerencia":true},{"id":776,"esSugerencia":true},{"id":746,"esSugerencia":true}]},"fecha":1555442692285},{"frase":"Hola Buenas tardes tengo ","frecuencia":2,"complejidad":{"valor":0,"pictos componentes":[{"id":377,"esSugerencia":false},{"id":380,"horario":["MEDIODIA","TARDE"],"esSugerencia":false},{"id":49,"esSugerencia":false}]},"fecha":[1555442741192,1555442747879]},{"frase":"Hola Buenas tardes tengo frío ","frecuencia":3,"complejidad":{"valor":0,"pictos componentes":[{"id":377,"esSugerencia":false},{"id":380,"horario":["MEDIODIA","TARDE"],"esSugerencia":false},{"id":49,"esSugerencia":false},{"id":177,"esSugerencia":false}]},"fecha":[1555442753335,1555442761213,1555442765445]},{"frase":"Hola Buenas tardes tengo frío borrar ","frecuencia":1,"complejidad":{"valor":0,"pictos componentes":[{"id":377,"esSugerencia":false},{"id":380,"horario":["MEDIODIA","TARDE"],"esSugerencia":false},{"id":49,"esSugerencia":false},{"id":177,"esSugerencia":false},{"id":4,"esSugerencia":false}]},"fecha":1555442777883},{"frase":"Hola Buenas tardes tengo frío borrar sentarme ","frecuencia":2,"complejidad":{"valor":0,"pictos componentes":[{"id":377,"esSugerencia":false},{"id":380,"horario":["MEDIODIA","TARDE"],"esSugerencia":false},{"id":49,"esSugerencia":false},{"id":177,"esSugerencia":false},{"id":4,"esSugerencia":false},{"id":101,"esSugerencia":true}]},"fecha":[1555442792767,1555442803108]},{"frase":"Hola Buenas tardes tengo frío borrar sentarme bocadillo canelones hacer pis ","frecuencia":5,"complejidad":{"valor":0,"pictos componentes":[{"id":377,"esSugerencia":false},{"id":380,"horario":["MEDIODIA","TARDE"],"esSugerencia":false},{"id":49,"esSugerencia":false},{"id":177,"esSugerencia":false},{"id":4,"esSugerencia":false},{"id":101,"esSugerencia":true},{"id":398,"esSugerencia":true},{"id":400,"esSugerencia":true},{"id":29,"esSugerencia":true}]},"fecha":[1555442832439,1555442840945,1555442850621,1555442858165,1555442876146]},{"frase":"coche ","frecuencia":1,"complejidad":{"valor":0,"pictos componentes":[{"id":608,"esSugerencia":true}]},"fecha":1555443009738},{"frase":"coche yo ","frecuencia":1,"complejidad":{"valor":0,"pictos componentes":[{"id":608,"esSugerencia":true},{"id":643,"esSugerencia":true}]},"fecha":1555443013672},{"frase":"coche yo nadar ","frecuencia":1,"complejidad":{"valor":0,"pictos componentes":[{"id":608,"esSugerencia":true},{"id":643,"esSugerencia":true},{"id":86,"esSugerencia":true}]},"fecha":1555443030402},{"frase":"coche yo nadar la guitarra eléctrica el violín el tambor la bateria ","frecuencia":2,"complejidad":{"valor":0,"pictos componentes":[{"id":608,"esSugerencia":true},{"id":643,"esSugerencia":true},{"id":86,"esSugerencia":true},{"id":856,"esSugerencia":true},{"id":876,"esSugerencia":true},{"id":870,"esSugerencia":true},{"id":849,"esSugerencia":true}]},"fecha":[1555443043402,1555443052694]},{"frase":"coche yo nadar la guitarra eléctrica el violín el tambor la bateria asustado pizarrón galleta galleta galleta galleta galleta galleta galleta galleta ","frecuencia":1,"complejidad":{"valor":0,"pictos componentes":[{"id":608,"esSugerencia":true},{"id":643,"esSugerencia":true},{"id":86,"esSugerencia":true},{"id":856,"esSugerencia":true},{"id":876,"esSugerencia":true},{"id":870,"esSugerencia":true},{"id":849,"esSugerencia":true},{"id":121,"esSugerencia":true},{"id":770,"esSugerencia":true},{"id":415,"esSugerencia":true},{"id":415,"esSugerencia":true},{"id":415,"esSugerencia":false},{"id":415,"esSugerencia":false},{"id":415,"esSugerencia":false},{"id":415,"esSugerencia":false},{"id":415,"esSugerencia":false},{"id":415,"esSugerencia":false}]},"fecha":1555443075003},{"frase":"mamá quiero comer ","frecuencia":4,"complejidad":{"valor":0,"pictos componentes":[{"id":628,"esSugerencia":false},{"id":44,"esSugerencia":false},{"id":118,"esSugerencia":false}]},"fecha":[1556307797630,1556307811312,1556307816419,1556307820226]},{"frase":"mamá quiero ","frecuencia":1,"complejidad":{"valor":0,"pictos componentes":[{"id":628,"esSugerencia":false},{"id":44,"esSugerencia":false}]},"fecha":1556307860392},{"frase":"yo quiero ir a un supermercado galleta ananá ","frecuencia":1,"complejidad":{"valor":0,"pictos componentes":[{"id":643,"esSugerencia":false},{"id":44,"esSugerencia":false},{"id":30,"esSugerencia":false},{"id":688,"esSugerencia":false},{"id":415,"esSugerencia":true},{"id":394,"esSugerencia":true}]},"fecha":1556307922144},{"frase":"Hola Buen día tengo ","frecuencia":1,"complejidad":{"valor":0,"pictos componentes":[{"id":377,"esSugerencia":false},{"id":379,"horario":["MANANA"],"esSugerencia":false},{"id":49,"esSugerencia":false}]},"fecha":1556308119226},{"frase":"Hola Buen día quiero comer pollo muslo de pollo cambiarme el pañal ","frecuencia":1,"complejidad":{"valor":0,"pictos componentes":[{"id":377,"esSugerencia":false},{"id":379,"horario":["MANANA"],"esSugerencia":false},{"id":44,"esSugerencia":false},{"id":118,"esSugerencia":false},{"id":504,"esSugerencia":false},{"id":505,"esSugerencia":true},{"id":9,"esSugerencia":true}]},"fecha":1556308167048},{"frase":"mamá tengo hambre canelones ","frecuencia":3,"complejidad":{"valor":0,"pictos componentes":[{"id":628,"esSugerencia":false},{"id":49,"esSugerencia":false},{"id":597,"esSugerencia":false},{"id":400,"esSugerencia":true}]},"fecha":[1556308209153,1571419284913,1571419294215]},{"frase":"mamá tengo hambre caballito de mar reptíles ternera abeja abuelo ","frecuencia":1,"complejidad":{"valor":0,"pictos componentes":[{"id":628,"esSugerencia":false},{"id":49,"esSugerencia":false},{"id":597,"esSugerencia":false},{"id":292,"esSugerencia":true},{"id":349,"esSugerencia":true},{"id":353,"esSugerencia":true},{"id":283,"esSugerencia":true},{"id":614,"esSugerencia":false}]},"fecha":1556308262163},{"frase":"yo quiero buscar comida escuela ","frecuencia":1,"complejidad":{"valor":0,"pictos componentes":[{"id":643,"esSugerencia":false},{"id":44,"esSugerencia":false},{"id":5,"esSugerencia":false},{"id":1014,"esSugerencia":false},{"id":662,"esSugerencia":true}]},"fecha":1556308382768},{"frase":"mamá ¿Cómo estás? en dolor de Garganta caro chuleta coyote perro ","frecuencia":1,"complejidad":{"valor":0,"pictos componentes":[{"id":628,"esSugerencia":false},{"id":378,"esSugerencia":false},{"id":533,"esSugerencia":true},{"id":826,"esSugerencia":true},{"id":144,"esSugerencia":true},{"id":513,"esSugerencia":true},{"id":306,"esSugerencia":true},{"id":342,"esSugerencia":true}]},"fecha":1556308425531},{"frase":"papá dame leche y galletas ","frecuencia":1,"complejidad":{"valor":0,"pictos componentes":[{"id":632,"esSugerencia":false},{"id":14,"esSugerencia":false},{"id":427,"esSugerencia":false}]},"fecha":1556308503741},{"frase":"yo nadar patalear respirar bajo el agua sentarme en el borde salir del agua respirar bajo el agua niño ","frecuencia":1,"complejidad":{"valor":0,"pictos componentes":[{"id":643,"esSugerencia":false},{"id":86,"esSugerencia":false},{"id":88,"esSugerencia":true},{"id":96,"esSugerencia":true},{"id":102,"esSugerencia":true},{"id":99,"esSugerencia":true},{"id":96,"esSugerencia":true},{"id":630,"esSugerencia":true}]},"fecha":1556308551048},{"frase":"hermano quiero apagar la computadora ","frecuencia":1,"complejidad":{"valor":0,"pictos componentes":[{"id":623,"esSugerencia":false},{"id":44,"esSugerencia":false},{"id":2,"esSugerencia":false},{"id":1016,"esSugerencia":false}]},"fecha":1556308626404},{"frase":"lavarme las manos ","frecuencia":1,"complejidad":{"valor":0,"pictos componentes":[{"id":31,"esSugerencia":true}]},"fecha":1556308982712},{"frase":"quiero jugar con el juguete ","frecuencia":1,"complejidad":{"valor":0,"pictos componentes":[{"id":44,"esSugerencia":false},{"id":34,"edad":["NINO"],"esSugerencia":false},{"id":761,"esSugerencia":false}]},"fecha":1556309002526},{"frase":"yo nadar patalear patalear ","frecuencia":1,"complejidad":{"valor":0,"pictos componentes":[{"id":643,"esSugerencia":false},{"id":86,"esSugerencia":false},{"id":88,"esSugerencia":false},{"id":88,"esSugerencia":true}]},"fecha":1556309015939},{"frase":"Hola Buen día quiero comer hamburguesa ","frecuencia":1,"complejidad":{"valor":0,"pictos componentes":[{"id":377,"esSugerencia":false},{"id":379,"horario":["MANANA"],"esSugerencia":false},{"id":44,"esSugerencia":false},{"id":118,"esSugerencia":false},{"id":515,"esSugerencia":false}]},"fecha":1556309039913},{"frase":"quiero ","frecuencia":2,"complejidad":{"valor":0,"pictos componentes":[{"id":44,"esSugerencia":false}]},"fecha":[1556556817431,1556654780557]},{"frase":"yo nadar ","frecuencia":1,"complejidad":{"valor":0,"pictos componentes":[{"id":643,"esSugerencia":false},{"id":86,"esSugerencia":false}]},"fecha":1556556828332},{"frase":"yo nadar quiero buscar comida escuela ","frecuencia":1,"complejidad":{"valor":0,"pictos componentes":[{"id":643,"esSugerencia":false},{"id":86,"esSugerencia":false},{"id":44,"esSugerencia":true},{"id":5,"esSugerencia":false},{"id":1014,"esSugerencia":false},{"id":662,"esSugerencia":false}]},"fecha":1556556865162},{"frase":"quiero jugar con ","frecuencia":1,"complejidad":{"valor":0,"pictos componentes":[{"id":44,"esSugerencia":false},{"id":34,"edad":["NINO"],"esSugerencia":false}]},"fecha":1556556922902},{"frase":"yo quiero comer carne tomar gaseosa ","frecuencia":1,"complejidad":{"valor":0,"pictos componentes":[{"id":643,"esSugerencia":false},{"id":44,"esSugerencia":false},{"id":118,"esSugerencia":false},{"id":482,"esSugerencia":false},{"id":51,"esSugerencia":true},{"id":501,"esSugerencia":false}]},"fecha":1556557659741},{"frase":"quiero buscar ","frecuencia":1,"complejidad":{"valor":0,"pictos componentes":[{"id":44,"esSugerencia":false},{"id":5,"esSugerencia":false}]},"fecha":1556654766551},{"frase":"yo quiero jugar con ","frecuencia":1,"complejidad":{"valor":0,"pictos componentes":[{"id":643,"esSugerencia":false},{"id":44,"esSugerencia":false},{"id":34,"edad":["NINO"],"esSugerencia":false}]},"fecha":1556654823794},{"frase":"yo quiero jugar con amigos ","frecuencia":1,"complejidad":{"valor":0,"pictos componentes":[{"id":643,"esSugerencia":false},{"id":44,"esSugerencia":false},{"id":34,"edad":["NINO"],"esSugerencia":false},{"id":615,"esSugerencia":false}]},"fecha":1556654845044},{"frase":"Hola Buen día ir a casa ","frecuencia":1,"complejidad":{"valor":0,"pictos componentes":[{"id":377,"esSugerencia":false},{"id":379,"horario":["MANANA"],"esSugerencia":false},{"id":30,"esSugerencia":true},{"id":653,"esSugerencia":false}]},"fecha":1556654886480},{"frase":"yo nadar patalear respirar bajo el agua sentarme en el borde salir del agua ","frecuencia":1,"complejidad":{"valor":0,"pictos componentes":[{"id":643,"esSugerencia":false},{"id":86,"esSugerencia":false},{"id":88,"esSugerencia":false},{"id":96,"esSugerencia":false},{"id":102,"esSugerencia":false},{"id":99,"esSugerencia":false}]},"fecha":1556654940109},{"frase":"yo tengo hambre abeja ","frecuencia":1,"complejidad":{"valor":0,"pictos componentes":[{"id":643,"esSugerencia":false},{"id":49,"esSugerencia":false},{"id":597,"esSugerencia":false},{"id":283,"esSugerencia":false}]},"fecha":1556654964156},{"frase":"yo tengo hambre canelones hacer pis ","frecuencia":4,"complejidad":{"valor":0,"pictos componentes":[{"id":643,"esSugerencia":false},{"id":49,"esSugerencia":false},{"id":597,"esSugerencia":false},{"id":400,"esSugerencia":false},{"id":29,"esSugerencia":false}]},"fecha":[1556655014913,1571427346702,1571427353764,1571427366090]},{"frase":"arándanos quiero comer hamburguesa gato ","frecuencia":1,"complejidad":{"valor":0,"pictos componentes":[{"id":395,"esSugerencia":true},{"id":44,"esSugerencia":true},{"id":118,"esSugerencia":false},{"id":515,"esSugerencia":false},{"id":313,"esSugerencia":true}]},"fecha":1556655154920},{"frase":"abuelo dame la tablet ","frecuencia":1,"complejidad":{"valor":0,"pictos componentes":[{"id":614,"esSugerencia":false},{"id":14,"esSugerencia":false},{"id":774,"esSugerencia":false}]},"fecha":1571355197819},{"frase":"abuelo dame la tablet aburrido ","frecuencia":1,"complejidad":{"valor":0,"pictos componentes":[{"id":614,"esSugerencia":false},{"id":14,"esSugerencia":false},{"id":774,"esSugerencia":false},{"id":119,"esSugerencia":false}]},"fecha":1571355201029},{"frase":"abuelo dame la tablet aburrido quiero ","frecuencia":1,"complejidad":{"valor":0,"pictos componentes":[{"id":614,"esSugerencia":false},{"id":14,"esSugerencia":false},{"id":774,"esSugerencia":false},{"id":119,"esSugerencia":false},{"id":44,"esSugerencia":false}]},"fecha":1571355204986},{"frase":"abuelo dame la tablet aburrido quiero comer ","frecuencia":1,"complejidad":{"valor":0,"pictos componentes":[{"id":614,"esSugerencia":false},{"id":14,"esSugerencia":false},{"id":774,"esSugerencia":false},{"id":119,"esSugerencia":false},{"id":44,"esSugerencia":false},{"id":118,"esSugerencia":false}]},"fecha":1571355209474},{"frase":"abuelo dame la tablet aburrido quiero comer verduras ","frecuencia":1,"complejidad":{"valor":0,"pictos componentes":[{"id":614,"esSugerencia":false},{"id":14,"esSugerencia":false},{"id":774,"esSugerencia":false},{"id":119,"esSugerencia":false},{"id":44,"esSugerencia":false},{"id":118,"esSugerencia":false},{"id":478,"esSugerencia":false}]},"fecha":1571355215432},{"frase":"Hola ¿Cómo estás? estoy bien ","frecuencia":1,"complejidad":{"valor":0,"pictos componentes":[{"id":377,"esSugerencia":false},{"id":378,"esSugerencia":false},{"id":22,"esSugerencia":false},{"id":133,"esSugerencia":false}]},"fecha":1571419453327},{"frase":"Hola ¿Cómo estás? estoy bien escuchar ","frecuencia":1,"complejidad":{"valor":0,"pictos componentes":[{"id":377,"esSugerencia":false},{"id":378,"esSugerencia":false},{"id":22,"esSugerencia":false},{"id":133,"esSugerencia":false},{"id":21,"esSugerencia":true}]},"fecha":1571419473220},{"frase":"Hola ¿Cómo estás? estoy bien escuchar el saxofón ","frecuencia":1,"complejidad":{"valor":0,"pictos componentes":[{"id":377,"esSugerencia":false},{"id":378,"esSugerencia":false},{"id":22,"esSugerencia":false},{"id":133,"esSugerencia":false},{"id":21,"esSugerencia":true},{"id":868,"esSugerencia":true}]},"fecha":1571419485418},{"frase":"abuelo quiero comer verduras ","frecuencia":1,"complejidad":{"valor":0,"pictos componentes":[{"id":614,"esSugerencia":false},{"id":44,"esSugerencia":false},{"id":118,"esSugerencia":false},{"id":478,"esSugerencia":false}]},"fecha":1571419572657},{"frase":"lavarme las manos secar cambiarme la ropa ","frecuencia":2,"complejidad":{"valor":0,"pictos componentes":[{"id":31,"esSugerencia":false},{"id":100,"esSugerencia":true},{"id":10,"esSugerencia":true}]},"fecha":[1571419701073,1571419707243]},{"frase":"Hola tengo ","frecuencia":3,"complejidad":{"valor":0,"pictos componentes":[{"id":377,"esSugerencia":false},{"id":49,"esSugerencia":false}]},"fecha":[1571426869196,1571427199167,1591399716764]},{"frase":"Hola tengo hambre canelones ","frecuencia":1,"complejidad":{"valor":0,"pictos componentes":[{"id":377,"esSugerencia":false},{"id":49,"esSugerencia":false},{"id":597,"esSugerencia":false},{"id":400,"esSugerencia":false}]},"fecha":1571426884427},{"frase":"Hola tengo hambre canelones hacer pis ","frecuencia":1,"complejidad":{"valor":0,"pictos componentes":[{"id":377,"esSugerencia":false},{"id":49,"esSugerencia":false},{"id":597,"esSugerencia":false},{"id":400,"esSugerencia":false},{"id":29,"esSugerencia":false}]},"fecha":1571426894595},{"frase":"Hola tengo hambre canelones hacer pis hacer pis ","frecuencia":2,"complejidad":{"valor":0,"pictos componentes":[{"id":377,"esSugerencia":false},{"id":49,"esSugerencia":false},{"id":597,"esSugerencia":false},{"id":400,"esSugerencia":false},{"id":29,"esSugerencia":false},{"id":29,"esSugerencia":true}]},"fecha":[1571426905911,1571427030374]},{"frase":"Hola tengo frío ","frecuencia":1,"complejidad":{"valor":0,"pictos componentes":[{"id":377,"esSugerencia":false},{"id":49,"esSugerencia":false},{"id":177,"esSugerencia":false}]},"fecha":1571427206762},{"frase":"Hola tengo frío escuchar de nuevo ","frecuencia":1,"complejidad":{"valor":0,"pictos componentes":[{"id":377,"esSugerencia":false},{"id":49,"esSugerencia":false},{"id":177,"esSugerencia":false},{"id":19,"esSugerencia":true}]},"fecha":1571427214337},{"frase":"Hola tengo frío escuchar de nuevo dibujar ","frecuencia":1,"complejidad":{"valor":0,"pictos componentes":[{"id":377,"esSugerencia":false},{"id":49,"esSugerencia":false},{"id":177,"esSugerencia":false},{"id":19,"esSugerencia":true},{"id":15,"esSugerencia":true}]},"fecha":1571427239505},{"frase":"Hola tengo frío escuchar de nuevo dibujar pintar ","frecuencia":1,"complejidad":{"valor":0,"pictos componentes":[{"id":377,"esSugerencia":false},{"id":49,"esSugerencia":false},{"id":177,"esSugerencia":false},{"id":19,"esSugerencia":true},{"id":15,"esSugerencia":true},{"id":43,"esSugerencia":true}]},"fecha":1571427251137},{"frase":"Hola tengo frío escuchar de nuevo dibujar pintar dame ","frecuencia":1,"complejidad":{"valor":0,"pictos componentes":[{"id":377,"esSugerencia":false},{"id":49,"esSugerencia":false},{"id":177,"esSugerencia":false},{"id":19,"esSugerencia":true},{"id":15,"esSugerencia":true},{"id":43,"esSugerencia":true},{"id":14,"esSugerencia":true}]},"fecha":1571427257734},{"frase":"Hola tengo frío escuchar de nuevo dibujar pintar dame leche y galletas ","frecuencia":1,"complejidad":{"valor":0,"pictos componentes":[{"id":377,"esSugerencia":false},{"id":49,"esSugerencia":false},{"id":177,"esSugerencia":false},{"id":19,"esSugerencia":true},{"id":15,"esSugerencia":true},{"id":43,"esSugerencia":true},{"id":14,"esSugerencia":true},{"id":427,"esSugerencia":false}]},"fecha":1571427276052},{"frase":"yo tengo hambre ","frecuencia":1,"complejidad":{"valor":0,"pictos componentes":[{"id":643,"esSugerencia":false},{"id":49,"esSugerencia":false},{"id":597,"esSugerencia":false}]},"fecha":1571427330898},{"frase":"yo tengo hambre canelones ","frecuencia":1,"complejidad":{"valor":0,"pictos componentes":[{"id":643,"esSugerencia":false},{"id":49,"esSugerencia":false},{"id":597,"esSugerencia":false},{"id":400,"esSugerencia":false}]},"fecha":1571427338942},{"frase":"yo tengo hambre canelones hacer pis papá ","frecuencia":3,"complejidad":{"valor":0,"pictos componentes":[{"id":643,"esSugerencia":false},{"id":49,"esSugerencia":false},{"id":597,"esSugerencia":false},{"id":400,"esSugerencia":false},{"id":29,"esSugerencia":false},{"id":632,"esSugerencia":true}]},"fecha":[1571427382990,1571427391657,1571427414363]},{"frase":"yo tengo hambre canelones hacer pis papá ¿Cómo estás? ","frecuencia":1,"complejidad":{"valor":0,"pictos componentes":[{"id":643,"esSugerencia":false},{"id":49,"esSugerencia":false},{"id":597,"esSugerencia":false},{"id":400,"esSugerencia":false},{"id":29,"esSugerencia":false},{"id":632,"esSugerencia":true},{"id":378,"esSugerencia":false}]},"fecha":1571427424129},{"frase":"yo tengo hambre canelones hacer pis . ¿me ayudas? ","frecuencia":1,"complejidad":{"valor":0,"pictos componentes":[{"id":643,"esSugerencia":false},{"id":49,"esSugerencia":false},{"id":597,"esSugerencia":false},{"id":400,"esSugerencia":false},{"id":29,"esSugerencia":false},{"id":385,"esSugerencia":false}]},"fecha":1571427446054},{"frase":"yo tengo hambre canelones hacer pis . ¿me ayudas? gato ","frecuencia":1,"complejidad":{"valor":0,"pictos componentes":[{"id":643,"esSugerencia":false},{"id":49,"esSugerencia":false},{"id":597,"esSugerencia":false},{"id":400,"esSugerencia":false},{"id":29,"esSugerencia":false},{"id":385,"esSugerencia":false},{"id":313,"esSugerencia":false}]},"fecha":1571427453833},{"frase":"yo tengo hambre canelones hacer pis . ¿me ayudas? acompañar ","frecuencia":1,"complejidad":{"valor":0,"pictos componentes":[{"id":643,"esSugerencia":false},{"id":49,"esSugerencia":false},{"id":597,"esSugerencia":false},{"id":400,"esSugerencia":false},{"id":29,"esSugerencia":false},{"id":385,"esSugerencia":false},{"id":1,"esSugerencia":true}]},"fecha":1571427519759},{"frase":"yo tengo hambre canelones hacer pis . ¿me ayudas? acompañar abuelo ","frecuencia":2,"complejidad":{"valor":0,"pictos componentes":[{"id":643,"esSugerencia":false},{"id":49,"esSugerencia":false},{"id":597,"esSugerencia":false},{"id":400,"esSugerencia":false},{"id":29,"esSugerencia":false},{"id":385,"esSugerencia":false},{"id":1,"esSugerencia":true},{"id":614,"esSugerencia":true}]},"fecha":[1571427544770,1571427558626]},{"frase":"yo estoy aburrido quiero ir a casa amigos ","frecuencia":1,"complejidad":{"valor":0,"pictos componentes":[{"id":643,"esSugerencia":false},{"id":22,"esSugerencia":false},{"id":119,"esSugerencia":false},{"id":44,"esSugerencia":false},{"id":30,"esSugerencia":false},{"id":653,"esSugerencia":false},{"id":615,"esSugerencia":true}]},"fecha":1571427607922},{"frase":"mamá dame la tablet aburrido quiero comer hamburguesa y el monopatín acelga ","frecuencia":2,"complejidad":{"valor":0,"pictos componentes":[{"id":628,"esSugerencia":false},{"id":14,"esSugerencia":false},{"id":774,"esSugerencia":false},{"id":119,"esSugerencia":false},{"id":44,"esSugerencia":false},{"id":118,"esSugerencia":false},{"id":515,"esSugerencia":false},{"id":923,"esSugerencia":true},{"id":997,"esSugerencia":true},{"id":391,"esSugerencia":true}]},"fecha":[1571427657198,1571427669906]},{"frase":"mamá dame la tablet aburrido quiero jugar con amigos ","frecuencia":1,"complejidad":{"valor":0,"pictos componentes":[{"id":628,"esSugerencia":false},{"id":14,"esSugerencia":false},{"id":774,"esSugerencia":false},{"id":119,"esSugerencia":false},{"id":44,"esSugerencia":false},{"id":34,"edad":["NINO"],"esSugerencia":false},{"id":615,"esSugerencia":false}]},"fecha":1571427726247},{"frase":"Hola Buen día quiero ir a casa amigos patalear ","frecuencia":1,"complejidad":{"valor":0,"pictos componentes":[{"id":377,"esSugerencia":false},{"id":379,"horario":["MANANA"],"esSugerencia":false},{"id":44,"esSugerencia":false},{"id":30,"esSugerencia":false},{"id":653,"esSugerencia":false},{"id":615,"esSugerencia":false},{"id":88,"esSugerencia":true}]},"fecha":1575033445884},{"frase":"Hola ¿Cómo estás? quiero jugar con la pelota colores ","frecuencia":1,"complejidad":{"valor":0,"pictos componentes":[{"id":377,"esSugerencia":false},{"id":378,"esSugerencia":false},{"id":44,"esSugerencia":false},{"id":34,"edad":["NINO"],"esSugerencia":false},{"id":996,"esSugerencia":false},{"id":737,"esSugerencia":false}]},"fecha":1575033489340},{"frase":"Hola estoy bien ","frecuencia":1,"complejidad":{"valor":0,"pictos componentes":[{"id":377,"esSugerencia":false},{"id":22,"esSugerencia":false},{"id":133,"esSugerencia":false}]},"fecha":1583694501851}]