[{"frase":"Hola Buenas tardes ","frecuencia":2,"complejidad":{"valor":0,"pictos componentes":[{"id":377,"esSugerencia":false},{"id":380,"horario":["MEDIODIA","TARDE"],"esSugerencia":false}]},"fecha":[1550678320994,1550777084501]},{"frase":"papá dame la tablet ","frecuencia":1,"complejidad":{"valor":0,"pictos componentes":[{"id":632,"esSugerencia":false},{"id":14,"esSugerencia":false},{"id":774,"esSugerencia":false}]},"fecha":1550678392057},{"frase":"Hola ","frecuencia":11,"complejidad":{"valor":0,"pictos componentes":[{"id":377,"esSugerencia":false}]},"fecha":[1550735498365,1550735504727,1550735505937,1550735507875,1550735509565,1550735538424,1550735544670,1550743879243,1550743882289,1550776982778,1550776987988]},{"frase":"Hola ¿Cómo estás? estoy bien respirar bajo el agua ","frecuencia":1,"complejidad":{"valor":0,"pictos componentes":[{"id":377,"esSugerencia":false},{"id":378,"esSugerencia":false},{"id":22,"esSugerencia":false},{"id":133,"esSugerencia":false},{"id":96,"esSugerencia":true}]},"fecha":1550743227492},{"frase":"Hola ¿Cómo estás? estoy patalear ","frecuencia":2,"complejidad":{"valor":0,"pictos componentes":[{"id":377,"esSugerencia":false},{"id":378,"esSugerencia":false},{"id":22,"esSugerencia":false},{"id":88}]},"fecha":[1550743327658,1550743332911]},{"frase":"Hola ¿Cómo estás? estoy patalear patalear ","frecuencia":1,"complejidad":{"valor":0,"pictos componentes":[{"id":377,"esSugerencia":false},{"id":378,"esSugerencia":false},{"id":22,"esSugerencia":false},{"id":88},{"id":88,"esSugerencia":true}]},"fecha":1550743342803},{"frase":"Hola ¿Cómo estás? quiero comer carne ","frecuencia":1,"complejidad":{"valor":0,"pictos componentes":[{"id":377,"esSugerencia":false},{"id":378,"esSugerencia":false},{"id":44,"esSugerencia":false},{"id":118,"esSugerencia":false},{"id":482,"esSugerencia":false}]},"fecha":1550777023567},{"frase":"Hola Buenas tardes tengo hambre canelones ","frecuencia":2,"complejidad":{"valor":0,"pictos componentes":[{"id":377,"esSugerencia":false},{"id":380,"horario":["MEDIODIA","TARDE"],"esSugerencia":false},{"id":49,"esSugerencia":false},{"id":597,"esSugerencia":false},{"id":400,"esSugerencia":true}]},"fecha":[1550777165837,1550777169378]},{"frase":"mamá ¿Cómo estás? Hola ¿Cómo estás? ","frecuencia":2,"complejidad":{"valor":0,"pictos componentes":[{"id":628,"esSugerencia":false},{"id":378,"esSugerencia":false},{"id":377,"esSugerencia":false},{"id":378,"esSugerencia":false}]},"fecha":[1570790592208,1570790627549]}]