[{"frase":"Hola Buenas tardes ","frecuencia":2,"complejidad":{"valor":0,"pictos componentes":[{"id":377,"esSugerencia":false},{"id":380,"horario":["MEDIODIA","TARDE"],"esSugerencia":false}]},"fecha":[1551222494930,1551222745350]},{"frase":"Hola Buenas tardes quiero ","frecuencia":1,"complejidad":{"valor":0,"pictos componentes":[{"id":377,"esSugerencia":false},{"id":380,"horario":["MEDIODIA","TARDE"],"esSugerencia":false},{"id":44,"esSugerencia":false}]},"fecha":1551222753469},{"frase":"Hola Buenas tardes quiero comer verduras dame leche y galletas ","frecuencia":1,"complejidad":{"valor":0,"pictos componentes":[{"id":377,"esSugerencia":false},{"id":380,"horario":["MEDIODIA","TARDE"],"esSugerencia":false},{"id":44,"esSugerencia":false},{"id":118,"esSugerencia":false},{"id":478,"esSugerencia":false},{"id":14,"esSugerencia":true},{"id":427,"esSugerencia":false}]},"fecha":1551222800470},{"frase":"Hola Buenas tardes quiero comer verduras dame leche y galletas Adiós ","frecuencia":4,"complejidad":{"valor":0,"pictos componentes":[{"id":377,"esSugerencia":false},{"id":380,"horario":["MEDIODIA","TARDE"],"esSugerencia":false},{"id":44,"esSugerencia":false},{"id":118,"esSugerencia":false},{"id":478,"esSugerencia":false},{"id":14,"esSugerencia":true},{"id":427,"esSugerencia":false},{"id":382,"esSugerencia":true}]},"fecha":[1551222842635,1551222862932,1551222917524,1551222927347]},{"frase":"Hola Buenas tardes quiero comer verduras dame leche y galletas Adiós Por favor Gracias ","frecuencia":1,"complejidad":{"valor":0,"pictos componentes":[{"id":377,"esSugerencia":false},{"id":380,"horario":["MEDIODIA","TARDE"],"esSugerencia":false},{"id":44,"esSugerencia":false},{"id":118,"esSugerencia":false},{"id":478,"esSugerencia":false},{"id":14,"esSugerencia":true},{"id":427,"esSugerencia":false},{"id":382,"esSugerencia":true},{"id":383,"esSugerencia":true},{"id":384,"esSugerencia":true}]},"fecha":1551222934855}]