[{"frase":"horno ayuda ","frecuencia":4,"complejidad":{"valor":0,"pictos componentes":[{"id":1025,"esSugerencia":true},{"id":703,"esSugerencia":true}]},"fecha":[1559921703810,1559921706065,1559921707313,1559921709170]},{"frase":"horno ayuda dibujar y ","frecuencia":2,"complejidad":{"valor":0,"pictos componentes":[{"id":1025,"esSugerencia":true},{"id":703,"esSugerencia":true},{"id":15,"esSugerencia":true},{"id":923,"esSugerencia":true}]},"fecha":[1559921719668,1559921721944]},{"frase":"Hola ","frecuencia":3,"complejidad":{"valor":0,"pictos componentes":[{"id":377,"esSugerencia":false}]},"fecha":[1559921733103,1559921735344,1559921736469]},{"frase":"Hola ¿Cómo estás? ","frecuencia":3,"complejidad":{"valor":0,"pictos componentes":[{"id":377,"esSugerencia":false},{"id":378,"esSugerencia":false}]},"fecha":[1559921740826,1559921744932,1559921746818]},{"frase":"Hola ¿Cómo estás? quiero ir a ","frecuencia":3,"complejidad":{"valor":0,"pictos componentes":[{"id":377,"esSugerencia":false},{"id":378,"esSugerencia":false},{"id":44,"esSugerencia":false},{"id":30,"esSugerencia":false}]},"fecha":[1559921764912,1559921768845,1559921772578]},{"frase":"Hola ¿Cómo estás? quiero ir a comer ","frecuencia":1,"complejidad":{"valor":0,"pictos componentes":[{"id":377,"esSugerencia":false},{"id":378,"esSugerencia":false},{"id":44,"esSugerencia":false},{"id":30,"esSugerencia":false},{"id":118,"esSugerencia":false}]},"fecha":1559921779126},{"frase":"Hola ¿Cómo estás? quiero ir a comer carne tomar gaseosa ","frecuencia":2,"complejidad":{"valor":0,"pictos componentes":[{"id":377,"esSugerencia":false},{"id":378,"esSugerencia":false},{"id":44,"esSugerencia":false},{"id":30,"esSugerencia":false},{"id":118,"esSugerencia":false},{"id":482,"esSugerencia":false},{"id":51,"esSugerencia":true},{"id":501,"esSugerencia":false}]},"fecha":[1559921801982,1559921890631]},{"frase":"Hola ¿Cómo estás? quiero ir a comer carne tomar gaseosa aburrido ","frecuencia":1,"complejidad":{"valor":0,"pictos componentes":[{"id":377,"esSugerencia":false},{"id":378,"esSugerencia":false},{"id":44,"esSugerencia":false},{"id":30,"esSugerencia":false},{"id":118,"esSugerencia":false},{"id":482,"esSugerencia":false},{"id":51,"esSugerencia":true},{"id":501,"esSugerencia":false},{"id":119,"esSugerencia":true}]},"fecha":1559921826854},{"frase":"Hola ¿Cómo estás? quiero ir a comer carne ","frecuencia":1,"complejidad":{"valor":0,"pictos componentes":[{"id":377,"esSugerencia":false},{"id":378,"esSugerencia":false},{"id":44,"esSugerencia":false},{"id":30,"esSugerencia":false},{"id":118,"esSugerencia":false},{"id":482,"esSugerencia":false}]},"fecha":1559921867420},{"frase":"Hola ¿Cómo estás? quiero ir a comer carne tomar ","frecuencia":1,"complejidad":{"valor":0,"pictos componentes":[{"id":377,"esSugerencia":false},{"id":378,"esSugerencia":false},{"id":44,"esSugerencia":false},{"id":30,"esSugerencia":false},{"id":118,"esSugerencia":false},{"id":482,"esSugerencia":false},{"id":51,"esSugerencia":true}]},"fecha":1559921880029},{"frase":"Hola ¿Cómo estás? quiero ir a comer carne tomar gaseosa aburrido quiero jugar con el juguete ","frecuencia":2,"complejidad":{"valor":0,"pictos componentes":[{"id":377,"esSugerencia":false},{"id":378,"esSugerencia":false},{"id":44,"esSugerencia":false},{"id":30,"esSugerencia":false},{"id":118,"esSugerencia":false},{"id":482,"esSugerencia":false},{"id":51,"esSugerencia":true},{"id":501,"esSugerencia":false},{"id":119,"esSugerencia":false},{"id":44,"esSugerencia":false},{"id":34,"edad":["NINO"],"esSugerencia":false},{"id":761,"esSugerencia":false}]},"fecha":[1559921910537,1559921920805]},{"frase":"tobillos ceja lengua mamá quiero jugar con ","frecuencia":2,"complejidad":{"valor":0,"pictos componentes":[{"id":807},{"id":779,"esSugerencia":true},{"id":785,"esSugerencia":true},{"id":628,"esSugerencia":true},{"id":44,"esSugerencia":false},{"id":34,"edad":["NINO"],"esSugerencia":false}]},"fecha":[1559922012491,1559922019895]},{"frase":"tobillos ceja lengua mamá quiero jugar con el juguete ","frecuencia":4,"complejidad":{"valor":0,"pictos componentes":[{"id":807},{"id":779,"esSugerencia":true},{"id":785,"esSugerencia":true},{"id":628,"esSugerencia":true},{"id":44,"esSugerencia":false},{"id":34,"edad":["NINO"],"esSugerencia":false},{"id":761,"esSugerencia":false}]},"fecha":[1559922028114,1559922039631,1559922045035,1559922054491]},{"frase":"quiero hacer pis ","frecuencia":5,"complejidad":{"valor":0,"pictos componentes":[{"id":44,"esSugerencia":false},{"id":29,"esSugerencia":false}]},"fecha":[1559922114504,1559922118422,1559922127512,1559922135740,1559922325655]},{"frase":"quiero hacer pis abrigo blusa ","frecuencia":1,"complejidad":{"valor":0,"pictos componentes":[{"id":44,"esSugerencia":false},{"id":29,"esSugerencia":false},{"id":924},{"id":929,"esSugerencia":true}]},"fecha":1559922187743},{"frase":"quiero hacer pis higiene personal ","frecuencia":1,"complejidad":{"valor":0,"pictos componentes":[{"id":44,"esSugerencia":false},{"id":29,"esSugerencia":false},{"id":708,"esSugerencia":true}]},"fecha":1559922358677},{"frase":"quiero hacer pis higiene personal la armónica ","frecuencia":1,"complejidad":{"valor":0,"pictos componentes":[{"id":44,"esSugerencia":false},{"id":29,"esSugerencia":false},{"id":708,"esSugerencia":true},{"id":848,"esSugerencia":true}]},"fecha":1559922368953},{"frase":"quiero hacer pis ir a casa ","frecuencia":1,"complejidad":{"valor":0,"pictos componentes":[{"id":44,"esSugerencia":false},{"id":29,"esSugerencia":false},{"id":30,"esSugerencia":true},{"id":653,"esSugerencia":false}]},"fecha":1559922392202},{"frase":"quiero cambiarme la ropa ","frecuencia":2,"complejidad":{"valor":0,"pictos componentes":[{"id":44,"esSugerencia":false},{"id":10,"esSugerencia":false}]},"fecha":[1559922498774,1559922507241]},{"frase":"quiero cambiarme la ropa polo pantalones cortos ","frecuencia":2,"complejidad":{"valor":0,"pictos componentes":[{"id":44,"esSugerencia":false},{"id":10,"esSugerencia":false},{"id":964,"esSugerencia":true},{"id":962,"esSugerencia":true}]},"fecha":[1559922510144,1559922526301]},{"frase":"quiero cambiarme la ropa polo pantalones cortos comer ","frecuencia":2,"complejidad":{"valor":0,"pictos componentes":[{"id":44,"esSugerencia":false},{"id":10,"esSugerencia":false},{"id":964,"esSugerencia":true},{"id":962,"esSugerencia":true},{"id":118,"esSugerencia":true}]},"fecha":[1559922533720,1559922540786]},{"frase":"quiero cambiarme la ropa polo pantalones cortos comer carne tomar leche ","frecuencia":2,"complejidad":{"valor":0,"pictos componentes":[{"id":44,"esSugerencia":false},{"id":10,"esSugerencia":false},{"id":964,"esSugerencia":true},{"id":962,"esSugerencia":true},{"id":118,"esSugerencia":true},{"id":482,"esSugerencia":false},{"id":51,"esSugerencia":false},{"id":495,"esSugerencia":false}]},"fecha":[1559922561113,1559922571420]},{"frase":"quiero cambiarme la ropa polo pantalones cortos comer carne tomar leche caliente caluroso ","frecuencia":1,"complejidad":{"valor":0,"pictos componentes":[{"id":44,"esSugerencia":false},{"id":10,"esSugerencia":false},{"id":964,"esSugerencia":true},{"id":962,"esSugerencia":true},{"id":118,"esSugerencia":true},{"id":482,"esSugerencia":false},{"id":51,"esSugerencia":false},{"id":495,"esSugerencia":false},{"id":140,"esSugerencia":true},{"id":141,"esSugerencia":true}]},"fecha":1559922581941}]