[{"frase":"Hola ","frecuencia":6,"complejidad":{"valor":0,"pictos componentes":[{"id":377,"esSugerencia":false}]},"fecha":[1568583504516,1568583510202,1568583510910,1568583512000,1568583976841,1568585077439]},{"frase":"","frecuencia":1,"complejidad":{"valor":0,"pictos componentes":[]},"fecha":1568583973636},{"frase":"Hola ¿Cómo estás? ","frecuencia":4,"complejidad":{"valor":0,"pictos componentes":[{"id":377,"esSugerencia":false},{"id":378,"esSugerencia":false}]},"fecha":[1568583979881,1568584031160,1569887446321,1569887450582]},{"frase":"Hola ¿Cómo estás? estoy ","frecuencia":2,"complejidad":{"valor":0,"pictos componentes":[{"id":377,"esSugerencia":false},{"id":378,"esSugerencia":false},{"id":22,"esSugerencia":false}]},"fecha":[1568583983961,1568584035893]},{"frase":"Hola ¿Cómo estás? estoy bien ","frecuencia":4,"complejidad":{"valor":0,"pictos componentes":[{"id":377,"esSugerencia":false},{"id":378,"esSugerencia":false},{"id":22,"esSugerencia":false},{"id":133,"esSugerencia":false}]},"fecha":[1568583989335,1568584041157,1568584077306,1568584283235]},{"frase":"Hola ¿Cómo estás? estoy bien bien ","frecuencia":1,"complejidad":{"valor":0,"pictos componentes":[{"id":377,"esSugerencia":false},{"id":378,"esSugerencia":false},{"id":22,"esSugerencia":false},{"id":133,"esSugerencia":false},{"id":133,"esSugerencia":true}]},"fecha":1568583993617},{"frase":"Hola ¿Cómo estás? estoy bien bien bien ","frecuencia":1,"complejidad":{"valor":0,"pictos componentes":[{"id":377,"esSugerencia":false},{"id":378,"esSugerencia":false},{"id":22,"esSugerencia":false},{"id":133,"esSugerencia":false},{"id":133,"esSugerencia":true},{"id":133,"esSugerencia":false}]},"fecha":1568583998672},{"frase":"Hola ¿Cómo estás? estoy bien bien bien suyos ","frecuencia":1,"complejidad":{"valor":0,"pictos componentes":[{"id":377,"esSugerencia":false},{"id":378,"esSugerencia":false},{"id":22,"esSugerencia":false},{"id":133,"esSugerencia":false},{"id":133,"esSugerencia":true},{"id":133,"esSugerencia":false},{"id":918,"esSugerencia":true}]},"fecha":1568584004166},{"frase":"Hola ¿Cómo estás? estoy bien bien bien suyos robusto ","frecuencia":1,"complejidad":{"valor":0,"pictos componentes":[{"id":377,"esSugerencia":false},{"id":378,"esSugerencia":false},{"id":22,"esSugerencia":false},{"id":133,"esSugerencia":false},{"id":133,"esSugerencia":true},{"id":133,"esSugerencia":false},{"id":918,"esSugerencia":true},{"id":244,"esSugerencia":true}]},"fecha":1568584010242},{"frase":"Hola ¿Cómo estás? estoy bien bien bien suyos robusto turno ","frecuencia":1,"complejidad":{"valor":0,"pictos componentes":[{"id":377,"esSugerencia":false},{"id":378,"esSugerencia":false},{"id":22,"esSugerencia":false},{"id":133,"esSugerencia":false},{"id":133,"esSugerencia":true},{"id":133,"esSugerencia":false},{"id":918,"esSugerencia":true},{"id":244,"esSugerencia":true},{"id":727,"esSugerencia":true}]},"fecha":1568584016700},{"frase":"Hola ¿Cómo estás? estoy bien papá ","frecuencia":1,"complejidad":{"valor":0,"pictos componentes":[{"id":377,"esSugerencia":false},{"id":378,"esSugerencia":false},{"id":22,"esSugerencia":false},{"id":133,"esSugerencia":false},{"id":632,"esSugerencia":false}]},"fecha":1568584083708},{"frase":"Hola ¿Cómo estás? estoy bien papá la sábana mamá yo ","frecuencia":1,"complejidad":{"valor":0,"pictos componentes":[{"id":377,"esSugerencia":false},{"id":378,"esSugerencia":false},{"id":22,"esSugerencia":false},{"id":133,"esSugerencia":false},{"id":632,"esSugerencia":false},{"id":1022},{"id":628,"esSugerencia":false},{"id":643,"esSugerencia":false}]},"fecha":1568584247818},{"frase":"Hola ¿Cómo estás? estoy bien mamá ","frecuencia":2,"complejidad":{"valor":0,"pictos componentes":[{"id":377,"esSugerencia":false},{"id":378,"esSugerencia":false},{"id":22,"esSugerencia":false},{"id":133,"esSugerencia":false},{"id":628,"esSugerencia":false}]},"fecha":[1568584318919,1568584379629]},{"frase":"Hola tengo ","frecuencia":1,"complejidad":{"valor":0,"pictos componentes":[{"id":377,"esSugerencia":false},{"id":49,"esSugerencia":false}]},"fecha":1568585089032},{"frase":"Hola tengo hambre ","frecuencia":1,"complejidad":{"valor":0,"pictos componentes":[{"id":377,"esSugerencia":false},{"id":49,"esSugerencia":false},{"id":597,"esSugerencia":false}]},"fecha":1568585094024},{"frase":"Hola tengo hambre quiero ","frecuencia":1,"complejidad":{"valor":0,"pictos componentes":[{"id":377,"esSugerencia":false},{"id":49,"esSugerencia":false},{"id":597,"esSugerencia":false},{"id":44,"esSugerencia":true}]},"fecha":1568585102203},{"frase":"Hola tengo hambre quiero galleta ","frecuencia":2,"complejidad":{"valor":0,"pictos componentes":[{"id":377,"esSugerencia":false},{"id":49,"esSugerencia":false},{"id":597,"esSugerencia":false},{"id":44,"esSugerencia":true},{"id":415,"esSugerencia":true}]},"fecha":[1568585122642,1568585140283]},{"frase":"Hola tengo hambre quiero galleta yo ","frecuencia":1,"complejidad":{"valor":0,"pictos componentes":[{"id":377,"esSugerencia":false},{"id":49,"esSugerencia":false},{"id":597,"esSugerencia":false},{"id":44,"esSugerencia":true},{"id":415,"esSugerencia":true},{"id":643,"esSugerencia":true}]},"fecha":1568585191234},{"frase":"Hola tengo hambre quiero galleta yo estoy ","frecuencia":1,"complejidad":{"valor":0,"pictos componentes":[{"id":377,"esSugerencia":false},{"id":49,"esSugerencia":false},{"id":597,"esSugerencia":false},{"id":44,"esSugerencia":true},{"id":415,"esSugerencia":true},{"id":643,"esSugerencia":true},{"id":22,"esSugerencia":false}]},"fecha":1568585198489},{"frase":"Hola tengo hambre quiero galleta yo estoy bien ","frecuencia":1,"complejidad":{"valor":0,"pictos componentes":[{"id":377,"esSugerencia":false},{"id":49,"esSugerencia":false},{"id":597,"esSugerencia":false},{"id":44,"esSugerencia":true},{"id":415,"esSugerencia":true},{"id":643,"esSugerencia":true},{"id":22,"esSugerencia":false},{"id":133,"esSugerencia":false}]},"fecha":1568585215218},{"frase":"Hola tengo hambre quiero comer hamburguesa y tomar gaseosa ","frecuencia":1,"complejidad":{"valor":0,"pictos componentes":[{"id":377,"esSugerencia":false},{"id":49,"esSugerencia":false},{"id":597,"esSugerencia":false},{"id":44,"esSugerencia":false},{"id":118,"esSugerencia":false},{"id":515,"esSugerencia":false},{"id":923,"esSugerencia":true},{"id":51,"esSugerencia":true},{"id":501,"esSugerencia":false}]},"fecha":1568585272853},{"frase":"galleta ","frecuencia":1,"complejidad":{"valor":0,"pictos componentes":[{"id":415,"esSugerencia":true}]},"fecha":1568585661635},{"frase":"mamá tengo ","frecuencia":1,"complejidad":{"valor":0,"pictos componentes":[{"id":628,"esSugerencia":false},{"id":49,"esSugerencia":false}]},"fecha":1568636373090},{"frase":"papá quiero comer hamburguesa y tomar agua ","frecuencia":3,"complejidad":{"valor":0,"pictos componentes":[{"id":632,"esSugerencia":false},{"id":44,"esSugerencia":false},{"id":118,"esSugerencia":false},{"id":515,"esSugerencia":false},{"id":923,"esSugerencia":false},{"id":51,"esSugerencia":false},{"id":500,"esSugerencia":false}]},"fecha":[1568636461543,1568636475852,1568636480042]},{"frase":"mamá tengo frío pestaña ","frecuencia":1,"complejidad":{"valor":0,"pictos componentes":[{"id":628,"esSugerencia":false},{"id":49,"esSugerencia":false},{"id":177,"esSugerencia":false},{"id":798,"esSugerencia":true}]},"fecha":1568636541713},{"frase":"caballo ","frecuencia":1,"complejidad":{"valor":0,"pictos componentes":[{"id":293}]},"fecha":1568636679077},{"frase":"Hola tengo verguenza ","frecuencia":1,"complejidad":{"valor":0,"pictos componentes":[{"id":377,"esSugerencia":false},{"id":49,"esSugerencia":false},{"id":729,"esSugerencia":false}]},"fecha":1568646289149},{"frase":"mamá ¿Cómo estás? ","frecuencia":1,"complejidad":{"valor":0,"pictos componentes":[{"id":628,"esSugerencia":false},{"id":378,"esSugerencia":false}]},"fecha":1568646307133},{"frase":"mamá ¿Cómo estás? estoy bien caluroso ","frecuencia":2,"complejidad":{"valor":0,"pictos componentes":[{"id":628,"esSugerencia":false},{"id":378,"esSugerencia":false},{"id":22,"esSugerencia":false},{"id":133,"esSugerencia":false},{"id":141,"esSugerencia":false}]},"fecha":[1568646336061,1568646340343]},{"frase":"mamá ¿Cómo estás? estoy bien caluroso frío ","frecuencia":1,"complejidad":{"valor":0,"pictos componentes":[{"id":628,"esSugerencia":false},{"id":378,"esSugerencia":false},{"id":22,"esSugerencia":false},{"id":133,"esSugerencia":false},{"id":141,"esSugerencia":false},{"id":178,"esSugerencia":true}]},"fecha":1568646345689},{"frase":"romántica mamá ","frecuencia":2,"complejidad":{"valor":0,"pictos componentes":[{"id":581},{"id":628,"esSugerencia":false}]},"fecha":[1568646439223,1568646442308]},{"frase":"mamá quiero ir a hacer pis ","frecuencia":3,"complejidad":{"valor":0,"pictos componentes":[{"id":628,"esSugerencia":false},{"id":44,"esSugerencia":false},{"id":30,"esSugerencia":false},{"id":29,"esSugerencia":true}]},"fecha":[1568769663375,1568769666886,1568769669456]},{"frase":"mamá quiero ir a hacer pis despues ","frecuencia":1,"complejidad":{"valor":0,"pictos componentes":[{"id":628,"esSugerencia":false},{"id":44,"esSugerencia":false},{"id":30,"esSugerencia":false},{"id":29,"esSugerencia":true},{"id":812,"esSugerencia":true}]},"fecha":1568769690785},{"frase":"mamá quiero ir a hacer pis despues cepillarme los dientes ","frecuencia":7,"complejidad":{"valor":0,"pictos componentes":[{"id":628,"esSugerencia":false},{"id":44,"esSugerencia":false},{"id":30,"esSugerencia":false},{"id":29,"esSugerencia":true},{"id":812,"esSugerencia":true},{"id":11}]},"fecha":[1568769731553,1568769736004,1568769763787,1568769769873,1568769778954,1568769784034,1568769797093]},{"frase":"mamá quiero ir a hacer pis despues cepillarme los dientes yo dame los juguetes ","frecuencia":1,"complejidad":{"valor":0,"pictos componentes":[{"id":628,"esSugerencia":false},{"id":44,"esSugerencia":false},{"id":30,"esSugerencia":false},{"id":29,"esSugerencia":true},{"id":812,"esSugerencia":true},{"id":11},{"id":643,"esSugerencia":false},{"id":14,"esSugerencia":true},{"id":989,"esSugerencia":false}]},"fecha":1568769819700},{"frase":"Gracias mamá ","frecuencia":1,"complejidad":{"valor":0,"pictos componentes":[{"id":384,"esSugerencia":false},{"id":628,"esSugerencia":true}]},"fecha":1568828456159},{"frase":"Gracias mamá mamá ","frecuencia":3,"complejidad":{"valor":0,"pictos componentes":[{"id":384,"esSugerencia":false},{"id":628,"esSugerencia":true},{"id":628,"esSugerencia":false}]},"fecha":[1568828539626,1568828542280,1568857224481]},{"frase":"mamá ¿Cómo estás? estoy bien yo estoy bien ","frecuencia":2,"complejidad":{"valor":0,"pictos componentes":[{"id":628,"esSugerencia":false},{"id":378,"esSugerencia":false},{"id":22,"esSugerencia":false},{"id":133,"esSugerencia":false},{"id":643,"esSugerencia":true},{"id":22,"esSugerencia":false},{"id":133,"esSugerencia":false}]},"fecha":[1568857251335,1568857258451]},{"frase":"mamá ¿Cómo estás? estoy bien . ¿me ayudas? a limpiar ","frecuencia":2,"complejidad":{"valor":0,"pictos componentes":[{"id":628,"esSugerencia":false},{"id":378,"esSugerencia":false},{"id":22,"esSugerencia":false},{"id":133,"esSugerencia":false},{"id":385,"esSugerencia":true},{"id":525,"esSugerencia":true},{"id":112,"esSugerencia":true}]},"fecha":[1568857332567,1568857338271]},{"frase":"mamá estoy aburrido ","frecuencia":1,"complejidad":{"valor":0,"pictos componentes":[{"id":628,"esSugerencia":false},{"id":22,"esSugerencia":false},{"id":119,"esSugerencia":false}]},"fecha":1568857357286},{"frase":"Hola ¿Cómo estás? estoy aburrido quiero jugar con la pelota ","frecuencia":1,"complejidad":{"valor":0,"pictos componentes":[{"id":377,"esSugerencia":false},{"id":378,"esSugerencia":false},{"id":22,"esSugerencia":false},{"id":119,"esSugerencia":false},{"id":44,"esSugerencia":false},{"id":34,"edad":["NINO"],"esSugerencia":false},{"id":996,"esSugerencia":false}]},"fecha":1568857435922},{"frase":"Hola ¿Cómo estás? estoy aburrido quiero jugar con la pelota con papá ","frecuencia":1,"complejidad":{"valor":0,"pictos componentes":[{"id":377,"esSugerencia":false},{"id":378,"esSugerencia":false},{"id":22,"esSugerencia":false},{"id":119,"esSugerencia":false},{"id":44,"esSugerencia":false},{"id":34,"edad":["NINO"],"esSugerencia":false},{"id":996,"esSugerencia":false},{"id":528,"esSugerencia":true},{"id":632,"esSugerencia":true}]},"fecha":1568857478007},{"frase":"Hola ¿Cómo estás? estoy aburrido quiero jugar con la pelota con papá y el monopatín ","frecuencia":2,"complejidad":{"valor":0,"pictos componentes":[{"id":377,"esSugerencia":false},{"id":378,"esSugerencia":false},{"id":22,"esSugerencia":false},{"id":119,"esSugerencia":false},{"id":44,"esSugerencia":false},{"id":34,"edad":["NINO"],"esSugerencia":false},{"id":996,"esSugerencia":false},{"id":528,"esSugerencia":true},{"id":632,"esSugerencia":true},{"id":923,"esSugerencia":true},{"id":997,"esSugerencia":true}]},"fecha":[1568857503566,1568857561235]},{"frase":"Hola ¿Cómo estás? estoy aburrido quiero jugar con la pelota con papá y el monopatín patio yo ","frecuencia":1,"complejidad":{"valor":0,"pictos componentes":[{"id":377,"esSugerencia":false},{"id":378,"esSugerencia":false},{"id":22,"esSugerencia":false},{"id":119,"esSugerencia":false},{"id":44,"esSugerencia":false},{"id":34,"edad":["NINO"],"esSugerencia":false},{"id":996,"esSugerencia":false},{"id":528,"esSugerencia":true},{"id":632,"esSugerencia":true},{"id":923,"esSugerencia":true},{"id":997,"esSugerencia":true},{"id":678},{"id":643,"esSugerencia":false}]},"fecha":1568857545057},{"frase":"Hola ¿Cómo estás? estoy aburrido quiero jugar con la pelota con papá y el monopatín naranja tocar la guitarra caliente ","frecuencia":1,"complejidad":{"valor":0,"pictos componentes":[{"id":377,"esSugerencia":false},{"id":378,"esSugerencia":false},{"id":22,"esSugerencia":false},{"id":119,"esSugerencia":false},{"id":44,"esSugerencia":false},{"id":34,"edad":["NINO"],"esSugerencia":false},{"id":996,"esSugerencia":false},{"id":528,"esSugerencia":true},{"id":632,"esSugerencia":true},{"id":923,"esSugerencia":true},{"id":997,"esSugerencia":true},{"id":742,"esSugerencia":true},{"id":50,"esSugerencia":true},{"id":139}]},"fecha":1568857627612},{"frase":"Hola papá ","frecuencia":1,"complejidad":{"valor":0,"pictos componentes":[{"id":377,"esSugerencia":false},{"id":632,"esSugerencia":false}]},"fecha":1569287810833},{"frase":"Hola papá Buenas noches ","frecuencia":3,"complejidad":{"valor":0,"pictos componentes":[{"id":377,"esSugerencia":false},{"id":632,"esSugerencia":false},{"id":381,"horario":["NOCHE"],"esSugerencia":false}]},"fecha":[1569287862570,1569287865802,1569287871620]},{"frase":"Hola ¿Cómo estás? estoy bien yo tengo frío ","frecuencia":2,"complejidad":{"valor":0,"pictos componentes":[{"id":377,"esSugerencia":false},{"id":378,"esSugerencia":false},{"id":22,"esSugerencia":false},{"id":133,"esSugerencia":false},{"id":643,"esSugerencia":false},{"id":49,"esSugerencia":false},{"id":177,"esSugerencia":false}]},"fecha":[1569287898144,1569287907185]},{"frase":"Hola Buen día quiero comer hamburguesa tomar agua ayuda ","frecuencia":1,"complejidad":{"valor":0,"pictos componentes":[{"id":377,"esSugerencia":false},{"id":379,"horario":["MANANA"],"esSugerencia":false},{"id":44,"esSugerencia":false},{"id":118,"esSugerencia":false},{"id":515,"esSugerencia":false},{"id":51,"esSugerencia":true},{"id":500,"esSugerencia":false},{"id":703,"esSugerencia":true}]},"fecha":1569445460294},{"frase":"¿Cómo estás? estoy aburrido quiero jugar con amigos ","frecuencia":1,"complejidad":{"valor":0,"pictos componentes":[{"id":378,"esSugerencia":true},{"id":22,"esSugerencia":false},{"id":119,"esSugerencia":false},{"id":44,"esSugerencia":false},{"id":34,"edad":["NINO"],"esSugerencia":false},{"id":615,"esSugerencia":false}]},"fecha":1569887109167},{"frase":"¿Cómo estás? estoy aburrido quiero jugar con amigos yo tengo ","frecuencia":1,"complejidad":{"valor":0,"pictos componentes":[{"id":378,"esSugerencia":true},{"id":22,"esSugerencia":false},{"id":119,"esSugerencia":false},{"id":44,"esSugerencia":false},{"id":34,"edad":["NINO"],"esSugerencia":false},{"id":615,"esSugerencia":false},{"id":643,"esSugerencia":false},{"id":49,"esSugerencia":false}]},"fecha":1569887136128},{"frase":"Adiós maestro suerte amistad abeja águila ballena abeja águila gato paloma berenjena apagar la tablet aburrido cantar la bateria asustado asustado asustado asustado sentimientos cambiar de canal amistad abeja ","frecuencia":3,"complejidad":{"valor":0,"pictos componentes":[{"id":382,"esSugerencia":false},{"id":627,"esSugerencia":true},{"id":386,"esSugerencia":true},{"id":702,"esSugerencia":true},{"id":283,"esSugerencia":true},{"id":284,"esSugerencia":true},{"id":290,"esSugerencia":true},{"id":283,"esSugerencia":true},{"id":284,"esSugerencia":false},{"id":313,"esSugerencia":true},{"id":335,"esSugerencia":true},{"id":397,"esSugerencia":true},{"id":2,"esSugerencia":true},{"id":774,"esSugerencia":false},{"id":119,"esSugerencia":true},{"id":6,"esSugerencia":true},{"id":849,"esSugerencia":true},{"id":121,"esSugerencia":true},{"id":121,"esSugerencia":true},{"id":121,"esSugerencia":false},{"id":121,"esSugerencia":false},{"id":722,"esSugerencia":true},{"id":8,"esSugerencia":true},{"id":702,"esSugerencia":true},{"id":283,"esSugerencia":false}]},"fecha":[1569887221164,1569887242242,1569887258744]},{"frase":"quiero jugar con papá Buenas noches cantar la bateria asustado ","frecuencia":2,"complejidad":{"valor":0,"pictos componentes":[{"id":44,"esSugerencia":false},{"id":34,"edad":["NINO"],"esSugerencia":false},{"id":632,"esSugerencia":false},{"id":381,"horario":["NOCHE"],"esSugerencia":false},{"id":6,"esSugerencia":true},{"id":849,"esSugerencia":false},{"id":121,"esSugerencia":false}]},"fecha":[1569887346342,1569887353079]},{"frase":"yo mamá quiero jugar con amigos ¿Qué color es? ","frecuencia":4,"complejidad":{"valor":0,"pictos componentes":[{"id":643,"esSugerencia":false},{"id":628,"esSugerencia":true},{"id":44,"esSugerencia":false},{"id":34,"edad":["NINO"],"esSugerencia":false},{"id":615,"esSugerencia":false},{"id":745,"esSugerencia":true}]},"fecha":[1569887399243,1569887422646,1569887426585,1569887431893]},{"frase":"Hola tengo frío mamá ¿Cómo estás? estoy un poco loco ","frecuencia":4,"complejidad":{"valor":0,"pictos componentes":[{"id":377,"esSugerencia":false},{"id":49,"esSugerencia":false},{"id":177,"esSugerencia":false},{"id":628,"esSugerencia":true},{"id":378,"esSugerencia":false},{"id":22,"esSugerencia":false},{"id":274,"esSugerencia":false}]},"fecha":[1569887586291,1569887594319,1569887601973,1569887608491]}]