[{"frase":"Si ","frecuencia":1,"complejidad":{"valor":0,"pictos componentes":[{"id":388,"esSugerencia":false}]},"fecha":1570498439689},{"frase":"Si tengo ","frecuencia":1,"complejidad":{"valor":0,"pictos componentes":[{"id":388,"esSugerencia":false},{"id":49,"esSugerencia":false}]},"fecha":1570498443560},{"frase":"Si tengo hambre ","frecuencia":1,"complejidad":{"valor":0,"pictos componentes":[{"id":388,"esSugerencia":false},{"id":49,"esSugerencia":false},{"id":597,"esSugerencia":false}]},"fecha":1570498448969},{"frase":"Si tengo hambre quiero ","frecuencia":1,"complejidad":{"valor":0,"pictos componentes":[{"id":388,"esSugerencia":false},{"id":49,"esSugerencia":false},{"id":597,"esSugerencia":false},{"id":44,"esSugerencia":true}]},"fecha":1570498460320},{"frase":"Hola ¿Cómo estás? ","frecuencia":2,"complejidad":{"valor":0,"pictos componentes":[{"id":377,"esSugerencia":false},{"id":378,"esSugerencia":false}]},"fecha":[1570498479677,1570498647055]},{"frase":"Hola ¿Cómo estás? súcio ","frecuencia":1,"complejidad":{"valor":0,"pictos componentes":[{"id":377,"esSugerencia":false},{"id":378,"esSugerencia":false},{"id":263}]},"fecha":1570498548165},{"frase":"Hola ¿Cómo estás? estoy aburrido ","frecuencia":1,"complejidad":{"valor":0,"pictos componentes":[{"id":377,"esSugerencia":false},{"id":378,"esSugerencia":false},{"id":22,"esSugerencia":false},{"id":119,"esSugerencia":false}]},"fecha":1570498656745},{"frase":"Hola ¿Cómo estás? estoy aburrido quiero comer ","frecuencia":1,"complejidad":{"valor":0,"pictos componentes":[{"id":377,"esSugerencia":false},{"id":378,"esSugerencia":false},{"id":22,"esSugerencia":false},{"id":119,"esSugerencia":false},{"id":44,"esSugerencia":false},{"id":118,"esSugerencia":false}]},"fecha":1570498677656},{"frase":"Hola ¿Cómo estás? estoy aburrido quiero comer pollo ","frecuencia":1,"complejidad":{"valor":0,"pictos componentes":[{"id":377,"esSugerencia":false},{"id":378,"esSugerencia":false},{"id":22,"esSugerencia":false},{"id":119,"esSugerencia":false},{"id":44,"esSugerencia":false},{"id":118,"esSugerencia":false},{"id":504,"esSugerencia":false}]},"fecha":1570498688769},{"frase":"Hola ¿Cómo estás? estoy aburrido quiero comer pollo jirafa nariz abeja ","frecuencia":1,"complejidad":{"valor":0,"pictos componentes":[{"id":377,"esSugerencia":false},{"id":378,"esSugerencia":false},{"id":22,"esSugerencia":false},{"id":119,"esSugerencia":false},{"id":44,"esSugerencia":false},{"id":118,"esSugerencia":false},{"id":504,"esSugerencia":false},{"id":320,"esSugerencia":true},{"id":790,"esSugerencia":true},{"id":283,"esSugerencia":true}]},"fecha":1570498709225},{"frase":"Hola ¿Cómo estás? estoy feliz ","frecuencia":1,"complejidad":{"valor":0,"pictos componentes":[{"id":377,"esSugerencia":false},{"id":378,"esSugerencia":false},{"id":22,"esSugerencia":false},{"id":181,"esSugerencia":false}]},"fecha":1570498784758},{"frase":"Hola ¿Cómo estás? estoy feliz enamorado ","frecuencia":1,"complejidad":{"valor":0,"pictos componentes":[{"id":377,"esSugerencia":false},{"id":378,"esSugerencia":false},{"id":22,"esSugerencia":false},{"id":181,"esSugerencia":false},{"id":164,"esSugerencia":true}]},"fecha":1570498793078},{"frase":"Hola ¿Cómo estás? estoy feliz sentarme plástica cartuchera ","frecuencia":1,"complejidad":{"valor":0,"pictos componentes":[{"id":377,"esSugerencia":false},{"id":378,"esSugerencia":false},{"id":22,"esSugerencia":false},{"id":181,"esSugerencia":false},{"id":101,"esSugerencia":true},{"id":771,"esSugerencia":true},{"id":753,"esSugerencia":true}]},"fecha":1570498809055},{"frase":"yo dame leche y galletas ","frecuencia":1,"complejidad":{"valor":0,"pictos componentes":[{"id":643,"esSugerencia":false},{"id":14,"esSugerencia":true},{"id":427,"esSugerencia":false}]},"fecha":1570498854686},{"frase":"quiero ir a ","frecuencia":1,"complejidad":{"valor":0,"pictos componentes":[{"id":44,"esSugerencia":false},{"id":30,"esSugerencia":false}]},"fecha":1570498879697},{"frase":"quiero ir a casa ","frecuencia":1,"complejidad":{"valor":0,"pictos componentes":[{"id":44,"esSugerencia":false},{"id":30,"esSugerencia":false},{"id":653,"esSugerencia":false}]},"fecha":1570498886242},{"frase":"quiero ir a casa amigos ","frecuencia":1,"complejidad":{"valor":0,"pictos componentes":[{"id":44,"esSugerencia":false},{"id":30,"esSugerencia":false},{"id":653,"esSugerencia":false},{"id":615,"esSugerencia":true}]},"fecha":1570499114710},{"frase":"quiero ir a casa ayuda ","frecuencia":1,"complejidad":{"valor":0,"pictos componentes":[{"id":44,"esSugerencia":false},{"id":30,"esSugerencia":false},{"id":653,"esSugerencia":false},{"id":703,"esSugerencia":true}]},"fecha":1570499123854},{"frase":"quiero buscar comida ","frecuencia":1,"complejidad":{"valor":0,"pictos componentes":[{"id":44,"esSugerencia":false},{"id":5,"esSugerencia":false},{"id":1014,"esSugerencia":false}]},"fecha":1570499147024},{"frase":"quiero peinarme ","frecuencia":1,"complejidad":{"valor":0,"pictos componentes":[{"id":44,"esSugerencia":false},{"id":39,"esSugerencia":false}]},"fecha":1570499178936},{"frase":"quiero peinarme cepillarme los dientes ","frecuencia":2,"complejidad":{"valor":0,"pictos componentes":[{"id":44,"esSugerencia":false},{"id":39,"esSugerencia":false},{"id":11,"esSugerencia":true}]},"fecha":[1570499184146,1570499192700]},{"frase":"quiero peinarme cepillarme los dientes . ¿me ayudas? ","frecuencia":1,"complejidad":{"valor":0,"pictos componentes":[{"id":44,"esSugerencia":false},{"id":39,"esSugerencia":false},{"id":11,"esSugerencia":true},{"id":385,"esSugerencia":false}]},"fecha":1570499200716},{"frase":"quiero peinarme cepillarme los dientes . ¿me ayudas? escuela ","frecuencia":1,"complejidad":{"valor":0,"pictos componentes":[{"id":44,"esSugerencia":false},{"id":39,"esSugerencia":false},{"id":11,"esSugerencia":true},{"id":385,"esSugerencia":false},{"id":662,"esSugerencia":true}]},"fecha":1570499207658}]