[{"frase":"papá quiero comer ","frecuencia":1,"complejidad":{"valor":0,"pictos componentes":[{"id":632,"esSugerencia":false},{"id":44,"esSugerencia":false},{"id":118,"esSugerencia":false}]},"fecha":1555198723682},{"frase":"papá quiero comer pollo ","frecuencia":1,"complejidad":{"valor":0,"pictos componentes":[{"id":632,"esSugerencia":false},{"id":44,"esSugerencia":false},{"id":118,"esSugerencia":false},{"id":504,"esSugerencia":false}]},"fecha":1555198728997},{"frase":"papá quiero comer pollo flan ","frecuencia":1,"complejidad":{"valor":0,"pictos componentes":[{"id":632,"esSugerencia":false},{"id":44,"esSugerencia":false},{"id":118,"esSugerencia":false},{"id":504,"esSugerencia":false},{"id":412,"esSugerencia":true}]},"fecha":1555198733912},{"frase":"papá quiero comer verduras bueno ","frecuencia":1,"complejidad":{"valor":0,"pictos componentes":[{"id":632,"esSugerencia":false},{"id":44,"esSugerencia":false},{"id":118,"esSugerencia":false},{"id":478,"esSugerencia":false},{"id":136,"esSugerencia":true}]},"fecha":1555198745637},{"frase":"quiero ","frecuencia":1,"complejidad":{"valor":0,"pictos componentes":[{"id":44,"esSugerencia":false}]},"fecha":1555364924607},{"frase":"quiero jugar con el juguete ","frecuencia":1,"complejidad":{"valor":0,"pictos componentes":[{"id":44,"esSugerencia":false},{"id":34,"edad":["NINO"],"esSugerencia":false},{"id":761,"esSugerencia":false}]},"fecha":1555364931186},{"frase":"quiero jugar con amigos ","frecuencia":1,"complejidad":{"valor":0,"pictos componentes":[{"id":44,"esSugerencia":false},{"id":34,"edad":["NINO"],"esSugerencia":false},{"id":615,"esSugerencia":false}]},"fecha":1555364963711},{"frase":"quiero jugar con amigos ¿Qué color es? cambiarme la ropa cambiarme el pañal apagar la radio ","frecuencia":1,"complejidad":{"valor":0,"pictos componentes":[{"id":44,"esSugerencia":false},{"id":34,"edad":["NINO"],"esSugerencia":false},{"id":615,"esSugerencia":false},{"id":745,"esSugerencia":true},{"id":10,"esSugerencia":true},{"id":9,"esSugerencia":true},{"id":2,"esSugerencia":true},{"id":1019,"esSugerencia":false}]},"fecha":1555364974946},{"frase":"quiero jugar con amigos ¿Qué color es? cambiarme la ropa cambiarme el pañal apagar la radio encender ","frecuencia":1,"complejidad":{"valor":0,"pictos componentes":[{"id":44,"esSugerencia":false},{"id":34,"edad":["NINO"],"esSugerencia":false},{"id":615,"esSugerencia":false},{"id":745,"esSugerencia":true},{"id":10,"esSugerencia":true},{"id":9,"esSugerencia":true},{"id":2,"esSugerencia":true},{"id":1019,"esSugerencia":false},{"id":17,"esSugerencia":true}]},"fecha":1555364985523},{"frase":"quiero jugar con amigos ¿Qué color es? cambiarme la ropa cambiarme el pañal apagar la televisión escuela ¿Qué color es? colores ","frecuencia":1,"complejidad":{"valor":0,"pictos componentes":[{"id":44,"esSugerencia":false},{"id":34,"edad":["NINO"],"esSugerencia":false},{"id":615,"esSugerencia":false},{"id":745,"esSugerencia":true},{"id":10,"esSugerencia":true},{"id":9,"esSugerencia":true},{"id":2,"esSugerencia":true},{"id":773,"esSugerencia":false},{"id":662,"esSugerencia":true},{"id":745,"esSugerencia":true},{"id":737,"esSugerencia":true}]},"fecha":1555365009723},{"frase":"Hola ","frecuencia":5,"complejidad":{"valor":0,"pictos componentes":[{"id":377,"esSugerencia":false}]},"fecha":[1555365041223,1555365276758,1555365278997,1555365280720,1555365549939]},{"frase":"Hola Buenas tardes ","frecuencia":2,"complejidad":{"valor":0,"pictos componentes":[{"id":377,"esSugerencia":false},{"id":380,"horario":["MEDIODIA","TARDE"],"esSugerencia":false}]},"fecha":[1555365044700,1555365285290]},{"frase":"Hola Buenas tardes estoy ","frecuencia":1,"complejidad":{"valor":0,"pictos componentes":[{"id":377,"esSugerencia":false},{"id":380,"horario":["MEDIODIA","TARDE"],"esSugerencia":false},{"id":22,"esSugerencia":false}]},"fecha":1555365048958},{"frase":"Hola Buenas tardes estoy bien ","frecuencia":2,"complejidad":{"valor":0,"pictos componentes":[{"id":377,"esSugerencia":false},{"id":380,"horario":["MEDIODIA","TARDE"],"esSugerencia":false},{"id":22,"esSugerencia":false},{"id":133,"esSugerencia":false}]},"fecha":[1555365052134,1555365056356]},{"frase":"Hola Buenas tardes estoy bien cantar ","frecuencia":1,"complejidad":{"valor":0,"pictos componentes":[{"id":377,"esSugerencia":false},{"id":380,"horario":["MEDIODIA","TARDE"],"esSugerencia":false},{"id":22,"esSugerencia":false},{"id":133,"esSugerencia":false},{"id":6,"esSugerencia":true}]},"fecha":1555365066272},{"frase":"Hola Buenas tardes estoy bien cantar abeja leer escuela ","frecuencia":3,"complejidad":{"valor":0,"pictos componentes":[{"id":377,"esSugerencia":false},{"id":380,"horario":["MEDIODIA","TARDE"],"esSugerencia":false},{"id":22,"esSugerencia":false},{"id":133,"esSugerencia":false},{"id":6,"esSugerencia":true},{"id":283,"esSugerencia":true},{"id":32,"esSugerencia":true},{"id":662,"esSugerencia":true}]},"fecha":[1555365078456,1555365085036,1555365090208]},{"frase":"Hola Buenas tardes estoy bien cantar abeja leer escuela ¿Qué color es? colores ","frecuencia":1,"complejidad":{"valor":0,"pictos componentes":[{"id":377,"esSugerencia":false},{"id":380,"horario":["MEDIODIA","TARDE"],"esSugerencia":false},{"id":22,"esSugerencia":false},{"id":133,"esSugerencia":false},{"id":6,"esSugerencia":true},{"id":283,"esSugerencia":true},{"id":32,"esSugerencia":true},{"id":662,"esSugerencia":true},{"id":745,"esSugerencia":false},{"id":737,"esSugerencia":false}]},"fecha":1555365100358},{"frase":"Hola Buenas tardes estoy bien cantar abeja leer escuela ¿Qué color es? colores cuatro ","frecuencia":1,"complejidad":{"valor":0,"pictos componentes":[{"id":377,"esSugerencia":false},{"id":380,"horario":["MEDIODIA","TARDE"],"esSugerencia":false},{"id":22,"esSugerencia":false},{"id":133,"esSugerencia":false},{"id":6,"esSugerencia":true},{"id":283,"esSugerencia":true},{"id":32,"esSugerencia":true},{"id":662,"esSugerencia":true},{"id":745,"esSugerencia":false},{"id":737,"esSugerencia":false},{"id":839,"esSugerencia":true}]},"fecha":1555365112942},{"frase":"Hola Buenas tardes estoy bien cantar abeja leer escuela ¿Qué color es? colores Hola ","frecuencia":1,"complejidad":{"valor":0,"pictos componentes":[{"id":377,"esSugerencia":false},{"id":380,"horario":["MEDIODIA","TARDE"],"esSugerencia":false},{"id":22,"esSugerencia":false},{"id":133,"esSugerencia":false},{"id":6,"esSugerencia":true},{"id":283,"esSugerencia":true},{"id":32,"esSugerencia":true},{"id":662,"esSugerencia":true},{"id":745,"esSugerencia":false},{"id":737,"esSugerencia":false},{"id":377,"esSugerencia":true}]},"fecha":1555365129709},{"frase":"Hola Buenas tardes estoy bien cantar abeja leer escuela ¿Qué color es? colores Hola ¿Cómo estás? ","frecuencia":1,"complejidad":{"valor":0,"pictos componentes":[{"id":377,"esSugerencia":false},{"id":380,"horario":["MEDIODIA","TARDE"],"esSugerencia":false},{"id":22,"esSugerencia":false},{"id":133,"esSugerencia":false},{"id":6,"esSugerencia":true},{"id":283,"esSugerencia":true},{"id":32,"esSugerencia":true},{"id":662,"esSugerencia":true},{"id":745,"esSugerencia":false},{"id":737,"esSugerencia":false},{"id":377,"esSugerencia":true},{"id":378,"esSugerencia":false}]},"fecha":1555365137202},{"frase":"mamá ¿Cómo estás? ","frecuencia":4,"complejidad":{"valor":0,"pictos componentes":[{"id":628,"esSugerencia":false},{"id":378,"esSugerencia":false}]},"fecha":[1555365169471,1555365172986,1555365176859,1555365181283]},{"frase":"mamá ¿Cómo estás? quiero ","frecuencia":2,"complejidad":{"valor":0,"pictos componentes":[{"id":628,"esSugerencia":false},{"id":378,"esSugerencia":false},{"id":44,"esSugerencia":false}]},"fecha":[1555365190738,1555365195408]},{"frase":"mamá ¿Cómo estás? quiero jugar con ","frecuencia":1,"complejidad":{"valor":0,"pictos componentes":[{"id":628,"esSugerencia":false},{"id":378,"esSugerencia":false},{"id":44,"esSugerencia":false},{"id":34,"edad":["NINO"],"esSugerencia":false}]},"fecha":1555365202649},{"frase":"mamá ¿Cómo estás? quiero jugar con el juguete ","frecuencia":4,"complejidad":{"valor":0,"pictos componentes":[{"id":628,"esSugerencia":false},{"id":378,"esSugerencia":false},{"id":44,"esSugerencia":false},{"id":34,"edad":["NINO"],"esSugerencia":false},{"id":761,"esSugerencia":false}]},"fecha":[1555365209650,1555365218230,1555365224010,1555365229068]},{"frase":"mamá ¿Cómo estás? quiero jugar con el juguete rosa ","frecuencia":1,"complejidad":{"valor":0,"pictos componentes":[{"id":628,"esSugerencia":false},{"id":378,"esSugerencia":false},{"id":44,"esSugerencia":false},{"id":34,"edad":["NINO"],"esSugerencia":false},{"id":761,"esSugerencia":false},{"id":747,"esSugerencia":false}]},"fecha":1555365235425},{"frase":"mamá ¿Cómo estás? quiero jugar con el juguete rosa familia ","frecuencia":1,"complejidad":{"valor":0,"pictos componentes":[{"id":628,"esSugerencia":false},{"id":378,"esSugerencia":false},{"id":44,"esSugerencia":false},{"id":34,"edad":["NINO"],"esSugerencia":false},{"id":761,"esSugerencia":false},{"id":747,"esSugerencia":false},{"id":621,"esSugerencia":true}]},"fecha":1555365245645},{"frase":"mamá ¿Cómo estás? quiero jugar con el juguete rosa familia boca ","frecuencia":1,"complejidad":{"valor":0,"pictos componentes":[{"id":628,"esSugerencia":false},{"id":378,"esSugerencia":false},{"id":44,"esSugerencia":false},{"id":34,"edad":["NINO"],"esSugerencia":false},{"id":761,"esSugerencia":false},{"id":747,"esSugerencia":false},{"id":621,"esSugerencia":true},{"id":777,"esSugerencia":true}]},"fecha":1555365258542},{"frase":"Hola Buenas tardes esperar ","frecuencia":1,"complejidad":{"valor":0,"pictos componentes":[{"id":377,"esSugerencia":false},{"id":380,"horario":["MEDIODIA","TARDE"],"esSugerencia":false},{"id":23,"esSugerencia":true}]},"fecha":1555365291520},{"frase":"Hola Buenas tardes esperar sorpresa ","frecuencia":1,"complejidad":{"valor":0,"pictos componentes":[{"id":377,"esSugerencia":false},{"id":380,"horario":["MEDIODIA","TARDE"],"esSugerencia":false},{"id":23,"esSugerencia":true},{"id":725,"esSugerencia":true}]},"fecha":1555365298126},{"frase":"mamá ","frecuencia":1,"complejidad":{"valor":0,"pictos componentes":[{"id":628,"esSugerencia":false}]},"fecha":1555365315173},{"frase":"Hola Buen día ","frecuencia":1,"complejidad":{"valor":0,"pictos componentes":[{"id":377,"esSugerencia":false},{"id":379,"horario":["MANANA"],"esSugerencia":false}]},"fecha":1555365321602},{"frase":"mamá dame los juguetes ","frecuencia":5,"complejidad":{"valor":0,"pictos componentes":[{"id":628,"esSugerencia":false},{"id":14,"esSugerencia":false},{"id":989,"esSugerencia":false}]},"fecha":[1555365331382,1555365335226,1555365339760,1555365343606,1555365364919]},{"frase":"yo tengo frío ","frecuencia":2,"complejidad":{"valor":0,"pictos componentes":[{"id":643,"esSugerencia":false},{"id":49,"esSugerencia":false},{"id":177,"esSugerencia":false}]},"fecha":[1555365381171,1555365383783]},{"frase":"yo tengo frío escuchar de nuevo la radio ","frecuencia":2,"complejidad":{"valor":0,"pictos componentes":[{"id":643,"esSugerencia":false},{"id":49,"esSugerencia":false},{"id":177,"esSugerencia":false},{"id":19,"esSugerencia":true},{"id":1019,"esSugerencia":true}]},"fecha":[1555365390998,1555365394394]},{"frase":"abuelo ","frecuencia":2,"complejidad":{"valor":0,"pictos componentes":[{"id":614,"esSugerencia":false}]},"fecha":[1555365528307,1555365532194]},{"frase":"abuelo quiero ","frecuencia":1,"complejidad":{"valor":0,"pictos componentes":[{"id":614,"esSugerencia":false},{"id":44,"esSugerencia":false}]},"fecha":1555365537114},{"frase":"Hola Buenas tardes quiero hacer pis ","frecuencia":1,"complejidad":{"valor":0,"pictos componentes":[{"id":377,"esSugerencia":false},{"id":380,"horario":["MEDIODIA","TARDE"],"esSugerencia":false},{"id":44,"esSugerencia":false},{"id":29,"esSugerencia":false}]},"fecha":1555365578616},{"frase":"yo estoy ","frecuencia":1,"complejidad":{"valor":0,"pictos componentes":[{"id":643,"esSugerencia":false},{"id":22,"esSugerencia":false}]},"fecha":1555365660202},{"frase":"yo estoy mas o menos ","frecuencia":1,"complejidad":{"valor":0,"pictos componentes":[{"id":643,"esSugerencia":false},{"id":22,"esSugerencia":false},{"id":204,"esSugerencia":false}]},"fecha":1555365663075},{"frase":"quiero ir a un supermercado ","frecuencia":1,"complejidad":{"valor":0,"pictos componentes":[{"id":44,"esSugerencia":false},{"id":30,"esSugerencia":false},{"id":688,"esSugerencia":false}]},"fecha":1555365682062},{"frase":"Hola Buen día quiero jugar con la pelota ","frecuencia":1,"complejidad":{"valor":0,"pictos componentes":[{"id":377,"esSugerencia":false},{"id":379,"horario":["MANANA"],"esSugerencia":false},{"id":44,"esSugerencia":false},{"id":34,"edad":["NINO"],"esSugerencia":false},{"id":996,"esSugerencia":false}]},"fecha":1555366701974}]