[{"frase":"yo tengo hambre ","frecuencia":1,"complejidad":{"valor":0,"pictos componentes":[{"id":643,"esSugerencia":false},{"id":49,"esSugerencia":false},{"id":597,"esSugerencia":false}]},"fecha":1605890424499},{"frase":"papá estoy aburrido ","frecuencia":1,"complejidad":{"valor":0,"pictos componentes":[{"id":632,"esSugerencia":false},{"id":22,"esSugerencia":false},{"id":119,"esSugerencia":false}]},"fecha":1605890577647},{"frase":"","frecuencia":3,"complejidad":{"valor":0,"pictos componentes":[]},"fecha":[1605890585757,1606038732132,1606038733973]},{"frase":"yo estoy mas o menos ","frecuencia":1,"complejidad":{"valor":0,"pictos componentes":[{"id":643,"esSugerencia":false},{"id":22,"esSugerencia":false},{"id":204,"esSugerencia":false}]},"fecha":1605890600731},{"frase":"Hola tengo escuela ","frecuencia":1,"complejidad":{"valor":0,"pictos componentes":[{"id":377,"esSugerencia":false},{"id":49,"esSugerencia":false},{"id":662,"esSugerencia":false}]},"fecha":1605890861772},{"frase":"Gracias ","frecuencia":1,"complejidad":{"valor":0,"pictos componentes":[{"id":384,"esSugerencia":false}]},"fecha":1606038000209},{"frase":"Hola mamá quiero mirarme al espejo cambiarme la ropa . ¿me ayudas? caluroso castañas bajar volumen acompañar bajar volumen ","frecuencia":1,"complejidad":{"valor":0,"pictos componentes":[{"id":377,"esSugerencia":false},{"id":628,"esSugerencia":false},{"id":44,"esSugerencia":false},{"id":35,"esSugerencia":false},{"id":10,"esSugerencia":false},{"id":385,"esSugerencia":false},{"id":141},{"id":402},{"id":3},{"id":1},{"id":3}]},"fecha":1606038410206},{"frase":"quiero ","frecuencia":1,"complejidad":{"valor":0,"pictos componentes":[{"id":44,"esSugerencia":false}]},"fecha":1606038712509},{"frase":"Hola ","frecuencia":1,"complejidad":{"valor":0,"pictos componentes":[{"id":377,"esSugerencia":false}]},"fecha":1606038736078},{"frase":"Hola Buen día ","frecuencia":1,"complejidad":{"valor":0,"pictos componentes":[{"id":377,"esSugerencia":false},{"id":379,"horario":["MANANA"],"esSugerencia":false,"hora":["MANANA"]}]},"fecha":1606038764476}]