[{"frase":"","frecuencia":7,"complejidad":{"valor":0,"pictos componentes":[]},"fecha":[1565485462833,1565485464891,1566249243142,1566249243228,1566249245703,1566249246011,1566249329202]},{"frase":"yo ","frecuencia":1,"complejidad":{"valor":0,"pictos componentes":[{"id":643,"esSugerencia":false}]},"fecha":1565485770867},{"frase":"yo quiero comer pizza ","frecuencia":1,"complejidad":{"valor":0,"pictos componentes":[{"id":643,"esSugerencia":false},{"id":44,"esSugerencia":false},{"id":118,"esSugerencia":false},{"id":1033}]},"fecha":1565486246450},{"frase":"yo quiero tomar gaseosa ","frecuencia":10,"complejidad":{"valor":0,"pictos componentes":[{"id":643,"esSugerencia":false},{"id":44,"esSugerencia":false},{"id":51,"esSugerencia":false},{"id":501,"esSugerencia":false}]},"fecha":[1566248288389,1566248313461,1566248631901,1566248778050,1566248785065,1566348241877,1566348268256,1566348282783,1566348813055,1566348816883]},{"frase":"yo ir a escuela ","frecuencia":1,"complejidad":{"valor":0,"pictos componentes":[{"id":643,"esSugerencia":false},{"id":30,"esSugerencia":true},{"id":662,"esSugerencia":true}]},"fecha":1566248705995},{"frase":"yo quiero ir a escuela ","frecuencia":1,"complejidad":{"valor":0,"pictos componentes":[{"id":643,"esSugerencia":false},{"id":44,"esSugerencia":false},{"id":30,"esSugerencia":false},{"id":662,"esSugerencia":false}]},"fecha":1566248728872},{"frase":"quiero ir a escuela papá ","frecuencia":1,"complejidad":{"valor":0,"pictos componentes":[{"id":44,"esSugerencia":false},{"id":30,"esSugerencia":false},{"id":662,"esSugerencia":false},{"id":632,"esSugerencia":false}]},"fecha":1566248877371},{"frase":"yo quiero ir a un supermercado comprar chupetin ","frecuencia":2,"complejidad":{"valor":0,"pictos componentes":[{"id":643,"esSugerencia":false},{"id":44,"esSugerencia":false},{"id":30,"esSugerencia":false},{"id":688,"esSugerencia":false},{"id":13,"esSugerencia":true},{"id":406,"edad":["NINO"],"esSugerencia":true}]},"fecha":[1566249205924,1566249213338]},{"frase":"yo quiero comer hamburguesa ","frecuencia":2,"complejidad":{"valor":0,"pictos componentes":[{"id":643,"esSugerencia":false},{"id":44,"esSugerencia":false},{"id":118,"esSugerencia":false},{"id":515,"esSugerencia":false}]},"fecha":[1566249345388,1566348297590]},{"frase":"yo quiero comer hamburguesa y tomar gaseosa ","frecuencia":4,"complejidad":{"valor":0,"pictos componentes":[{"id":643,"esSugerencia":false},{"id":44,"esSugerencia":false},{"id":118,"esSugerencia":false},{"id":515,"esSugerencia":false},{"id":923,"esSugerencia":true},{"id":51,"esSugerencia":true},{"id":501,"esSugerencia":false}]},"fecha":[1566249360784,1566249371232,1566249376951,1566249381896]},{"frase":"yo tengo moco ","frecuencia":4,"complejidad":{"valor":0,"pictos componentes":[{"id":643,"esSugerencia":false},{"id":49,"esSugerencia":false},{"id":787,"esSugerencia":true}]},"fecha":[1566348192595,1566348216397,1566348219630,1566348222956]},{"frase":"yo quiero comer arroz ","frecuencia":2,"complejidad":{"valor":0,"pictos componentes":[{"id":643,"esSugerencia":false},{"id":44,"esSugerencia":false},{"id":118,"esSugerencia":false},{"id":481,"esSugerencia":false}]},"fecha":[1566348311741,1566348315339]},{"frase":"yo quiero comer postre ","frecuencia":2,"complejidad":{"valor":0,"pictos componentes":[{"id":643,"esSugerencia":false},{"id":44,"esSugerencia":false},{"id":118,"esSugerencia":false},{"id":600,"esSugerencia":false}]},"fecha":[1566348329252,1566348332096]},{"frase":"yo quiero comer manzana gelatina ","frecuencia":3,"complejidad":{"valor":0,"pictos componentes":[{"id":643,"esSugerencia":false},{"id":44,"esSugerencia":false},{"id":118,"esSugerencia":false},{"id":474,"esSugerencia":false},{"id":417,"esSugerencia":true}]},"fecha":[1566348385802,1566348393148,1566348398064]},{"frase":"yo quiero ir a la plaza ","frecuencia":1,"complejidad":{"valor":0,"pictos componentes":[{"id":643,"esSugerencia":false},{"id":44,"esSugerencia":false},{"id":30,"esSugerencia":false},{"id":682,"esSugerencia":false}]},"fecha":1566348430504},{"frase":"yo quiero ir a pasear en ","frecuencia":2,"complejidad":{"valor":0,"pictos componentes":[{"id":643,"esSugerencia":false},{"id":44,"esSugerencia":false},{"id":30,"esSugerencia":false},{"id":87,"esSugerencia":false},{"id":533}]},"fecha":[1566348549422,1566348587911]},{"frase":"yo quiero ir a pasear en el coche de bomberos ","frecuencia":2,"complejidad":{"valor":0,"pictos componentes":[{"id":643,"esSugerencia":false},{"id":44,"esSugerencia":false},{"id":30,"esSugerencia":false},{"id":87,"esSugerencia":false},{"id":533},{"id":981,"esSugerencia":true}]},"fecha":[1566348762678,1566348772520]},{"frase":"yo quiero tomar leche ","frecuencia":1,"complejidad":{"valor":0,"pictos componentes":[{"id":643,"esSugerencia":false},{"id":44,"esSugerencia":false},{"id":51,"esSugerencia":false},{"id":495,"esSugerencia":false}]},"fecha":1566348790059},{"frase":"yo quiero tomar leche caliente ","frecuencia":1,"complejidad":{"valor":0,"pictos componentes":[{"id":643,"esSugerencia":false},{"id":44,"esSugerencia":false},{"id":51,"esSugerencia":false},{"id":495,"esSugerencia":false},{"id":140,"esSugerencia":true}]},"fecha":1566348795039},{"frase":"yo quiero ","frecuencia":2,"complejidad":{"valor":0,"pictos componentes":[{"id":643,"esSugerencia":false},{"id":44,"esSugerencia":false}]},"fecha":[1566348826578,1566348829183]},{"frase":"yo quiero jugar con la pelota ","frecuencia":2,"complejidad":{"valor":0,"pictos componentes":[{"id":643,"esSugerencia":false},{"id":44,"esSugerencia":false},{"id":34,"edad":["NINO"],"esSugerencia":false},{"id":996,"esSugerencia":false}]},"fecha":[1566348848059,1566348852200]},{"frase":"yo quiero jugar con la pelota azul ","frecuencia":1,"complejidad":{"valor":0,"pictos componentes":[{"id":643,"esSugerencia":false},{"id":44,"esSugerencia":false},{"id":34,"edad":["NINO"],"esSugerencia":false},{"id":996,"esSugerencia":false},{"id":734,"esSugerencia":true}]},"fecha":1566348867571},{"frase":"yo quiero tomar jugo de manzana ","frecuencia":1,"complejidad":{"valor":0,"pictos componentes":[{"id":643,"esSugerencia":false},{"id":44,"esSugerencia":false},{"id":51,"esSugerencia":false},{"id":468,"esSugerencia":false}]},"fecha":1566348892290},{"frase":"yo quiero jugar con papá ","frecuencia":1,"complejidad":{"valor":0,"pictos componentes":[{"id":643,"esSugerencia":false},{"id":44,"esSugerencia":false},{"id":34,"edad":["NINO"],"esSugerencia":false},{"id":632,"esSugerencia":false}]},"fecha":1566348909467},{"frase":"yo quiero jugar con jugar con la tablet ","frecuencia":2,"complejidad":{"valor":0,"pictos componentes":[{"id":643,"esSugerencia":false},{"id":44,"esSugerencia":false},{"id":34,"edad":["NINO"],"esSugerencia":false},{"id":82,"edad":["JOVEN"],"esSugerencia":true}]},"fecha":[1566348972652,1566348985733]},{"frase":"yo quiero jugar con jugar con la tablet la tablet ","frecuencia":1,"complejidad":{"valor":0,"pictos componentes":[{"id":643,"esSugerencia":false},{"id":44,"esSugerencia":false},{"id":34,"edad":["NINO"],"esSugerencia":false},{"id":82,"edad":["JOVEN"],"esSugerencia":true},{"id":774,"esSugerencia":true}]},"fecha":1566348997198},{"frase":"yo quiero jugar con la tablet ","frecuencia":2,"complejidad":{"valor":0,"pictos componentes":[{"id":643,"esSugerencia":false},{"id":44,"esSugerencia":false},{"id":82,"edad":["JOVEN"],"esSugerencia":true}]},"fecha":[1566349051615,1566349065586]},{"frase":"yo quiero hacer pis ","frecuencia":1,"complejidad":{"valor":0,"pictos componentes":[{"id":643,"esSugerencia":false},{"id":44,"esSugerencia":false},{"id":29,"esSugerencia":false}]},"fecha":1566349090809},{"frase":"yo quiero cambiarme el pañal ","frecuencia":2,"complejidad":{"valor":0,"pictos componentes":[{"id":643,"esSugerencia":false},{"id":44,"esSugerencia":false},{"id":9,"esSugerencia":true}]},"fecha":[1566349115821,1566349124905]},{"frase":"Hola Buenas tardes quiero tomar leche ","frecuencia":3,"complejidad":{"valor":0,"pictos componentes":[{"id":377,"esSugerencia":false},{"id":380,"horario":["MEDIODIA","TARDE"],"esSugerencia":false},{"id":44,"esSugerencia":false},{"id":51,"esSugerencia":false},{"id":495,"esSugerencia":false}]},"fecha":[1566587581778,1566587589446,1566587594578]},{"frase":"Hola Buenas tardes quiero tomar leche chocolate ","frecuencia":1,"complejidad":{"valor":0,"pictos componentes":[{"id":377,"esSugerencia":false},{"id":380,"horario":["MEDIODIA","TARDE"],"esSugerencia":false},{"id":44,"esSugerencia":false},{"id":51,"esSugerencia":false},{"id":495,"esSugerencia":false},{"id":498,"esSugerencia":true}]},"fecha":1566587600772},{"frase":"Hola Buenas tardes quiero tomar gaseosa ","frecuencia":1,"complejidad":{"valor":0,"pictos componentes":[{"id":377,"esSugerencia":false},{"id":380,"horario":["MEDIODIA","TARDE"],"esSugerencia":false},{"id":44,"esSugerencia":false},{"id":51,"esSugerencia":false},{"id":501,"esSugerencia":false}]},"fecha":1566587609198},{"frase":"Hola Buenas tardes quiero tomar jugo de manzana ","frecuencia":1,"complejidad":{"valor":0,"pictos componentes":[{"id":377,"esSugerencia":false},{"id":380,"horario":["MEDIODIA","TARDE"],"esSugerencia":false},{"id":44,"esSugerencia":false},{"id":51,"esSugerencia":false},{"id":468,"esSugerencia":false}]},"fecha":1566587632368},{"frase":"Hola Buenas tardes quiero tomar yogur ","frecuencia":1,"complejidad":{"valor":0,"pictos componentes":[{"id":377,"esSugerencia":false},{"id":380,"horario":["MEDIODIA","TARDE"],"esSugerencia":false},{"id":44,"esSugerencia":false},{"id":51,"esSugerencia":false},{"id":484,"esSugerencia":false}]},"fecha":1566587645726},{"frase":"yo tengo escuela ","frecuencia":1,"complejidad":{"valor":0,"pictos componentes":[{"id":643,"esSugerencia":false},{"id":49,"esSugerencia":false},{"id":662,"esSugerencia":false}]},"fecha":1566587683520}]