[{"frase":"","frecuencia":1,"complejidad":{"valor":0,"pictos componentes":[]},"fecha":1566837409604},{"frase":"Hola ¿Cómo estás? quiero comer manzana ","frecuencia":1,"complejidad":{"valor":0,"pictos componentes":[{"id":377,"esSugerencia":false},{"id":378,"esSugerencia":false},{"id":44,"esSugerencia":false},{"id":118,"esSugerencia":false},{"id":474,"esSugerencia":false}]},"fecha":1566837446296},{"frase":"Hola ¿Cómo estás? quiero comer Golosina ","frecuencia":1,"complejidad":{"valor":0,"pictos componentes":[{"id":377,"esSugerencia":false},{"id":378,"esSugerencia":false},{"id":44,"esSugerencia":false},{"id":118,"esSugerencia":false},{"id":494,"edad":["JOVEN","NINO"],"esSugerencia":false}]},"fecha":1566837477729},{"frase":"jugar con la tablet ","frecuencia":3,"complejidad":{"valor":0,"pictos componentes":[{"id":82,"edad":["JOVEN"]}]},"fecha":[1566837892918,1566837894723,1566837896613]},{"frase":"yo quiero jugar con jugar con la tablet la tablet ","frecuencia":2,"complejidad":{"valor":0,"pictos componentes":[{"id":643,"esSugerencia":false},{"id":44,"esSugerencia":false},{"id":34,"edad":["NINO"],"esSugerencia":false},{"id":82,"edad":["JOVEN"],"esSugerencia":true},{"id":774,"esSugerencia":true}]},"fecha":[1566837942782,1566837947269]},{"frase":"yo quiero jugar con la tablet ","frecuencia":3,"complejidad":{"valor":0,"pictos componentes":[{"id":643,"esSugerencia":false},{"id":44,"esSugerencia":false},{"id":34,"edad":["NINO"],"esSugerencia":false},{"id":774,"esSugerencia":true}]},"fecha":[1566837970583,1566838025056,1566838030819]},{"frase":"Hola yo quiero jugar con la tablet ","frecuencia":4,"complejidad":{"valor":0,"pictos componentes":[{"id":377,"esSugerencia":false},{"id":643,"esSugerencia":true},{"id":44,"esSugerencia":false},{"id":34,"edad":["NINO"],"esSugerencia":false},{"id":774,"esSugerencia":false}]},"fecha":[1566838066376,1566838103361,1566838119556,1566838131395]},{"frase":"Hola ","frecuencia":1,"complejidad":{"valor":0,"pictos componentes":[{"id":377,"esSugerencia":false}]},"fecha":1566838151271},{"frase":"Hola Buenas tardes ","frecuencia":2,"complejidad":{"valor":0,"pictos componentes":[{"id":377,"esSugerencia":false},{"id":380,"horario":["MEDIODIA","TARDE"],"esSugerencia":false}]},"fecha":[1566838153064,1566838186128]},{"frase":"quiero ","frecuencia":1,"complejidad":{"valor":0,"pictos componentes":[{"id":44,"esSugerencia":false}]},"fecha":1566838172621}]