[{"frase":"Hola Buenas tardes ","frecuencia":1,"complejidad":{"valor":0,"pictos componentes":[{"id":377,"esSugerencia":false},{"id":380,"horario":["MEDIODIA","TARDE"],"esSugerencia":false}]},"fecha":1550788087341},{"frase":"","frecuencia":4,"complejidad":{"valor":0,"pictos componentes":[]},"fecha":[1550788149155,1550789686768,1551800735701,1551800736876]},{"frase":"papá quiero comer pollo huevo frito ","frecuencia":1,"complejidad":{"valor":0,"pictos componentes":[{"id":632,"esSugerencia":false},{"id":44,"esSugerencia":false},{"id":118,"esSugerencia":false},{"id":504,"esSugerencia":false},{"id":421,"esSugerencia":true}]},"fecha":1550788171811},{"frase":"mamá quiero tomar leche ","frecuencia":1,"complejidad":{"valor":0,"pictos componentes":[{"id":628,"esSugerencia":false},{"id":44,"esSugerencia":false},{"id":51},{"id":495,"esSugerencia":false}]},"fecha":1550788322428},{"frase":"yo quiero jugar con amigos ","frecuencia":3,"complejidad":{"valor":0,"pictos componentes":[{"id":643,"esSugerencia":false},{"id":44,"esSugerencia":false},{"id":34,"edad":["NINO"],"esSugerencia":false},{"id":615,"esSugerencia":false}]},"fecha":[1550788460186,1551565498942,1551799894757]},{"frase":"yo quiero comer carne ","frecuencia":1,"complejidad":{"valor":0,"pictos componentes":[{"id":643,"esSugerencia":false},{"id":44,"esSugerencia":false},{"id":118,"esSugerencia":false},{"id":482,"esSugerencia":false}]},"fecha":1550789636569},{"frase":"mamá ","frecuencia":9,"complejidad":{"valor":0,"pictos componentes":[{"id":628,"esSugerencia":false}]},"fecha":[1550789692598,1550789725270,1550972882917,1550972887944,1550972888700,1550972891036,1550972892261,1550972893601,1550972894913]},{"frase":"mamá ¿Cómo estás? quiero buscar colores ","frecuencia":1,"complejidad":{"valor":0,"pictos componentes":[{"id":628,"esSugerencia":false},{"id":378,"esSugerencia":false},{"id":44,"esSugerencia":false},{"id":5,"esSugerencia":false},{"id":737,"esSugerencia":false}]},"fecha":1550789748652},{"frase":"hermana feliz dame la tablet ","frecuencia":1,"complejidad":{"valor":0,"pictos componentes":[{"id":624},{"id":171},{"id":14,"esSugerencia":false},{"id":774,"esSugerencia":false}]},"fecha":1550833349605},{"frase":"mamá yo quiero jugar con amigos ","frecuencia":1,"complejidad":{"valor":0,"pictos componentes":[{"id":628,"esSugerencia":false},{"id":643,"esSugerencia":false},{"id":44,"esSugerencia":false},{"id":34,"edad":["NINO"],"esSugerencia":false},{"id":615,"esSugerencia":false}]},"fecha":1550833475932},{"frase":"Hola Buen día quiero jugar con ","frecuencia":1,"complejidad":{"valor":0,"pictos componentes":[{"id":377,"esSugerencia":false},{"id":379,"horario":["MANANA"],"esSugerencia":false},{"id":44,"esSugerencia":false},{"id":34,"edad":["NINO"],"esSugerencia":false}]},"fecha":1550834394338},{"frase":"Hola Buen día quiero jugar con amigos ","frecuencia":1,"complejidad":{"valor":0,"pictos componentes":[{"id":377,"esSugerencia":false},{"id":379,"horario":["MANANA"],"esSugerencia":false},{"id":44,"esSugerencia":false},{"id":34,"edad":["NINO"],"esSugerencia":false},{"id":615,"esSugerencia":false}]},"fecha":1550834401255},{"frase":"abuelo dame los juguetes ","frecuencia":1,"complejidad":{"valor":0,"pictos componentes":[{"id":614,"esSugerencia":true},{"id":14,"esSugerencia":false},{"id":989,"esSugerencia":false}]},"fecha":1550834462023},{"frase":"mamá dame leche y galletas ","frecuencia":3,"complejidad":{"valor":0,"pictos componentes":[{"id":628,"esSugerencia":false},{"id":14,"esSugerencia":false},{"id":427,"esSugerencia":false}]},"fecha":[1550834585948,1550856083657,1550856089130]},{"frase":"mamá quiero jugar con la pelota ","frecuencia":1,"complejidad":{"valor":0,"pictos componentes":[{"id":628,"esSugerencia":false},{"id":44,"esSugerencia":false},{"id":34,"edad":["NINO"],"esSugerencia":false},{"id":996,"esSugerencia":false}]},"fecha":1550848745942},{"frase":"mamá caballo ","frecuencia":1,"complejidad":{"valor":0,"pictos componentes":[{"id":628,"esSugerencia":false},{"id":293}]},"fecha":1550848902037},{"frase":"papá dame la tablet ","frecuencia":1,"complejidad":{"valor":0,"pictos componentes":[{"id":632,"esSugerencia":false},{"id":14,"esSugerencia":false},{"id":774,"esSugerencia":false}]},"fecha":1550848953256},{"frase":"papá ¿Cómo estás? tengo escuela ","frecuencia":1,"complejidad":{"valor":0,"pictos componentes":[{"id":632,"esSugerencia":false},{"id":378,"esSugerencia":false},{"id":49,"esSugerencia":false},{"id":662,"esSugerencia":false}]},"fecha":1550848999782},{"frase":"yo quiero comer hamburguesa ","frecuencia":5,"complejidad":{"valor":0,"pictos componentes":[{"id":643,"esSugerencia":false},{"id":44,"esSugerencia":false},{"id":118,"esSugerencia":false},{"id":515,"esSugerencia":false}]},"fecha":[1550854997625,1551909278288,1552430339314,1552430353342,1552430357292]},{"frase":"yo quiero comer hamburguesa gato ","frecuencia":1,"complejidad":{"valor":0,"pictos componentes":[{"id":643,"esSugerencia":false},{"id":44,"esSugerencia":false},{"id":118,"esSugerencia":false},{"id":515,"esSugerencia":false},{"id":313,"esSugerencia":true}]},"fecha":1550855017875},{"frase":"yo quiero comer hamburguesa gato paloma ","frecuencia":1,"complejidad":{"valor":0,"pictos componentes":[{"id":643,"esSugerencia":false},{"id":44,"esSugerencia":false},{"id":118,"esSugerencia":false},{"id":515,"esSugerencia":false},{"id":313,"esSugerencia":true},{"id":335,"esSugerencia":true}]},"fecha":1550855029497},{"frase":"yo quiero comer hamburguesa gato paloma perro ","frecuencia":1,"complejidad":{"valor":0,"pictos componentes":[{"id":643,"esSugerencia":false},{"id":44,"esSugerencia":false},{"id":118,"esSugerencia":false},{"id":515,"esSugerencia":false},{"id":313,"esSugerencia":true},{"id":335,"esSugerencia":true},{"id":342,"esSugerencia":true}]},"fecha":1550855043015},{"frase":"mamá tengo hambre ","frecuencia":3,"complejidad":{"valor":0,"pictos componentes":[{"id":628,"esSugerencia":false},{"id":49,"esSugerencia":false},{"id":597,"esSugerencia":false}]},"fecha":[1550855090702,1550972976596,1552430291107]},{"frase":"mamá tengo hambre canelones ketchup buscar comida ","frecuencia":2,"complejidad":{"valor":0,"pictos componentes":[{"id":628,"esSugerencia":false},{"id":49,"esSugerencia":false},{"id":597,"esSugerencia":false},{"id":400,"esSugerencia":true},{"id":492,"esSugerencia":true},{"id":5,"esSugerencia":true},{"id":1014,"esSugerencia":false}]},"fecha":[1550855166087,1550855172443]},{"frase":"Hola Buenas tardes estoy aburrido quiero ir a casa ","frecuencia":2,"complejidad":{"valor":0,"pictos componentes":[{"id":377,"esSugerencia":false},{"id":380,"horario":["MEDIODIA","TARDE"],"esSugerencia":false},{"id":22,"esSugerencia":false},{"id":119,"esSugerencia":false},{"id":44,"esSugerencia":false},{"id":30,"esSugerencia":false},{"id":653,"esSugerencia":false}]},"fecha":[1550855243258,1550855250415]},{"frase":"Hola Buenas tardes esperar ","frecuencia":2,"complejidad":{"valor":0,"pictos componentes":[{"id":377,"esSugerencia":false},{"id":380,"horario":["MEDIODIA","TARDE"],"esSugerencia":false},{"id":23,"esSugerencia":true}]},"fecha":[1550855396288,1550855430323]},{"frase":"Hola Buen día ","frecuencia":2,"complejidad":{"valor":0,"pictos componentes":[{"id":377,"esSugerencia":false},{"id":379,"horario":["MANANA"],"esSugerencia":false}]},"fecha":[1550855502435,1550855509557]},{"frase":"Hola Buen día conejo la palita y el balde ","frecuencia":2,"complejidad":{"valor":0,"pictos componentes":[{"id":377,"esSugerencia":false},{"id":379,"horario":["MANANA"],"esSugerencia":false},{"id":376},{"id":993,"esSugerencia":true}]},"fecha":[1550855689626,1550855696171]},{"frase":"Hola Buen día estoy mas o menos goloso ","frecuencia":3,"complejidad":{"valor":0,"pictos componentes":[{"id":377,"esSugerencia":false},{"id":379,"horario":["MANANA"],"esSugerencia":false},{"id":22,"esSugerencia":false},{"id":204,"esSugerencia":false},{"id":183,"esSugerencia":true}]},"fecha":[1550855891477,1550855895991,1550855899574]},{"frase":"rosa familia yo estoy bien cantar abeja ","frecuencia":2,"complejidad":{"valor":0,"pictos componentes":[{"id":747},{"id":621,"esSugerencia":true},{"id":643,"esSugerencia":true},{"id":22,"esSugerencia":false},{"id":133,"esSugerencia":false},{"id":6,"esSugerencia":true},{"id":283,"esSugerencia":true}]},"fecha":[1550856001137,1550856006973]},{"frase":"yo tengo frío ","frecuencia":2,"complejidad":{"valor":0,"pictos componentes":[{"id":643,"esSugerencia":false},{"id":49,"esSugerencia":false},{"id":177,"esSugerencia":false}]},"fecha":[1550856115644,1551800732436]},{"frase":"Hola papá quiero comer helado ","frecuencia":6,"complejidad":{"valor":0,"pictos componentes":[{"id":377,"esSugerencia":false},{"id":632,"esSugerencia":true},{"id":44,"esSugerencia":false},{"id":118,"esSugerencia":false},{"id":486}]},"fecha":[1550946533575,1550946547219,1550946566232,1550946574690,1550946579616,1550946586975]},{"frase":"yo quiero jugar con la plaza ","frecuencia":3,"complejidad":{"valor":0,"pictos componentes":[{"id":643,"esSugerencia":false},{"id":44,"esSugerencia":false},{"id":34,"edad":["NINO"],"esSugerencia":false},{"id":682}]},"fecha":[1550946714933,1550946722409,1550946729461]},{"frase":"mamá quiero mirar dibujos animados ","frecuencia":5,"complejidad":{"valor":0,"pictos componentes":[{"id":628,"esSugerencia":false},{"id":44,"esSugerencia":false},{"id":85,"esSugerencia":true},{"id":560}]},"fecha":[1550947026047,1550947035869,1550947038772,1550947042551,1550947057457]},{"frase":"Hola Buen día quiero comer pollo ","frecuencia":1,"complejidad":{"valor":0,"pictos componentes":[{"id":377,"esSugerencia":false},{"id":379,"horario":["MANANA"],"esSugerencia":false},{"id":44,"esSugerencia":false},{"id":118,"esSugerencia":false},{"id":504,"esSugerencia":false}]},"fecha":1550972680013},{"frase":"mamá tengo ","frecuencia":2,"complejidad":{"valor":0,"pictos componentes":[{"id":628,"esSugerencia":false},{"id":49,"esSugerencia":false}]},"fecha":[1550972924164,1550972940114]},{"frase":"mamá tengo escuela ","frecuencia":1,"complejidad":{"valor":0,"pictos componentes":[{"id":628,"esSugerencia":false},{"id":49,"esSugerencia":false},{"id":662,"esSugerencia":false}]},"fecha":1550972964909},{"frase":"mamá tengo hambre arroz ","frecuencia":1,"complejidad":{"valor":0,"pictos componentes":[{"id":628,"esSugerencia":false},{"id":49,"esSugerencia":false},{"id":597,"esSugerencia":false},{"id":481}]},"fecha":1550973030003},{"frase":"mamá tengo hambre quiero ","frecuencia":1,"complejidad":{"valor":0,"pictos componentes":[{"id":628,"esSugerencia":false},{"id":49,"esSugerencia":false},{"id":597,"esSugerencia":false},{"id":44,"esSugerencia":false}]},"fecha":1550973080272},{"frase":"mamá tengo hambre quiero comer ","frecuencia":1,"complejidad":{"valor":0,"pictos componentes":[{"id":628,"esSugerencia":false},{"id":49,"esSugerencia":false},{"id":597,"esSugerencia":false},{"id":44,"esSugerencia":false},{"id":118,"esSugerencia":false}]},"fecha":1550973099792},{"frase":"yo tengo hambre ","frecuencia":1,"complejidad":{"valor":0,"pictos componentes":[{"id":643,"esSugerencia":false},{"id":49,"esSugerencia":false},{"id":597,"esSugerencia":false}]},"fecha":1550973339391},{"frase":"yo tengo hambre quiero comer hamburguesa ","frecuencia":1,"complejidad":{"valor":0,"pictos componentes":[{"id":643,"esSugerencia":false},{"id":49,"esSugerencia":false},{"id":597,"esSugerencia":false},{"id":44,"esSugerencia":false},{"id":118,"esSugerencia":false},{"id":515,"esSugerencia":false}]},"fecha":1550973373692},{"frase":"mamá quiero comer arroz ","frecuencia":1,"complejidad":{"valor":0,"pictos componentes":[{"id":628,"esSugerencia":false},{"id":44,"esSugerencia":false},{"id":118,"esSugerencia":false},{"id":481,"esSugerencia":false}]},"fecha":1550973478468},{"frase":"Hola Buen día conejo la palita y el balde conejo ","frecuencia":1,"complejidad":{"valor":0,"pictos componentes":[{"id":377,"esSugerencia":false},{"id":379,"horario":["MANANA"],"esSugerencia":false},{"id":376,"esSugerencia":false},{"id":993,"esSugerencia":false},{"id":376,"esSugerencia":false}]},"fecha":1550973524163},{"frase":"yo estoy ","frecuencia":1,"complejidad":{"valor":0,"pictos componentes":[{"id":643,"esSugerencia":false},{"id":22,"esSugerencia":false}]},"fecha":1550973562027},{"frase":"yo estoy aburrido quiero ir a casa papá dame la tablet ","frecuencia":2,"complejidad":{"valor":0,"pictos componentes":[{"id":643,"esSugerencia":false},{"id":22,"esSugerencia":false},{"id":119,"esSugerencia":false},{"id":44,"esSugerencia":false},{"id":30,"esSugerencia":false},{"id":653,"esSugerencia":false},{"id":632,"esSugerencia":false},{"id":14,"esSugerencia":false},{"id":774,"esSugerencia":false}]},"fecha":[1550973622937,1550973631609]},{"frase":"Hola Buenas tardes quiero jugar con amigos ","frecuencia":1,"complejidad":{"valor":0,"pictos componentes":[{"id":377,"esSugerencia":false},{"id":380,"horario":["MEDIODIA","TARDE"],"esSugerencia":false},{"id":44,"esSugerencia":false},{"id":34,"edad":["NINO"],"esSugerencia":false},{"id":615,"esSugerencia":false}]},"fecha":1550973730427},{"frase":"mamá ¿Cómo estás? estoy bien cantar abeja leer ","frecuencia":1,"complejidad":{"valor":0,"pictos componentes":[{"id":628,"esSugerencia":false},{"id":378,"esSugerencia":false},{"id":22,"esSugerencia":false},{"id":133,"esSugerencia":false},{"id":6,"esSugerencia":false},{"id":283,"esSugerencia":false},{"id":32,"esSugerencia":false}]},"fecha":1550973785587},{"frase":"quiero comer hamburguesa y tomar gaseosa ","frecuencia":2,"complejidad":{"valor":0,"pictos componentes":[{"id":44,"esSugerencia":false},{"id":118,"esSugerencia":false},{"id":515,"esSugerencia":false},{"id":923,"esSugerencia":true},{"id":51,"esSugerencia":true},{"id":501,"esSugerencia":false}]},"fecha":[1550973854857,1550973860049]},{"frase":"Hola Buen día estoy aburrido quiero buscar comida ","frecuencia":2,"complejidad":{"valor":0,"pictos componentes":[{"id":377,"esSugerencia":false},{"id":379,"horario":["MANANA"],"esSugerencia":false},{"id":22,"esSugerencia":false},{"id":119,"esSugerencia":false},{"id":44,"esSugerencia":false},{"id":5,"esSugerencia":false},{"id":1014,"esSugerencia":false}]},"fecha":[1550973964385,1550973970869]},{"frase":"yo quiero ir a casa ","frecuencia":1,"complejidad":{"valor":0,"pictos componentes":[{"id":643,"esSugerencia":false},{"id":44,"esSugerencia":false},{"id":30,"esSugerencia":false},{"id":653,"esSugerencia":false}]},"fecha":1550974044133},{"frase":"yo quiero ir a casa papá estoy aburrido ","frecuencia":1,"complejidad":{"valor":0,"pictos componentes":[{"id":643,"esSugerencia":false},{"id":44,"esSugerencia":false},{"id":30,"esSugerencia":false},{"id":653,"esSugerencia":false},{"id":632,"esSugerencia":false},{"id":22,"esSugerencia":false},{"id":119,"esSugerencia":false}]},"fecha":1550974063061},{"frase":"malva ","frecuencia":1,"complejidad":{"valor":0,"pictos componentes":[{"id":741}]},"fecha":1551192842017},{"frase":"malva rosa azul chimpancé ","frecuencia":1,"complejidad":{"valor":0,"pictos componentes":[{"id":741},{"id":747,"esSugerencia":true},{"id":734,"esSugerencia":true},{"id":302,"esSugerencia":true}]},"fecha":1551192855103},{"frase":"malva rosa azul chimpancé dinosaurio ","frecuencia":1,"complejidad":{"valor":0,"pictos componentes":[{"id":741},{"id":747,"esSugerencia":true},{"id":734,"esSugerencia":true},{"id":302,"esSugerencia":true},{"id":307,"esSugerencia":true}]},"fecha":1551192863785},{"frase":"malva rosa azul chimpancé dinosaurio poni ","frecuencia":1,"complejidad":{"valor":0,"pictos componentes":[{"id":741},{"id":747,"esSugerencia":true},{"id":734,"esSugerencia":true},{"id":302,"esSugerencia":true},{"id":307,"esSugerencia":true},{"id":347,"esSugerencia":true}]},"fecha":1551192928552},{"frase":"malva rosa azul chimpancé dinosaurio poni caracol ","frecuencia":1,"complejidad":{"valor":0,"pictos componentes":[{"id":741},{"id":747,"esSugerencia":true},{"id":734,"esSugerencia":true},{"id":302,"esSugerencia":true},{"id":307,"esSugerencia":true},{"id":347,"esSugerencia":true},{"id":299,"esSugerencia":true}]},"fecha":1551192936422},{"frase":"Hola mamá quiero tomar leche ","frecuencia":3,"complejidad":{"valor":0,"pictos componentes":[{"id":377,"esSugerencia":false},{"id":628,"esSugerencia":false},{"id":44,"esSugerencia":false},{"id":51,"esSugerencia":true},{"id":495,"esSugerencia":false}]},"fecha":[1551297086343,1551302048209,1551302073176]},{"frase":"Hola mamá quiero tomar leche panecillo ","frecuencia":3,"complejidad":{"valor":0,"pictos componentes":[{"id":377,"esSugerencia":false},{"id":628,"esSugerencia":false},{"id":44,"esSugerencia":false},{"id":51,"esSugerencia":true},{"id":495,"esSugerencia":false},{"id":440,"esSugerencia":true}]},"fecha":[1551302031499,1551302036800,1551302042243]},{"frase":"Hola mamá quiero tomar ","frecuencia":1,"complejidad":{"valor":0,"pictos componentes":[{"id":377,"esSugerencia":false},{"id":628,"esSugerencia":false},{"id":44,"esSugerencia":false},{"id":51,"esSugerencia":true}]},"fecha":1551302067427},{"frase":"yo tengo escuela ","frecuencia":1,"complejidad":{"valor":0,"pictos componentes":[{"id":643,"esSugerencia":false},{"id":49,"esSugerencia":false},{"id":662,"esSugerencia":false}]},"fecha":1551302183984},{"frase":"yo quiero comer ","frecuencia":1,"complejidad":{"valor":0,"pictos componentes":[{"id":643,"esSugerencia":false},{"id":44,"esSugerencia":false},{"id":118,"esSugerencia":false}]},"fecha":1551302203006},{"frase":"yo quiero comer pollo ","frecuencia":8,"complejidad":{"valor":0,"pictos componentes":[{"id":643,"esSugerencia":false},{"id":44,"esSugerencia":false},{"id":118,"esSugerencia":false},{"id":504,"esSugerencia":false}]},"fecha":[1551302209928,1551302345490,1552430452596,1552430457114,1553112935594,1553112942408,1553112953313,1553112973808]},{"frase":"yo quiero comer pollo huevo frito ","frecuencia":1,"complejidad":{"valor":0,"pictos componentes":[{"id":643,"esSugerencia":false},{"id":44,"esSugerencia":false},{"id":118,"esSugerencia":false},{"id":504,"esSugerencia":false},{"id":421,"esSugerencia":false}]},"fecha":1551302358647},{"frase":"mamá dame los juguetes ","frecuencia":5,"complejidad":{"valor":0,"pictos componentes":[{"id":628,"esSugerencia":false},{"id":14,"esSugerencia":false},{"id":989,"esSugerencia":false}]},"fecha":[1551302618221,1551910425410,1551910460335,1551910551487,1551910607475]},{"frase":"papá quiero buscar comida ","frecuencia":1,"complejidad":{"valor":0,"pictos componentes":[{"id":632,"esSugerencia":false},{"id":44,"esSugerencia":false},{"id":5,"esSugerencia":false},{"id":1014,"esSugerencia":false}]},"fecha":1551565233965},{"frase":"princesa música ","frecuencia":1,"complejidad":{"valor":0,"pictos componentes":[{"id":635},{"id":860,"esSugerencia":true}]},"fecha":1551565382793},{"frase":"quiero ir a un supermercado galleta Sopa yogur manzana camello todos ","frecuencia":2,"complejidad":{"valor":0,"pictos componentes":[{"id":44,"esSugerencia":false},{"id":30,"esSugerencia":false},{"id":688,"esSugerencia":false},{"id":415,"esSugerencia":true},{"id":472,"esSugerencia":true},{"id":484,"esSugerencia":true},{"id":474,"esSugerencia":true},{"id":296,"esSugerencia":true},{"id":267,"esSugerencia":true}]},"fecha":[1551799121387,1551799132152]},{"frase":"quiero ","frecuencia":2,"complejidad":{"valor":0,"pictos componentes":[{"id":44,"esSugerencia":false}]},"fecha":[1551799167716,1551799251892]},{"frase":"quiero jugar con la pelota violeta ","frecuencia":2,"complejidad":{"valor":0,"pictos componentes":[{"id":44,"esSugerencia":false},{"id":34,"edad":["NINO"],"esSugerencia":false},{"id":996,"esSugerencia":false},{"id":748,"esSugerencia":false}]},"fecha":[1551799212130,1551799229105]},{"frase":"quiero jugar con la pelota ","frecuencia":1,"complejidad":{"valor":0,"pictos componentes":[{"id":44,"esSugerencia":false},{"id":34,"edad":["NINO"],"esSugerencia":false},{"id":996,"esSugerencia":false}]},"fecha":1551799242148},{"frase":"Hola Buenas tardes estoy bien respirar bajo el agua ","frecuencia":1,"complejidad":{"valor":0,"pictos componentes":[{"id":377,"esSugerencia":false},{"id":380,"horario":["MEDIODIA","TARDE"],"esSugerencia":false},{"id":22,"esSugerencia":false},{"id":133,"esSugerencia":false},{"id":96,"esSugerencia":true}]},"fecha":1551799338028},{"frase":"Hola Buenas tardes estoy bien buscar mamá ","frecuencia":1,"complejidad":{"valor":0,"pictos componentes":[{"id":377,"esSugerencia":false},{"id":380,"horario":["MEDIODIA","TARDE"],"esSugerencia":false},{"id":22,"esSugerencia":false},{"id":133,"esSugerencia":false},{"id":5,"esSugerencia":true},{"id":628,"esSugerencia":false}]},"fecha":1551799389381},{"frase":"Hola Buen día tengo hambre quiero ","frecuencia":3,"complejidad":{"valor":0,"pictos componentes":[{"id":377,"esSugerencia":false},{"id":379,"horario":["MANANA"],"esSugerencia":false},{"id":49,"esSugerencia":false},{"id":597,"esSugerencia":false},{"id":44,"esSugerencia":false}]},"fecha":[1551799445448,1551799455154,1551799458987]},{"frase":"Hola Buen día tengo hambre quiero jugar con el juguete ","frecuencia":1,"complejidad":{"valor":0,"pictos componentes":[{"id":377,"esSugerencia":false},{"id":379,"horario":["MANANA"],"esSugerencia":false},{"id":49,"esSugerencia":false},{"id":597,"esSugerencia":false},{"id":44,"esSugerencia":false},{"id":34,"edad":["NINO"],"esSugerencia":false},{"id":761,"esSugerencia":false}]},"fecha":1551799487101},{"frase":"Hola Buen día quiero buscar colores asno ","frecuencia":1,"complejidad":{"valor":0,"pictos componentes":[{"id":377,"esSugerencia":false},{"id":379,"horario":["MANANA"],"esSugerencia":false},{"id":44,"esSugerencia":false},{"id":5,"esSugerencia":false},{"id":737,"esSugerencia":false},{"id":288,"esSugerencia":true}]},"fecha":1551799587915},{"frase":"Hola ¿Cómo estás? tengo frío escuchar de nuevo abeja cero goma el cajón cambiarme el pañal ","frecuencia":1,"complejidad":{"valor":0,"pictos componentes":[{"id":377,"esSugerencia":false},{"id":378,"esSugerencia":false},{"id":49,"esSugerencia":false},{"id":177,"esSugerencia":false},{"id":19,"esSugerencia":true},{"id":283,"esSugerencia":true},{"id":846,"esSugerencia":true},{"id":760,"esSugerencia":true},{"id":851,"esSugerencia":true},{"id":9,"esSugerencia":true}]},"fecha":1551799652620},{"frase":"quiero comer arroz ","frecuencia":1,"complejidad":{"valor":0,"pictos componentes":[{"id":44,"esSugerencia":false},{"id":118,"esSugerencia":false},{"id":481,"esSugerencia":false}]},"fecha":1551799858133},{"frase":"yo quiero jugar con amigos ¿Qué color es? ","frecuencia":2,"complejidad":{"valor":0,"pictos componentes":[{"id":643,"esSugerencia":false},{"id":44,"esSugerencia":false},{"id":34,"edad":["NINO"],"esSugerencia":false},{"id":615,"esSugerencia":false},{"id":745,"esSugerencia":true}]},"fecha":[1551799924481,1551799934378]},{"frase":"Hola ¿Cómo estás? quiero comer arroz ","frecuencia":1,"complejidad":{"valor":0,"pictos componentes":[{"id":377,"esSugerencia":false},{"id":378,"esSugerencia":false},{"id":44,"esSugerencia":false},{"id":118,"esSugerencia":false},{"id":481,"esSugerencia":false}]},"fecha":1551799975062},{"frase":"negro colores asno oreja boca ","frecuencia":1,"complejidad":{"valor":0,"pictos componentes":[{"id":743,"esSugerencia":true},{"id":737,"esSugerencia":true},{"id":288,"esSugerencia":false},{"id":793,"esSugerencia":false},{"id":777,"esSugerencia":true}]},"fecha":1551800268397},{"frase":"mamá dame los juguetes acompañar sentarme ","frecuencia":1,"complejidad":{"valor":0,"pictos componentes":[{"id":628,"esSugerencia":false},{"id":14,"esSugerencia":false},{"id":989,"esSugerencia":false},{"id":1,"esSugerencia":true},{"id":101,"esSugerencia":true}]},"fecha":1551800391441},{"frase":"Hola Buen día conejo la palita y el balde bien ","frecuencia":1,"complejidad":{"valor":0,"pictos componentes":[{"id":377,"esSugerencia":false},{"id":379,"horario":["MANANA"],"esSugerencia":false},{"id":376,"esSugerencia":false},{"id":993,"esSugerencia":false},{"id":133,"esSugerencia":true}]},"fecha":1551800457456},{"frase":"mamá ¿Cómo estás? tengo escuela chupetin ","frecuencia":1,"complejidad":{"valor":0,"pictos componentes":[{"id":628,"esSugerencia":false},{"id":378,"esSugerencia":false},{"id":49,"esSugerencia":false},{"id":662,"esSugerencia":false},{"id":406,"edad":["NINO"],"esSugerencia":true}]},"fecha":1551800517272},{"frase":"mamá ¿Cómo estás? tengo escuela ","frecuencia":1,"complejidad":{"valor":0,"pictos componentes":[{"id":628,"esSugerencia":false},{"id":378,"esSugerencia":false},{"id":49,"esSugerencia":false},{"id":662,"esSugerencia":false}]},"fecha":1551800529137},{"frase":"Hola tengo escuela o cambiar de canal ","frecuencia":1,"complejidad":{"valor":0,"pictos componentes":[{"id":377,"esSugerencia":false},{"id":49,"esSugerencia":false},{"id":662,"esSugerencia":false},{"id":910,"esSugerencia":true},{"id":8,"esSugerencia":true}]},"fecha":1551800591374},{"frase":"quiero ir a un supermercado galleta Sopa ","frecuencia":1,"complejidad":{"valor":0,"pictos componentes":[{"id":44,"esSugerencia":false},{"id":30,"esSugerencia":false},{"id":688,"esSugerencia":false},{"id":415,"esSugerencia":false},{"id":472,"esSugerencia":false}]},"fecha":1551800658490},{"frase":"yo tengo frío veloz ","frecuencia":2,"complejidad":{"valor":0,"pictos componentes":[{"id":643,"esSugerencia":false},{"id":49,"esSugerencia":false},{"id":177,"esSugerencia":false},{"id":278,"esSugerencia":true}]},"fecha":[1551800720310,1551800729275]},{"frase":"yo ","frecuencia":1,"complejidad":{"valor":0,"pictos componentes":[{"id":643,"esSugerencia":false}]},"fecha":1551800734537},{"frase":"yo tengo hambre canelones amarillo azul yogur ","frecuencia":1,"complejidad":{"valor":0,"pictos componentes":[{"id":643,"esSugerencia":false},{"id":49,"esSugerencia":false},{"id":597,"esSugerencia":false},{"id":400,"esSugerencia":false},{"id":733,"esSugerencia":true},{"id":734,"esSugerencia":true},{"id":484,"esSugerencia":true}]},"fecha":1551800799009},{"frase":"yo comer hamburguesa cantar abeja ","frecuencia":2,"complejidad":{"valor":0,"pictos componentes":[{"id":643,"esSugerencia":false},{"id":118,"esSugerencia":true},{"id":515,"esSugerencia":false},{"id":6,"esSugerencia":true},{"id":283,"esSugerencia":false}]},"fecha":[1551800880920,1551800884540]},{"frase":"mamá tengo escuela o flan galleta ","frecuencia":1,"complejidad":{"valor":0,"pictos componentes":[{"id":628,"esSugerencia":false},{"id":49,"esSugerencia":false},{"id":662,"esSugerencia":false},{"id":910,"esSugerencia":false},{"id":412,"esSugerencia":true},{"id":415,"esSugerencia":true}]},"fecha":1551800910239},{"frase":"mamá quiero comer arroz abrazar sentarme ","frecuencia":1,"complejidad":{"valor":0,"pictos componentes":[{"id":628,"esSugerencia":false},{"id":44,"esSugerencia":false},{"id":118,"esSugerencia":false},{"id":481,"esSugerencia":false},{"id":52,"esSugerencia":true},{"id":101,"esSugerencia":true}]},"fecha":1551800976818},{"frase":"quiero buscar colores asno oreja boca ","frecuencia":2,"complejidad":{"valor":0,"pictos componentes":[{"id":44,"esSugerencia":false},{"id":5,"esSugerencia":false},{"id":737,"esSugerencia":false},{"id":288,"esSugerencia":false},{"id":793,"esSugerencia":false},{"id":777,"esSugerencia":false}]},"fecha":[1551801033765,1551801038166]},{"frase":"quiero buscar colores ","frecuencia":1,"complejidad":{"valor":0,"pictos componentes":[{"id":44,"esSugerencia":false},{"id":5,"esSugerencia":false},{"id":737,"esSugerencia":false}]},"fecha":1551801045324},{"frase":"yo comer pollo huevo frito ","frecuencia":1,"complejidad":{"valor":0,"pictos componentes":[{"id":643,"esSugerencia":false},{"id":118,"esSugerencia":false},{"id":504,"esSugerencia":false},{"id":421,"esSugerencia":false}]},"fecha":1551909242026},{"frase":"mamá dame la tablet ","frecuencia":3,"complejidad":{"valor":0,"pictos componentes":[{"id":628,"esSugerencia":false},{"id":14,"esSugerencia":false},{"id":774,"esSugerencia":false}]},"fecha":[1551909350039,1551909352947,1551909357191]},{"frase":"mamá tengo frío borrar ","frecuencia":2,"complejidad":{"valor":0,"pictos componentes":[{"id":628,"esSugerencia":false},{"id":49,"esSugerencia":false},{"id":177,"esSugerencia":false},{"id":4,"esSugerencia":true}]},"fecha":[1551909692460,1551909695324]},{"frase":"mamá quiero jugar con amigos ","frecuencia":3,"complejidad":{"valor":0,"pictos componentes":[{"id":628,"esSugerencia":false},{"id":44,"esSugerencia":false},{"id":34,"edad":["NINO"],"esSugerencia":false},{"id":615,"esSugerencia":false}]},"fecha":[1551909713071,1551909718140,1551909721702]},{"frase":"yo estoy aburrido ","frecuencia":1,"complejidad":{"valor":0,"pictos componentes":[{"id":643,"esSugerencia":false},{"id":22,"esSugerencia":false},{"id":119,"esSugerencia":false}]},"fecha":1551909756042},{"frase":"yo estoy mal ","frecuencia":1,"complejidad":{"valor":0,"pictos componentes":[{"id":643,"esSugerencia":false},{"id":22,"esSugerencia":false},{"id":205,"esSugerencia":false}]},"fecha":1551909782274},{"frase":"quiero ir a casa café ","frecuencia":1,"complejidad":{"valor":0,"pictos componentes":[{"id":44,"esSugerencia":false},{"id":30,"esSugerencia":false},{"id":653,"esSugerencia":false},{"id":496,"esSugerencia":true}]},"fecha":1551909807904},{"frase":"quiero ir a casa ","frecuencia":1,"complejidad":{"valor":0,"pictos componentes":[{"id":44,"esSugerencia":false},{"id":30,"esSugerencia":false},{"id":653,"esSugerencia":false}]},"fecha":1551909812096},{"frase":"Hola ¿Cómo estás? ","frecuencia":1,"complejidad":{"valor":0,"pictos componentes":[{"id":377,"esSugerencia":false},{"id":378,"esSugerencia":false}]},"fecha":1551909860303},{"frase":"Hola tengo frío ","frecuencia":2,"complejidad":{"valor":0,"pictos componentes":[{"id":377,"esSugerencia":false},{"id":49,"esSugerencia":false},{"id":177,"esSugerencia":false}]},"fecha":[1551909873258,1551910074882]},{"frase":"yo quiero comer malva rojo ","frecuencia":3,"complejidad":{"valor":0,"pictos componentes":[{"id":643,"esSugerencia":false},{"id":44,"esSugerencia":false},{"id":118,"esSugerencia":false},{"id":741},{"id":746,"esSugerencia":true}]},"fecha":[1552430675023,1552430677803,1552430681614]},{"frase":"yo quiero jugar con la pelota verde ","frecuencia":2,"complejidad":{"valor":0,"pictos componentes":[{"id":643,"esSugerencia":false},{"id":44,"esSugerencia":false},{"id":34,"edad":["NINO"],"esSugerencia":false},{"id":996,"esSugerencia":false},{"id":749,"esSugerencia":false}]},"fecha":[1552430714714,1552430719057]},{"frase":"yo quiero ir a un supermercado ","frecuencia":1,"complejidad":{"valor":0,"pictos componentes":[{"id":643,"esSugerencia":false},{"id":44,"esSugerencia":false},{"id":30,"esSugerencia":false},{"id":688,"esSugerencia":false}]},"fecha":1552430748688}]