[{"frase":"","frecuencia":29,"complejidad":{"valor":0,"pictos componentes":[]},"fecha":[1556854429052,1556854433170,1556906974352,1556906979769,1556906997713,1556907003989,1556907008733,1556907015208,1556907152679,1556907241377,1556907243180,1556909013975,1556909028596,1556909040398,1556909045932,1556909099966,1557000029028,1557000029379,1557000029710,1557000031057,1557000067054,1557000068325,1557000071318,1557000092988,1557000094808,1557000096597,1557000098114,1557000099672,1557000106492]},{"frase":"quiero ","frecuencia":6,"complejidad":{"valor":0,"pictos componentes":[{"id":44,"esSugerencia":false}]},"fecha":[1556854452072,1556909051583,1556999983078,1556999987183,1556999991480,1556999997550]},{"frase":"Hola ","frecuencia":10,"complejidad":{"valor":0,"pictos componentes":[{"id":377,"esSugerencia":false}]},"fecha":[1556906890132,1556906893943,1556906897891,1556906908747,1556906911057,1556906912459,1556906914047,1556906928165,1556909037125,1557000103561]},{"frase":"lavarme las manos escuela ","frecuencia":1,"complejidad":{"valor":0,"pictos componentes":[{"id":31,"esSugerencia":true},{"id":662,"esSugerencia":true}]},"fecha":1556907185136},{"frase":"abuelo dame el cuento el tambor el coche de bomberos Si quiero jugar con ","frecuencia":1,"complejidad":{"valor":0,"pictos componentes":[{"id":614,"esSugerencia":false},{"id":14,"esSugerencia":false},{"id":986,"esSugerencia":false},{"id":870,"esSugerencia":true},{"id":981,"esSugerencia":true},{"id":388,"esSugerencia":true},{"id":44,"esSugerencia":false},{"id":34,"edad":["NINO"],"esSugerencia":false}]},"fecha":1556907235258},{"frase":"papá ","frecuencia":5,"complejidad":{"valor":0,"pictos componentes":[{"id":632,"esSugerencia":false}]},"fecha":[1556909083452,1556909113799,1556909127225,1556999942454,1556999978236]},{"frase":"No ","frecuencia":1,"complejidad":{"valor":0,"pictos componentes":[{"id":389,"esSugerencia":false}]},"fecha":1556909092984},{"frase":"abuelo ","frecuencia":2,"complejidad":{"valor":0,"pictos componentes":[{"id":614,"esSugerencia":false}]},"fecha":[1556909120601,1557000006756]},{"frase":"mamá ","frecuencia":2,"complejidad":{"valor":0,"pictos componentes":[{"id":628,"esSugerencia":false}]},"fecha":[1557000035532,1557000051150]},{"frase":"yo ","frecuencia":2,"complejidad":{"valor":0,"pictos componentes":[{"id":643,"esSugerencia":false}]},"fecha":[1557000042258,1557000045817]},{"frase":"papá quiero jugar con el juguete azul ternera antílope ","frecuencia":1,"complejidad":{"valor":0,"pictos componentes":[{"id":632,"esSugerencia":false},{"id":44,"esSugerencia":false},{"id":34,"edad":["NINO"],"esSugerencia":false},{"id":761,"esSugerencia":false},{"id":734,"esSugerencia":false},{"id":374,"esSugerencia":true},{"id":285,"esSugerencia":true}]},"fecha":1557000088487}]