[{"fecha":[1556719796,1556719800],"complejidad":{"valor":0,"pictos componentes":[{"id":632},{"id":44,"esSugerencia":false},{"id":34,"edad":["NINO"]},{"id":996}]},"frecuencia":2,"frase":"papá quiero jugar con la pelota "}, {"fecha":[1556719842],"complejidad":{"valor":0,"pictos componentes":[{"id":377,"esSugerencia":false}]},"frecuencia":1,"frase":"Hola "}, {"fecha":[1556720284],"complejidad":{"valor":0,"pictos componentes":[{"id":643,"esSugerencia":false},{"id":44,"esSugerencia":false},{"id":118},{"id":474}]},"frecuencia":1,"frase":"yo quiero comer manzana "}, {"fecha":[1556720617],"complejidad":{"valor":0,"pictos componentes":[{"id":377,"esSugerencia":false},{"id":380,"horario":["MEDIODIA","TARDE"],"esSugerencia":false},{"id":44,"esSugerencia":false}]},"frecuencia":1,"frase":"Hola Buenas tardes quiero "}]