[{"frase":"papá quiero jugar con la pelota ","frecuencia":1,"complejidad":{"valor":0,"pictos componentes":[{"id":632,"esSugerencia":false},{"id":44,"esSugerencia":false},{"id":34,"edad":["NINO"],"esSugerencia":false},{"id":996,"esSugerencia":false}]},"fecha":1571962205337},{"frase":"papá quiero jugar con la pelota colores ","frecuencia":1,"complejidad":{"valor":0,"pictos componentes":[{"id":632,"esSugerencia":false},{"id":44,"esSugerencia":false},{"id":34,"edad":["NINO"],"esSugerencia":false},{"id":996,"esSugerencia":false},{"id":737,"esSugerencia":false}]},"fecha":1571962211558},{"frase":"Hola ¿Cómo estás? ","frecuencia":1,"complejidad":{"valor":0,"pictos componentes":[{"id":377,"esSugerencia":false},{"id":378,"esSugerencia":false}]},"fecha":1571962237894},{"frase":"yo quiero comer ","frecuencia":1,"complejidad":{"valor":0,"pictos componentes":[{"id":643,"esSugerencia":false},{"id":44,"esSugerencia":false},{"id":118,"esSugerencia":false}]},"fecha":1571962256756},{"frase":"yo quiero comer hamburguesa ","frecuencia":1,"complejidad":{"valor":0,"pictos componentes":[{"id":643,"esSugerencia":false},{"id":44,"esSugerencia":false},{"id":118,"esSugerencia":false},{"id":515,"esSugerencia":false}]},"fecha":1571962260628},{"frase":"yo quiero comer hamburguesa y tomar gaseosa aburrido ","frecuencia":1,"complejidad":{"valor":0,"pictos componentes":[{"id":643,"esSugerencia":false},{"id":44,"esSugerencia":false},{"id":118,"esSugerencia":false},{"id":515,"esSugerencia":false},{"id":923,"esSugerencia":true},{"id":51,"esSugerencia":true},{"id":501,"esSugerencia":false},{"id":119,"esSugerencia":true}]},"fecha":1571962348136},{"frase":"yo quiero comer hamburguesa y tomar gaseosa ","frecuencia":1,"complejidad":{"valor":0,"pictos componentes":[{"id":643,"esSugerencia":false},{"id":44,"esSugerencia":false},{"id":118,"esSugerencia":false},{"id":515,"esSugerencia":false},{"id":923,"esSugerencia":true},{"id":51,"esSugerencia":true},{"id":501,"esSugerencia":false}]},"fecha":1571962352940},{"frase":"papá yo escuela pintar crayones ","frecuencia":1,"complejidad":{"valor":0,"pictos componentes":[{"id":632,"esSugerencia":false},{"id":643,"esSugerencia":true},{"id":662,"esSugerencia":true},{"id":43,"esSugerencia":true},{"id":756,"esSugerencia":true}]},"fecha":1571962387344},{"frase":"Hola tengo hambre quiero ","frecuencia":1,"complejidad":{"valor":0,"pictos componentes":[{"id":377,"esSugerencia":false},{"id":49,"esSugerencia":false},{"id":597,"esSugerencia":false},{"id":44,"esSugerencia":true}]},"fecha":1571962437371}]