[{"frase":"borrar ","frecuencia":6,"complejidad":{"valor":0,"pictos componentes":[{"id":4}]},"fecha":[1564700462569,1564700465456,1564700466277,1564700467272,1564700468123,1564700468845]},{"frase":"quiero ir a un supermercado galleta ","frecuencia":1,"complejidad":{"valor":0,"pictos componentes":[{"id":44,"esSugerencia":false},{"id":30,"esSugerencia":false},{"id":688,"esSugerencia":false},{"id":415,"esSugerencia":true}]},"fecha":1564745490445},{"frase":"quiero ir a un supermercado galleta CORTINA mamá ","frecuencia":1,"complejidad":{"valor":0,"pictos componentes":[{"id":44,"esSugerencia":false},{"id":30,"esSugerencia":false},{"id":688,"esSugerencia":false},{"id":415,"esSugerencia":true},{"id":1033},{"id":628,"esSugerencia":false}]},"fecha":1564745527326},{"frase":"Hola Buen día quiero ir a casa ","frecuencia":1,"complejidad":{"valor":0,"pictos componentes":[{"id":377,"esSugerencia":false},{"id":379,"horario":["MANANA"],"esSugerencia":false},{"id":44,"esSugerencia":false},{"id":30,"esSugerencia":false},{"id":653,"esSugerencia":false}]},"fecha":1564861708740},{"frase":"mamá dame leche y galletas ","frecuencia":1,"complejidad":{"valor":0,"pictos componentes":[{"id":628,"esSugerencia":false},{"id":14,"esSugerencia":false},{"id":427,"esSugerencia":false}]},"fecha":1564861746571}]