[{"frase":"yo quiero ","frecuencia":4,"complejidad":{"valor":0,"pictos componentes":[{"id":643,"esSugerencia":false},{"id":44,"esSugerencia":false}]},"fecha":[1569812959258,1569812993933,1569813150279,1569813724527]},{"frase":"yo quiero comer verduras ","frecuencia":1,"complejidad":{"valor":0,"pictos componentes":[{"id":643,"esSugerencia":false},{"id":44,"esSugerencia":false},{"id":118,"esSugerencia":false},{"id":478,"esSugerencia":false}]},"fecha":1569813737634},{"frase":"","frecuencia":10,"complejidad":{"valor":0,"pictos componentes":[]},"fecha":[1569813779013,1569813781537,1569813782069,1569813782292,1569813782486,1569813782705,1569813782965,1569813783390,1569813783995,1569813784561]},{"frase":"comer ","frecuencia":1,"complejidad":{"valor":0,"pictos componentes":[{"id":118,"esSugerencia":false}]},"fecha":1569814228624},{"frase":"No ","frecuencia":1,"complejidad":{"valor":0,"pictos componentes":[]},"fecha":1570065368532},{"frase":"No yo ","frecuencia":4,"complejidad":{"valor":0,"pictos componentes":[]},"fecha":[1570065402220,1570065405426,1570065407542,1570065410143]},{"frase":"yo No quiero ","frecuencia":3,"complejidad":{"valor":0,"pictos componentes":[{"id":643,"esSugerencia":false},{"id":389,"esSugerencia":false},{"id":44,"esSugerencia":false}]},"fecha":[1570065449740,1570065451920,1570065478030]},{"frase":"yo No quiero Hola Adiós Si ","frecuencia":2,"complejidad":{"valor":0,"pictos componentes":[{"id":643,"esSugerencia":false},{"id":389,"esSugerencia":false},{"id":44,"esSugerencia":false},{"id":377,"esSugerencia":false},{"id":382,"esSugerencia":false},{"id":388,"esSugerencia":false}]},"fecha":[1570157302801,1570157306241]},{"frase":"acelga almendras berenjena ","frecuencia":1,"complejidad":{"valor":0,"pictos componentes":[{"id":391},{"id":393},{"id":397}]},"fecha":1570157479592},{"frase":"acelga almendras berenjena cebolla ","frecuencia":1,"complejidad":{"valor":0,"pictos componentes":[{"id":391},{"id":393},{"id":397},{"id":403}]},"fecha":1570157498418}]