[{"frase":"Hola Buenas tardes ","frecuencia":1,"complejidad":{"valor":0,"pictos componentes":[{"id":377,"esSugerencia":false},{"id":380,"horario":["MEDIODIA","TARDE"],"esSugerencia":false}]},"fecha":1550594659641},{"frase":"","frecuencia":11,"complejidad":{"valor":0,"pictos componentes":[]},"fecha":[1550594680493,1550742176414,1550742247241,1550742379745,1550742381494,1550742384035,1550742386022,1550742388095,1550742389591,1550742395531,1550742396509]},{"frase":"Hola Buenas tardes quiero jugar con amigos ","frecuencia":1,"complejidad":{"valor":0,"pictos componentes":[{"id":377,"esSugerencia":false},{"id":380,"horario":["MEDIODIA","TARDE"],"esSugerencia":false},{"id":44,"esSugerencia":false},{"id":34,"edad":["NINO"],"esSugerencia":false},{"id":615,"esSugerencia":false}]},"fecha":1550595027533},{"frase":"Hola Buenas tardes quiero jugar con amigos ¿cuánto sale? ","frecuencia":1,"complejidad":{"valor":0,"pictos componentes":[{"id":377,"esSugerencia":false},{"id":380,"horario":["MEDIODIA","TARDE"],"esSugerencia":false},{"id":44,"esSugerencia":false},{"id":34,"edad":["NINO"],"esSugerencia":false},{"id":615,"esSugerencia":false},{"id":587,"esSugerencia":true}]},"fecha":1550595042150},{"frase":"¿De qué color es? Quiere jugar con una pelota.","frecuencia":1,"complejidad":{"valor":0,"pictos componentes":[{"id":44,"esSugerencia":false},{"id":34,"edad":["NINO"],"esSugerencia":false},{"id":996,"esSugerencia":false},{"id":749,"esSugerencia":false},{"id":745,"esSugerencia":true}]},"fecha":1550742466584},{"frase":"Hola buenos dias.","frecuencia":1,"complejidad":{"valor":0,"pictos componentes":[{"id":377,"esSugerencia":false},{"id":379,"horario":["MANANA"],"esSugerencia":false}]},"fecha":1552379657841},{"frase":"Hola buenos días.","frecuencia":3,"complejidad":{"valor":0,"pictos componentes":[{"id":377,"esSugerencia":false},{"id":379,"horario":["MANANA"],"esSugerencia":false},{"id":30,"esSugerencia":true},{"id":118,"esSugerencia":false}]},"fecha":[1552379666911,1552379671745,1552379673659]},{"frase":"Quiere comer una hamburguesa.","frecuencia":1,"complejidad":{"valor":0,"pictos componentes":[{"id":44,"esSugerencia":false},{"id":118,"esSugerencia":false},{"id":515,"esSugerencia":false}]},"fecha":1552379687441},{"frase":"Quiere beber una hamburguesa.","frecuencia":1,"complejidad":{"valor":0,"pictos componentes":[{"id":44,"esSugerencia":false},{"id":118,"esSugerencia":false},{"id":515,"esSugerencia":false},{"id":51,"esSugerencia":true}]},"fecha":1552379692447},{"frase":"Quiere beber una hamburguesa y un yogur.","frecuencia":1,"complejidad":{"valor":0,"pictos componentes":[{"id":44,"esSugerencia":false},{"id":118,"esSugerencia":false},{"id":515,"esSugerencia":false},{"id":51,"esSugerencia":true},{"id":484,"esSugerencia":false}]},"fecha":1552379698861}]