[{"frase":"Hola Buenas tardes ","frecuencia":1,"complejidad":{"valor":0,"pictos componentes":[{"id":377,"esSugerencia":false},{"id":380,"horario":["MEDIODIA","TARDE"],"esSugerencia":false}]},"fecha":1549392650029},{"frase":"No quiero jugar con amigos acompañar ardilla ","frecuencia":5,"complejidad":{"valor":0,"pictos componentes":[{"id":389,"esSugerencia":false},{"id":44,"esSugerencia":false},{"id":34,"edad":["NINO"],"esSugerencia":false},{"id":615,"esSugerencia":false},{"id":1,"esSugerencia":true},{"id":287,"esSugerencia":true}]},"fecha":[1549392703987,1549392708792,1549392710340,1549392711996,1549392714119]},{"frase":"No quiero jugar con amigos acompañar ardilla aunque ","frecuencia":1,"complejidad":{"valor":0,"pictos componentes":[{"id":389,"esSugerencia":false},{"id":44,"esSugerencia":false},{"id":34,"edad":["NINO"],"esSugerencia":false},{"id":615,"esSugerencia":false},{"id":1,"esSugerencia":true},{"id":287,"esSugerencia":true},{"id":889,"esSugerencia":true}]},"fecha":1549392721536},{"frase":"Hola Buen día ","frecuencia":6,"complejidad":{"valor":0,"pictos componentes":[{"id":377,"esSugerencia":false},{"id":379,"horario":["MANANA"],"esSugerencia":false}]},"fecha":[1550082746886,1550082751371,1550082752834,1550082753356,1550082753651,1550082754003]}]