[{"frase":"Hola Buenas tardes ","frecuencia":1,"complejidad":{"valor":0,"pictos componentes":[{"id":377,"esSugerencia":false},{"id":380,"horario":["MEDIODIA","TARDE"],"esSugerencia":false}]},"fecha":1552314153404},{"frase":"quiero ir a hospital ","frecuencia":1,"complejidad":{"valor":0,"pictos componentes":[{"id":44,"esSugerencia":false},{"id":30,"esSugerencia":false},{"id":668,"esSugerencia":false}]},"fecha":1552314228866},{"frase":"Hola ¿Cómo estás? estoy mas o menos ","frecuencia":1,"complejidad":{"valor":0,"pictos componentes":[{"id":377,"esSugerencia":false},{"id":378,"esSugerencia":false},{"id":22,"esSugerencia":false},{"id":204,"esSugerencia":false}]},"fecha":1552314262257},{"frase":"mamá dame Por favor gaseosa patatas ","frecuencia":1,"complejidad":{"valor":0,"pictos componentes":[{"id":628,"esSugerencia":false},{"id":14,"esSugerencia":false},{"id":383,"esSugerencia":true},{"id":501,"esSugerencia":true},{"id":442,"esSugerencia":true}]},"fecha":1552314429891},{"frase":"beige ","frecuencia":1,"complejidad":{"valor":0,"pictos componentes":[{"id":735,"esSugerencia":true}]},"fecha":1552314449243},{"frase":"yo quiero escuchar música Por favor ","frecuencia":1,"complejidad":{"valor":0,"pictos componentes":[{"id":643,"esSugerencia":false},{"id":44,"esSugerencia":false},{"id":20,"esSugerencia":true},{"id":383,"esSugerencia":true}]},"fecha":1552314489333},{"frase":"mamá dame los juguetes ","frecuencia":1,"complejidad":{"valor":0,"pictos componentes":[{"id":628,"esSugerencia":false},{"id":14,"esSugerencia":false},{"id":989,"esSugerencia":false}]},"fecha":1552360795669}]