[{"frase":"Hola Buenas tardes ","frecuencia":1,"complejidad":{"valor":0,"pictos componentes":[{"id":377,"esSugerencia":false},{"id":380,"horario":["MEDIODIA","TARDE"],"esSugerencia":false}]},"fecha":1552311498447},{"frase":"quiero ir a cuarto el colchón la almohada ","frecuencia":1,"complejidad":{"valor":0,"pictos componentes":[{"id":44,"esSugerencia":false},{"id":30,"esSugerencia":false},{"id":758,"esSugerencia":true},{"id":1015,"esSugerencia":true},{"id":1012,"esSugerencia":true}]},"fecha":1552314199240},{"frase":"yo quiero abrazar amigos ","frecuencia":4,"complejidad":{"valor":0,"pictos componentes":[{"id":643,"esSugerencia":false},{"id":44,"esSugerencia":false},{"id":52,"esSugerencia":true},{"id":615,"esSugerencia":true}]},"fecha":[1552314293872,1552314297476,1552314301111,1552314303820]},{"frase":"Hola Buenas tardes estoy aburrido ansioso ","frecuencia":1,"complejidad":{"valor":0,"pictos componentes":[{"id":377,"esSugerencia":false},{"id":380,"horario":["MEDIODIA","TARDE"],"esSugerencia":false},{"id":22,"esSugerencia":false},{"id":119,"esSugerencia":false},{"id":124,"esSugerencia":true}]},"fecha":1552314378223}]