[{"frase":"Hola Buenas tardes ","frecuencia":1,"complejidad":{"valor":0,"pictos componentes":[{"id":377,"esSugerencia":false},{"id":380,"horario":["MEDIODIA","TARDE"],"esSugerencia":false}]},"fecha":1554979327116},{"frase":"","frecuencia":1,"complejidad":{"valor":0,"pictos componentes":[]},"fecha":1554979350603},{"frase":"mamá ","frecuencia":9,"complejidad":{"valor":0,"pictos componentes":[{"id":628,"esSugerencia":false}]},"fecha":[1554979408549,1554979413558,1554979414843,1555016195851,1555108663079,1555108665666,1555108667019,1555108668650,1555871658811]},{"frase":"mamá quiero jugar con ","frecuencia":1,"complejidad":{"valor":0,"pictos componentes":[{"id":628,"esSugerencia":false},{"id":44,"esSugerencia":false},{"id":34,"edad":["NINO"],"esSugerencia":false}]},"fecha":1554979420862},{"frase":"mamá quiero jugar con papá ","frecuencia":1,"complejidad":{"valor":0,"pictos componentes":[{"id":628,"esSugerencia":false},{"id":44,"esSugerencia":false},{"id":34,"edad":["NINO"],"esSugerencia":false},{"id":632,"esSugerencia":false}]},"fecha":1554979434345},{"frase":"mamá quiero ir a ","frecuencia":1,"complejidad":{"valor":0,"pictos componentes":[{"id":628,"esSugerencia":false},{"id":44,"esSugerencia":false},{"id":30,"esSugerencia":false}]},"fecha":1554979452645},{"frase":"mamá quiero ir a un supermercado ","frecuencia":1,"complejidad":{"valor":0,"pictos componentes":[{"id":628,"esSugerencia":false},{"id":44,"esSugerencia":false},{"id":30,"esSugerencia":false},{"id":688,"esSugerencia":false}]},"fecha":1554979465849},{"frase":"mamá quiero ir a un supermercado escuela ","frecuencia":1,"complejidad":{"valor":0,"pictos componentes":[{"id":628,"esSugerencia":false},{"id":44,"esSugerencia":false},{"id":30,"esSugerencia":false},{"id":688,"esSugerencia":false},{"id":662,"esSugerencia":true}]},"fecha":1554979471962},{"frase":"mamá quiero ir a hospital escuela ","frecuencia":1,"complejidad":{"valor":0,"pictos componentes":[{"id":628,"esSugerencia":false},{"id":44,"esSugerencia":false},{"id":30,"esSugerencia":false},{"id":668,"esSugerencia":false},{"id":662,"esSugerencia":true}]},"fecha":1554979488888},{"frase":"mamá quiero ir a hospital escuela o ","frecuencia":1,"complejidad":{"valor":0,"pictos componentes":[{"id":628,"esSugerencia":false},{"id":44,"esSugerencia":false},{"id":30,"esSugerencia":false},{"id":668,"esSugerencia":false},{"id":662,"esSugerencia":true},{"id":910,"esSugerencia":true}]},"fecha":1554979496409},{"frase":"mamá quiero ir a hospital escuela o cambiar de canal ","frecuencia":1,"complejidad":{"valor":0,"pictos componentes":[{"id":628,"esSugerencia":false},{"id":44,"esSugerencia":false},{"id":30,"esSugerencia":false},{"id":668,"esSugerencia":false},{"id":662,"esSugerencia":true},{"id":910,"esSugerencia":true},{"id":8,"esSugerencia":true}]},"fecha":1554979503860},{"frase":"mamá quiero ir a casa ","frecuencia":2,"complejidad":{"valor":0,"pictos componentes":[{"id":628,"esSugerencia":false},{"id":44,"esSugerencia":false},{"id":30,"esSugerencia":false},{"id":653,"esSugerencia":false}]},"fecha":[1554979524916,1555016266949]},{"frase":"mamá quiero ","frecuencia":1,"complejidad":{"valor":0,"pictos componentes":[{"id":628,"esSugerencia":false},{"id":44,"esSugerencia":false}]},"fecha":1554979532713},{"frase":"mamá quiero buscar ","frecuencia":2,"complejidad":{"valor":0,"pictos componentes":[{"id":628,"esSugerencia":false},{"id":44,"esSugerencia":false},{"id":5,"esSugerencia":false}]},"fecha":[1554979536830,1555017019284]},{"frase":"mamá quiero buscar mamá ","frecuencia":1,"complejidad":{"valor":0,"pictos componentes":[{"id":628,"esSugerencia":false},{"id":44,"esSugerencia":false},{"id":5,"esSugerencia":false},{"id":628,"esSugerencia":false}]},"fecha":1554979541543},{"frase":"mamá ¿Cómo estás? ","frecuencia":2,"complejidad":{"valor":0,"pictos componentes":[{"id":628,"esSugerencia":false},{"id":378,"esSugerencia":false}]},"fecha":[1554979554583,1555017240541]},{"frase":"mamá ¿Cómo estás? estoy bien ","frecuencia":2,"complejidad":{"valor":0,"pictos componentes":[{"id":628,"esSugerencia":false},{"id":378,"esSugerencia":false},{"id":22,"esSugerencia":false},{"id":133,"esSugerencia":false}]},"fecha":[1555015991209,1555016126684]},{"frase":"mamá ¿Cómo estás? estoy mal ananá bocadillo ","frecuencia":1,"complejidad":{"valor":0,"pictos componentes":[{"id":628,"esSugerencia":false},{"id":378,"esSugerencia":false},{"id":22,"esSugerencia":false},{"id":205,"esSugerencia":false},{"id":394,"esSugerencia":true},{"id":398,"esSugerencia":true}]},"fecha":1555016067438},{"frase":"mamá ¿Cómo estás? estoy mal ","frecuencia":1,"complejidad":{"valor":0,"pictos componentes":[{"id":628,"esSugerencia":false},{"id":378,"esSugerencia":false},{"id":22,"esSugerencia":false},{"id":205,"esSugerencia":false}]},"fecha":1555016093365},{"frase":"mamá ¿Cómo estás? tengo frío ","frecuencia":1,"complejidad":{"valor":0,"pictos componentes":[{"id":628,"esSugerencia":false},{"id":378,"esSugerencia":false},{"id":49,"esSugerencia":false},{"id":177,"esSugerencia":false}]},"fecha":1555016174107},{"frase":"mamá quiero ir a hospital ","frecuencia":3,"complejidad":{"valor":0,"pictos componentes":[{"id":628,"esSugerencia":false},{"id":44,"esSugerencia":false},{"id":30,"esSugerencia":false},{"id":668,"esSugerencia":false}]},"fecha":[1555016238496,1555016253698,1555871836612]},{"frase":"mamá quiero ir a casa café leche ","frecuencia":2,"complejidad":{"valor":0,"pictos componentes":[{"id":628,"esSugerencia":false},{"id":44,"esSugerencia":false},{"id":30,"esSugerencia":false},{"id":653,"esSugerencia":false},{"id":496,"esSugerencia":true},{"id":495,"esSugerencia":true}]},"fecha":[1555016283367,1555016443464]},{"frase":"mamá quiero ir a casa café leche berenjena ","frecuencia":1,"complejidad":{"valor":0,"pictos componentes":[{"id":628,"esSugerencia":false},{"id":44,"esSugerencia":false},{"id":30,"esSugerencia":false},{"id":653,"esSugerencia":false},{"id":496,"esSugerencia":true},{"id":495,"esSugerencia":true},{"id":397,"esSugerencia":true}]},"fecha":1555016428029},{"frase":"mamá quiero ir a casa café pan negro pomelo ","frecuencia":1,"complejidad":{"valor":0,"pictos componentes":[{"id":628,"esSugerencia":false},{"id":44,"esSugerencia":false},{"id":30,"esSugerencia":false},{"id":653,"esSugerencia":false},{"id":496,"esSugerencia":true},{"id":439,"esSugerencia":true},{"id":447,"esSugerencia":true}]},"fecha":1555016545193},{"frase":"mamá quiero ir a casa café pan negro un supermercado ","frecuencia":1,"complejidad":{"valor":0,"pictos componentes":[{"id":628,"esSugerencia":false},{"id":44,"esSugerencia":false},{"id":30,"esSugerencia":false},{"id":653,"esSugerencia":false},{"id":496,"esSugerencia":true},{"id":439,"esSugerencia":true},{"id":688,"esSugerencia":true}]},"fecha":1555016647576},{"frase":"mamá quiero ir a casa café leche chocolate ","frecuencia":1,"complejidad":{"valor":0,"pictos componentes":[{"id":628,"esSugerencia":false},{"id":44,"esSugerencia":false},{"id":30,"esSugerencia":false},{"id":653,"esSugerencia":false},{"id":496,"esSugerencia":true},{"id":495,"esSugerencia":true},{"id":498,"esSugerencia":true}]},"fecha":1555016692463},{"frase":"mamá quiero ir a casa reina enamorado heroe ","frecuencia":2,"complejidad":{"valor":0,"pictos componentes":[{"id":628,"esSugerencia":false},{"id":44,"esSugerencia":false},{"id":30,"esSugerencia":false},{"id":653,"esSugerencia":false},{"id":638,"esSugerencia":true},{"id":557,"esSugerencia":true},{"id":544,"esSugerencia":true}]},"fecha":[1555016746055,1555016824108]},{"frase":"mamá tengo escuela ","frecuencia":1,"complejidad":{"valor":0,"pictos componentes":[{"id":628,"esSugerencia":false},{"id":49,"esSugerencia":false},{"id":662,"esSugerencia":false}]},"fecha":1555016882300},{"frase":"mamá dame leche y galletas ","frecuencia":5,"complejidad":{"valor":0,"pictos componentes":[{"id":628,"esSugerencia":false},{"id":14,"esSugerencia":false},{"id":427,"esSugerencia":false}]},"fecha":[1555016932017,1555021247415,1560638863566,1560638866093,1560638869506]},{"frase":"mamá dame la tablet ","frecuencia":1,"complejidad":{"valor":0,"pictos componentes":[{"id":628,"esSugerencia":false},{"id":14,"esSugerencia":false},{"id":774,"esSugerencia":false}]},"fecha":1555016972585},{"frase":"mamá ¿Cómo estás? en dolor de Garganta Por favor Gracias pillar ","frecuencia":1,"complejidad":{"valor":0,"pictos componentes":[{"id":628,"esSugerencia":false},{"id":378,"esSugerencia":false},{"id":533,"esSugerencia":true},{"id":826,"esSugerencia":true},{"id":383,"esSugerencia":true},{"id":384,"esSugerencia":true},{"id":42,"esSugerencia":true}]},"fecha":1555017172708},{"frase":"mamá ¿Cómo estás? en dolor de Garganta Por favor Gracias ","frecuencia":1,"complejidad":{"valor":0,"pictos componentes":[{"id":628,"esSugerencia":false},{"id":378,"esSugerencia":false},{"id":533,"esSugerencia":true},{"id":826,"esSugerencia":true},{"id":383,"esSugerencia":true},{"id":384,"esSugerencia":true}]},"fecha":1555017190196},{"frase":"mamá ¿Cómo estás? quiero comer hamburguesa ","frecuencia":1,"complejidad":{"valor":0,"pictos componentes":[{"id":628,"esSugerencia":false},{"id":378,"esSugerencia":false},{"id":44,"esSugerencia":false},{"id":118,"esSugerencia":false},{"id":515,"esSugerencia":false}]},"fecha":1555017266984},{"frase":"mamá ¿Cómo estás? quiero comer hamburguesa gato ","frecuencia":1,"complejidad":{"valor":0,"pictos componentes":[{"id":628,"esSugerencia":false},{"id":378,"esSugerencia":false},{"id":44,"esSugerencia":false},{"id":118,"esSugerencia":false},{"id":515,"esSugerencia":false},{"id":313,"esSugerencia":true}]},"fecha":1555017282544},{"frase":"mamá ¿Cómo estás? quiero comer hamburguesa y el monopatín ","frecuencia":1,"complejidad":{"valor":0,"pictos componentes":[{"id":628,"esSugerencia":false},{"id":378,"esSugerencia":false},{"id":44,"esSugerencia":false},{"id":118,"esSugerencia":false},{"id":515,"esSugerencia":false},{"id":923,"esSugerencia":true},{"id":997,"esSugerencia":true}]},"fecha":1555017372730},{"frase":"mamá ¿Cómo estás? quiero comer hamburguesa y el monopatín calvo ","frecuencia":1,"complejidad":{"valor":0,"pictos componentes":[{"id":628,"esSugerencia":false},{"id":378,"esSugerencia":false},{"id":44,"esSugerencia":false},{"id":118,"esSugerencia":false},{"id":515,"esSugerencia":false},{"id":923,"esSugerencia":true},{"id":997,"esSugerencia":true},{"id":142,"esSugerencia":true}]},"fecha":1555020401217},{"frase":"mamá tengo ","frecuencia":4,"complejidad":{"valor":0,"pictos componentes":[{"id":628,"esSugerencia":false},{"id":49,"esSugerencia":false}]},"fecha":[1555020431675,1555871679170,1555871681050,1555871682286]},{"frase":"yo comer carne tomar gaseosa ","frecuencia":1,"complejidad":{"valor":0,"pictos componentes":[{"id":643,"esSugerencia":false},{"id":118,"esSugerencia":true},{"id":482,"esSugerencia":false},{"id":51,"esSugerencia":true},{"id":501,"esSugerencia":false}]},"fecha":1555020447961},{"frase":"yo comer carne tomar gaseosa patatas freir ","frecuencia":1,"complejidad":{"valor":0,"pictos componentes":[{"id":643,"esSugerencia":false},{"id":118,"esSugerencia":true},{"id":482,"esSugerencia":false},{"id":51,"esSugerencia":true},{"id":501,"esSugerencia":false},{"id":442,"esSugerencia":true},{"id":25,"esSugerencia":true}]},"fecha":1555020475869},{"frase":"yo comer carne tomar gaseosa patatas y amigos acompañar ","frecuencia":1,"complejidad":{"valor":0,"pictos componentes":[{"id":643,"esSugerencia":false},{"id":118,"esSugerencia":true},{"id":482,"esSugerencia":false},{"id":51,"esSugerencia":true},{"id":501,"esSugerencia":false},{"id":442,"esSugerencia":true},{"id":923,"esSugerencia":true},{"id":615,"esSugerencia":true},{"id":1,"esSugerencia":true}]},"fecha":1555020500401},{"frase":"yo comer carne tomar leche ","frecuencia":1,"complejidad":{"valor":0,"pictos componentes":[{"id":643,"esSugerencia":false},{"id":118,"esSugerencia":true},{"id":482,"esSugerencia":false},{"id":51,"esSugerencia":true},{"id":495,"esSugerencia":false}]},"fecha":1555020523938},{"frase":"yo estoy bien ","frecuencia":1,"complejidad":{"valor":0,"pictos componentes":[{"id":643,"esSugerencia":false},{"id":22,"esSugerencia":false},{"id":133,"esSugerencia":false}]},"fecha":1555020559166},{"frase":"mamá ¿Cómo estás? quiero ","frecuencia":1,"complejidad":{"valor":0,"pictos componentes":[{"id":628,"esSugerencia":false},{"id":378,"esSugerencia":false},{"id":44,"esSugerencia":false}]},"fecha":1555020635095},{"frase":"mamá dame los juguetes niño en ropa interior tacon niña castaño ","frecuencia":1,"complejidad":{"valor":0,"pictos componentes":[{"id":628,"esSugerencia":false},{"id":14,"esSugerencia":false},{"id":989,"esSugerencia":false},{"id":959,"esSugerencia":true},{"id":970,"esSugerencia":true},{"id":631,"esSugerencia":true},{"id":145,"esSugerencia":true}]},"fecha":1555020685836},{"frase":"mamá dame los juguetes niño en ropa interior tacon niña ","frecuencia":1,"complejidad":{"valor":0,"pictos componentes":[{"id":628,"esSugerencia":false},{"id":14,"esSugerencia":false},{"id":989,"esSugerencia":false},{"id":959,"esSugerencia":true},{"id":970,"esSugerencia":true},{"id":631,"esSugerencia":true}]},"fecha":1555021219221},{"frase":"mamá dame los juguetes niño en ropa interior tacon ","frecuencia":1,"complejidad":{"valor":0,"pictos componentes":[{"id":628,"esSugerencia":false},{"id":14,"esSugerencia":false},{"id":989,"esSugerencia":false},{"id":959,"esSugerencia":true},{"id":970,"esSugerencia":true}]},"fecha":1555021232201},{"frase":"mamá dame leche y galletas búho chupetin ","frecuencia":1,"complejidad":{"valor":0,"pictos componentes":[{"id":628,"esSugerencia":false},{"id":14,"esSugerencia":false},{"id":427,"esSugerencia":false},{"id":291,"esSugerencia":true},{"id":406,"edad":["NINO"],"esSugerencia":true}]},"fecha":1555108571756},{"frase":"mamá dame leche y galletas búho cisne ","frecuencia":1,"complejidad":{"valor":0,"pictos componentes":[{"id":628,"esSugerencia":false},{"id":14,"esSugerencia":false},{"id":427,"esSugerencia":false},{"id":291,"esSugerencia":true},{"id":304,"esSugerencia":true}]},"fecha":1555108586888},{"frase":"mamá dame leche y galletas cepillarme los dientes dolor de muela ","frecuencia":1,"complejidad":{"valor":0,"pictos componentes":[{"id":628,"esSugerencia":false},{"id":14,"esSugerencia":false},{"id":427,"esSugerencia":false},{"id":11,"esSugerencia":true},{"id":822,"esSugerencia":true}]},"fecha":1555108612372},{"frase":"mamá dame leche y galletas cepillarme los dientes . ¿me ayudas? ","frecuencia":1,"complejidad":{"valor":0,"pictos componentes":[{"id":628,"esSugerencia":false},{"id":14,"esSugerencia":false},{"id":427,"esSugerencia":false},{"id":11,"esSugerencia":true},{"id":385,"esSugerencia":false}]},"fecha":1555108625545},{"frase":"mamá dame el cuento ","frecuencia":1,"complejidad":{"valor":0,"pictos componentes":[{"id":628,"esSugerencia":false},{"id":14,"esSugerencia":false},{"id":986,"esSugerencia":false}]},"fecha":1555108641028},{"frase":"mamá dame los juguetes ","frecuencia":1,"complejidad":{"valor":0,"pictos componentes":[{"id":628,"esSugerencia":false},{"id":14,"esSugerencia":false},{"id":989,"esSugerencia":false}]},"fecha":1555108650523},{"frase":"mamá quiero ir a casa ayuda ","frecuencia":1,"complejidad":{"valor":0,"pictos componentes":[{"id":628,"esSugerencia":false},{"id":44,"esSugerencia":false},{"id":30,"esSugerencia":false},{"id":653,"esSugerencia":false},{"id":703,"esSugerencia":true}]},"fecha":1555108695489},{"frase":"mamá quiero ir a casa ayuda dedos dedos ","frecuencia":1,"complejidad":{"valor":0,"pictos componentes":[{"id":628,"esSugerencia":false},{"id":44,"esSugerencia":false},{"id":30,"esSugerencia":false},{"id":653,"esSugerencia":false},{"id":703,"esSugerencia":true},{"id":782,"esSugerencia":true},{"id":782,"esSugerencia":true}]},"fecha":1555108707406},{"frase":"mamá quiero ir a casa ayuda ballena ","frecuencia":1,"complejidad":{"valor":0,"pictos componentes":[{"id":628,"esSugerencia":false},{"id":44,"esSugerencia":false},{"id":30,"esSugerencia":false},{"id":653,"esSugerencia":false},{"id":703,"esSugerencia":true},{"id":290,"esSugerencia":true}]},"fecha":1555108723872},{"frase":"mamá quiero ir a casa papá ","frecuencia":1,"complejidad":{"valor":0,"pictos componentes":[{"id":628,"esSugerencia":false},{"id":44,"esSugerencia":false},{"id":30,"esSugerencia":false},{"id":653,"esSugerencia":false},{"id":632,"esSugerencia":true}]},"fecha":1555108735544},{"frase":"yo ","frecuencia":5,"complejidad":{"valor":0,"pictos componentes":[{"id":643,"esSugerencia":false}]},"fecha":[1555108763667,1555108765381,1555108766122,1555108766813,1555108767506]},{"frase":"yo comer ","frecuencia":2,"complejidad":{"valor":0,"pictos componentes":[{"id":643,"esSugerencia":false},{"id":118,"esSugerencia":false}]},"fecha":[1555108771992,1555108773458]},{"frase":"yo comer pollo flan galleta ananá famoso ","frecuencia":1,"complejidad":{"valor":0,"pictos componentes":[{"id":643,"esSugerencia":false},{"id":118,"esSugerencia":false},{"id":504,"esSugerencia":false},{"id":412,"esSugerencia":true},{"id":415,"esSugerencia":true},{"id":394,"esSugerencia":true},{"id":170,"esSugerencia":true}]},"fecha":1555108799900},{"frase":"mamá tengo frío ","frecuencia":2,"complejidad":{"valor":0,"pictos componentes":[{"id":628,"esSugerencia":false},{"id":49,"esSugerencia":false},{"id":177,"esSugerencia":false}]},"fecha":[1555871685568,1555871687496]},{"frase":"mamá tengo frío borrar ","frecuencia":1,"complejidad":{"valor":0,"pictos componentes":[{"id":628,"esSugerencia":false},{"id":49,"esSugerencia":false},{"id":177,"esSugerencia":false},{"id":4,"esSugerencia":true}]},"fecha":1555871693922},{"frase":"mamá tengo frío borrar axila ","frecuencia":1,"complejidad":{"valor":0,"pictos componentes":[{"id":628,"esSugerencia":false},{"id":49,"esSugerencia":false},{"id":177,"esSugerencia":false},{"id":4,"esSugerencia":true},{"id":776,"esSugerencia":true}]},"fecha":1555871701590},{"frase":"mamá tengo frío borrar cambiarme el pañal ","frecuencia":1,"complejidad":{"valor":0,"pictos componentes":[{"id":628,"esSugerencia":false},{"id":49,"esSugerencia":false},{"id":177,"esSugerencia":false},{"id":4,"esSugerencia":true},{"id":9,"esSugerencia":true}]},"fecha":1555871711727},{"frase":"mamá tengo frío borrar cambiarme el pañal cambiarme la ropa ","frecuencia":1,"complejidad":{"valor":0,"pictos componentes":[{"id":628,"esSugerencia":false},{"id":49,"esSugerencia":false},{"id":177,"esSugerencia":false},{"id":4,"esSugerencia":true},{"id":9,"esSugerencia":true},{"id":10,"esSugerencia":true}]},"fecha":1555871716805},{"frase":"mamá ¿Cómo estás? en dolor de Garganta caro cojo ","frecuencia":2,"complejidad":{"valor":0,"pictos componentes":[{"id":628,"esSugerencia":false},{"id":378,"esSugerencia":false},{"id":533,"esSugerencia":false},{"id":826,"esSugerencia":false},{"id":144,"esSugerencia":true},{"id":148,"esSugerencia":true}]},"fecha":[1555871744947,1555871751856]},{"frase":"mamá ¿Cómo estás? en dolor de Garganta caro cojo familia ","frecuencia":1,"complejidad":{"valor":0,"pictos componentes":[{"id":628,"esSugerencia":false},{"id":378,"esSugerencia":false},{"id":533,"esSugerencia":false},{"id":826,"esSugerencia":false},{"id":144,"esSugerencia":true},{"id":148,"esSugerencia":true},{"id":621,"esSugerencia":true}]},"fecha":1555871760659},{"frase":"mamá ¿Cómo estás? en dolor de Garganta caro repetir ","frecuencia":1,"complejidad":{"valor":0,"pictos componentes":[{"id":628,"esSugerencia":false},{"id":378,"esSugerencia":false},{"id":533,"esSugerencia":false},{"id":826,"esSugerencia":false},{"id":144,"esSugerencia":true},{"id":95,"esSugerencia":true}]},"fecha":1555871774962},{"frase":"mamá ¿Cómo estás? en dolor de Garganta caro repetir antipático ","frecuencia":1,"complejidad":{"valor":0,"pictos componentes":[{"id":628,"esSugerencia":false},{"id":378,"esSugerencia":false},{"id":533,"esSugerencia":false},{"id":826,"esSugerencia":false},{"id":144,"esSugerencia":true},{"id":95,"esSugerencia":true},{"id":120,"esSugerencia":true}]},"fecha":1555871783105},{"frase":"mamá ¿Cómo estás? en dolor de Garganta Por favor cocinero abrigo ","frecuencia":1,"complejidad":{"valor":0,"pictos componentes":[{"id":628,"esSugerencia":false},{"id":378,"esSugerencia":false},{"id":533,"esSugerencia":false},{"id":826,"esSugerencia":false},{"id":383,"esSugerencia":false},{"id":619,"esSugerencia":true},{"id":924,"esSugerencia":true}]},"fecha":1555871808037},{"frase":"mamá quiero ir a hospital dolor de Garganta Por favor cambiar ","frecuencia":1,"complejidad":{"valor":0,"pictos componentes":[{"id":628,"esSugerencia":false},{"id":44,"esSugerencia":false},{"id":30,"esSugerencia":false},{"id":668,"esSugerencia":false},{"id":826,"esSugerencia":true},{"id":383,"esSugerencia":false},{"id":7,"esSugerencia":true}]},"fecha":1555871852226},{"frase":"mamá quiero tomar pastillas venda ","frecuencia":1,"complejidad":{"valor":0,"pictos componentes":[{"id":628,"esSugerencia":false},{"id":44,"esSugerencia":false},{"id":51,"esSugerencia":false},{"id":886,"esSugerencia":true},{"id":887,"esSugerencia":true}]},"fecha":1555871888772},{"frase":"mamá quiero tomar pastillas venda No estoy ","frecuencia":1,"complejidad":{"valor":0,"pictos componentes":[{"id":628,"esSugerencia":false},{"id":44,"esSugerencia":false},{"id":51,"esSugerencia":false},{"id":886,"esSugerencia":true},{"id":887,"esSugerencia":true},{"id":389},{"id":22,"esSugerencia":false}]},"fecha":1555871926601},{"frase":"mamá quiero tomar pastillas venda No hacer pis ","frecuencia":1,"complejidad":{"valor":0,"pictos componentes":[{"id":628,"esSugerencia":false},{"id":44,"esSugerencia":false},{"id":51,"esSugerencia":false},{"id":886,"esSugerencia":true},{"id":887,"esSugerencia":true},{"id":389},{"id":29,"esSugerencia":true}]},"fecha":1555871939428},{"frase":"mamá enojado ","frecuencia":1,"complejidad":{"valor":0,"pictos componentes":[{"id":628,"esSugerencia":false},{"id":167,"esSugerencia":true}]},"fecha":1555871986870},{"frase":"mamá enojado mal ","frecuencia":1,"complejidad":{"valor":0,"pictos componentes":[{"id":628,"esSugerencia":false},{"id":167,"esSugerencia":true},{"id":205,"esSugerencia":true}]},"fecha":1555871992738},{"frase":"mamá enojado mal maltrato físico ","frecuencia":1,"complejidad":{"valor":0,"pictos componentes":[{"id":628,"esSugerencia":false},{"id":167,"esSugerencia":true},{"id":205,"esSugerencia":true},{"id":712,"esSugerencia":true}]},"fecha":1555872004936},{"frase":"mamá enojado mal maltrato físico caballito de mar ","frecuencia":1,"complejidad":{"valor":0,"pictos componentes":[{"id":628,"esSugerencia":false},{"id":167,"esSugerencia":true},{"id":205,"esSugerencia":true},{"id":712,"esSugerencia":true},{"id":292,"esSugerencia":true}]},"fecha":1555872011517},{"frase":"mamá enojado mal maltrato físico caballito de mar alto ","frecuencia":1,"complejidad":{"valor":0,"pictos componentes":[{"id":628,"esSugerencia":false},{"id":167,"esSugerencia":true},{"id":205,"esSugerencia":true},{"id":712,"esSugerencia":true},{"id":292,"esSugerencia":true},{"id":123,"esSugerencia":true}]},"fecha":1555872059650},{"frase":"mamá enojado mal maltrato físico caballito de mar alto pegamento ","frecuencia":2,"complejidad":{"valor":0,"pictos componentes":[{"id":628,"esSugerencia":false},{"id":167,"esSugerencia":true},{"id":205,"esSugerencia":true},{"id":712,"esSugerencia":true},{"id":292,"esSugerencia":true},{"id":123,"esSugerencia":true},{"id":768,"esSugerencia":true}]},"fecha":[1555872073429,1555872093078]},{"frase":"papá estoy ","frecuencia":1,"complejidad":{"valor":0,"pictos componentes":[{"id":632,"esSugerencia":false},{"id":22,"esSugerencia":false}]},"fecha":1555872108788},{"frase":"papá estoy mas o menos ","frecuencia":1,"complejidad":{"valor":0,"pictos componentes":[{"id":632,"esSugerencia":false},{"id":22,"esSugerencia":false},{"id":204,"esSugerencia":false}]},"fecha":1555872114524},{"frase":"papá estoy mas o menos Si ","frecuencia":1,"complejidad":{"valor":0,"pictos componentes":[{"id":632,"esSugerencia":false},{"id":22,"esSugerencia":false},{"id":204,"esSugerencia":false},{"id":388,"esSugerencia":true}]},"fecha":1555872120131},{"frase":"papá estoy mas o menos Si despeinada ","frecuencia":1,"complejidad":{"valor":0,"pictos componentes":[{"id":632,"esSugerencia":false},{"id":22,"esSugerencia":false},{"id":204,"esSugerencia":false},{"id":388,"esSugerencia":true},{"id":158,"esSugerencia":true}]},"fecha":1555872124564},{"frase":"papá estoy mas o menos Si despeinada jugar con la tablet parada ","frecuencia":1,"complejidad":{"valor":0,"pictos componentes":[{"id":632,"esSugerencia":false},{"id":22,"esSugerencia":false},{"id":204,"esSugerencia":false},{"id":388,"esSugerencia":true},{"id":158,"esSugerencia":true},{"id":82,"edad":["JOVEN"],"esSugerencia":true},{"id":612,"esSugerencia":true}]},"fecha":1555872139402},{"frase":"papá estoy mas o menos Si despeinada jugar con la tablet parada vincha ","frecuencia":1,"complejidad":{"valor":0,"pictos componentes":[{"id":632,"esSugerencia":false},{"id":22,"esSugerencia":false},{"id":204,"esSugerencia":false},{"id":388,"esSugerencia":true},{"id":158,"esSugerencia":true},{"id":82,"edad":["JOVEN"],"esSugerencia":true},{"id":612,"esSugerencia":true},{"id":972,"esSugerencia":true}]},"fecha":1555872150907},{"frase":"abuelo peinarme peinada sentarme en el borde salir del agua ","frecuencia":2,"complejidad":{"valor":0,"pictos componentes":[{"id":614,"esSugerencia":false},{"id":39,"esSugerencia":true},{"id":226,"esSugerencia":true},{"id":102,"esSugerencia":true},{"id":99,"esSugerencia":false}]},"fecha":[1555872218312,1555872223009]},{"frase":"abuelo peinarme peinada sentarme en el borde salir del agua ácido ","frecuencia":2,"complejidad":{"valor":0,"pictos componentes":[{"id":614,"esSugerencia":false},{"id":39,"esSugerencia":true},{"id":226,"esSugerencia":true},{"id":102,"esSugerencia":true},{"id":99,"esSugerencia":false},{"id":122,"esSugerencia":true}]},"fecha":[1555872233991,1555872239725]},{"frase":"abuelo peinarme peinada sentarme en el borde salir del agua ácido asustado ","frecuencia":1,"complejidad":{"valor":0,"pictos componentes":[{"id":614,"esSugerencia":false},{"id":39,"esSugerencia":true},{"id":226,"esSugerencia":true},{"id":102,"esSugerencia":true},{"id":99,"esSugerencia":false},{"id":122,"esSugerencia":true},{"id":121,"esSugerencia":true}]},"fecha":1555872257379},{"frase":"abuelo fútbol hacer ","frecuencia":3,"complejidad":{"valor":0,"pictos componentes":[{"id":614,"esSugerencia":false},{"id":835,"esSugerencia":true},{"id":28,"esSugerencia":true}]},"fecha":[1555872289032,1555872293794,1555872296432]},{"frase":"abuelo fútbol hacer lavarme cara cómodo ","frecuencia":2,"complejidad":{"valor":0,"pictos componentes":[{"id":614,"esSugerencia":false},{"id":835,"esSugerencia":true},{"id":28,"esSugerencia":true},{"id":84,"esSugerencia":true},{"id":149,"esSugerencia":true}]},"fecha":[1555872308301,1555872312294]},{"frase":"abuelo fútbol hacer lavarme cara ","frecuencia":1,"complejidad":{"valor":0,"pictos componentes":[{"id":614,"esSugerencia":false},{"id":835,"esSugerencia":true},{"id":28,"esSugerencia":true},{"id":84,"esSugerencia":true}]},"fecha":1555872315604},{"frase":"abuelo fútbol hacer lavarme cara viajar en avion ","frecuencia":1,"complejidad":{"valor":0,"pictos componentes":[{"id":614,"esSugerencia":false},{"id":835,"esSugerencia":true},{"id":28,"esSugerencia":true},{"id":84,"esSugerencia":true},{"id":109,"esSugerencia":true}]},"fecha":1555872330036},{"frase":"abuelo fútbol hacer lavarme cara viajar en avion aduana ","frecuencia":1,"complejidad":{"valor":0,"pictos componentes":[{"id":614,"esSugerencia":false},{"id":835,"esSugerencia":true},{"id":28,"esSugerencia":true},{"id":84,"esSugerencia":true},{"id":109,"esSugerencia":true},{"id":645,"esSugerencia":true}]},"fecha":1555872335534},{"frase":"mamá dame leche y galletas conejo ","frecuencia":7,"complejidad":{"valor":0,"pictos componentes":[{"id":628,"esSugerencia":false},{"id":14,"esSugerencia":false},{"id":427,"esSugerencia":false},{"id":376,"esSugerencia":true}]},"fecha":[1560638881257,1560638909206,1560638919044,1560638940132,1560638948021,1560638951020,1560638954600]},{"frase":"mamá dame leche y galletas conejo mirarme al espejo higiene personal grillo ","frecuencia":4,"complejidad":{"valor":0,"pictos componentes":[{"id":628,"esSugerencia":false},{"id":14,"esSugerencia":false},{"id":427,"esSugerencia":false},{"id":376,"esSugerencia":true},{"id":35,"esSugerencia":true},{"id":708,"esSugerencia":true},{"id":314,"esSugerencia":true}]},"fecha":[1560638989216,1560639000050,1560639011489,1560639018096]},{"frase":"mamá dame leche y galletas conejo mirarme al espejo calza dolor de Garganta ","frecuencia":1,"complejidad":{"valor":0,"pictos componentes":[{"id":628,"esSugerencia":false},{"id":14,"esSugerencia":false},{"id":427,"esSugerencia":false},{"id":376,"esSugerencia":true},{"id":35,"esSugerencia":true},{"id":937,"esSugerencia":true},{"id":826,"esSugerencia":true}]},"fecha":1560639047438},{"frase":"mamá dame leche y galletas conejo mirarme al espejo babero no me gusta ","frecuencia":2,"complejidad":{"valor":0,"pictos componentes":[{"id":628,"esSugerencia":false},{"id":14,"esSugerencia":false},{"id":427,"esSugerencia":false},{"id":376,"esSugerencia":true},{"id":35,"esSugerencia":true},{"id":926,"esSugerencia":true},{"id":907,"esSugerencia":true}]},"fecha":[1560639089012,1560639096744]},{"frase":"mamá dame leche y galletas conejo mirarme al espejo babero no me gusta curar ","frecuencia":1,"complejidad":{"valor":0,"pictos componentes":[{"id":628,"esSugerencia":false},{"id":14,"esSugerencia":false},{"id":427,"esSugerencia":false},{"id":376,"esSugerencia":true},{"id":35,"esSugerencia":true},{"id":926,"esSugerencia":true},{"id":907,"esSugerencia":true},{"id":113,"esSugerencia":true}]},"fecha":1560639131423},{"frase":"mamá dame leche y galletas conejo mirarme al espejo curar desinfectar ","frecuencia":1,"complejidad":{"valor":0,"pictos componentes":[{"id":628,"esSugerencia":false},{"id":14,"esSugerencia":false},{"id":427,"esSugerencia":false},{"id":376,"esSugerencia":true},{"id":35,"esSugerencia":true},{"id":113,"esSugerencia":true},{"id":114,"esSugerencia":true}]},"fecha":1560639293057},{"frase":"mamá dame leche y galletas conejo mirarme al espejo curar pastillas ","frecuencia":1,"complejidad":{"valor":0,"pictos componentes":[{"id":628,"esSugerencia":false},{"id":14,"esSugerencia":false},{"id":427,"esSugerencia":false},{"id":376,"esSugerencia":true},{"id":35,"esSugerencia":true},{"id":113,"esSugerencia":true},{"id":886,"esSugerencia":true}]},"fecha":1560639360837},{"frase":"mamá dame leche y galletas conejo mirarme al espejo curar pastillas venda ","frecuencia":1,"complejidad":{"valor":0,"pictos componentes":[{"id":628,"esSugerencia":false},{"id":14,"esSugerencia":false},{"id":427,"esSugerencia":false},{"id":376,"esSugerencia":true},{"id":35,"esSugerencia":true},{"id":113,"esSugerencia":true},{"id":886,"esSugerencia":true},{"id":887,"esSugerencia":false}]},"fecha":1560639367896},{"frase":"mamá tengo verguenza seis ocho aventuras bruja ","frecuencia":1,"complejidad":{"valor":0,"pictos componentes":[{"id":628,"esSugerencia":false},{"id":49,"esSugerencia":false},{"id":729,"esSugerencia":false},{"id":841,"esSugerencia":true},{"id":843,"esSugerencia":true},{"id":556,"esSugerencia":true},{"id":547,"esSugerencia":true}]},"fecha":1560639409312},{"frase":"mamá tengo verguenza seis ocho aventuras bruja pedir un taxi ","frecuencia":1,"complejidad":{"valor":0,"pictos componentes":[{"id":628,"esSugerencia":false},{"id":49,"esSugerencia":false},{"id":729,"esSugerencia":false},{"id":841,"esSugerencia":true},{"id":843,"esSugerencia":true},{"id":556,"esSugerencia":true},{"id":547,"esSugerencia":true},{"id":115,"edad":["ADULTO","JOVEN"],"esSugerencia":false}]},"fecha":1560639416992}]