[{"frase":"","frecuencia":1,"complejidad":{"valor":0,"pictos componentes":[]},"fecha":1564772811790},{"frase":"papá quiero comer hamburguesa ","frecuencia":1,"complejidad":{"valor":0,"pictos componentes":[{"id":632,"esSugerencia":false},{"id":44,"esSugerencia":false},{"id":118,"esSugerencia":false},{"id":515,"esSugerencia":false}]},"fecha":1564772864459},{"frase":"Hola tengo escuela escuela ","frecuencia":1,"complejidad":{"valor":0,"pictos componentes":[{"id":377,"esSugerencia":false},{"id":49,"esSugerencia":false},{"id":662,"esSugerencia":false},{"id":662,"esSugerencia":true}]},"fecha":1564772912793}]