[{"frase":"","frecuencia":8,"complejidad":{"valor":0,"pictos componentes":[]},"fecha":[1556073656908,1558481725737,1558481727346,1558481731241,1558481755455,1558482152579,1558482153966,1558482154635]},{"frase":"Hola ","frecuencia":3,"complejidad":{"valor":0,"pictos componentes":[{"id":377,"esSugerencia":false}]},"fecha":[1558482216505,1558482251019,1558482252726]},{"frase":"Hola Buen día ","frecuencia":2,"complejidad":{"valor":0,"pictos componentes":[{"id":377,"esSugerencia":false},{"id":379,"horario":["MANANA"],"esSugerencia":false}]},"fecha":[1558482258473,1558482262947]}]