[{"frase":"Hola Buenas tardes ","frecuencia":1,"complejidad":{"valor":0,"pictos componentes":[{"id":377,"esSugerencia":false},{"id":380,"horario":["MEDIODIA","TARDE"],"esSugerencia":false}]},"fecha":1554818291887},{"frase":"Si ","frecuencia":2,"complejidad":{"valor":0,"pictos componentes":[{"id":388,"esSugerencia":false}]},"fecha":[1554818335397,1554818356411]},{"frase":"Hola Buen día ","frecuencia":1,"complejidad":{"valor":0,"pictos componentes":[{"id":377,"esSugerencia":false},{"id":379,"horario":["MANANA"],"esSugerencia":false}]},"fecha":1554818382080},{"frase":"Hola ¿Cómo estás? ","frecuencia":10,"complejidad":{"valor":0,"pictos componentes":[{"id":377,"esSugerencia":false},{"id":378,"esSugerencia":false}]},"fecha":[1554820539589,1554821089772,1554821096817,1554821102832,1554821106841,1555079700566,1555079719506,1555079721532,1555079740889,1555513161782]},{"frase":"Hola ¿Cómo estás? estoy mas o menos ","frecuencia":1,"complejidad":{"valor":0,"pictos componentes":[{"id":377,"esSugerencia":false},{"id":378,"esSugerencia":false},{"id":22,"esSugerencia":false},{"id":204,"esSugerencia":false}]},"fecha":1554820687310},{"frase":"","frecuencia":23,"complejidad":{"valor":0,"pictos componentes":[]},"fecha":[1554820730550,1554820730589,1554820731652,1554820731764,1554820742137,1554820742204,1554820768737,1554821001691,1554821009600,1554821012380,1554821020836,1554821023506,1554821025275,1554821026835,1555079694105,1555079811115,1555079821006,1555510751746,1555513316752,1555513319044,1422784807857,1422871385086,1575049291103]},{"frase":"yo quiero comer hamburguesa ","frecuencia":2,"complejidad":{"valor":0,"pictos componentes":[{"id":643,"esSugerencia":false},{"id":44,"esSugerencia":false},{"id":118,"esSugerencia":false},{"id":515,"esSugerencia":false}]},"fecha":[1554820908425,1554820971331]},{"frase":"Hola ","frecuencia":5,"complejidad":{"valor":0,"pictos componentes":[{"id":377,"esSugerencia":false}]},"fecha":[1554821071796,1555079825360,1555079850513,1422122023005,1422265939713]},{"frase":"Hola ¿Cómo estás? quiero ","frecuencia":3,"complejidad":{"valor":0,"pictos componentes":[{"id":377,"esSugerencia":false},{"id":378,"esSugerencia":false},{"id":44,"esSugerencia":false}]},"fecha":[1554821109313,1554821146342,1554821150531]},{"frase":"Hola ¿Cómo estás? quiero buscar comida escuchar ","frecuencia":1,"complejidad":{"valor":0,"pictos componentes":[{"id":377,"esSugerencia":false},{"id":378,"esSugerencia":false},{"id":44,"esSugerencia":false},{"id":5,"esSugerencia":false},{"id":1014,"esSugerencia":false},{"id":21,"esSugerencia":true}]},"fecha":1554821188255},{"frase":"yo tengo frío ","frecuencia":1,"complejidad":{"valor":0,"pictos componentes":[{"id":643,"esSugerencia":false},{"id":49,"esSugerencia":false},{"id":177,"esSugerencia":false}]},"fecha":1554981338277},{"frase":"yo estoy bien ","frecuencia":4,"complejidad":{"valor":0,"pictos componentes":[{"id":643,"esSugerencia":false},{"id":22,"esSugerencia":false},{"id":133,"esSugerencia":false}]},"fecha":[1554981442476,1555005095723,1555513057766,1574443779898]},{"frase":"pasear ","frecuencia":1,"complejidad":{"valor":0,"pictos componentes":[{"id":38}]},"fecha":1554981653137},{"frase":"quiero pasear ","frecuencia":1,"complejidad":{"valor":0,"pictos componentes":[{"id":44,"esSugerencia":false},{"id":38}]},"fecha":1554981823544},{"frase":"yo quiero pasear ","frecuencia":1,"complejidad":{"valor":0,"pictos componentes":[{"id":643,"esSugerencia":false},{"id":44,"esSugerencia":false},{"id":38}]},"fecha":1554981943475},{"frase":"yo quiero pasear jardín amigos ","frecuencia":1,"complejidad":{"valor":0,"pictos componentes":[{"id":643,"esSugerencia":false},{"id":44,"esSugerencia":false},{"id":38},{"id":672,"esSugerencia":true},{"id":615,"esSugerencia":true}]},"fecha":1554981983233},{"frase":"yo quiero pasear jardín amigos jugar con la tablet aburrido salir del agua cambiar de canal negro colores ","frecuencia":1,"complejidad":{"valor":0,"pictos componentes":[{"id":643,"esSugerencia":false},{"id":44,"esSugerencia":false},{"id":38},{"id":672,"esSugerencia":true},{"id":615,"esSugerencia":true},{"id":82,"edad":["JOVEN"],"esSugerencia":true},{"id":119,"esSugerencia":true},{"id":99,"esSugerencia":true},{"id":8,"esSugerencia":true},{"id":743,"esSugerencia":true},{"id":737,"esSugerencia":true}]},"fecha":1554982028099},{"frase":"yo ","frecuencia":9,"complejidad":{"valor":0,"pictos componentes":[{"id":643,"esSugerencia":false}]},"fecha":[1554982140944,1555005065423,1555005067573,1555512987141,1555512991620,1555513003061,1555513008790,1555513330120,1555513334361]},{"frase":"yo quiero comer ","frecuencia":1,"complejidad":{"valor":0,"pictos componentes":[{"id":643,"esSugerencia":false},{"id":44,"esSugerencia":false},{"id":118,"esSugerencia":false}]},"fecha":1554982205188},{"frase":"yo quiero comer pollo ","frecuencia":2,"complejidad":{"valor":0,"pictos componentes":[{"id":643,"esSugerencia":false},{"id":44,"esSugerencia":false},{"id":118,"esSugerencia":false},{"id":504,"esSugerencia":false}]},"fecha":[1554982223919,1572028849670]},{"frase":"yo quiero comer pollo canelones ","frecuencia":1,"complejidad":{"valor":0,"pictos componentes":[{"id":643,"esSugerencia":false},{"id":44,"esSugerencia":false},{"id":118,"esSugerencia":false},{"id":504,"esSugerencia":false},{"id":400}]},"fecha":1554982342414},{"frase":"yo tengo hambre abeja leer ","frecuencia":1,"complejidad":{"valor":0,"pictos componentes":[{"id":643,"esSugerencia":false},{"id":49,"esSugerencia":false},{"id":597,"esSugerencia":false},{"id":283,"esSugerencia":true},{"id":32,"esSugerencia":true}]},"fecha":1555005054302},{"frase":"yo estoy bien respirar bajo el agua boca ","frecuencia":2,"complejidad":{"valor":0,"pictos componentes":[{"id":643,"esSugerencia":false},{"id":22,"esSugerencia":false},{"id":133,"esSugerencia":false},{"id":96,"esSugerencia":true},{"id":777,"esSugerencia":true}]},"fecha":[1555005117759,1555005122654]},{"frase":"Hola canelones ","frecuencia":1,"complejidad":{"valor":0,"pictos componentes":[{"id":377,"esSugerencia":false},{"id":400,"esSugerencia":true}]},"fecha":1555079974780},{"frase":"Hola canelones quiero ","frecuencia":1,"complejidad":{"valor":0,"pictos componentes":[{"id":377,"esSugerencia":false},{"id":400,"esSugerencia":true},{"id":44,"esSugerencia":false}]},"fecha":1555080075383},{"frase":"quiero ","frecuencia":4,"complejidad":{"valor":0,"pictos componentes":[{"id":44,"esSugerencia":false}]},"fecha":[1555080092283,1555080097801,1555080111484,1555080153729]},{"frase":"quiero comer ","frecuencia":3,"complejidad":{"valor":0,"pictos componentes":[{"id":44,"esSugerencia":false},{"id":118,"esSugerencia":false}]},"fecha":[1555080125016,1555080162253,1422177440584]},{"frase":"quiero comer canelones ","frecuencia":1,"complejidad":{"valor":0,"pictos componentes":[{"id":44,"esSugerencia":false},{"id":118,"esSugerencia":false},{"id":400,"esSugerencia":true}]},"fecha":1555080196760},{"frase":"quiero comer canelones quiero ","frecuencia":1,"complejidad":{"valor":0,"pictos componentes":[{"id":44,"esSugerencia":false},{"id":118,"esSugerencia":false},{"id":400,"esSugerencia":true},{"id":44,"esSugerencia":false}]},"fecha":1555080349916},{"frase":"quiero comer canelones quiero comer ","frecuencia":1,"complejidad":{"valor":0,"pictos componentes":[{"id":44,"esSugerencia":false},{"id":118,"esSugerencia":false},{"id":400,"esSugerencia":true},{"id":44,"esSugerencia":false},{"id":118,"esSugerencia":false}]},"fecha":1555080352586},{"frase":"quiero comer canelones rabas ","frecuencia":1,"complejidad":{"valor":0,"pictos componentes":[{"id":44,"esSugerencia":false},{"id":118,"esSugerencia":false},{"id":400,"esSugerencia":true},{"id":455}]},"fecha":1555080526410},{"frase":"yo estoy aburrido ","frecuencia":2,"complejidad":{"valor":0,"pictos componentes":[{"id":643,"esSugerencia":false},{"id":22,"esSugerencia":false},{"id":119,"esSugerencia":false}]},"fecha":[1555512970902,1555512976885]},{"frase":"yo estoy ","frecuencia":1,"complejidad":{"valor":0,"pictos componentes":[{"id":643,"esSugerencia":false},{"id":22,"esSugerencia":false}]},"fecha":1555513021408},{"frase":"yo quiero ","frecuencia":2,"complejidad":{"valor":0,"pictos componentes":[{"id":643,"esSugerencia":false},{"id":44,"esSugerencia":false}]},"fecha":[1555513244395,1555513340140]},{"frase":"yo quiero jugar con el juguete ","frecuencia":3,"complejidad":{"valor":0,"pictos componentes":[{"id":643,"esSugerencia":false},{"id":44,"esSugerencia":false},{"id":34,"edad":["NINO"],"esSugerencia":false},{"id":761,"esSugerencia":false}]},"fecha":[1555513263231,1555513274212,1555513294796]},{"frase":"yo quiero ir a ","frecuencia":1,"complejidad":{"valor":0,"pictos componentes":[{"id":643,"esSugerencia":false},{"id":44,"esSugerencia":false},{"id":30,"esSugerencia":false}]},"fecha":1555513356350},{"frase":"yo quiero ir a comer ","frecuencia":2,"complejidad":{"valor":0,"pictos componentes":[{"id":643,"esSugerencia":false},{"id":44,"esSugerencia":false},{"id":30,"esSugerencia":false},{"id":118,"esSugerencia":false}]},"fecha":[1555513375554,1571672374717]},{"frase":"Hola Buenas tardes estoy bien respirar bajo el agua boca ","frecuencia":1,"complejidad":{"valor":0,"pictos componentes":[{"id":377,"esSugerencia":false},{"id":380,"horario":["MEDIODIA","TARDE"],"esSugerencia":false},{"id":22,"esSugerencia":false},{"id":133,"esSugerencia":false},{"id":96,"esSugerencia":false},{"id":777,"esSugerencia":false}]},"fecha":1422121828589},{"frase":"Hola Buen día quiero comer hamburguesa ","frecuencia":1,"complejidad":{"valor":0,"pictos componentes":[{"id":377,"esSugerencia":false},{"id":379,"horario":["MANANA"],"esSugerencia":false},{"id":44,"esSugerencia":false},{"id":118,"esSugerencia":false},{"id":515,"esSugerencia":false}]},"fecha":1422122042676},{"frase":"Hola Buen día quiero ","frecuencia":1,"complejidad":{"valor":0,"pictos componentes":[{"id":377,"esSugerencia":false},{"id":379,"horario":["MANANA"],"esSugerencia":false},{"id":44,"esSugerencia":false}]},"fecha":1422122065051},{"frase":"quiero ir a casa ","frecuencia":1,"complejidad":{"valor":0,"pictos componentes":[{"id":44,"esSugerencia":false},{"id":30,"esSugerencia":false},{"id":653,"esSugerencia":false}]},"fecha":1422122087584},{"frase":"quiero jugar con ","frecuencia":1,"complejidad":{"valor":0,"pictos componentes":[{"id":44,"esSugerencia":false},{"id":34,"edad":["NINO"],"esSugerencia":false}]},"fecha":1422177391947},{"frase":"quiero comer pollo ","frecuencia":1,"complejidad":{"valor":0,"pictos componentes":[{"id":44,"esSugerencia":false},{"id":118,"esSugerencia":false},{"id":504,"esSugerencia":false}]},"fecha":1422177473681},{"frase":"yo quiero buscar comida ","frecuencia":1,"complejidad":{"valor":0,"pictos componentes":[{"id":643,"esSugerencia":false},{"id":44,"esSugerencia":false},{"id":5,"esSugerencia":false},{"id":1014,"esSugerencia":false}]},"fecha":1422177876755},{"frase":"Hola Buen día redonda ","frecuencia":2,"complejidad":{"valor":0,"pictos componentes":[{"id":377,"esSugerencia":false},{"id":379,"horario":["MANANA"],"esSugerencia":false},{"id":867}]},"fecha":[1422871293941,1422871296355]},{"frase":"claro ","frecuencia":1,"complejidad":{"valor":0,"pictos componentes":[{"id":147}]},"fecha":1572027286577},{"frase":"yo comer verduras ","frecuencia":1,"complejidad":{"valor":0,"pictos componentes":[{"id":643,"esSugerencia":false},{"id":118,"esSugerencia":false},{"id":478,"esSugerencia":false}]},"fecha":1572029062951},{"frase":"yo quiero comer verduras ","frecuencia":2,"complejidad":{"valor":0,"pictos componentes":[{"id":643,"esSugerencia":false},{"id":44,"esSugerencia":false},{"id":118,"esSugerencia":false},{"id":478,"esSugerencia":false}]},"fecha":[1572029123528,1572029131274]},{"frase":"yo quiero comer manzana ","frecuencia":1,"complejidad":{"valor":0,"pictos componentes":[{"id":643,"esSugerencia":false},{"id":44,"esSugerencia":false},{"id":118,"esSugerencia":false},{"id":474,"esSugerencia":false}]},"fecha":1572880897274},{"frase":"yo tengo hambre ","frecuencia":1,"complejidad":{"valor":0,"pictos componentes":[{"id":643,"esSugerencia":false},{"id":49,"esSugerencia":false},{"id":597,"esSugerencia":false}]},"fecha":1574443956302},{"frase":"cantar ","frecuencia":1,"complejidad":{"valor":0,"pictos componentes":[{"id":6,"esSugerencia":true}]},"fecha":1574692442210},{"frase":"mamá hermana papá niño niña ","frecuencia":1,"complejidad":{"valor":0,"pictos componentes":[{"id":628,"esSugerencia":false},{"id":624},{"id":632,"esSugerencia":false},{"id":630,"esSugerencia":true},{"id":631}]},"fecha":1574693226069},{"frase":"yo comer carne dibujar ","frecuencia":1,"complejidad":{"valor":0,"pictos componentes":[{"id":643,"esSugerencia":false},{"id":118,"esSugerencia":false},{"id":482,"esSugerencia":false},{"id":15,"esSugerencia":true}]},"fecha":1575048609759},{"frase":"yo quiero ir a un supermercado ","frecuencia":1,"complejidad":{"valor":0,"pictos componentes":[{"id":643,"esSugerencia":false},{"id":44,"esSugerencia":false},{"id":30,"esSugerencia":false},{"id":688,"esSugerencia":false}]},"fecha":1575048938514},{"frase":"hermana ","frecuencia":1,"complejidad":{"valor":0,"pictos componentes":[{"id":624}]},"fecha":1575049249852},{"frase":"hermana ir a casa ","frecuencia":1,"complejidad":{"valor":0,"pictos componentes":[{"id":624,"esSugerencia":false},{"id":30,"esSugerencia":false},{"id":653,"esSugerencia":false}]},"fecha":1575049585811},{"frase":"hermano tengo ","frecuencia":1,"complejidad":{"valor":0,"pictos componentes":[{"id":623,"esSugerencia":false},{"id":49,"esSugerencia":false}]},"fecha":1575049738043},{"frase":"hermano ","frecuencia":1,"complejidad":{"valor":0,"pictos componentes":[{"id":623,"esSugerencia":false}]},"fecha":1575049926359},{"frase":"hermano cambiar de canal ","frecuencia":1,"complejidad":{"valor":0,"pictos componentes":[{"id":623,"esSugerencia":false},{"id":8,"esSugerencia":true}]},"fecha":1575050281503},{"frase":"yo dibujar ","frecuencia":1,"complejidad":{"valor":0,"pictos componentes":[{"id":643,"esSugerencia":false},{"id":15,"esSugerencia":false}]},"fecha":1575050382768}]