[{"frase":"Hola Buenas tardes ","frecuencia":1,"complejidad":{"valor":0,"pictos componentes":[{"id":377,"esSugerencia":false},{"id":380,"horario":["MEDIODIA","TARDE"],"esSugerencia":false}]},"fecha":1549912622012},{"frase":"quiero buscar comida ","frecuencia":1,"complejidad":{"valor":0,"pictos componentes":[{"id":44,"esSugerencia":false},{"id":5,"esSugerencia":false},{"id":1014,"esSugerencia":false}]},"fecha":1561645929649},{"frase":"mamá tengo verguenza asno aceite ","frecuencia":1,"complejidad":{"valor":0,"pictos componentes":[{"id":628,"esSugerencia":false},{"id":49,"esSugerencia":false},{"id":729,"esSugerencia":false},{"id":288,"esSugerencia":true},{"id":487,"esSugerencia":true}]},"fecha":1561645981777},{"frase":"mamá ","frecuencia":1,"complejidad":{"valor":0,"pictos componentes":[{"id":628,"esSugerencia":false}]},"fecha":1561646031247},{"frase":"mamá tengo hambre ","frecuencia":2,"complejidad":{"valor":0,"pictos componentes":[{"id":628,"esSugerencia":false},{"id":49,"esSugerencia":false},{"id":597,"esSugerencia":false}]},"fecha":[1561646044643,1561646047164]},{"frase":"yo dame la tablet ","frecuencia":4,"complejidad":{"valor":0,"pictos componentes":[{"id":643,"esSugerencia":false},{"id":14,"esSugerencia":true},{"id":774,"esSugerencia":false}]},"fecha":[1561646073902,1561646079234,1561646087917,1561646099760]},{"frase":"Hola Buenas tardes tengo frío escuchar de nuevo ","frecuencia":1,"complejidad":{"valor":0,"pictos componentes":[{"id":377,"esSugerencia":false},{"id":380,"horario":["MEDIODIA","TARDE"],"esSugerencia":false},{"id":49,"esSugerencia":false},{"id":177,"esSugerencia":false},{"id":19,"esSugerencia":true}]},"fecha":1561646114576},{"frase":"Hola Buenas tardes tengo frío escuchar de nuevo feliz la discoteca cuarto de baño rodilla ","frecuencia":1,"complejidad":{"valor":0,"pictos componentes":[{"id":377,"esSugerencia":false},{"id":380,"horario":["MEDIODIA","TARDE"],"esSugerencia":false},{"id":49,"esSugerencia":false},{"id":177,"esSugerencia":false},{"id":19,"esSugerencia":true},{"id":171,"esSugerencia":true},{"id":661,"esSugerencia":true},{"id":660,"esSugerencia":true},{"id":802,"esSugerencia":true}]},"fecha":1561646119946},{"frase":"mamá quiero ir a comer hamburguesa gato animales borrar descripción aburrido ansioso ansioso aburrido ansioso aburrido ","frecuencia":1,"complejidad":{"valor":0,"pictos componentes":[{"id":628,"esSugerencia":false},{"id":44,"esSugerencia":false},{"id":30,"esSugerencia":false},{"id":118,"esSugerencia":false},{"id":515,"esSugerencia":false},{"id":313,"esSugerencia":true},{"id":286,"esSugerencia":true},{"id":4,"esSugerencia":true},{"id":707,"esSugerencia":true},{"id":119,"esSugerencia":true},{"id":124,"esSugerencia":true},{"id":124,"esSugerencia":true},{"id":119,"esSugerencia":true},{"id":124,"esSugerencia":false},{"id":119,"esSugerencia":false}]},"fecha":1568896047800},{"frase":"mamá quiero ir a comer hamburguesa gato animales borrar descripción aburrido ansioso ansioso aburrido ansioso aburrido salir del agua bikini campera chaleco media zapatilla deportiva boca ","frecuencia":1,"complejidad":{"valor":0,"pictos componentes":[{"id":628,"esSugerencia":false},{"id":44,"esSugerencia":false},{"id":30,"esSugerencia":false},{"id":118,"esSugerencia":false},{"id":515,"esSugerencia":false},{"id":313,"esSugerencia":true},{"id":286,"esSugerencia":true},{"id":4,"esSugerencia":true},{"id":707,"esSugerencia":true},{"id":119,"esSugerencia":true},{"id":124,"esSugerencia":true},{"id":124,"esSugerencia":true},{"id":119,"esSugerencia":true},{"id":124,"esSugerencia":false},{"id":119,"esSugerencia":false},{"id":99,"esSugerencia":true},{"id":928,"esSugerencia":true},{"id":941,"esSugerencia":true},{"id":945,"esSugerencia":true},{"id":955,"esSugerencia":true},{"id":974,"esSugerencia":true},{"id":777,"esSugerencia":true}]},"fecha":1568896063995},{"frase":"mamá quiero ir a comer hamburguesa gato animales borrar descripción aburrido ansioso ansioso aburrido ansioso aburrido salir del agua bikini campera chaleco media zapatilla deportiva boca cebolla otoño cepillarme los dientes comer un sandwich ¿Qué hora es? gaseosa mamá tengo hambre canelones gambas pintar pintar pintar crayones computadora ","frecuencia":1,"complejidad":{"valor":0,"pictos componentes":[{"id":628,"esSugerencia":false},{"id":44,"esSugerencia":false},{"id":30,"esSugerencia":false},{"id":118,"esSugerencia":false},{"id":515,"esSugerencia":false},{"id":313,"esSugerencia":true},{"id":286,"esSugerencia":true},{"id":4,"esSugerencia":true},{"id":707,"esSugerencia":true},{"id":119,"esSugerencia":true},{"id":124,"esSugerencia":true},{"id":124,"esSugerencia":true},{"id":119,"esSugerencia":true},{"id":124,"esSugerencia":false},{"id":119,"esSugerencia":false},{"id":99,"esSugerencia":true},{"id":928,"esSugerencia":true},{"id":941,"esSugerencia":true},{"id":945,"esSugerencia":true},{"id":955,"esSugerencia":true},{"id":974,"esSugerencia":true},{"id":777,"esSugerencia":true},{"id":403,"esSugerencia":true},{"id":816,"esSugerencia":true},{"id":11,"esSugerencia":true},{"id":12,"esSugerencia":true},{"id":602,"esSugerencia":true},{"id":501,"esSugerencia":true},{"id":628,"esSugerencia":true},{"id":49,"esSugerencia":false},{"id":597,"esSugerencia":false},{"id":400,"esSugerencia":true},{"id":416,"esSugerencia":true},{"id":43,"esSugerencia":true},{"id":43,"esSugerencia":true},{"id":43,"esSugerencia":false},{"id":756,"esSugerencia":true},{"id":755,"esSugerencia":true}]},"fecha":1568896096190},{"frase":"quiero buscar mamá dame los juguetes niño en ropa interior zapatilla deportiva camiseta manga larga ocho aventuras bruja pedir un taxi suspender sacar calzado pintar ","frecuencia":2,"complejidad":{"valor":0,"pictos componentes":[{"id":44,"esSugerencia":false},{"id":5,"esSugerencia":false},{"id":628,"esSugerencia":false},{"id":14,"esSugerencia":false},{"id":989,"esSugerencia":false},{"id":959,"esSugerencia":true},{"id":974,"esSugerencia":true},{"id":940,"esSugerencia":true},{"id":843,"esSugerencia":true},{"id":556,"esSugerencia":true},{"id":547,"esSugerencia":true},{"id":115,"edad":["ADULTO","JOVEN"],"esSugerencia":true},{"id":106,"esSugerencia":true},{"id":97,"esSugerencia":true},{"id":938,"esSugerencia":true},{"id":90,"esSugerencia":true}]},"fecha":[1568896170816,1568896189389]},{"frase":"quiero ir a casa amigos acompañar acompañar abrazar amigos patalear ","frecuencia":1,"complejidad":{"valor":0,"pictos componentes":[{"id":44,"esSugerencia":false},{"id":30,"esSugerencia":false},{"id":653,"esSugerencia":false},{"id":615,"esSugerencia":true},{"id":1,"esSugerencia":true},{"id":1,"esSugerencia":true},{"id":52,"esSugerencia":true},{"id":615,"esSugerencia":true},{"id":88,"esSugerencia":true}]},"fecha":1571316046237},{"frase":"Hola Buen día tengo hambre ","frecuencia":2,"complejidad":{"valor":0,"pictos componentes":[{"id":377,"esSugerencia":false},{"id":379,"horario":["MANANA"],"esSugerencia":false},{"id":49,"esSugerencia":false},{"id":597,"esSugerencia":false}]},"fecha":[1571316090571,1571316093390]},{"frase":"Hola Buenas tardes esperar mamá quiero jugar con la pelota ","frecuencia":1,"complejidad":{"valor":0,"pictos componentes":[{"id":377,"esSugerencia":false},{"id":380,"horario":["MEDIODIA","TARDE"],"esSugerencia":false},{"id":23,"esSugerencia":true},{"id":628,"esSugerencia":true},{"id":44,"esSugerencia":false},{"id":34,"edad":["NINO"],"esSugerencia":false},{"id":996,"esSugerencia":false}]},"fecha":1572529532905}]