[{"frase":"Si quiero buscar ","frecuencia":5,"complejidad":{"valor":0,"pictos componentes":[{"id":388,"esSugerencia":false},{"id":44,"esSugerencia":false},{"id":5,"esSugerencia":false}]},"fecha":[1562184445516,1562184447488,1562184449971,1562184451521,1562184452725]},{"frase":"Hola Buen día estoy bien ","frecuencia":5,"complejidad":{"valor":0,"pictos componentes":[{"id":377,"esSugerencia":false},{"id":379,"horario":["MANANA"],"esSugerencia":false},{"id":22,"esSugerencia":false},{"id":133,"esSugerencia":false}]},"fecha":[1562184516815,1562184522116,1562184523885,1570024511056,1570024512923]},{"frase":"Hola ","frecuencia":4,"complejidad":{"valor":0,"pictos componentes":[{"id":377,"esSugerencia":false}]},"fecha":[1562250180316,1562250188335,1565788573487,1570024425711]},{"frase":"Hola Buen día ","frecuencia":4,"complejidad":{"valor":0,"pictos componentes":[{"id":377,"esSugerencia":false},{"id":379,"horario":["MANANA"],"esSugerencia":false}]},"fecha":[1562250203078,1562764126756,1570024467070,1570024470727]},{"frase":"Hola Buen día quiero ","frecuencia":2,"complejidad":{"valor":0,"pictos componentes":[{"id":377,"esSugerencia":false},{"id":379,"horario":["MANANA"],"esSugerencia":false},{"id":44,"esSugerencia":false}]},"fecha":[1562250226191,1562250237912]},{"frase":"Hola Buen día quiero comer pollo ","frecuencia":1,"complejidad":{"valor":0,"pictos componentes":[{"id":377,"esSugerencia":false},{"id":379,"horario":["MANANA"],"esSugerencia":false},{"id":44,"esSugerencia":false},{"id":118,"esSugerencia":false},{"id":504,"esSugerencia":false}]},"fecha":1562250255852},{"frase":"Hola Buen día ir a hospital ","frecuencia":2,"complejidad":{"valor":0,"pictos componentes":[{"id":377,"esSugerencia":false},{"id":379,"horario":["MANANA"],"esSugerencia":false},{"id":30,"esSugerencia":true},{"id":668,"esSugerencia":false}]},"fecha":[1562764159686,1562764163184]},{"frase":"Si tengo ","frecuencia":2,"complejidad":{"valor":0,"pictos componentes":[{"id":388,"esSugerencia":false},{"id":49,"esSugerencia":false}]},"fecha":[1562764255414,1562764258491]},{"frase":"Si ","frecuencia":1,"complejidad":{"valor":0,"pictos componentes":[{"id":388,"esSugerencia":false}]},"fecha":1562764305483},{"frase":"yo quiero ir a casa ","frecuencia":1,"complejidad":{"valor":0,"pictos componentes":[{"id":643,"esSugerencia":false},{"id":44,"esSugerencia":false},{"id":30,"esSugerencia":false},{"id":653,"esSugerencia":false}]},"fecha":1565722753955},{"frase":"","frecuencia":1,"complejidad":{"valor":0,"pictos componentes":[]},"fecha":1565788537037},{"frase":"Hola ¿Cómo estás? en casa papá ","frecuencia":1,"complejidad":{"valor":0,"pictos componentes":[{"id":377,"esSugerencia":false},{"id":378,"esSugerencia":false},{"id":533,"esSugerencia":true},{"id":653,"esSugerencia":true},{"id":632,"esSugerencia":true}]},"fecha":1565788732662},{"frase":"yo ","frecuencia":1,"complejidad":{"valor":0,"pictos componentes":[{"id":643,"esSugerencia":false}]},"fecha":1565788783278},{"frase":"yo dame ","frecuencia":1,"complejidad":{"valor":0,"pictos componentes":[{"id":643,"esSugerencia":false},{"id":14,"esSugerencia":true}]},"fecha":1565788796720},{"frase":"yo estoy bien suyos ","frecuencia":1,"complejidad":{"valor":0,"pictos componentes":[{"id":643,"esSugerencia":false},{"id":22,"esSugerencia":false},{"id":133,"esSugerencia":false},{"id":918,"esSugerencia":true}]},"fecha":1565788831327},{"frase":"yo estoy bien escuchar escuela pintar pintar ","frecuencia":1,"complejidad":{"valor":0,"pictos componentes":[{"id":643,"esSugerencia":false},{"id":22,"esSugerencia":false},{"id":133,"esSugerencia":false},{"id":21,"esSugerencia":true},{"id":662,"esSugerencia":true},{"id":43,"esSugerencia":true},{"id":43,"esSugerencia":true}]},"fecha":1565788896580},{"frase":"papá estoy aburrido ","frecuencia":1,"complejidad":{"valor":0,"pictos componentes":[{"id":632,"esSugerencia":false},{"id":22,"esSugerencia":false},{"id":119,"esSugerencia":false}]},"fecha":1565788949636},{"frase":"papá estoy ","frecuencia":2,"complejidad":{"valor":0,"pictos componentes":[{"id":632,"esSugerencia":false},{"id":22,"esSugerencia":false}]},"fecha":[1565788964999,1565788968838]},{"frase":"quiero ir a ","frecuencia":1,"complejidad":{"valor":0,"pictos componentes":[{"id":44,"esSugerencia":false},{"id":30,"esSugerencia":false}]},"fecha":1565788990193},{"frase":"quiero ir a casa ","frecuencia":7,"complejidad":{"valor":0,"pictos componentes":[{"id":44,"esSugerencia":false},{"id":30,"esSugerencia":false},{"id":653,"esSugerencia":false}]},"fecha":[1565789002391,1565789009380,1565789017914,1565789022927,1565789026933,1565789029780,1565789037191]},{"frase":"quiero ir a casa feliz ","frecuencia":1,"complejidad":{"valor":0,"pictos componentes":[{"id":44,"esSugerencia":false},{"id":30,"esSugerencia":false},{"id":653,"esSugerencia":false},{"id":171}]},"fecha":1565789577496},{"frase":"yo quiero ir a comer verduras dibujar ","frecuencia":2,"complejidad":{"valor":0,"pictos componentes":[{"id":643,"esSugerencia":false},{"id":44,"esSugerencia":false},{"id":30,"esSugerencia":false},{"id":118,"esSugerencia":false},{"id":478,"esSugerencia":false},{"id":15,"esSugerencia":true}]},"fecha":[1570024390988,1570024396379]},{"frase":"Hola Buenas tardes ","frecuencia":1,"complejidad":{"valor":0,"pictos componentes":[{"id":377,"esSugerencia":false},{"id":380,"horario":["MEDIODIA","TARDE"],"esSugerencia":false}]},"fecha":1570024444168},{"frase":"Hola Buen día estoy ","frecuencia":1,"complejidad":{"valor":0,"pictos componentes":[{"id":377,"esSugerencia":false},{"id":379,"horario":["MANANA"],"esSugerencia":false},{"id":22,"esSugerencia":false}]},"fecha":1570024501243},{"frase":"Hola Buen día estoy bien suyos ","frecuencia":1,"complejidad":{"valor":0,"pictos componentes":[{"id":377,"esSugerencia":false},{"id":379,"horario":["MANANA"],"esSugerencia":false},{"id":22,"esSugerencia":false},{"id":133,"esSugerencia":false},{"id":918,"esSugerencia":false}]},"fecha":1570024541473},{"frase":"Hola ¿Cómo estás? ","frecuencia":1,"complejidad":{"valor":0,"pictos componentes":[{"id":377,"esSugerencia":false},{"id":378,"esSugerencia":false}]},"fecha":1570024566761}]