[{"frase":"Hola Buenas tardes ","frecuencia":1,"complejidad":{"valor":0,"pictos componentes":[{"id":377,"esSugerencia":false},{"id":380,"horario":["MEDIODIA","TARDE"],"esSugerencia":false}]},"fecha":[1547161970]},{"frase":"corto ","frecuencia":1,"complejidad":{"valor":0,"pictos componentes":[{"id":152}]},"fecha":1553609529876},{"frase":"mamá dame el cuento ","frecuencia":1,"complejidad":{"valor":0,"pictos componentes":[{"id":628,"esSugerencia":false},{"id":14,"esSugerencia":false},{"id":986,"esSugerencia":false}]},"fecha":1559332765024}]