[{"frase":"","frecuencia":5,"complejidad":{"valor":0,"pictos componentes":[]},"fecha":[1569851029950,1569851042237,1569873676445,1569873680011,1569879691567]},{"frase":"pasear yo ","frecuencia":2,"complejidad":{"valor":0,"pictos componentes":[{"id":38},{"id":643,"esSugerencia":false}]},"fecha":[1569873431056,1569873433757]},{"frase":"pasear bar ","frecuencia":1,"complejidad":{"valor":0,"pictos componentes":[{"id":38},{"id":649,"edad":["ADULTO"],"esSugerencia":true}]},"fecha":1569873513132},{"frase":"quiero ir a la cancha mirar partido de fútbol ","frecuencia":1,"complejidad":{"valor":0,"pictos componentes":[{"id":44,"esSugerencia":false},{"id":30,"esSugerencia":false},{"id":651,"esSugerencia":false},{"id":85,"esSugerencia":true},{"id":834,"esSugerencia":true}]},"fecha":1569873613232},{"frase":"quiero ir a la cancha mirar partido de fútbol gato ","frecuencia":1,"complejidad":{"valor":0,"pictos componentes":[{"id":44,"esSugerencia":false},{"id":30,"esSugerencia":false},{"id":651,"esSugerencia":false},{"id":85,"esSugerencia":true},{"id":834,"esSugerencia":true},{"id":313}]},"fecha":1569873665222},{"frase":"casa ","frecuencia":1,"complejidad":{"valor":0,"pictos componentes":[{"id":653}]},"fecha":1569873843484},{"frase":"Hola ","frecuencia":3,"complejidad":{"valor":0,"pictos componentes":[{"id":377,"esSugerencia":false}]},"fecha":[1569873931010,1569873932251,1569879700541]},{"frase":"Hola Buenas tardes estoy con amigos ","frecuencia":1,"complejidad":{"valor":0,"pictos componentes":[{"id":377,"esSugerencia":false},{"id":380,"horario":["MEDIODIA","TARDE"],"esSugerencia":false},{"id":22,"esSugerencia":false},{"id":528,"esSugerencia":true},{"id":615,"esSugerencia":true}]},"fecha":1569873966626},{"frase":"casa de mamá ","frecuencia":1,"complejidad":{"valor":0,"pictos componentes":[{"id":653,"esSugerencia":false},{"id":530,"esSugerencia":true},{"id":628,"esSugerencia":true}]},"fecha":1569874740571},{"frase":"casa de mamá buscar ","frecuencia":1,"complejidad":{"valor":0,"pictos componentes":[{"id":653,"esSugerencia":false},{"id":530,"esSugerencia":true},{"id":628,"esSugerencia":true},{"id":5,"esSugerencia":false}]},"fecha":1569874865769},{"frase":"dame agua que ","frecuencia":1,"complejidad":{"valor":0,"pictos componentes":[{"id":14,"esSugerencia":true},{"id":500,"esSugerencia":false},{"id":912,"esSugerencia":true}]},"fecha":1569875200559},{"frase":"Si ","frecuencia":1,"complejidad":{"valor":0,"pictos componentes":[{"id":388,"esSugerencia":false}]},"fecha":1569875274774},{"frase":"Si despeinada apagar ","frecuencia":1,"complejidad":{"valor":0,"pictos componentes":[{"id":388,"esSugerencia":false},{"id":158,"esSugerencia":true},{"id":2}]},"fecha":1569875315809},{"frase":"vos vos hacer café ","frecuencia":4,"complejidad":{"valor":0,"pictos componentes":[{"id":642,"esSugerencia":true},{"id":642,"esSugerencia":true},{"id":28},{"id":496}]},"fecha":[1569876346085,1569876351729,1569876355279,1569876357797]},{"frase":"vos hacer café ","frecuencia":3,"complejidad":{"valor":0,"pictos componentes":[{"id":642,"esSugerencia":false},{"id":28},{"id":496}]},"fecha":[1569876542589,1569876582102,1569876583696]},{"frase":"quiero ir a la cancha ","frecuencia":1,"complejidad":{"valor":0,"pictos componentes":[{"id":44,"esSugerencia":false},{"id":30,"esSugerencia":false},{"id":651,"esSugerencia":false}]},"fecha":1569879126098},{"frase":"quiero tomar agua ","frecuencia":2,"complejidad":{"valor":0,"pictos componentes":[{"id":44,"esSugerencia":false},{"id":51,"esSugerencia":false},{"id":500,"esSugerencia":false}]},"fecha":[1569879401043,1569879440188]},{"frase":"quiero comprar cerveza ","frecuencia":1,"complejidad":{"valor":0,"pictos componentes":[{"id":44,"esSugerencia":false},{"id":13,"esSugerencia":true},{"id":502,"edad":["ADULTO"],"esSugerencia":true}]},"fecha":1569879496846},{"frase":"Hola ¿Cómo estás? quiero ir a pasear coche ","frecuencia":1,"complejidad":{"valor":0,"pictos componentes":[{"id":377,"esSugerencia":false},{"id":378,"esSugerencia":false},{"id":44,"esSugerencia":false},{"id":30,"esSugerencia":false},{"id":87,"esSugerencia":false},{"id":608,"esSugerencia":true}]},"fecha":1569879741302},{"frase":"Hola.","frecuencia":1,"complejidad":{"valor":0,"pictos componentes":[{"id":377,"esSugerencia":false}]},"fecha":1571956281278},{"frase":"Hola mamá.","frecuencia":2,"complejidad":{"valor":0,"pictos componentes":[{"id":377,"esSugerencia":false},{"id":628,"esSugerencia":false}]},"fecha":[1571956464560,1571956522074]}]