[{"frase":"agencia de viajes cantar apagar ","frecuencia":1,"complejidad":{"valor":0,"pictos componentes":[{"id":647},{"id":6,"esSugerencia":true},{"id":2,"esSugerencia":true}]},"fecha":1550751700607},{"frase":"mamá ","frecuencia":3,"complejidad":{"valor":0,"pictos componentes":[{"id":628,"esSugerencia":false}]},"fecha":[1550751722995,1550751728099,1550751749060]},{"frase":"Hola ","frecuencia":1,"complejidad":{"valor":0,"pictos componentes":[{"id":377,"esSugerencia":false}]},"fecha":1550751738814},{"frase":"yo ","frecuencia":1,"complejidad":{"valor":0,"pictos componentes":[{"id":643,"esSugerencia":false}]},"fecha":1550751745329},{"frase":"quiero ","frecuencia":1,"complejidad":{"valor":0,"pictos componentes":[{"id":44,"esSugerencia":false}]},"fecha":1550751752180},{"frase":"quiero jugar con ","frecuencia":1,"complejidad":{"valor":0,"pictos componentes":[{"id":44,"esSugerencia":false},{"id":34,"edad":["NINO"],"esSugerencia":false}]},"fecha":1550751762580},{"frase":"quiero comer pollo flan arbitro fútbol ","frecuencia":1,"complejidad":{"valor":0,"pictos componentes":[{"id":44,"esSugerencia":false},{"id":118,"esSugerencia":false},{"id":504,"esSugerencia":false},{"id":412,"esSugerencia":true},{"id":616,"esSugerencia":true},{"id":835,"esSugerencia":true}]},"fecha":1550751789732},{"frase":"mamá quiero ir a casa reina la pandereta ","frecuencia":1,"complejidad":{"valor":0,"pictos componentes":[{"id":628,"esSugerencia":false},{"id":44,"esSugerencia":false},{"id":30,"esSugerencia":false},{"id":653,"esSugerencia":false},{"id":638,"esSugerencia":true},{"id":862,"esSugerencia":true}]},"fecha":1550751809713},{"frase":"yo comer hamburguesa gato cebolla maiz ","frecuencia":1,"complejidad":{"valor":0,"pictos componentes":[{"id":643,"esSugerencia":false},{"id":118,"esSugerencia":true},{"id":515,"esSugerencia":false},{"id":313,"esSugerencia":true},{"id":403,"esSugerencia":true},{"id":430,"esSugerencia":true}]},"fecha":1550751839836},{"frase":"yo comer pollo jirafa pie Buen día ","frecuencia":1,"complejidad":{"valor":0,"pictos componentes":[{"id":643,"esSugerencia":false},{"id":118,"esSugerencia":false},{"id":504,"esSugerencia":false},{"id":320,"esSugerencia":true},{"id":799,"esSugerencia":true},{"id":379,"horario":["MANANA"],"esSugerencia":true}]},"fecha":1550751887834},{"frase":"yo comer pollo huevo frito la cocinita antes ","frecuencia":1,"complejidad":{"valor":0,"pictos componentes":[{"id":643,"esSugerencia":false},{"id":118,"esSugerencia":false},{"id":504,"esSugerencia":false},{"id":421,"esSugerencia":true},{"id":982,"esSugerencia":true},{"id":810,"esSugerencia":true}]},"fecha":1550751944222},{"frase":"Hola ¿Cómo estás? estoy bien cantar la bateria ","frecuencia":1,"complejidad":{"valor":0,"pictos componentes":[{"id":377,"esSugerencia":false},{"id":378,"esSugerencia":false},{"id":22,"esSugerencia":false},{"id":133,"esSugerencia":false},{"id":6,"esSugerencia":false},{"id":849,"esSugerencia":false}]},"fecha":1550751971010},{"frase":"quiero jugar con el juguete azul yogur manzana ","frecuencia":1,"complejidad":{"valor":0,"pictos componentes":[{"id":44,"esSugerencia":false},{"id":34,"edad":["NINO"],"esSugerencia":false},{"id":761,"esSugerencia":false},{"id":734,"esSugerencia":false},{"id":484,"esSugerencia":true},{"id":474,"esSugerencia":true}]},"fecha":1550751994312},{"frase":"quiero jugar con la pelota verde leer tengo ","frecuencia":1,"complejidad":{"valor":0,"pictos componentes":[{"id":44,"esSugerencia":false},{"id":34,"edad":["NINO"],"esSugerencia":false},{"id":996,"esSugerencia":false},{"id":749,"esSugerencia":false},{"id":32,"esSugerencia":true},{"id":49,"esSugerencia":true}]},"fecha":1550752023602},{"frase":"mamá dame el cuento tras ¿cuánto sale? cambiarme la ropa ","frecuencia":1,"complejidad":{"valor":0,"pictos componentes":[{"id":628,"esSugerencia":false},{"id":14,"esSugerencia":false},{"id":986,"esSugerencia":false},{"id":542,"esSugerencia":false},{"id":587,"esSugerencia":false},{"id":10,"esSugerencia":true}]},"fecha":1550752069244},{"frase":"yo comer hamburguesa tomar gaseosa patatas ","frecuencia":1,"complejidad":{"valor":0,"pictos componentes":[{"id":643,"esSugerencia":false},{"id":118,"esSugerencia":false},{"id":515,"esSugerencia":false},{"id":51,"esSugerencia":true},{"id":501,"esSugerencia":false},{"id":442,"esSugerencia":true}]},"fecha":1550752144696},{"frase":"mamá ¿Cómo estás? tengo frío escuchar de nuevo abeja leer ","frecuencia":1,"complejidad":{"valor":0,"pictos componentes":[{"id":628,"esSugerencia":false},{"id":378,"esSugerencia":false},{"id":49,"esSugerencia":false},{"id":177,"esSugerencia":false},{"id":19,"esSugerencia":true},{"id":283,"esSugerencia":true},{"id":32,"esSugerencia":true}]},"fecha":1550752184198},{"frase":"yo comer hamburguesa tomar gaseosa ir a ","frecuencia":1,"complejidad":{"valor":0,"pictos componentes":[{"id":643,"esSugerencia":false},{"id":118,"esSugerencia":false},{"id":515,"esSugerencia":false},{"id":51,"esSugerencia":false},{"id":501,"esSugerencia":false},{"id":30,"esSugerencia":true}]},"fecha":1550752225517},{"frase":"mamá quiero jugar con papá ¿Cómo estás? estoy ","frecuencia":1,"complejidad":{"valor":0,"pictos componentes":[{"id":628,"esSugerencia":false},{"id":44,"esSugerencia":false},{"id":34,"edad":["NINO"],"esSugerencia":false},{"id":632,"esSugerencia":false},{"id":378,"esSugerencia":false},{"id":22,"esSugerencia":false}]},"fecha":1550752269284},{"frase":"Hola Buenas tardes esperar apagar la tablet escuela ","frecuencia":2,"complejidad":{"valor":0,"pictos componentes":[{"id":377,"esSugerencia":false},{"id":380,"horario":["MEDIODIA","TARDE"],"esSugerencia":false},{"id":23,"esSugerencia":true},{"id":2,"esSugerencia":true},{"id":774,"esSugerencia":false},{"id":662,"esSugerencia":true}]},"fecha":[1550752302571,1550795357875]},{"frase":"Hola Buen día ir a hospital ir a un supermercado ","frecuencia":1,"complejidad":{"valor":0,"pictos componentes":[{"id":377,"esSugerencia":false},{"id":379,"horario":["MANANA"],"esSugerencia":false},{"id":30,"esSugerencia":true},{"id":668,"esSugerencia":false},{"id":30,"esSugerencia":true},{"id":688,"esSugerencia":false}]},"fecha":1550752331256},{"frase":"mamá quiero jugar con amigos ¿Qué color es? la armónica ","frecuencia":1,"complejidad":{"valor":0,"pictos componentes":[{"id":628,"esSugerencia":false},{"id":44,"esSugerencia":false},{"id":34,"edad":["NINO"],"esSugerencia":false},{"id":615,"esSugerencia":false},{"id":745,"esSugerencia":true},{"id":848,"esSugerencia":true}]},"fecha":1550752377279},{"frase":"mamá ¿Cómo estás? quiero ir a casa café leche ","frecuencia":1,"complejidad":{"valor":0,"pictos componentes":[{"id":628,"esSugerencia":false},{"id":378,"esSugerencia":false},{"id":44,"esSugerencia":false},{"id":30,"esSugerencia":false},{"id":653,"esSugerencia":false},{"id":496,"esSugerencia":true},{"id":495,"esSugerencia":true}]},"fecha":1550752411147},{"frase":"quiero comer pollo huevo frito pan blanco caballo ","frecuencia":1,"complejidad":{"valor":0,"pictos componentes":[{"id":44,"esSugerencia":false},{"id":118,"esSugerencia":false},{"id":504,"esSugerencia":false},{"id":421,"esSugerencia":false},{"id":438,"esSugerencia":true},{"id":293,"esSugerencia":true}]},"fecha":1550752438751},{"frase":"quiero buscar colores cuatro cuatro carnicero león coyote pavo escuela o ","frecuencia":1,"complejidad":{"valor":0,"pictos componentes":[{"id":44,"esSugerencia":false},{"id":5,"esSugerencia":false},{"id":737,"esSugerencia":false},{"id":839,"esSugerencia":true},{"id":839,"esSugerencia":true},{"id":617,"esSugerencia":true},{"id":323,"esSugerencia":true},{"id":306,"esSugerencia":true},{"id":338,"esSugerencia":true},{"id":662,"esSugerencia":true},{"id":910,"esSugerencia":true}]},"fecha":1550752454802},{"frase":"yo comer carne cambiar de canal la bateria despeinado ","frecuencia":1,"complejidad":{"valor":0,"pictos componentes":[{"id":643,"esSugerencia":false},{"id":118,"esSugerencia":false},{"id":482,"esSugerencia":false},{"id":8,"esSugerencia":true},{"id":849,"esSugerencia":true},{"id":159,"esSugerencia":true}]},"fecha":1550752486091},{"frase":"yo comer verduras bueno arbitro fútbol ","frecuencia":1,"complejidad":{"valor":0,"pictos componentes":[{"id":643,"esSugerencia":false},{"id":118,"esSugerencia":false},{"id":478,"esSugerencia":false},{"id":136,"esSugerencia":true},{"id":616,"esSugerencia":true},{"id":835,"esSugerencia":false}]},"fecha":1550752517520},{"frase":"Hola tengo verguenza ¿Qué color es? colores cuatro ","frecuencia":1,"complejidad":{"valor":0,"pictos componentes":[{"id":377,"esSugerencia":false},{"id":49,"esSugerencia":false},{"id":729,"esSugerencia":false},{"id":745,"esSugerencia":true},{"id":737,"esSugerencia":true},{"id":839,"esSugerencia":false}]},"fecha":1550768522755},{"frase":"mamá quiero ir a comer hamburguesa tomar ","frecuencia":1,"complejidad":{"valor":0,"pictos componentes":[{"id":628,"esSugerencia":false},{"id":44,"esSugerencia":false},{"id":30,"esSugerencia":false},{"id":118,"esSugerencia":false},{"id":515,"esSugerencia":false},{"id":51,"esSugerencia":false}]},"fecha":1550768549440},{"frase":"Hola Buen día ir a hospital dolor de Garganta leer ","frecuencia":1,"complejidad":{"valor":0,"pictos componentes":[{"id":377,"esSugerencia":false},{"id":379,"horario":["MANANA"],"esSugerencia":false},{"id":30,"esSugerencia":false},{"id":668,"esSugerencia":false},{"id":826,"esSugerencia":true},{"id":32,"esSugerencia":true}]},"fecha":1550795202710},{"frase":"Hola Buen día ir a un supermercado búho ballena ","frecuencia":1,"complejidad":{"valor":0,"pictos componentes":[{"id":377,"esSugerencia":false},{"id":379,"horario":["MANANA"],"esSugerencia":false},{"id":30,"esSugerencia":false},{"id":688,"esSugerencia":false},{"id":291,"esSugerencia":true},{"id":290,"esSugerencia":true}]},"fecha":1550795220879},{"frase":"yo comer verduras caliente vida arbitro ","frecuencia":1,"complejidad":{"valor":0,"pictos componentes":[{"id":643,"esSugerencia":false},{"id":118,"esSugerencia":false},{"id":478,"esSugerencia":false},{"id":140,"esSugerencia":true},{"id":730,"esSugerencia":true},{"id":616,"esSugerencia":true}]},"fecha":1550795239009},{"frase":"mamá tengo escuela chupetin colores asno oreja boca ","frecuencia":1,"complejidad":{"valor":0,"pictos componentes":[{"id":628,"esSugerencia":false},{"id":49,"esSugerencia":false},{"id":662,"esSugerencia":false},{"id":406,"edad":["NINO"],"esSugerencia":true},{"id":737,"esSugerencia":true},{"id":288,"esSugerencia":true},{"id":793,"esSugerencia":true},{"id":777,"esSugerencia":true}]},"fecha":1550795265033},{"frase":"Hola Buen día ir a casa café gambas música el cine ","frecuencia":1,"complejidad":{"valor":0,"pictos componentes":[{"id":377,"esSugerencia":false},{"id":379,"horario":["MANANA"],"esSugerencia":false},{"id":30,"esSugerencia":false},{"id":653,"esSugerencia":false},{"id":496,"esSugerencia":false},{"id":416,"esSugerencia":true},{"id":573,"esSugerencia":true},{"id":1013,"esSugerencia":true}]},"fecha":1550795297835},{"frase":"Hola Buen día ir a comer pollo huevo frito la cocinita antes ","frecuencia":1,"complejidad":{"valor":0,"pictos componentes":[{"id":377,"esSugerencia":false},{"id":379,"horario":["MANANA"],"esSugerencia":false},{"id":30,"esSugerencia":false},{"id":118,"esSugerencia":false},{"id":504,"esSugerencia":false},{"id":421,"esSugerencia":false},{"id":982,"esSugerencia":false},{"id":810,"esSugerencia":false}]},"fecha":1550795333098},{"frase":"Hola Buenas tardes esperar apagar la radio encender ","frecuencia":1,"complejidad":{"valor":0,"pictos componentes":[{"id":377,"esSugerencia":false},{"id":380,"horario":["MEDIODIA","TARDE"],"esSugerencia":false},{"id":23,"esSugerencia":false},{"id":2,"esSugerencia":false},{"id":1019,"esSugerencia":false},{"id":17,"esSugerencia":true}]},"fecha":1550795385315},{"frase":"Hola Buenas noches tengo hambre abeja abuelo ","frecuencia":1,"complejidad":{"valor":0,"pictos componentes":[{"id":377,"esSugerencia":false},{"id":381,"horario":["NOCHE"],"esSugerencia":false},{"id":49,"esSugerencia":false},{"id":597,"esSugerencia":false},{"id":283,"esSugerencia":true},{"id":614,"esSugerencia":false}]},"fecha":1550795525642},{"frase":"Si estoy bien animales rojo tetas sangre el cine ","frecuencia":1,"complejidad":{"valor":0,"pictos componentes":[{"id":388,"esSugerencia":false},{"id":22,"esSugerencia":false},{"id":133,"esSugerencia":false},{"id":286,"esSugerencia":true},{"id":746,"esSugerencia":true},{"id":806,"esSugerencia":true},{"id":804,"esSugerencia":true},{"id":1013,"esSugerencia":true}]},"fecha":1550795564570},{"frase":"Hola Buenas tardes esperar sorpresa garra cebra metro ","frecuencia":1,"complejidad":{"valor":0,"pictos componentes":[{"id":377,"esSugerencia":false},{"id":380,"horario":["MEDIODIA","TARDE"],"esSugerencia":false},{"id":23,"esSugerencia":false},{"id":725,"esSugerencia":true},{"id":312,"esSugerencia":true},{"id":300,"esSugerencia":true},{"id":609,"esSugerencia":true}]},"fecha":1550795593041},{"frase":"Si despeinada jugar con la tablet parada escribir viajar en auto ","frecuencia":1,"complejidad":{"valor":0,"pictos componentes":[{"id":388,"esSugerencia":false},{"id":158,"esSugerencia":true},{"id":82,"edad":["JOVEN"],"esSugerencia":true},{"id":612,"esSugerencia":true},{"id":18,"esSugerencia":true},{"id":108,"esSugerencia":true}]},"fecha":1550795625256},{"frase":"Si cepillarme los dientes dolor de muela manzana leche con cacáo parada ","frecuencia":1,"complejidad":{"valor":0,"pictos componentes":[{"id":388,"esSugerencia":false},{"id":11,"esSugerencia":true},{"id":822,"esSugerencia":true},{"id":474,"esSugerencia":true},{"id":426,"edad":["NINO"],"esSugerencia":true},{"id":612,"esSugerencia":true}]},"fecha":1550795658775},{"frase":"Si cepillarme los dientes peinarme peinada sentarme en el borde hidroterapia ","frecuencia":1,"complejidad":{"valor":0,"pictos componentes":[{"id":388,"esSugerencia":false},{"id":11,"esSugerencia":false},{"id":39,"esSugerencia":true},{"id":226,"esSugerencia":true},{"id":102,"esSugerencia":true},{"id":667,"esSugerencia":true}]},"fecha":1550795700022},{"frase":"yo comer pollo muslo de pollo pantalon azul yogur ","frecuencia":1,"complejidad":{"valor":0,"pictos componentes":[{"id":643,"esSugerencia":false},{"id":118,"esSugerencia":false},{"id":504,"esSugerencia":false},{"id":505,"esSugerencia":true},{"id":960,"esSugerencia":true},{"id":734,"esSugerencia":true},{"id":484,"esSugerencia":false}]},"fecha":1550795772737},{"frase":"Si cepillarme los dientes tomar gaseosa ir a hospital ","frecuencia":1,"complejidad":{"valor":0,"pictos componentes":[{"id":388,"esSugerencia":false},{"id":11,"esSugerencia":false},{"id":51,"esSugerencia":true},{"id":501,"esSugerencia":false},{"id":30,"esSugerencia":false},{"id":668,"esSugerencia":false}]},"fecha":1550795796146},{"frase":"Si cepillarme los dientes sonarme la nariz peinada hacer el amor vos ","frecuencia":1,"complejidad":{"valor":0,"pictos componentes":[{"id":388,"esSugerencia":false},{"id":11,"esSugerencia":false},{"id":103,"esSugerencia":true},{"id":226,"esSugerencia":true},{"id":78,"edad":["ADULTO"],"esSugerencia":true},{"id":642,"esSugerencia":true}]},"fecha":1550795824044},{"frase":"Hola Buen día ir a hospital escuela chupetin ","frecuencia":1,"complejidad":{"valor":0,"pictos componentes":[{"id":377,"esSugerencia":false},{"id":379,"horario":["MANANA"],"esSugerencia":false},{"id":30,"esSugerencia":false},{"id":668,"esSugerencia":false},{"id":662,"esSugerencia":true},{"id":406,"edad":["NINO"],"esSugerencia":false}]},"fecha":1550839080000},{"frase":"Hola Buenas tardes esperar abrir banana pera tomate ","frecuencia":1,"complejidad":{"valor":0,"pictos componentes":[{"id":377,"esSugerencia":false},{"id":380,"horario":["MEDIODIA","TARDE"],"esSugerencia":false},{"id":23,"esSugerencia":false},{"id":53,"esSugerencia":true},{"id":473,"esSugerencia":true},{"id":475,"esSugerencia":true},{"id":463,"esSugerencia":true}]},"fecha":1550839101143},{"frase":"Hola Buenas tardes esperar abrir banana lila ","frecuencia":1,"complejidad":{"valor":0,"pictos componentes":[{"id":377,"esSugerencia":false},{"id":380,"horario":["MEDIODIA","TARDE"],"esSugerencia":false},{"id":23,"esSugerencia":false},{"id":53,"esSugerencia":false},{"id":473,"esSugerencia":false},{"id":740,"esSugerencia":true}]},"fecha":1550839128081},{"frase":"mamá ¿Cómo estás? en casa café leche ","frecuencia":1,"complejidad":{"valor":0,"pictos componentes":[{"id":628,"esSugerencia":false},{"id":378,"esSugerencia":false},{"id":533,"esSugerencia":true},{"id":653,"esSugerencia":true},{"id":496,"esSugerencia":false},{"id":495,"esSugerencia":false}]},"fecha":1550839148605},{"frase":"yo comer pollo muslo de pollo pantalon azul ","frecuencia":2,"complejidad":{"valor":0,"pictos componentes":[{"id":643,"esSugerencia":false},{"id":118,"esSugerencia":false},{"id":504,"esSugerencia":false},{"id":505,"esSugerencia":false},{"id":960,"esSugerencia":false},{"id":734,"esSugerencia":false}]},"fecha":[1550839168940,1550839200846]},{"frase":"yo comer pollo flan arbitro fútbol ","frecuencia":2,"complejidad":{"valor":0,"pictos componentes":[{"id":643,"esSugerencia":false},{"id":118,"esSugerencia":false},{"id":504,"esSugerencia":false},{"id":412,"esSugerencia":false},{"id":616,"esSugerencia":false},{"id":835,"esSugerencia":false}]},"fecha":[1550839218129,1550839232866]},{"frase":"mamá ¿Cómo estás? en casa papá cambiar de canal ","frecuencia":1,"complejidad":{"valor":0,"pictos componentes":[{"id":628,"esSugerencia":false},{"id":378,"esSugerencia":false},{"id":533,"esSugerencia":false},{"id":653,"esSugerencia":false},{"id":632,"esSugerencia":true},{"id":8,"esSugerencia":true}]},"fecha":1550839252545}]