[{"frase":"Hola Buenas tardes ","frecuencia":1,"complejidad":{"valor":0,"pictos componentes":[{"id":377,"esSugerencia":false},{"id":380,"horario":["MEDIODIA","TARDE"],"esSugerencia":false}]},"fecha":1552801034427},{"frase":"yo quiero ","frecuencia":1,"complejidad":{"valor":0,"pictos componentes":[{"id":643,"esSugerencia":false},{"id":44,"esSugerencia":false}]},"fecha":1552915601687},{"frase":"yo tengo frío ","frecuencia":2,"complejidad":{"valor":0,"pictos componentes":[{"id":643,"esSugerencia":false},{"id":49,"esSugerencia":false},{"id":177,"esSugerencia":false}]},"fecha":[1552916277956,1553077216938]},{"frase":"yo tengo frío jirafa ","frecuencia":1,"complejidad":{"valor":0,"pictos componentes":[{"id":643,"esSugerencia":false},{"id":49,"esSugerencia":false},{"id":177,"esSugerencia":false},{"id":320,"esSugerencia":true}]},"fecha":1552916324722},{"frase":"Hola ¿Cómo estás? estoy mal ","frecuencia":1,"complejidad":{"valor":0,"pictos componentes":[{"id":377,"esSugerencia":false},{"id":378,"esSugerencia":false},{"id":22,"esSugerencia":false},{"id":205,"esSugerencia":false}]},"fecha":1552916343311},{"frase":"mamá dame leche y galletas bocadillo ","frecuencia":1,"complejidad":{"valor":0,"pictos componentes":[{"id":628,"esSugerencia":false},{"id":14,"esSugerencia":false},{"id":427,"esSugerencia":false},{"id":398,"esSugerencia":true}]},"fecha":1552916378246},{"frase":"mamá dame la tablet ","frecuencia":2,"complejidad":{"valor":0,"pictos componentes":[{"id":628,"esSugerencia":false},{"id":14,"esSugerencia":false},{"id":774,"esSugerencia":false}]},"fecha":[1552916389599,1552916392097]},{"frase":"Hola tengo hambre ","frecuencia":1,"complejidad":{"valor":0,"pictos componentes":[{"id":377,"esSugerencia":false},{"id":49,"esSugerencia":false},{"id":597,"esSugerencia":false}]},"fecha":1552939340254},{"frase":"mamá ¿Cómo estás? ","frecuencia":1,"complejidad":{"valor":0,"pictos componentes":[{"id":628,"esSugerencia":false},{"id":378,"esSugerencia":false}]},"fecha":1553076528448},{"frase":"Hola Buen día quiero comer ","frecuencia":1,"complejidad":{"valor":0,"pictos componentes":[{"id":377,"esSugerencia":false},{"id":379,"horario":["MANANA"],"esSugerencia":false},{"id":44,"esSugerencia":false},{"id":118,"esSugerencia":false}]},"fecha":1553076543759},{"frase":"yo estoy mal ","frecuencia":1,"complejidad":{"valor":0,"pictos componentes":[{"id":643,"esSugerencia":false},{"id":22,"esSugerencia":false},{"id":205,"esSugerencia":false}]},"fecha":1553076564927},{"frase":"buscar comida ","frecuencia":1,"complejidad":{"valor":0,"pictos componentes":[{"id":5,"esSugerencia":false},{"id":1014,"esSugerencia":false}]},"fecha":1553076600076},{"frase":"buscar comida hacer pis . ¿me ayudas? vos ","frecuencia":2,"complejidad":{"valor":0,"pictos componentes":[{"id":5,"esSugerencia":false},{"id":1014,"esSugerencia":false},{"id":29,"esSugerencia":true},{"id":385,"esSugerencia":false},{"id":642}]},"fecha":[1553076685603,1553076689734]},{"frase":"yo quiero comer verduras ","frecuencia":2,"complejidad":{"valor":0,"pictos componentes":[{"id":643,"esSugerencia":false},{"id":44,"esSugerencia":false},{"id":118,"esSugerencia":false},{"id":478,"esSugerencia":false}]},"fecha":[1553077231787,1553077234415]},{"frase":"yo quiero jugar con ","frecuencia":1,"complejidad":{"valor":0,"pictos componentes":[{"id":643,"esSugerencia":false},{"id":44,"esSugerencia":false},{"id":34,"edad":["NINO"],"esSugerencia":false}]},"fecha":1553260204083},{"frase":"yo quiero jugar con el juguete ","frecuencia":1,"complejidad":{"valor":0,"pictos componentes":[{"id":643,"esSugerencia":false},{"id":44,"esSugerencia":false},{"id":34,"edad":["NINO"],"esSugerencia":false},{"id":761,"esSugerencia":false}]},"fecha":1553260213743},{"frase":"yo quiero jugar con el juguete rosa ","frecuencia":1,"complejidad":{"valor":0,"pictos componentes":[{"id":643,"esSugerencia":false},{"id":44,"esSugerencia":false},{"id":34,"edad":["NINO"],"esSugerencia":false},{"id":761,"esSugerencia":false},{"id":747,"esSugerencia":false}]},"fecha":1553260219361}]