[{"frase":"Hola Buenas tardes ","frecuencia":1,"complejidad":{"valor":0,"pictos componentes":[{"id":377,"esSugerencia":false},{"id":380,"horario":["MEDIODIA","TARDE"],"esSugerencia":false}]},"fecha":1554173676320},{"frase":"abuelo ","frecuencia":4,"complejidad":{"valor":0,"pictos componentes":[{"id":614,"esSugerencia":false}]},"fecha":[1554173724305,1554173726101,1554173727185,1554173728172]},{"frase":"abuelo estoy bien ","frecuencia":1,"complejidad":{"valor":0,"pictos componentes":[{"id":614,"esSugerencia":false},{"id":22,"esSugerencia":false},{"id":133,"esSugerencia":false}]},"fecha":1554173733407},{"frase":"abuelo estoy bien animales abuelo quiero comer pollo jirafa pie cinco Hola ","frecuencia":1,"complejidad":{"valor":0,"pictos componentes":[{"id":614,"esSugerencia":false},{"id":22,"esSugerencia":false},{"id":133,"esSugerencia":false},{"id":286,"esSugerencia":true},{"id":614,"esSugerencia":true},{"id":44,"esSugerencia":false},{"id":118,"esSugerencia":false},{"id":504,"esSugerencia":false},{"id":320,"esSugerencia":true},{"id":799,"esSugerencia":true},{"id":840,"esSugerencia":true},{"id":377,"esSugerencia":true}]},"fecha":1554173764151},{"frase":"abuelo estoy bien animales abuelo quiero comer pollo jirafa pie cinco Hola tengo hambre canelones ketchup mamá ¿Cómo estás? estoy bien ","frecuencia":1,"complejidad":{"valor":0,"pictos componentes":[{"id":614,"esSugerencia":false},{"id":22,"esSugerencia":false},{"id":133,"esSugerencia":false},{"id":286,"esSugerencia":true},{"id":614,"esSugerencia":true},{"id":44,"esSugerencia":false},{"id":118,"esSugerencia":false},{"id":504,"esSugerencia":false},{"id":320,"esSugerencia":true},{"id":799,"esSugerencia":true},{"id":840,"esSugerencia":true},{"id":377,"esSugerencia":true},{"id":49,"esSugerencia":false},{"id":597,"esSugerencia":false},{"id":400,"esSugerencia":true},{"id":492,"esSugerencia":true},{"id":628,"esSugerencia":true},{"id":378,"esSugerencia":false},{"id":22,"esSugerencia":false},{"id":133,"esSugerencia":false}]},"fecha":1554173793388},{"frase":"abuelo estoy bien animales abuelo quiero comer pollo jirafa pie cinco Hola tengo hambre canelones ketchup mamá dame ","frecuencia":2,"complejidad":{"valor":0,"pictos componentes":[{"id":614,"esSugerencia":false},{"id":22,"esSugerencia":false},{"id":133,"esSugerencia":false},{"id":286,"esSugerencia":true},{"id":614,"esSugerencia":true},{"id":44,"esSugerencia":false},{"id":118,"esSugerencia":false},{"id":504,"esSugerencia":false},{"id":320,"esSugerencia":true},{"id":799,"esSugerencia":true},{"id":840,"esSugerencia":true},{"id":377,"esSugerencia":true},{"id":49,"esSugerencia":false},{"id":597,"esSugerencia":false},{"id":400,"esSugerencia":true},{"id":492,"esSugerencia":true},{"id":628,"esSugerencia":true},{"id":14,"esSugerencia":false}]},"fecha":[1554173823163,1554173832302]},{"frase":"Hola tengo ","frecuencia":1,"complejidad":{"valor":0,"pictos componentes":[{"id":377,"esSugerencia":false},{"id":49,"esSugerencia":false}]},"fecha":1554173944893},{"frase":"Hola tengo frío mamá quiero comer pollo ","frecuencia":1,"complejidad":{"valor":0,"pictos componentes":[{"id":377,"esSugerencia":false},{"id":49,"esSugerencia":false},{"id":177,"esSugerencia":false},{"id":628,"esSugerencia":true},{"id":44,"esSugerencia":false},{"id":118,"esSugerencia":false},{"id":504,"esSugerencia":false}]},"fecha":1554173966250},{"frase":"Hola tengo frío ","frecuencia":1,"complejidad":{"valor":0,"pictos componentes":[{"id":377,"esSugerencia":false},{"id":49,"esSugerencia":false},{"id":177,"esSugerencia":false}]},"fecha":1554173986631},{"frase":"Hola tengo frío escuchar de nuevo la radio escuela chupetin dame leche y galletas bocadillo canelones ketchup ","frecuencia":3,"complejidad":{"valor":0,"pictos componentes":[{"id":377,"esSugerencia":false},{"id":49,"esSugerencia":false},{"id":177,"esSugerencia":false},{"id":19,"esSugerencia":true},{"id":1019,"esSugerencia":true},{"id":662,"esSugerencia":true},{"id":406,"edad":["NINO"],"esSugerencia":true},{"id":14,"esSugerencia":true},{"id":427,"esSugerencia":false},{"id":398,"esSugerencia":true},{"id":400,"esSugerencia":true},{"id":492,"esSugerencia":false}]},"fecha":[1554174020855,1554174032774,1554174041518]},{"frase":"yo comer pollo flan galleta Sopa yogur manzana ","frecuencia":2,"complejidad":{"valor":0,"pictos componentes":[{"id":643,"esSugerencia":false},{"id":118,"esSugerencia":true},{"id":504,"esSugerencia":false},{"id":412,"esSugerencia":true},{"id":415,"esSugerencia":true},{"id":472,"esSugerencia":true},{"id":484,"esSugerencia":true},{"id":474,"esSugerencia":true}]},"fecha":[1554174085493,1554174093699]},{"frase":"yo comer pollo flan galleta Sopa yogur manzana el coro escuchar música ","frecuencia":1,"complejidad":{"valor":0,"pictos componentes":[{"id":643,"esSugerencia":false},{"id":118,"esSugerencia":true},{"id":504,"esSugerencia":false},{"id":412,"esSugerencia":true},{"id":415,"esSugerencia":true},{"id":472,"esSugerencia":true},{"id":484,"esSugerencia":true},{"id":474,"esSugerencia":true},{"id":853,"esSugerencia":true},{"id":20,"esSugerencia":true}]},"fecha":1554174103493},{"frase":"mamá dame la tablet escuela chupetin colores Hola ¿Cómo estás? estoy bien ","frecuencia":1,"complejidad":{"valor":0,"pictos componentes":[{"id":628,"esSugerencia":false},{"id":14,"esSugerencia":false},{"id":774,"esSugerencia":false},{"id":662,"esSugerencia":true},{"id":406,"edad":["NINO"],"esSugerencia":false},{"id":737,"esSugerencia":true},{"id":377,"esSugerencia":true},{"id":378,"esSugerencia":false},{"id":22,"esSugerencia":false},{"id":133,"esSugerencia":false}]},"fecha":1554174150514},{"frase":"mamá dame la tablet escuela chupetin colores Hola ¿Cómo estás? estoy bien cantar la bateria la bateria la bateria despeinado guapo ","frecuencia":1,"complejidad":{"valor":0,"pictos componentes":[{"id":628,"esSugerencia":false},{"id":14,"esSugerencia":false},{"id":774,"esSugerencia":false},{"id":662,"esSugerencia":true},{"id":406,"edad":["NINO"],"esSugerencia":false},{"id":737,"esSugerencia":true},{"id":377,"esSugerencia":true},{"id":378,"esSugerencia":false},{"id":22,"esSugerencia":false},{"id":133,"esSugerencia":false},{"id":6,"esSugerencia":true},{"id":849,"esSugerencia":true},{"id":849,"esSugerencia":true},{"id":849,"esSugerencia":false},{"id":159,"esSugerencia":true},{"id":186,"esSugerencia":true}]},"fecha":1554174177862},{"frase":"Hola ","frecuencia":1,"complejidad":{"valor":0,"pictos componentes":[{"id":377,"esSugerencia":false}]},"fecha":1554210040590}]