[{"frase":"Hola ","frecuencia":9,"complejidad":{"valor":0,"pictos componentes":[{"id":377,"esSugerencia":false}]},"fecha":[1573745185284,1574805986847,1575142848191,1575235062949,1579874680564,1579874702099,1579874709397,1581085718507,1581689054953]},{"frase":"quiero ","frecuencia":1,"complejidad":{"valor":0,"pictos componentes":[{"id":44,"esSugerencia":false}]},"fecha":1573745228998},{"frase":"quiero buscar ","frecuencia":1,"complejidad":{"valor":0,"pictos componentes":[{"id":44,"esSugerencia":false},{"id":5,"esSugerencia":false}]},"fecha":1573745238138},{"frase":"quiero buscar comida ","frecuencia":2,"complejidad":{"valor":0,"pictos componentes":[{"id":44,"esSugerencia":false},{"id":5,"esSugerencia":false},{"id":1014,"esSugerencia":false}]},"fecha":[1573745246417,1574953399145]},{"frase":"","frecuencia":17,"complejidad":{"valor":0,"pictos componentes":[]},"fecha":[1573746483044,1573826375721,1573940331795,1574088517717,1575142840504,1576185236470,1576185240587,1579879731959,1579879733116,1580477862560,1581688458029,1581688459347,1581688460282,1581690407240,1581690410176,1581690411228,1581690413067]},{"frase":"yo quiero ir a ","frecuencia":2,"complejidad":{"valor":0,"pictos componentes":[{"id":643,"esSugerencia":false},{"id":44,"esSugerencia":false},{"id":30,"esSugerencia":false}]},"fecha":[1573759068623,1580480569642]},{"frase":"yo quiero ir a un supermercado ","frecuencia":1,"complejidad":{"valor":0,"pictos componentes":[{"id":643,"esSugerencia":false},{"id":44,"esSugerencia":false},{"id":30,"esSugerencia":false},{"id":688,"esSugerencia":false}]},"fecha":1573759088686},{"frase":"yo quiero ir a un supermercado ballena castañas plato computadora la trompeta celebración ","frecuencia":3,"complejidad":{"valor":0,"pictos componentes":[{"id":643,"esSugerencia":false},{"id":44,"esSugerencia":false},{"id":30,"esSugerencia":false},{"id":688,"esSugerencia":false},{"id":290},{"id":402},{"id":599},{"id":755},{"id":874},{"id":704}]},"fecha":[1573759531054,1573759542074,1573759551594]},{"frase":"quiero ir a hospital azúcar ","frecuencia":3,"complejidad":{"valor":0,"pictos componentes":[{"id":44,"esSugerencia":false},{"id":30,"esSugerencia":false},{"id":668,"esSugerencia":false},{"id":396}]},"fecha":[1573765427442,1573765436794,1573765439654]},{"frase":"mamá ","frecuencia":3,"complejidad":{"valor":0,"pictos componentes":[]},"fecha":[1573777005175,1573777008208,1573777016793]},{"frase":"mamá ¿Cómo estás? ","frecuencia":2,"complejidad":{"valor":0,"pictos componentes":[]},"fecha":[1573777027533,1573777035551]},{"frase":"mamá ¿Cómo estás? estoy mal cambiarme el pañal cumplimiento escribir azúcar zapatilla deportiva computadora ","frecuencia":1,"complejidad":{"valor":0,"pictos componentes":[]},"fecha":1573818482436},{"frase":"mamá ¿Cómo estás? estoy mal cambiarme el pañal cumplimiento escribir azúcar zapatilla deportiva computadora la trompeta celebración ","frecuencia":1,"complejidad":{"valor":0,"pictos componentes":[]},"fecha":1573826287354},{"frase":"Hola tengo escuela ","frecuencia":1,"complejidad":{"valor":0,"pictos componentes":[{"id":377,"esSugerencia":false},{"id":49,"esSugerencia":false},{"id":662,"esSugerencia":false}]},"fecha":1573829547063},{"frase":"quiero jugar con la pelota violeta verde Claro cambiar de canal ","frecuencia":1,"complejidad":{"valor":0,"pictos componentes":[{"id":44,"esSugerencia":false},{"id":34,"edad":["NINO"],"esSugerencia":false},{"id":996,"esSugerencia":false},{"id":748,"esSugerencia":false},{"id":750},{"id":8}]},"fecha":1573848356816},{"frase":"quiero jugar con el juguete rosa No tengo ","frecuencia":3,"complejidad":{"valor":0,"pictos componentes":[{"id":44,"esSugerencia":false},{"id":34,"edad":["NINO"],"esSugerencia":false},{"id":761,"esSugerencia":false},{"id":747,"esSugerencia":false},{"id":389,"esSugerencia":false},{"id":49,"esSugerencia":false}]},"fecha":[1574082592855,1574082597645,1574082609855]},{"frase":"Hola ¿Cómo estás? ","frecuencia":6,"complejidad":{"valor":0,"pictos componentes":[{"id":377,"esSugerencia":false},{"id":378,"esSugerencia":false}]},"fecha":[1574773138100,1574805992704,1575558888404,1576154477947,1580478254695,1581688331057]},{"frase":"Hola ¿Cómo estás? tengo ","frecuencia":7,"complejidad":{"valor":0,"pictos componentes":[{"id":377,"esSugerencia":false},{"id":378,"esSugerencia":false},{"id":49,"esSugerencia":false}]},"fecha":[1574773145578,1574773149840,1580478346036,1580478428461,1581688390088,1581688393926,1581688405016]},{"frase":"Hola ¿Cómo estás? estoy mas o menos porque ","frecuencia":2,"complejidad":{"valor":0,"pictos componentes":[{"id":377,"esSugerencia":false},{"id":378,"esSugerencia":false},{"id":22,"esSugerencia":false},{"id":204,"esSugerencia":false},{"id":-1479482600}]},"fecha":[1574773535920,1574773541879]},{"frase":"Hola ¿Cómo estás? estoy mas o menos porque dolor ","frecuencia":1,"complejidad":{"valor":0,"pictos componentes":[{"id":377,"esSugerencia":false},{"id":378,"esSugerencia":false},{"id":22,"esSugerencia":false},{"id":204,"esSugerencia":false},{"id":-1479482600},{"id":-1479325765}]},"fecha":1574773687695},{"frase":"Hola ¿Cómo estás? estoy mas o menos porque dolor espalda ","frecuencia":1,"complejidad":{"valor":0,"pictos componentes":[{"id":377,"esSugerencia":false},{"id":378,"esSugerencia":false},{"id":22,"esSugerencia":false},{"id":204,"esSugerencia":false},{"id":-1479482600},{"id":-1479325765},{"id":-1479106003}]},"fecha":1574773912284},{"frase":"Hola estoy mas o menos porque dolor espalda ","frecuencia":6,"complejidad":{"valor":0,"pictos componentes":[{"id":377,"esSugerencia":false},{"id":22,"esSugerencia":false},{"id":204,"esSugerencia":false},{"id":-1479482600,"esSugerencia":false},{"id":-1479325765,"esSugerencia":false},{"id":-1479106003,"esSugerencia":false}]},"fecha":[1574773978099,1574774011069,1574774021775,1574774030592,1574774036871,1574774049565]},{"frase":"Hola ¿Cómo estás? estoy bien ","frecuencia":2,"complejidad":{"valor":0,"pictos componentes":[{"id":377,"esSugerencia":false},{"id":378,"esSugerencia":false},{"id":22,"esSugerencia":false},{"id":133,"esSugerencia":false}]},"fecha":[1574953323387,1574953333525]},{"frase":"yo tengo frío ","frecuencia":2,"complejidad":{"valor":0,"pictos componentes":[{"id":643,"esSugerencia":false},{"id":49,"esSugerencia":false},{"id":177,"esSugerencia":false}]},"fecha":[1574953870345,1580480278330]},{"frase":"quiero ir a hospital ","frecuencia":1,"complejidad":{"valor":0,"pictos componentes":[{"id":44,"esSugerencia":false},{"id":30,"esSugerencia":false},{"id":668,"esSugerencia":false}]},"fecha":1574953894122},{"frase":"Hola ¿Cómo estás? esperar ","frecuencia":2,"complejidad":{"valor":0,"pictos componentes":[{"id":377,"esSugerencia":false},{"id":378,"esSugerencia":false},{"id":23,"esSugerencia":false}]},"fecha":[1575038863933,1575038869875]},{"frase":"Hola bien ","frecuencia":1,"complejidad":{"valor":0,"pictos componentes":[{"id":377,"esSugerencia":false},{"id":133,"esSugerencia":false}]},"fecha":1575235168122},{"frase":"mamá quiero comer pollo arroz ","frecuencia":1,"complejidad":{"valor":0,"pictos componentes":[{"id":628,"esSugerencia":false},{"id":44,"esSugerencia":false},{"id":118,"esSugerencia":false},{"id":504,"esSugerencia":false},{"id":481,"esSugerencia":false}]},"fecha":1575558833562},{"frase":"quiero ir a un supermercado ","frecuencia":1,"complejidad":{"valor":0,"pictos componentes":[{"id":44,"esSugerencia":false},{"id":30,"esSugerencia":false},{"id":688,"esSugerencia":false}]},"fecha":1575559123838},{"frase":"quiero ir a un supermercado camisa ","frecuencia":1,"complejidad":{"valor":0,"pictos componentes":[{"id":44,"esSugerencia":false},{"id":30,"esSugerencia":false},{"id":688,"esSugerencia":false},{"id":939}]},"fecha":1575559241547},{"frase":"quiero comer carne acelga ","frecuencia":1,"complejidad":{"valor":0,"pictos componentes":[{"id":44,"esSugerencia":false},{"id":118,"esSugerencia":false},{"id":482,"esSugerencia":false},{"id":391}]},"fecha":1575559325130},{"frase":"quiero ir a bar ","frecuencia":1,"complejidad":{"valor":0,"pictos componentes":[{"id":44,"esSugerencia":false},{"id":30,"esSugerencia":false},{"id":649,"edad":["ADULTO"]}]},"fecha":1575559447214},{"frase":"Hola Buen día ","frecuencia":3,"complejidad":{"valor":0,"pictos componentes":[{"id":377,"esSugerencia":false},{"id":379,"horario":["MANANA"],"esSugerencia":false,"hora":["MANANA"]}]},"fecha":[1575559761460,1581279349676,1581279355847]},{"frase":"Hola Buen día estoy bien ","frecuencia":1,"complejidad":{"valor":0,"pictos componentes":[{"id":377,"esSugerencia":false},{"id":379,"horario":["MANANA"],"esSugerencia":false,"hora":["MANANA"]},{"id":22,"esSugerencia":false},{"id":133,"esSugerencia":false}]},"fecha":1575559775168},{"frase":"quiero tostada ","frecuencia":1,"complejidad":{"valor":0,"pictos componentes":[{"id":44,"esSugerencia":false},{"id":465}]},"fecha":1575559923700},{"frase":"yo quiero comer carne ","frecuencia":2,"complejidad":{"valor":0,"pictos componentes":[{"id":643,"esSugerencia":false},{"id":44,"esSugerencia":false},{"id":118,"esSugerencia":false},{"id":482,"esSugerencia":false}]},"fecha":[1576154522798,1581085807806]},{"frase":"No quiero comer pollo ","frecuencia":3,"complejidad":{"valor":0,"pictos componentes":[{"id":389,"esSugerencia":false},{"id":44,"esSugerencia":false},{"id":118,"esSugerencia":false},{"id":504,"esSugerencia":false}]},"fecha":[1576154559823,1576154562229,1576154567739]},{"frase":"quiero comer verduras ","frecuencia":1,"complejidad":{"valor":0,"pictos componentes":[{"id":44,"esSugerencia":false},{"id":118,"esSugerencia":false},{"id":478,"esSugerencia":false}]},"fecha":1576154585945},{"frase":"Hola Buen día estoy mas o menos porque dolor espalda ","frecuencia":4,"complejidad":{"valor":0,"pictos componentes":[{"id":377,"esSugerencia":false},{"id":379,"horario":["MANANA"],"esSugerencia":false,"hora":["MANANA"]},{"id":22,"esSugerencia":false},{"id":204,"esSugerencia":false},{"id":-1479482600,"esSugerencia":false},{"id":-1479325765,"esSugerencia":false},{"id":-1479106003,"esSugerencia":false}]},"fecha":[1576162343762,1576162365951,1576162612367,1576248353601]},{"frase":"Hola Buen día estoy mas o menos porque ","frecuencia":1,"complejidad":{"valor":0,"pictos componentes":[{"id":377,"esSugerencia":false},{"id":379,"horario":["MANANA"],"esSugerencia":false,"hora":["MANANA"]},{"id":22,"esSugerencia":false},{"id":204,"esSugerencia":false},{"id":-1479482600,"esSugerencia":false}]},"fecha":1576162623610},{"frase":"Hola Buen día estoy mas o menos porque tengo dolor espalda ","frecuencia":1,"complejidad":{"valor":0,"pictos componentes":[{"id":377,"esSugerencia":false},{"id":379,"horario":["MANANA"],"esSugerencia":false,"hora":["MANANA"]},{"id":22,"esSugerencia":false},{"id":204,"esSugerencia":false},{"id":-1479482600,"esSugerencia":false},{"id":49,"esSugerencia":false},{"id":821},{"id":-1479106003,"esSugerencia":false}]},"fecha":1576162827845},{"frase":"Hola dame maiz ","frecuencia":1,"complejidad":{"valor":0,"pictos componentes":[{"id":377,"esSugerencia":false},{"id":14,"esSugerencia":false},{"id":430}]},"fecha":1576163473888},{"frase":"Hola dame leche y galletas bocadillo acelga almendras asno abeja ","frecuencia":2,"complejidad":{"valor":0,"pictos componentes":[{"id":377,"esSugerencia":false},{"id":14,"esSugerencia":false},{"id":427,"esSugerencia":false},{"id":398},{"id":391},{"id":393},{"id":288},{"id":283}]},"fecha":[1576163675474,1576163703403]},{"frase":"Hola ¿Cómo estás? quiero comer carne acelga ","frecuencia":2,"complejidad":{"valor":0,"pictos componentes":[{"id":377,"esSugerencia":false},{"id":378,"esSugerencia":false},{"id":44,"esSugerencia":false},{"id":118,"esSugerencia":false},{"id":482,"esSugerencia":false},{"id":391,"esSugerencia":false}]},"fecha":[1576188885723,1576188893203]},{"frase":"Hola ¿Cómo estás? quiero ir a ","frecuencia":1,"complejidad":{"valor":0,"pictos componentes":[{"id":377,"esSugerencia":false},{"id":378,"esSugerencia":false},{"id":44,"esSugerencia":false},{"id":30,"esSugerencia":false}]},"fecha":1576248093851},{"frase":"Hola ¿Cómo estás? quiero ir a un supermercado ","frecuencia":1,"complejidad":{"valor":0,"pictos componentes":[{"id":377,"esSugerencia":false},{"id":378,"esSugerencia":false},{"id":44,"esSugerencia":false},{"id":30,"esSugerencia":false},{"id":688,"esSugerencia":false}]},"fecha":1576248119856},{"frase":"Hola Buen día estoy mal cambiarme el pañal cumplimiento ","frecuencia":1,"complejidad":{"valor":0,"pictos componentes":[{"id":377,"esSugerencia":false},{"id":379,"horario":["MANANA"],"esSugerencia":false,"hora":["MANANA"]},{"id":22,"esSugerencia":false},{"id":205,"esSugerencia":false},{"id":9,"esSugerencia":false},{"id":706,"esSugerencia":false}]},"fecha":1576450896758},{"frase":"Hola Buen día quiero comer carne ","frecuencia":2,"complejidad":{"valor":0,"pictos componentes":[{"id":377,"esSugerencia":false},{"id":379,"horario":["MANANA"],"esSugerencia":false,"hora":["MANANA"]},{"id":44,"esSugerencia":false},{"id":118,"esSugerencia":false},{"id":482,"esSugerencia":false}]},"fecha":[1577131877747,1577131883847]},{"frase":"jardín ","frecuencia":1,"complejidad":{"valor":0,"pictos componentes":[{"id":672}]},"fecha":1579875530530},{"frase":"mamá tengo ","frecuencia":3,"complejidad":{"valor":0,"pictos componentes":[{"id":628,"esSugerencia":false},{"id":49,"esSugerencia":false}]},"fecha":[1580051008205,1580051016122,1580051021100]},{"frase":"mamá tengo hambre ","frecuencia":1,"complejidad":{"valor":0,"pictos componentes":[{"id":628,"esSugerencia":false},{"id":49,"esSugerencia":false},{"id":597,"esSugerencia":false}]},"fecha":1580051031574},{"frase":"mamá tengo hambre muñeca ","frecuencia":1,"complejidad":{"valor":0,"pictos componentes":[{"id":628,"esSugerencia":false},{"id":49,"esSugerencia":false},{"id":597,"esSugerencia":false},{"id":788,"esSugerencia":false}]},"fecha":1580051046138},{"frase":"mamá tengo hambre muñeca ¿Qué color es? ","frecuencia":1,"complejidad":{"valor":0,"pictos componentes":[{"id":628,"esSugerencia":false},{"id":49,"esSugerencia":false},{"id":597,"esSugerencia":false},{"id":788,"esSugerencia":false},{"id":745}]},"fecha":1580051198692},{"frase":"Hola Buen día estoy aburrido quiero comer ","frecuencia":2,"complejidad":{"valor":0,"pictos componentes":[{"id":377,"esSugerencia":false},{"id":379,"horario":["MANANA"],"esSugerencia":false,"hora":["MANANA"]},{"id":22,"esSugerencia":false},{"id":119,"esSugerencia":false},{"id":44,"esSugerencia":false},{"id":118,"esSugerencia":false}]},"fecha":[1580255919292,1580255929223]},{"frase":"yo quiero ","frecuencia":2,"complejidad":{"valor":0,"pictos componentes":[{"id":643,"esSugerencia":false},{"id":44,"esSugerencia":false}]},"fecha":[1580480559217,1581085785608]},{"frase":"yo quiero ir a comer ","frecuencia":2,"complejidad":{"valor":0,"pictos componentes":[{"id":643,"esSugerencia":false},{"id":44,"esSugerencia":false},{"id":30,"esSugerencia":false},{"id":118,"esSugerencia":false}]},"fecha":[1580480646868,1583334496506]},{"frase":"yo quiero ir a comer hamburguesa ","frecuencia":4,"complejidad":{"valor":0,"pictos componentes":[{"id":643,"esSugerencia":false},{"id":44,"esSugerencia":false},{"id":30,"esSugerencia":false},{"id":118,"esSugerencia":false},{"id":515,"esSugerencia":false}]},"fecha":[1580480666644,1580480674926,1583334509662,1583334514975]},{"frase":"Hola Buen día quiero ir a casa serie ","frecuencia":1,"complejidad":{"valor":0,"pictos componentes":[{"id":377,"esSugerencia":false},{"id":379,"horario":["MANANA"],"esSugerencia":false,"hora":["MANANA"]},{"id":44,"esSugerencia":false},{"id":30,"esSugerencia":false},{"id":653,"esSugerencia":false},{"id":721}]},"fecha":1580508992094},{"frase":"Hola Buen día quiero ir a casa ","frecuencia":1,"complejidad":{"valor":0,"pictos componentes":[{"id":377,"esSugerencia":false},{"id":379,"horario":["MANANA"],"esSugerencia":false,"hora":["MANANA"]},{"id":44,"esSugerencia":false},{"id":30,"esSugerencia":false},{"id":653,"esSugerencia":false}]},"fecha":1580509051065},{"frase":"papá dame la tablet ","frecuencia":2,"complejidad":{"valor":0,"pictos componentes":[{"id":632,"esSugerencia":false},{"id":14,"esSugerencia":false},{"id":774,"esSugerencia":false}]},"fecha":[1580721396818,1580721409247]},{"frase":"yo ","frecuencia":1,"complejidad":{"valor":0,"pictos componentes":[{"id":643,"esSugerencia":false}]},"fecha":1581085750283},{"frase":"Hola con ","frecuencia":1,"complejidad":{"valor":0,"pictos componentes":[{"id":377,"esSugerencia":false},{"id":528}]},"fecha":1581688733876},{"frase":"Hola Buen día quiero jugar con amigos en casa ","frecuencia":1,"complejidad":{"valor":0,"pictos componentes":[{"id":377,"esSugerencia":false},{"id":379,"horario":["MANANA"],"esSugerencia":false,"hora":["MANANA"]},{"id":44,"esSugerencia":false},{"id":34,"edad":["NINO"],"esSugerencia":false},{"id":615,"esSugerencia":false},{"id":533},{"id":653,"esSugerencia":false}]},"fecha":1581689153012},{"frase":"Hola Buenas tardes quiero ","frecuencia":1,"complejidad":{"valor":0,"pictos componentes":[{"id":377,"esSugerencia":false},{"id":380,"horario":["MEDIODIA","TARDE"],"esSugerencia":false,"hora":["TARDE"]},{"id":44,"esSugerencia":false}]},"fecha":1581689327871},{"frase":"Hola Buen día quiero ir a ","frecuencia":2,"complejidad":{"valor":0,"pictos componentes":[{"id":377,"esSugerencia":false},{"id":379,"horario":["MANANA"],"esSugerencia":false,"hora":["MANANA"]},{"id":44,"esSugerencia":false},{"id":30,"esSugerencia":false}]},"fecha":[1581689803882,1581689806152]},{"frase":"Hola Buen día quiero ir a casa a ","frecuencia":1,"complejidad":{"valor":0,"pictos componentes":[{"id":377,"esSugerencia":false},{"id":379,"horario":["MANANA"],"esSugerencia":false,"hora":["MANANA"]},{"id":44,"esSugerencia":false},{"id":30,"esSugerencia":false},{"id":653,"esSugerencia":false},{"id":525}]},"fecha":1581689913695},{"frase":"Hola Buen día quiero ir a casa a tomar gaseosa ","frecuencia":1,"complejidad":{"valor":0,"pictos componentes":[{"id":377,"esSugerencia":false},{"id":379,"horario":["MANANA"],"esSugerencia":false,"hora":["MANANA"]},{"id":44,"esSugerencia":false},{"id":30,"esSugerencia":false},{"id":653,"esSugerencia":false},{"id":525},{"id":51},{"id":501,"esSugerencia":false}]},"fecha":1581690042534},{"frase":"Hola Buen día quiero ir a casa a tomar café ","frecuencia":1,"complejidad":{"valor":0,"pictos componentes":[{"id":377,"esSugerencia":false},{"id":379,"horario":["MANANA"],"esSugerencia":false,"hora":["MANANA"]},{"id":44,"esSugerencia":false},{"id":30,"esSugerencia":false},{"id":653,"esSugerencia":false},{"id":525,"esSugerencia":false},{"id":51,"esSugerencia":false},{"id":496}]},"fecha":1581690518708},{"frase":"Hola Buen día quiero ","frecuencia":1,"complejidad":{"valor":0,"pictos componentes":[{"id":377,"esSugerencia":false},{"id":379,"horario":["MANANA"],"esSugerencia":false,"hora":["MANANA"]},{"id":44,"esSugerencia":false}]},"fecha":1582123516358},{"frase":"pasear ","frecuencia":1,"complejidad":{"valor":0,"pictos componentes":[{"id":38}]},"fecha":1582904984715},{"frase":"papá casa ","frecuencia":1,"complejidad":{"valor":0,"pictos componentes":[{"id":632,"esSugerencia":false},{"id":653,"esSugerencia":false}]},"fecha":1582905419338},{"frase":"yo casa ","frecuencia":1,"complejidad":{"valor":0,"pictos componentes":[{"id":643,"esSugerencia":false},{"id":653,"esSugerencia":false}]},"fecha":1583334793178},{"frase":"yo ir a amigos ","frecuencia":1,"complejidad":{"valor":0,"pictos componentes":[{"id":643,"esSugerencia":false},{"id":30,"esSugerencia":false},{"id":615,"esSugerencia":false}]},"fecha":1583335576716},{"frase":"yo ir a amigos comer un sandwich ","frecuencia":1,"complejidad":{"valor":0,"pictos componentes":[{"id":643,"esSugerencia":false},{"id":30,"esSugerencia":false},{"id":615,"esSugerencia":false},{"id":12}]},"fecha":1583335715304},{"frase":"yo ir a amigos comer un sandwich comer ","frecuencia":1,"complejidad":{"valor":0,"pictos componentes":[{"id":643,"esSugerencia":false},{"id":30,"esSugerencia":false},{"id":615,"esSugerencia":false},{"id":12},{"id":118,"esSugerencia":false}]},"fecha":1583335782469},{"frase":"yo ir a amigos comer ","frecuencia":2,"complejidad":{"valor":0,"pictos componentes":[{"id":643,"esSugerencia":false},{"id":30,"esSugerencia":false},{"id":615,"esSugerencia":false},{"id":118,"esSugerencia":false}]},"fecha":[1583335807313,1583336414493]},{"frase":"Hola Buen día quiero jugar con ","frecuencia":3,"complejidad":{"valor":0,"pictos componentes":[{"id":377,"esSugerencia":false},{"id":379,"horario":["MANANA"],"esSugerencia":false,"hora":["MANANA"]},{"id":44,"esSugerencia":false},{"id":34,"edad":["NINO"],"esSugerencia":false}]},"fecha":[1583939412811,1583939438198,1583939441572]},{"frase":"quiero comer carne acelga almendras ","frecuencia":1,"complejidad":{"valor":0,"pictos componentes":[{"id":44,"esSugerencia":false},{"id":118,"esSugerencia":false},{"id":482,"esSugerencia":false},{"id":391,"esSugerencia":false},{"id":393,"esSugerencia":false}]},"fecha":1583939519488},{"frase":"quiero comer carne ","frecuencia":1,"complejidad":{"valor":0,"pictos componentes":[{"id":44,"esSugerencia":false},{"id":118,"esSugerencia":false},{"id":482,"esSugerencia":false}]},"fecha":1583939941683},{"frase":"acompañar película ","frecuencia":2,"complejidad":{"valor":0,"pictos componentes":[{"id":1},{"id":554}]},"fecha":[1583941276412,1583941286231]},{"frase":"enojado ","frecuencia":1,"complejidad":{"valor":0,"pictos componentes":[{"id":167}]},"fecha":1583941454239},{"frase":"abeja ","frecuencia":1,"complejidad":{"valor":0,"pictos componentes":[{"id":283}]},"fecha":1584475882328}]