[{"frase":"","frecuencia":5,"complejidad":{"valor":0,"pictos componentes":[]},"fecha":[1551441070557,1551441075597,1551441078178,1551441082301,1551441086267]},{"frase":"Hola tengo hambre canelones amarillo ","frecuencia":1,"complejidad":{"valor":0,"pictos componentes":[{"id":377,"esSugerencia":false},{"id":49,"esSugerencia":false},{"id":597,"esSugerencia":false},{"id":400,"esSugerencia":true},{"id":733,"esSugerencia":true}]},"fecha":1552514351024},{"frase":"Hola Buen día quiero buscar comida sentarme panza tetas nalgas divertido besar buscar colores cuatro carnicero aduana la pelota de rugby los bloques cambiar de canal la bateria despeinado primavera camarero ","frecuencia":1,"complejidad":{"valor":0,"pictos componentes":[{"id":377,"esSugerencia":false},{"id":379,"horario":["MANANA"],"esSugerencia":false},{"id":44,"esSugerencia":false},{"id":5,"esSugerencia":false},{"id":1014,"esSugerencia":false},{"id":101,"esSugerencia":true},{"id":795,"esSugerencia":true},{"id":806,"esSugerencia":true},{"id":789,"esSugerencia":true},{"id":161,"esSugerencia":true},{"id":64,"esSugerencia":true},{"id":5,"esSugerencia":true},{"id":737,"esSugerencia":false},{"id":839,"esSugerencia":true},{"id":617,"esSugerencia":true},{"id":645,"esSugerencia":true},{"id":998,"esSugerencia":true},{"id":978,"esSugerencia":true},{"id":8,"esSugerencia":true},{"id":849,"esSugerencia":true},{"id":159,"esSugerencia":true},{"id":817,"esSugerencia":true},{"id":618,"esSugerencia":true}]},"fecha":1552730857649}]