[{"frase":"Hola Buenas tardes ","frecuencia":1,"complejidad":{"valor":0,"pictos componentes":[{"id":377,"esSugerencia":false},{"id":380,"horario":["MEDIODIA","TARDE"],"esSugerencia":false}]},"fecha":1563973343803},{"frase":"Si ","frecuencia":1,"complejidad":{"valor":0,"pictos componentes":[{"id":388,"esSugerencia":false}]},"fecha":1563973366863},{"frase":"Si quiero comer ","frecuencia":1,"complejidad":{"valor":0,"pictos componentes":[{"id":388,"esSugerencia":false},{"id":44,"esSugerencia":false},{"id":118,"esSugerencia":false}]},"fecha":1563973374819},{"frase":"Si quiero comer hamburguesa y tomar gaseosa ","frecuencia":2,"complejidad":{"valor":0,"pictos componentes":[{"id":388,"esSugerencia":false},{"id":44,"esSugerencia":false},{"id":118,"esSugerencia":false},{"id":515,"esSugerencia":false},{"id":923,"esSugerencia":true},{"id":51,"esSugerencia":true},{"id":501,"esSugerencia":false}]},"fecha":[1563973387968,1563973394252]}]