[{"frase":"Hola ","frecuencia":1,"complejidad":{"valor":0,"pictos componentes":[{"id":377,"esSugerencia":false}]},"fecha":1590611879059},{"frase":"Hola papá ¿Cómo estás? ","frecuencia":1,"complejidad":{"valor":0,"pictos componentes":[{"id":377,"esSugerencia":false},{"id":632,"esSugerencia":false},{"id":378,"esSugerencia":false}]},"fecha":1590611884902},{"frase":"Hola papá ¿Cómo estás? apagar ","frecuencia":2,"complejidad":{"valor":0,"pictos componentes":[{"id":377,"esSugerencia":false},{"id":632,"esSugerencia":false},{"id":378,"esSugerencia":false},{"id":2}]},"fecha":[1590611920066,1590611923486]},{"frase":"Hola tengo ","frecuencia":1,"complejidad":{"valor":0,"pictos componentes":[{"id":377,"esSugerencia":false},{"id":49,"esSugerencia":false}]},"fecha":1590611958177},{"frase":"Hola ¿Cómo estás? quiero ir a un supermercado ","frecuencia":1,"complejidad":{"valor":0,"pictos componentes":[{"id":377,"esSugerencia":false},{"id":378,"esSugerencia":false},{"id":44,"esSugerencia":false},{"id":30,"esSugerencia":false},{"id":688,"esSugerencia":false}]},"fecha":1590611979552},{"frase":"yo quiero buscar los juguetes ","frecuencia":1,"complejidad":{"valor":0,"pictos componentes":[{"id":643,"esSugerencia":false},{"id":44,"esSugerencia":false},{"id":5,"esSugerencia":false},{"id":989,"esSugerencia":false}]},"fecha":1590612262624},{"frase":"mamá dame la tablet ","frecuencia":1,"complejidad":{"valor":0,"pictos componentes":[{"id":628,"esSugerencia":false},{"id":14,"esSugerencia":false},{"id":774,"esSugerencia":false}]},"fecha":1590612291882}]