[{"frase":"Hola papá ","frecuencia":1,"complejidad":{"valor":0,"pictos componentes":[{"id":377,"esSugerencia":false},{"id":632,"esSugerencia":false}]},"fecha":1591056290941},{"frase":"Hola papá dame ","frecuencia":1,"complejidad":{"valor":0,"pictos componentes":[{"id":377,"esSugerencia":false},{"id":632,"esSugerencia":false},{"id":14,"esSugerencia":false}]},"fecha":1591056298242},{"frase":"Hola papá dame los juguetes ","frecuencia":5,"complejidad":{"valor":0,"pictos componentes":[{"id":377,"esSugerencia":false},{"id":632,"esSugerencia":false},{"id":14,"esSugerencia":false},{"id":989,"esSugerencia":false}]},"fecha":[1591056302320,1591056308730,1591056314437,1591056317178,1591056320109]},{"frase":"mamá quiero buscar comida ","frecuencia":3,"complejidad":{"valor":0,"pictos componentes":[{"id":628,"esSugerencia":false},{"id":44,"esSugerencia":false},{"id":5,"esSugerencia":false},{"id":1014,"esSugerencia":false}]},"fecha":[1591056337150,1591056342001,1591056346346]},{"frase":"Hola ¿Cómo estás? chimpancé ","frecuencia":2,"complejidad":{"valor":0,"pictos componentes":[{"id":377,"esSugerencia":false},{"id":378,"esSugerencia":false},{"id":302}]},"fecha":[1591056432766,1591056666575]},{"frase":"yo leer ","frecuencia":9,"complejidad":{"valor":0,"pictos componentes":[{"id":643,"esSugerencia":false},{"id":32}]},"fecha":[1591056463063,1591056465499,1591056467518,1591056468326,1591056469194,1591056573904,1591056576115,1591056576859,1591056581609]},{"frase":"mamá ","frecuencia":7,"complejidad":{"valor":0,"pictos componentes":[{"id":628,"esSugerencia":false}]},"fecha":[1591056478070,1591056479619,1591218127417,1591747058064,1594673824740,1594673914322,1597444005321]},{"frase":"yo ","frecuencia":4,"complejidad":{"valor":0,"pictos componentes":[{"id":643,"esSugerencia":false}]},"fecha":[1591056496592,1591056497999,1591217973582,1591217977605]},{"frase":"yo quiero buscar colores ","frecuencia":9,"complejidad":{"valor":0,"pictos componentes":[{"id":643,"esSugerencia":false},{"id":44,"esSugerencia":false},{"id":5,"esSugerencia":false},{"id":737,"esSugerencia":false}]},"fecha":[1591056509025,1591056511850,1591056513733,1591056517969,1591056521824,1591056524136,1591056526190,1591056527969,1591056529728]},{"frase":"","frecuencia":2,"complejidad":{"valor":0,"pictos componentes":[]},"fecha":[1591056567884,1591056719956]},{"frase":"yo leer la radio ","frecuencia":4,"complejidad":{"valor":0,"pictos componentes":[{"id":643,"esSugerencia":false},{"id":32,"esSugerencia":false},{"id":1019}]},"fecha":[1591056616736,1591056618989,1591056620250,1591056621504]},{"frase":"Hola ¿Cómo estás? ","frecuencia":6,"complejidad":{"valor":0,"pictos componentes":[{"id":377,"esSugerencia":false},{"id":378,"esSugerencia":false}]},"fecha":[1591056655954,1591056658859,1591056728004,1591056729832,1591218010868,1591218099769]},{"frase":"Hola ¿Cómo estás? chimpancé taxi ","frecuencia":1,"complejidad":{"valor":0,"pictos componentes":[{"id":377,"esSugerencia":false},{"id":378,"esSugerencia":false},{"id":302,"esSugerencia":false},{"id":610}]},"fecha":1591056687446},{"frase":"Hola ","frecuencia":12,"complejidad":{"valor":0,"pictos componentes":[{"id":377,"esSugerencia":false}]},"fecha":[1591056696459,1591056712360,1591056713435,1591056713855,1591056714211,1591056714585,1591056714978,1591056715369,1591056715746,1591218002752,1591218003909,1591218006049]},{"frase":"yo quiero buscar ","frecuencia":2,"complejidad":{"valor":0,"pictos componentes":[{"id":643,"esSugerencia":false},{"id":44,"esSugerencia":false},{"id":5,"esSugerencia":false}]},"fecha":[1591217983483,1591217987440]},{"frase":"Hola ¿Cómo estás? metro ","frecuencia":2,"complejidad":{"valor":0,"pictos componentes":[{"id":377,"esSugerencia":false},{"id":378,"esSugerencia":false},{"id":609}]},"fecha":[1591218064295,1591218074007]},{"frase":"Hola ¿Cómo estás? metro calabaza ","frecuencia":1,"complejidad":{"valor":0,"pictos componentes":[{"id":377,"esSugerencia":false},{"id":378,"esSugerencia":false},{"id":609},{"id":399}]},"fecha":1591218091236},{"frase":"Hola Buenas tardes viajar en auto ","frecuencia":7,"complejidad":{"valor":0,"pictos componentes":[{"id":377,"esSugerencia":false},{"id":380,"horario":["MEDIODIA","TARDE"],"esSugerencia":false,"hora":["TARDE"]},{"id":108}]},"fecha":[1591218163147,1591218315741,1591218322055,1591218325144,1591218328082,1596922900323,1596922904028]},{"frase":"Hola Buenas tardes ","frecuencia":1,"complejidad":{"valor":0,"pictos componentes":[{"id":377,"esSugerencia":false},{"id":380,"horario":["MEDIODIA","TARDE"],"esSugerencia":false,"hora":["TARDE"]}]},"fecha":1591218183172},{"frase":"Hola Buenas tardes viajar en auto el rompecabeza ","frecuencia":6,"complejidad":{"valor":0,"pictos componentes":[{"id":377,"esSugerencia":false},{"id":380,"horario":["MEDIODIA","TARDE"],"esSugerencia":false,"hora":["TARDE"]},{"id":108,"esSugerencia":false},{"id":1005}]},"fecha":[1591218258017,1591218263682,1591218269441,1591218278699,1591218307235,1596922911877]},{"frase":"quiero jugar con el juguete ","frecuencia":3,"complejidad":{"valor":0,"pictos componentes":[{"id":44,"esSugerencia":false},{"id":34,"edad":["NINO"],"esSugerencia":false},{"id":761,"esSugerencia":false}]},"fecha":[1591218353659,1591218361409,1591218456305]},{"frase":"quiero jugar con el juguete blanco ","frecuencia":5,"complejidad":{"valor":0,"pictos componentes":[{"id":44,"esSugerencia":false},{"id":34,"edad":["NINO"],"esSugerencia":false},{"id":761,"esSugerencia":false},{"id":736,"esSugerencia":false}]},"fecha":[1591218365951,1591218427041,1591218435831,1591218438218,1591218441642]},{"frase":"quiero jugar con el juguete blanco música ","frecuencia":1,"complejidad":{"valor":0,"pictos componentes":[{"id":44,"esSugerencia":false},{"id":34,"edad":["NINO"],"esSugerencia":false},{"id":761,"esSugerencia":false},{"id":736,"esSugerencia":false},{"id":860}]},"fecha":1591218391622},{"frase":"quiero jugar con el juguete blanco música asno ","frecuencia":1,"complejidad":{"valor":0,"pictos componentes":[{"id":44,"esSugerencia":false},{"id":34,"edad":["NINO"],"esSugerencia":false},{"id":761,"esSugerencia":false},{"id":736,"esSugerencia":false},{"id":860},{"id":288}]},"fecha":1591218414628},{"frase":"quiero jugar con el juguete rosa nadar ","frecuencia":3,"complejidad":{"valor":0,"pictos componentes":[{"id":44,"esSugerencia":false},{"id":34,"edad":["NINO"],"esSugerencia":false},{"id":761,"esSugerencia":false},{"id":747,"esSugerencia":false},{"id":86}]},"fecha":[1591218476619,1591218485564,1591218495211]},{"frase":"quiero buscar ","frecuencia":1,"complejidad":{"valor":0,"pictos componentes":[{"id":44,"esSugerencia":false},{"id":5,"esSugerencia":false}]},"fecha":1591218567193},{"frase":"quiero buscar comida equipo ","frecuencia":1,"complejidad":{"valor":0,"pictos componentes":[{"id":44,"esSugerencia":false},{"id":5,"esSugerencia":false},{"id":1014,"esSugerencia":false},{"id":620}]},"fecha":1591218592948},{"frase":"quiero buscar comida equipo pizarrón heladera ","frecuencia":1,"complejidad":{"valor":0,"pictos componentes":[{"id":44,"esSugerencia":false},{"id":5,"esSugerencia":false},{"id":1014,"esSugerencia":false},{"id":620},{"id":770},{"id":1024}]},"fecha":1591218730741},{"frase":"quiero buscar comida equipo pizarrón heladera metro ","frecuencia":1,"complejidad":{"valor":0,"pictos componentes":[{"id":44,"esSugerencia":false},{"id":5,"esSugerencia":false},{"id":1014,"esSugerencia":false},{"id":620},{"id":770},{"id":1024,"esSugerencia":false},{"id":609}]},"fecha":1591218761859},{"frase":"mamá ¿Cómo estás? ","frecuencia":1,"complejidad":{"valor":0,"pictos componentes":[{"id":628,"esSugerencia":false},{"id":378,"esSugerencia":false}]},"fecha":1594673831399},{"frase":"mamá ¿Cómo estás? metro calabaza pasear ","frecuencia":1,"complejidad":{"valor":0,"pictos componentes":[{"id":628,"esSugerencia":false},{"id":378,"esSugerencia":false},{"id":609,"esSugerencia":false},{"id":399,"esSugerencia":false},{"id":38}]},"fecha":1594673880129},{"frase":"mamá ¿Cómo estás? metro calabaza ","frecuencia":2,"complejidad":{"valor":0,"pictos componentes":[{"id":628,"esSugerencia":false},{"id":378,"esSugerencia":false},{"id":609,"esSugerencia":false},{"id":399,"esSugerencia":false}]},"fecha":[1594673885443,1594673889109]},{"frase":"mamá ¿Cómo estás? metro calabaza plato ","frecuencia":2,"complejidad":{"valor":0,"pictos componentes":[{"id":628,"esSugerencia":false},{"id":378,"esSugerencia":false},{"id":609,"esSugerencia":false},{"id":399,"esSugerencia":false},{"id":599}]},"fecha":[1594673901653,1594673907604]},{"frase":"Hola Buenas tardes viajar en auto el rompecabeza caballo ","frecuencia":4,"complejidad":{"valor":0,"pictos componentes":[{"id":377,"esSugerencia":false},{"id":380,"horario":["MEDIODIA","TARDE"],"esSugerencia":false,"hora":["TARDE"]},{"id":108,"esSugerencia":false},{"id":1005,"esSugerencia":false},{"id":293}]},"fecha":[1596922926928,1596922937420,1596922947187,1596922952263]},{"frase":"Hola Buenas tardes viajar en auto el rompecabeza caballo transportes ","frecuencia":1,"complejidad":{"valor":0,"pictos componentes":[{"id":377,"esSugerencia":false},{"id":380,"horario":["MEDIODIA","TARDE"],"esSugerencia":false,"hora":["TARDE"]},{"id":108,"esSugerencia":false},{"id":1005,"esSugerencia":false},{"id":293},{"id":611}]},"fecha":1596922975809},{"frase":"mamá dame la tablet ","frecuencia":1,"complejidad":{"valor":0,"pictos componentes":[{"id":628,"esSugerencia":false},{"id":14,"esSugerencia":false},{"id":774,"esSugerencia":false}]},"fecha":1597444011970},{"frase":"mamá dame la tablet caballo ","frecuencia":1,"complejidad":{"valor":0,"pictos componentes":[{"id":628,"esSugerencia":false},{"id":14,"esSugerencia":false},{"id":774,"esSugerencia":false},{"id":293}]},"fecha":1597444027289},{"frase":"mamá dame la tablet caballo transportes ","frecuencia":3,"complejidad":{"valor":0,"pictos componentes":[{"id":628,"esSugerencia":false},{"id":14,"esSugerencia":false},{"id":774,"esSugerencia":false},{"id":293},{"id":611,"esSugerencia":false}]},"fecha":[1597444031010,1597444042470,1597444046624]},{"frase":"mamá dame la tablet caballo transportes flan ","frecuencia":1,"complejidad":{"valor":0,"pictos componentes":[{"id":628,"esSugerencia":false},{"id":14,"esSugerencia":false},{"id":774,"esSugerencia":false},{"id":293},{"id":611,"esSugerencia":false},{"id":412}]},"fecha":1597444064575},{"frase":"mamá dame la tablet caballo transportes flan el rompecabeza ","frecuencia":1,"complejidad":{"valor":0,"pictos componentes":[{"id":628,"esSugerencia":false},{"id":14,"esSugerencia":false},{"id":774,"esSugerencia":false},{"id":293},{"id":611,"esSugerencia":false},{"id":412},{"id":1005,"esSugerencia":false}]},"fecha":1597444091641},{"frase":"mamá dame la tablet caballo transportes flan el rompecabeza apagar la televisión vida ","frecuencia":1,"complejidad":{"valor":0,"pictos componentes":[{"id":628,"esSugerencia":false},{"id":14,"esSugerencia":false},{"id":774,"esSugerencia":false},{"id":293},{"id":611,"esSugerencia":false},{"id":412},{"id":1005,"esSugerencia":false},{"id":2},{"id":773,"esSugerencia":false},{"id":730}]},"fecha":1597444164705},{"frase":"Hola Buen día ","frecuencia":1,"complejidad":{"valor":0,"pictos componentes":[{"id":377,"esSugerencia":false},{"id":379,"horario":["MANANA"],"esSugerencia":false,"hora":["MANANA"]}]},"fecha":1597446096014},{"frase":"Hola Buen día aeropuerto ","frecuencia":2,"complejidad":{"valor":0,"pictos componentes":[{"id":377,"esSugerencia":false},{"id":379,"horario":["MANANA"],"esSugerencia":false,"hora":["MANANA"]},{"id":646}]},"fecha":[1597446120599,1597446123953]},{"frase":"Hola Buen día aeropuerto ananá ","frecuencia":1,"complejidad":{"valor":0,"pictos componentes":[{"id":377,"esSugerencia":false},{"id":379,"horario":["MANANA"],"esSugerencia":false,"hora":["MANANA"]},{"id":646},{"id":394}]},"fecha":1597446139006},{"frase":"Hola Buen día aeropuerto ananá coche ","frecuencia":1,"complejidad":{"valor":0,"pictos componentes":[{"id":377,"esSugerencia":false},{"id":379,"horario":["MANANA"],"esSugerencia":false,"hora":["MANANA"]},{"id":646},{"id":394},{"id":608}]},"fecha":1597446162016}]