[{"frase":"Hola ","frecuencia":8,"complejidad":{"valor":0,"pictos componentes":[{"id":377,"esSugerencia":false}]},"fecha":[1590247557733,1590247559655,1590247562948,1590247980144,1590247983382,1590247988935,1590247994377,1590247996506]},{"frase":"Hola ¿Cómo estás? estoy ","frecuencia":2,"complejidad":{"valor":0,"pictos componentes":[{"id":377,"esSugerencia":false},{"id":378,"esSugerencia":false},{"id":22,"esSugerencia":false}]},"fecha":[1590248011995,1590248027459]},{"frase":"Hola tengo hambre ","frecuencia":1,"complejidad":{"valor":0,"pictos componentes":[{"id":377,"esSugerencia":false},{"id":49,"esSugerencia":false},{"id":597,"esSugerencia":false}]},"fecha":1590248085492},{"frase":"quiero comer ","frecuencia":4,"complejidad":{"valor":0,"pictos componentes":[{"id":44,"esSugerencia":false},{"id":118,"esSugerencia":false}]},"fecha":[1590248106658,1590248112397,1590248119167,1590248128387]},{"frase":"mamá dame los juguetes ","frecuencia":2,"complejidad":{"valor":0,"pictos componentes":[{"id":628,"esSugerencia":false},{"id":14,"esSugerencia":false},{"id":989,"esSugerencia":false}]},"fecha":[1590248151520,1590248158662]},{"frase":"mamá dame la tablet ","frecuencia":1,"complejidad":{"valor":0,"pictos componentes":[{"id":628,"esSugerencia":false},{"id":14,"esSugerencia":false},{"id":774,"esSugerencia":false}]},"fecha":1590248170492},{"frase":"mamá tengo hambre ","frecuencia":2,"complejidad":{"valor":0,"pictos componentes":[{"id":628,"esSugerencia":false},{"id":49,"esSugerencia":false},{"id":597,"esSugerencia":false}]},"fecha":[1590248186324,1590248191011]},{"frase":"cepillarme los dientes ","frecuencia":2,"complejidad":{"valor":0,"pictos componentes":[{"id":11}]},"fecha":[1590248834318,1590248838381]},{"frase":"cepillarme los dientes . ¿me ayudas? ","frecuencia":1,"complejidad":{"valor":0,"pictos componentes":[{"id":11},{"id":385,"esSugerencia":false}]},"fecha":1590248878239},{"frase":"esperar ","frecuencia":1,"complejidad":{"valor":0,"pictos componentes":[{"id":23}]},"fecha":1590248953449}]