[{"frase":"Hola papá ","frecuencia":3,"complejidad":{"valor":0,"pictos componentes":[{"id":377,"esSugerencia":false},{"id":632,"esSugerencia":false}]},"fecha":[1586137009459,1586137035040,1586137038913]},{"frase":"Hola papá quiero ","frecuencia":1,"complejidad":{"valor":0,"pictos componentes":[{"id":377,"esSugerencia":false},{"id":632,"esSugerencia":false},{"id":44,"esSugerencia":false}]},"fecha":1586137046450},{"frase":"Hola papá quiero comer verduras ","frecuencia":1,"complejidad":{"valor":0,"pictos componentes":[{"id":377,"esSugerencia":false},{"id":632,"esSugerencia":false},{"id":44,"esSugerencia":false},{"id":118,"esSugerencia":false},{"id":478,"esSugerencia":false}]},"fecha":1586137064962},{"frase":"yo ","frecuencia":2,"complejidad":{"valor":0,"pictos componentes":[{"id":643,"esSugerencia":false}]},"fecha":[1586185529254,1587248636157]},{"frase":"yo despeinada ","frecuencia":2,"complejidad":{"valor":0,"pictos componentes":[{"id":643,"esSugerencia":false},{"id":158}]},"fecha":[1586186725501,1586186726896]},{"frase":"Hola ","frecuencia":32,"complejidad":{"valor":0,"pictos componentes":[{"id":377,"esSugerencia":false}]},"fecha":[1586186957240,1586186958377,1586186959710,1586186960466,1586186961678,1586220468051,1586220470491,1586356435087,1586356606957,1586356730778,1586381333546,1586548660252,1587241043488,1587248658284,1587248661613,1587432892980,1587432900839,1587487414227,1587487423793,1587487425198,1587487433502,1587487439040,1587487444872,1587487451244,1587487452036,1587487453011,1587487456807,1587487463884,1587671166470,1588458719131,1590506404402,1593556605567]},{"frase":"reir ","frecuencia":1,"complejidad":{"valor":0,"pictos componentes":[{"id":94}]},"fecha":1586217951549},{"frase":"reir lila escuchar música la tablet hermana ","frecuencia":1,"complejidad":{"valor":0,"pictos componentes":[{"id":94},{"id":740},{"id":20},{"id":774},{"id":624}]},"fecha":1586218786659},{"frase":"","frecuencia":3,"complejidad":{"valor":0,"pictos componentes":[]},"fecha":[1586219056784,1597450906914,1597453741079]},{"frase":"jugar con la tablet ","frecuencia":1,"complejidad":{"valor":0,"pictos componentes":[{"id":82,"edad":["JOVEN"]}]},"fecha":1586220964432},{"frase":"mamá te quiero ","frecuencia":3,"complejidad":{"valor":0,"pictos componentes":[{"id":1470767083}]},"fecha":[1586313715073,1586313722076,1586401957769]},{"frase":"mamá te quiero papá te quiero ","frecuencia":11,"complejidad":{"valor":0,"pictos componentes":[{"id":1470767083},{"id":1470856780}]},"fecha":[1586313801192,1586313804291,1586313810807,1586313813761,1586313817596,1586313822355,1586313827319,1586313833931,1586313846617,1586313849908,1586401963325]},{"frase":"mamá te quiero papá te quiero papá te quiero ","frecuencia":1,"complejidad":{"valor":0,"pictos componentes":[{"id":1470767083},{"id":1470856780},{"id":1470856780}]},"fecha":1586314156970},{"frase":"quiero jugar con ","frecuencia":2,"complejidad":{"valor":0,"pictos componentes":[{"id":44,"esSugerencia":false},{"id":34,"edad":["NINO"],"esSugerencia":false}]},"fecha":[1586356458257,1586356460389]},{"frase":"quiero jugar con papá ","frecuencia":1,"complejidad":{"valor":0,"pictos componentes":[{"id":44,"esSugerencia":false},{"id":34,"edad":["NINO"],"esSugerencia":false},{"id":632,"esSugerencia":false}]},"fecha":1586356465909},{"frase":"quiero jugar con papá dame ","frecuencia":1,"complejidad":{"valor":0,"pictos componentes":[{"id":44,"esSugerencia":false},{"id":34,"edad":["NINO"],"esSugerencia":false},{"id":632,"esSugerencia":false},{"id":14,"esSugerencia":false}]},"fecha":1586356470602},{"frase":"quiero jugar con papá dame leche y galletas ","frecuencia":1,"complejidad":{"valor":0,"pictos componentes":[{"id":44,"esSugerencia":false},{"id":34,"edad":["NINO"],"esSugerencia":false},{"id":632,"esSugerencia":false},{"id":14,"esSugerencia":false},{"id":427,"esSugerencia":false}]},"fecha":1586356478429},{"frase":"Hola ¿Cómo estás? ","frecuencia":10,"complejidad":{"valor":0,"pictos componentes":[{"id":377,"esSugerencia":false},{"id":378,"esSugerencia":false}]},"fecha":[1586356610167,1586356750398,1586381338346,1586548667370,1587241046646,1587241051187,1587248666766,1587671174966,1588201629057,1593556609408]},{"frase":"Hola ¿Cómo estás? quiero ","frecuencia":2,"complejidad":{"valor":0,"pictos componentes":[{"id":377,"esSugerencia":false},{"id":378,"esSugerencia":false},{"id":44,"esSugerencia":false}]},"fecha":[1586356613145,1586356623647]},{"frase":"Hola ¿Cómo estás? estoy aburrido ","frecuencia":2,"complejidad":{"valor":0,"pictos componentes":[{"id":377,"esSugerencia":false},{"id":378,"esSugerencia":false},{"id":22,"esSugerencia":false},{"id":119,"esSugerencia":false}]},"fecha":[1586356654347,1586356660272]},{"frase":"Hola ¿Cómo estás? estoy aburrido quiero jugar con amigos ","frecuencia":1,"complejidad":{"valor":0,"pictos componentes":[{"id":377,"esSugerencia":false},{"id":378,"esSugerencia":false},{"id":22,"esSugerencia":false},{"id":119,"esSugerencia":false},{"id":44,"esSugerencia":false},{"id":34,"edad":["NINO"],"esSugerencia":false},{"id":615,"esSugerencia":false}]},"fecha":1586356679415},{"frase":"mamá dame la tablet ","frecuencia":1,"complejidad":{"valor":0,"pictos componentes":[{"id":628,"esSugerencia":false},{"id":14,"esSugerencia":false},{"id":774,"esSugerencia":false}]},"fecha":1586356702010},{"frase":"Hola ¿Cómo estás? quiero jugar con papá ","frecuencia":1,"complejidad":{"valor":0,"pictos componentes":[{"id":377,"esSugerencia":false},{"id":378,"esSugerencia":false},{"id":44,"esSugerencia":false},{"id":34,"edad":["NINO"],"esSugerencia":false},{"id":632,"esSugerencia":false}]},"fecha":1586356769615},{"frase":"Hola ¿Cómo estás? quiero jugar con papá estoy bien ","frecuencia":1,"complejidad":{"valor":0,"pictos componentes":[{"id":377,"esSugerencia":false},{"id":378,"esSugerencia":false},{"id":44,"esSugerencia":false},{"id":34,"edad":["NINO"],"esSugerencia":false},{"id":632,"esSugerencia":false},{"id":22,"esSugerencia":false},{"id":133,"esSugerencia":false}]},"fecha":1586356824298},{"frase":"Hola Buenas tardes tengo ","frecuencia":1,"complejidad":{"valor":0,"pictos componentes":[]},"fecha":1586367330321},{"frase":"Hola ¿Cómo estás? estoy ","frecuencia":1,"complejidad":{"valor":0,"pictos componentes":[{"id":377,"esSugerencia":false},{"id":378,"esSugerencia":false},{"id":22,"esSugerencia":false}]},"fecha":1586381343740},{"frase":"Hola ¿Cómo estás? estoy mas o menos ","frecuencia":1,"complejidad":{"valor":0,"pictos componentes":[{"id":377,"esSugerencia":false},{"id":378,"esSugerencia":false},{"id":22,"esSugerencia":false},{"id":204,"esSugerencia":false}]},"fecha":1586381355189},{"frase":"Hola ¿Cómo estás? estoy mas o menos dolor de Garganta ","frecuencia":1,"complejidad":{"valor":0,"pictos componentes":[{"id":377,"esSugerencia":false},{"id":378,"esSugerencia":false},{"id":22,"esSugerencia":false},{"id":204,"esSugerencia":false},{"id":826}]},"fecha":1586381509229},{"frase":"mamá te quiero papá te quiero mamá eres linda ","frecuencia":1,"complejidad":{"valor":0,"pictos componentes":[{"id":1470767083},{"id":1470856780,"esSugerencia":false},{"id":1471022076}]},"fecha":1586401979869},{"frase":"mamá te quiero papá te quiero mamá eres linda mamá te quiero ","frecuencia":2,"complejidad":{"valor":0,"pictos componentes":[{"id":1470767083},{"id":1470856780,"esSugerencia":false},{"id":1471022076},{"id":1470767083}]},"fecha":[1586404398303,1586404404623]},{"frase":"ballena ","frecuencia":1,"complejidad":{"valor":0,"pictos componentes":[{"id":290}]},"fecha":1586486001707},{"frase":"Hola ¿Cómo estás? quiero jugar con la pelota ","frecuencia":3,"complejidad":{"valor":0,"pictos componentes":[{"id":377,"esSugerencia":false},{"id":378,"esSugerencia":false},{"id":44,"esSugerencia":false},{"id":34,"edad":["NINO"],"esSugerencia":false},{"id":996,"esSugerencia":false}]},"fecha":[1586548678833,1588458869529,1593556621394]},{"frase":"Hola ¿Cómo estás? quiero jugar con la pelota violeta ","frecuencia":5,"complejidad":{"valor":0,"pictos componentes":[{"id":377,"esSugerencia":false},{"id":378,"esSugerencia":false},{"id":44,"esSugerencia":false},{"id":34,"edad":["NINO"],"esSugerencia":false},{"id":996,"esSugerencia":false},{"id":748,"esSugerencia":false}]},"fecha":[1586548684538,1586556544938,1593556630791,1593556638170,1593556644105]},{"frase":"Hola Buen día ","frecuencia":1,"complejidad":{"valor":0,"pictos componentes":[]},"fecha":1586719892375},{"frase":"Hola Buen día quiero ","frecuencia":1,"complejidad":{"valor":0,"pictos componentes":[]},"fecha":1586719902989},{"frase":"Hola Buen día quiero jugar con la pelota ","frecuencia":1,"complejidad":{"valor":0,"pictos componentes":[]},"fecha":1586719919614},{"frase":"Hola Buen día quiero jugar con la pelota colores ","frecuencia":2,"complejidad":{"valor":0,"pictos componentes":[]},"fecha":[1586719935910,1586719947980]},{"frase":"yo quiero ","frecuencia":1,"complejidad":{"valor":0,"pictos componentes":[{"id":643,"esSugerencia":false},{"id":44,"esSugerencia":false}]},"fecha":1586809876166},{"frase":"yo quiero mamá eres linda ","frecuencia":2,"complejidad":{"valor":0,"pictos componentes":[{"id":643,"esSugerencia":false},{"id":44,"esSugerencia":false},{"id":1471022076}]},"fecha":[1586809949391,1586809953773]},{"frase":"Hola ¿Cómo estás? estoy bien ","frecuencia":2,"complejidad":{"valor":0,"pictos componentes":[{"id":377,"esSugerencia":false},{"id":378,"esSugerencia":false},{"id":22,"esSugerencia":false},{"id":133,"esSugerencia":false}]},"fecha":[1587241059034,1587241063477]},{"frase":"Hola ¿Cómo estás? estoy bien quiero ir al patio ","frecuencia":1,"complejidad":{"valor":0,"pictos componentes":[{"id":377,"esSugerencia":false},{"id":378,"esSugerencia":false},{"id":22,"esSugerencia":false},{"id":133,"esSugerencia":false},{"id":1967428984}]},"fecha":1587241101295},{"frase":"Hola ¿Cómo estás? estoy quiero jugar con mi pelota ","frecuencia":1,"complejidad":{"valor":0,"pictos componentes":[{"id":377,"esSugerencia":false},{"id":378,"esSugerencia":false},{"id":22,"esSugerencia":false},{"id":1967638824}]},"fecha":1587248735376},{"frase":"mamá ","frecuencia":2,"complejidad":{"valor":0,"pictos componentes":[{"id":628,"esSugerencia":false}]},"fecha":[1587248767156,1587584716685]},{"frase":"mamá ¿Cómo estás? quiero comer carne ","frecuencia":1,"complejidad":{"valor":0,"pictos componentes":[{"id":628,"esSugerencia":false},{"id":378,"esSugerencia":false},{"id":44,"esSugerencia":false},{"id":118,"esSugerencia":false},{"id":482,"esSugerencia":false}]},"fecha":1587248800467},{"frase":"hola yu ","frecuencia":1,"complejidad":{"valor":0,"pictos componentes":[{"id":1875559357}]},"fecha":1587325583771},{"frase":"hola yu quiero jugar con mi pelota ","frecuencia":2,"complejidad":{"valor":0,"pictos componentes":[{"id":1875559357},{"id":1967638824}]},"fecha":[1587325644633,1587325650450]},{"frase":"Hola mamá te quiero ","frecuencia":2,"complejidad":{"valor":0,"pictos componentes":[{"id":377,"esSugerencia":false},{"id":1470767083}]},"fecha":[1587433090401,1587433093990]},{"frase":"cambiar escuchar música dame el cuento ","frecuencia":1,"complejidad":{"valor":0,"pictos componentes":[{"id":7},{"id":20},{"id":14,"esSugerencia":false},{"id":986,"esSugerencia":false}]},"fecha":1587433572017},{"frase":"mamá ¿Cómo estás? ","frecuencia":1,"complejidad":{"valor":0,"pictos componentes":[{"id":628,"esSugerencia":false},{"id":378,"esSugerencia":false}]},"fecha":1587584723310},{"frase":"mamá ¿Cómo estás? quiero ir a un supermercado ","frecuencia":2,"complejidad":{"valor":0,"pictos componentes":[{"id":628,"esSugerencia":false},{"id":378,"esSugerencia":false},{"id":44,"esSugerencia":false},{"id":30,"esSugerencia":false},{"id":688,"esSugerencia":false}]},"fecha":[1587584740709,1587584746932]},{"frase":"mamá ¿Cómo estás? quiero ir a un supermercado apenado Francisco Javier ","frecuencia":1,"complejidad":{"valor":0,"pictos componentes":[{"id":628,"esSugerencia":false},{"id":378,"esSugerencia":false},{"id":44,"esSugerencia":false},{"id":30,"esSugerencia":false},{"id":688,"esSugerencia":false},{"id":125},{"id":-1552694621}]},"fecha":1587585420264},{"frase":"hola estefi ","frecuencia":1,"complejidad":{"valor":0,"pictos componentes":[{"id":-1278386574}]},"fecha":1587859542581},{"frase":"Hola ¿Cómo estás? estoy bien quiero salir ","frecuencia":1,"complejidad":{"valor":0,"pictos componentes":[{"id":377,"esSugerencia":false},{"id":378,"esSugerencia":false},{"id":22,"esSugerencia":false},{"id":133,"esSugerencia":false},{"id":-936147418}]},"fecha":1588201779473},{"frase":"Hola ¿Cómo estás? tengo verguenza ","frecuencia":1,"complejidad":{"valor":0,"pictos componentes":[{"id":377,"esSugerencia":false},{"id":378,"esSugerencia":false},{"id":49,"esSugerencia":false},{"id":729,"esSugerencia":false}]},"fecha":1588458729296},{"frase":"Francisco Javier ","frecuencia":1,"complejidad":{"valor":0,"pictos componentes":[{"id":-1552694621}]},"fecha":1588458826234},{"frase":"Hola ¿Cómo estás? quiero jugar con la pelota dame leche y galletas ","frecuencia":1,"complejidad":{"valor":0,"pictos componentes":[{"id":377,"esSugerencia":false},{"id":378,"esSugerencia":false},{"id":44,"esSugerencia":false},{"id":34,"edad":["NINO"],"esSugerencia":false},{"id":996,"esSugerencia":false},{"id":14,"esSugerencia":false},{"id":427,"esSugerencia":false}]},"fecha":1588458926559},{"frase":"yo quiero ir a casa ","frecuencia":3,"complejidad":{"valor":0,"pictos componentes":[{"id":643,"esSugerencia":false},{"id":44,"esSugerencia":false},{"id":30,"esSugerencia":false},{"id":653,"esSugerencia":false}]},"fecha":[1588458950424,1588458965735,1588458998420]},{"frase":"Hola Buenas tardes estoy aburrido quiero ir a un supermercado ","frecuencia":1,"complejidad":{"valor":0,"pictos componentes":[{"id":377,"esSugerencia":false},{"id":380,"horario":["MEDIODIA","TARDE"],"esSugerencia":false,"hora":["TARDE"]},{"id":22,"esSugerencia":false},{"id":119,"esSugerencia":false},{"id":44,"esSugerencia":false},{"id":30,"esSugerencia":false},{"id":688,"esSugerencia":false}]},"fecha":1592776606848},{"frase":"Hola ¿Cómo estás? quiero jugar con la pelota Francisco Javier ","frecuencia":2,"complejidad":{"valor":0,"pictos componentes":[{"id":377,"esSugerencia":false},{"id":378,"esSugerencia":false},{"id":44,"esSugerencia":false},{"id":34,"edad":["NINO"],"esSugerencia":false},{"id":996,"esSugerencia":false},{"id":-1552694621}]},"fecha":[1593556682617,1593556687502]},{"frase":"mamá tengo mamá eres linda mamá te quiero ","frecuencia":2,"complejidad":{"valor":0,"pictos componentes":[{"id":628,"esSugerencia":false},{"id":49,"esSugerencia":false},{"id":1471022076},{"id":1470767083,"esSugerencia":false}]},"fecha":[1593556726020,1593556730420]},{"frase":"mamá tengo mamá eres linda mamá te quiero me gusta estar con mi hermana cata ","frecuencia":1,"complejidad":{"valor":0,"pictos componentes":[{"id":628,"esSugerencia":false},{"id":49,"esSugerencia":false},{"id":1471022076},{"id":1470767083,"esSugerencia":false},{"id":1471142276}]},"fecha":1593556783043},{"frase":"mamá tengo mamá eres linda mamá te quiero me gusta estar con mi hermana cata mamá eres linda mamá te quiero ","frecuencia":1,"complejidad":{"valor":0,"pictos componentes":[{"id":628,"esSugerencia":false},{"id":49,"esSugerencia":false},{"id":1471022076},{"id":1470767083,"esSugerencia":false},{"id":1471142276},{"id":1471022076},{"id":1470767083,"esSugerencia":false}]},"fecha":1593556889141},{"frase":"mamá tengo mamá eres linda mamá te quiero me gusta estar con mi hermana cata mamá eres linda mamá te quiero me gusta estar con mi hermana cata ","frecuencia":4,"complejidad":{"valor":0,"pictos componentes":[{"id":628,"esSugerencia":false},{"id":49,"esSugerencia":false},{"id":1471022076},{"id":1470767083,"esSugerencia":false},{"id":1471142276},{"id":1471022076},{"id":1470767083,"esSugerencia":false},{"id":1471142276,"esSugerencia":false}]},"fecha":[1593556903209,1593556922666,1593556981953,1593556996072]}]