[{"frase":"Hola Buenas tardes estoy aburrido ","frecuencia":2,"complejidad":{"valor":0,"pictos componentes":[{"id":377,"esSugerencia":false},{"id":380,"horario":["MEDIODIA","TARDE"],"esSugerencia":false},{"id":22,"esSugerencia":false},{"id":119,"esSugerencia":false}]},"fecha":[1558373927675,1558373939308]},{"frase":"Hola Buenas tardes estoy aburrido quiero jugar con la tablet ","frecuencia":4,"complejidad":{"valor":0,"pictos componentes":[{"id":377,"esSugerencia":false},{"id":380,"horario":["MEDIODIA","TARDE"],"esSugerencia":false},{"id":22,"esSugerencia":false},{"id":119,"esSugerencia":false},{"id":44,"esSugerencia":false},{"id":82,"edad":["JOVEN"],"esSugerencia":true}]},"fecha":[1558374018605,1558374310070,1558374382063,1558374401933]},{"frase":"Hola Buenas tardes estoy aburrido quiero jugar con la tablet la tablet ","frecuencia":1,"complejidad":{"valor":0,"pictos componentes":[{"id":377,"esSugerencia":false},{"id":380,"horario":["MEDIODIA","TARDE"],"esSugerencia":false},{"id":22,"esSugerencia":false},{"id":119,"esSugerencia":false},{"id":44,"esSugerencia":false},{"id":82,"edad":["JOVEN"],"esSugerencia":false},{"id":774,"esSugerencia":true}]},"fecha":1558374322064},{"frase":"Hola ","frecuencia":12,"complejidad":{"valor":0,"pictos componentes":[{"id":377,"esSugerencia":false}]},"fecha":[1558374525584,1558374530425,1558391746720,1558394764980,1558832808449,1558832816280,1559172093355,1559250405648,1559350980436,1560730871213,1575685993181,1575686556131]},{"frase":"Hola Buenas tardes uña ","frecuencia":1,"complejidad":{"valor":0,"pictos componentes":[{"id":377,"esSugerencia":false},{"id":380,"horario":["MEDIODIA","TARDE"],"esSugerencia":false},{"id":809}]},"fecha":1558375553522},{"frase":"Hola Buenas tardes ","frecuencia":2,"complejidad":{"valor":0,"pictos componentes":[{"id":377,"esSugerencia":false},{"id":380,"horario":["MEDIODIA","TARDE"],"esSugerencia":false}]},"fecha":[1558375564660,1559350986489]},{"frase":"quiero hacer pis higiene personal grillo agenda ","frecuencia":1,"complejidad":{"valor":0,"pictos componentes":[{"id":44,"esSugerencia":false},{"id":29,"esSugerencia":false},{"id":708,"esSugerencia":true},{"id":314,"esSugerencia":true},{"id":751,"esSugerencia":true}]},"fecha":1558375808431},{"frase":"Hola Buenas noches ","frecuencia":2,"complejidad":{"valor":0,"pictos componentes":[{"id":377,"esSugerencia":false},{"id":381,"horario":["NOCHE"],"esSugerencia":false}]},"fecha":[1558391768407,1558391777323]},{"frase":"Hola Buenas noches cantar ","frecuencia":1,"complejidad":{"valor":0,"pictos componentes":[{"id":377,"esSugerencia":false},{"id":381,"horario":["NOCHE"],"esSugerencia":false},{"id":6,"esSugerencia":true}]},"fecha":1558391793278},{"frase":"Hola Buenas noches cantar la bateria asustado ","frecuencia":1,"complejidad":{"valor":0,"pictos componentes":[{"id":377,"esSugerencia":false},{"id":381,"horario":["NOCHE"],"esSugerencia":false},{"id":6,"esSugerencia":true},{"id":849,"esSugerencia":true},{"id":121,"esSugerencia":true}]},"fecha":1558391804760},{"frase":"Hola Buenas noches cantar la bateria asustado aburrido ","frecuencia":1,"complejidad":{"valor":0,"pictos componentes":[{"id":377,"esSugerencia":false},{"id":381,"horario":["NOCHE"],"esSugerencia":false},{"id":6,"esSugerencia":true},{"id":849,"esSugerencia":true},{"id":121,"esSugerencia":true},{"id":119,"esSugerencia":true}]},"fecha":1558391813051},{"frase":"Hola Buenas noches cantar la bateria asustado aburrido salir del agua ","frecuencia":1,"complejidad":{"valor":0,"pictos componentes":[{"id":377,"esSugerencia":false},{"id":381,"horario":["NOCHE"],"esSugerencia":false},{"id":6,"esSugerencia":true},{"id":849,"esSugerencia":true},{"id":121,"esSugerencia":true},{"id":119,"esSugerencia":true},{"id":99,"esSugerencia":true}]},"fecha":1558391828013},{"frase":"Hola Buenas noches cantar la bateria asustado aburrido salir del agua bikini ","frecuencia":2,"complejidad":{"valor":0,"pictos componentes":[{"id":377,"esSugerencia":false},{"id":381,"horario":["NOCHE"],"esSugerencia":false},{"id":6,"esSugerencia":true},{"id":849,"esSugerencia":true},{"id":121,"esSugerencia":true},{"id":119,"esSugerencia":true},{"id":99,"esSugerencia":true},{"id":928,"esSugerencia":true}]},"fecha":[1558391859454,1558391872211]},{"frase":"Hola Buenas noches cantar la bateria asustado aburrido salir del agua bikini bikini flan galleta galleta ","frecuencia":1,"complejidad":{"valor":0,"pictos componentes":[{"id":377,"esSugerencia":false},{"id":381,"horario":["NOCHE"],"esSugerencia":false},{"id":6,"esSugerencia":true},{"id":849,"esSugerencia":true},{"id":121,"esSugerencia":true},{"id":119,"esSugerencia":true},{"id":99,"esSugerencia":true},{"id":928,"esSugerencia":true},{"id":928,"esSugerencia":true},{"id":412,"esSugerencia":true},{"id":415,"esSugerencia":true},{"id":415,"esSugerencia":true}]},"fecha":1558391887870},{"frase":"Hola Buenas noches cantar la bateria asustado aburrido salir del agua bikini bikini flan galleta galleta camisa caballo animales caballo ","frecuencia":2,"complejidad":{"valor":0,"pictos componentes":[{"id":377,"esSugerencia":false},{"id":381,"horario":["NOCHE"],"esSugerencia":false},{"id":6,"esSugerencia":true},{"id":849,"esSugerencia":true},{"id":121,"esSugerencia":true},{"id":119,"esSugerencia":true},{"id":99,"esSugerencia":true},{"id":928,"esSugerencia":true},{"id":928,"esSugerencia":true},{"id":412,"esSugerencia":true},{"id":415,"esSugerencia":true},{"id":415,"esSugerencia":true},{"id":939,"esSugerencia":true},{"id":293,"esSugerencia":true},{"id":286,"esSugerencia":true},{"id":293,"esSugerencia":true}]},"fecha":[1558391914717,1558391926244]},{"frase":"Hola Buenas noches cantar la bateria asustado aburrido salir del agua bikini bikini flan galleta galleta camisa caballo animales caballo lindo muslo de pollo ","frecuencia":1,"complejidad":{"valor":0,"pictos componentes":[{"id":377,"esSugerencia":false},{"id":381,"horario":["NOCHE"],"esSugerencia":false},{"id":6,"esSugerencia":true},{"id":849,"esSugerencia":true},{"id":121,"esSugerencia":true},{"id":119,"esSugerencia":true},{"id":99,"esSugerencia":true},{"id":928,"esSugerencia":true},{"id":928,"esSugerencia":true},{"id":412,"esSugerencia":true},{"id":415,"esSugerencia":true},{"id":415,"esSugerencia":true},{"id":939,"esSugerencia":true},{"id":293,"esSugerencia":true},{"id":286,"esSugerencia":true},{"id":293,"esSugerencia":true},{"id":200,"esSugerencia":true},{"id":505,"esSugerencia":true}]},"fecha":1558391965497},{"frase":"Hola Buenas noches cantar la bateria asustado aburrido salir del agua bikini bikini flan galleta galleta camisa caballo animales caballo lindo muslo de pollo pantalon azul ","frecuencia":1,"complejidad":{"valor":0,"pictos componentes":[{"id":377,"esSugerencia":false},{"id":381,"horario":["NOCHE"],"esSugerencia":false},{"id":6,"esSugerencia":true},{"id":849,"esSugerencia":true},{"id":121,"esSugerencia":true},{"id":119,"esSugerencia":true},{"id":99,"esSugerencia":true},{"id":928,"esSugerencia":true},{"id":928,"esSugerencia":true},{"id":412,"esSugerencia":true},{"id":415,"esSugerencia":true},{"id":415,"esSugerencia":true},{"id":939,"esSugerencia":true},{"id":293,"esSugerencia":true},{"id":286,"esSugerencia":true},{"id":293,"esSugerencia":true},{"id":200,"esSugerencia":true},{"id":505,"esSugerencia":true},{"id":960,"esSugerencia":true},{"id":734,"esSugerencia":true}]},"fecha":1558391992692},{"frase":"Hola Buenas noches cantar la bateria asustado aburrido salir del agua bikini bikini flan galleta galleta camisa caballo animales caballo lindo muslo de pollo pantalon azul jugar con la pelota ","frecuencia":3,"complejidad":{"valor":0,"pictos componentes":[{"id":377,"esSugerencia":false},{"id":381,"horario":["NOCHE"],"esSugerencia":false},{"id":6,"esSugerencia":true},{"id":849,"esSugerencia":true},{"id":121,"esSugerencia":true},{"id":119,"esSugerencia":true},{"id":99,"esSugerencia":true},{"id":928,"esSugerencia":true},{"id":928,"esSugerencia":true},{"id":412,"esSugerencia":true},{"id":415,"esSugerencia":true},{"id":415,"esSugerencia":true},{"id":939,"esSugerencia":true},{"id":293,"esSugerencia":true},{"id":286,"esSugerencia":true},{"id":293,"esSugerencia":true},{"id":200,"esSugerencia":true},{"id":505,"esSugerencia":true},{"id":960,"esSugerencia":true},{"id":734,"esSugerencia":true},{"id":34,"edad":["NINO"],"esSugerencia":false},{"id":996,"esSugerencia":false}]},"fecha":[1558392136927,1558392166133,1558392187250]},{"frase":"Hola Buenas noches cantar la bateria asustado aburrido salir del agua bikini bikini flan galleta galleta camisa caballo animales caballo lindo muslo de pollo pantalon azul jugar con el rompecabeza molesto ","frecuencia":1,"complejidad":{"valor":0,"pictos componentes":[{"id":377,"esSugerencia":false},{"id":381,"horario":["NOCHE"],"esSugerencia":false},{"id":6,"esSugerencia":true},{"id":849,"esSugerencia":true},{"id":121,"esSugerencia":true},{"id":119,"esSugerencia":true},{"id":99,"esSugerencia":true},{"id":928,"esSugerencia":true},{"id":928,"esSugerencia":true},{"id":412,"esSugerencia":true},{"id":415,"esSugerencia":true},{"id":415,"esSugerencia":true},{"id":939,"esSugerencia":true},{"id":293,"esSugerencia":true},{"id":286,"esSugerencia":true},{"id":293,"esSugerencia":true},{"id":200,"esSugerencia":true},{"id":505,"esSugerencia":true},{"id":960,"esSugerencia":true},{"id":734,"esSugerencia":true},{"id":34,"edad":["NINO"],"esSugerencia":false},{"id":1005,"esSugerencia":false},{"id":207,"esSugerencia":true}]},"fecha":1558392288047},{"frase":"Hola Buenas noches cantar la bateria asustado aburrido salir del agua bikini bikini flan galleta galleta camisa caballo animales caballo lindo muslo de pollo pantalon azul jugar con el rompecabeza molesto DVD la guitarra vaca ternera hombro hombro ","frecuencia":1,"complejidad":{"valor":0,"pictos componentes":[{"id":377,"esSugerencia":false},{"id":381,"horario":["NOCHE"],"esSugerencia":false},{"id":6,"esSugerencia":true},{"id":849,"esSugerencia":true},{"id":121,"esSugerencia":true},{"id":119,"esSugerencia":true},{"id":99,"esSugerencia":true},{"id":928,"esSugerencia":true},{"id":928,"esSugerencia":true},{"id":412,"esSugerencia":true},{"id":415,"esSugerencia":true},{"id":415,"esSugerencia":true},{"id":939,"esSugerencia":true},{"id":293,"esSugerencia":true},{"id":286,"esSugerencia":true},{"id":293,"esSugerencia":true},{"id":200,"esSugerencia":true},{"id":505,"esSugerencia":true},{"id":960,"esSugerencia":true},{"id":734,"esSugerencia":true},{"id":34,"edad":["NINO"],"esSugerencia":false},{"id":1005,"esSugerencia":false},{"id":207,"esSugerencia":true},{"id":569,"esSugerencia":true},{"id":855,"esSugerencia":true},{"id":357,"esSugerencia":true},{"id":353,"esSugerencia":true},{"id":784,"esSugerencia":true},{"id":784,"esSugerencia":true}]},"fecha":1558392326947},{"frase":"Hola Buenas noches cantar la bateria asustado aburrido salir del agua bikini bikini flan galleta galleta camisa caballo animales caballo lindo muslo de pollo pantalon azul jugar con el rompecabeza molesto carne carne ","frecuencia":1,"complejidad":{"valor":0,"pictos componentes":[{"id":377,"esSugerencia":false},{"id":381,"horario":["NOCHE"],"esSugerencia":false},{"id":6,"esSugerencia":true},{"id":849,"esSugerencia":true},{"id":121,"esSugerencia":true},{"id":119,"esSugerencia":true},{"id":99,"esSugerencia":true},{"id":928,"esSugerencia":true},{"id":928,"esSugerencia":true},{"id":412,"esSugerencia":true},{"id":415,"esSugerencia":true},{"id":415,"esSugerencia":true},{"id":939,"esSugerencia":true},{"id":293,"esSugerencia":true},{"id":286,"esSugerencia":true},{"id":293,"esSugerencia":true},{"id":200,"esSugerencia":true},{"id":505,"esSugerencia":true},{"id":960,"esSugerencia":true},{"id":734,"esSugerencia":true},{"id":34,"edad":["NINO"],"esSugerencia":false},{"id":1005,"esSugerencia":false},{"id":207,"esSugerencia":true},{"id":482},{"id":482,"esSugerencia":true}]},"fecha":1558392467301},{"frase":"Hola Buenas noches cantar la bateria asustado aburrido salir del agua bikini bikini flan galleta galleta camisa caballo animales caballo lindo muslo de pollo pantalon azul jugar con el rompecabeza molesto carne ","frecuencia":1,"complejidad":{"valor":0,"pictos componentes":[{"id":377,"esSugerencia":false},{"id":381,"horario":["NOCHE"],"esSugerencia":false},{"id":6,"esSugerencia":true},{"id":849,"esSugerencia":true},{"id":121,"esSugerencia":true},{"id":119,"esSugerencia":true},{"id":99,"esSugerencia":true},{"id":928,"esSugerencia":true},{"id":928,"esSugerencia":true},{"id":412,"esSugerencia":true},{"id":415,"esSugerencia":true},{"id":415,"esSugerencia":true},{"id":939,"esSugerencia":true},{"id":293,"esSugerencia":true},{"id":286,"esSugerencia":true},{"id":293,"esSugerencia":true},{"id":200,"esSugerencia":true},{"id":505,"esSugerencia":true},{"id":960,"esSugerencia":true},{"id":734,"esSugerencia":true},{"id":34,"edad":["NINO"],"esSugerencia":false},{"id":1005,"esSugerencia":false},{"id":207,"esSugerencia":true},{"id":482}]},"fecha":1558392600166},{"frase":"Hola Buenas noches cantar la bateria asustado aburrido salir del agua bikini bikini flan galleta galleta camisa caballo animales caballo lindo muslo de pollo pantalon azul jugar con el rompecabeza molesto carne ciruela ¿Qué color es? colores ","frecuencia":1,"complejidad":{"valor":0,"pictos componentes":[{"id":377,"esSugerencia":false},{"id":381,"horario":["NOCHE"],"esSugerencia":false},{"id":6,"esSugerencia":true},{"id":849,"esSugerencia":true},{"id":121,"esSugerencia":true},{"id":119,"esSugerencia":true},{"id":99,"esSugerencia":true},{"id":928,"esSugerencia":true},{"id":928,"esSugerencia":true},{"id":412,"esSugerencia":true},{"id":415,"esSugerencia":true},{"id":415,"esSugerencia":true},{"id":939,"esSugerencia":true},{"id":293,"esSugerencia":true},{"id":286,"esSugerencia":true},{"id":293,"esSugerencia":true},{"id":200,"esSugerencia":true},{"id":505,"esSugerencia":true},{"id":960,"esSugerencia":true},{"id":734,"esSugerencia":true},{"id":34,"edad":["NINO"],"esSugerencia":false},{"id":1005,"esSugerencia":false},{"id":207,"esSugerencia":true},{"id":482},{"id":407},{"id":745,"esSugerencia":true},{"id":737,"esSugerencia":true}]},"fecha":1558392769738},{"frase":"Hola Buenas noches cantar la bateria asustado aburrido salir del agua bikini bikini flan galleta galleta camisa caballo animales caballo lindo muslo de pollo pantalon azul jugar con el rompecabeza molesto carne ciruela ¿Qué color es? colores los instrumentos musicales aprender a nada borracho la discoteca cuarto de baño ","frecuencia":1,"complejidad":{"valor":0,"pictos componentes":[{"id":377,"esSugerencia":false},{"id":381,"horario":["NOCHE"],"esSugerencia":false},{"id":6,"esSugerencia":true},{"id":849,"esSugerencia":true},{"id":121,"esSugerencia":true},{"id":119,"esSugerencia":true},{"id":99,"esSugerencia":true},{"id":928,"esSugerencia":true},{"id":928,"esSugerencia":true},{"id":412,"esSugerencia":true},{"id":415,"esSugerencia":true},{"id":415,"esSugerencia":true},{"id":939,"esSugerencia":true},{"id":293,"esSugerencia":true},{"id":286,"esSugerencia":true},{"id":293,"esSugerencia":true},{"id":200,"esSugerencia":true},{"id":505,"esSugerencia":true},{"id":960,"esSugerencia":true},{"id":734,"esSugerencia":true},{"id":34,"edad":["NINO"],"esSugerencia":false},{"id":1005,"esSugerencia":false},{"id":207,"esSugerencia":true},{"id":482},{"id":407},{"id":745,"esSugerencia":true},{"id":737,"esSugerencia":true},{"id":857,"esSugerencia":true},{"id":59,"esSugerencia":true},{"id":134},{"id":661,"esSugerencia":true},{"id":660,"esSugerencia":true}]},"fecha":1558392893920},{"frase":"Hola Buenas noches cantar la bateria asustado aburrido salir del agua bikini bikini flan galleta galleta camisa caballo animales caballo lindo muslo de pollo pantalon azul jugar con el rompecabeza molesto carne ciruela ¿Qué color es? colores los instrumentos musicales aprender a nada borracho la discoteca cuarto de baño huevo frito ","frecuencia":2,"complejidad":{"valor":0,"pictos componentes":[{"id":377,"esSugerencia":false},{"id":381,"horario":["NOCHE"],"esSugerencia":false},{"id":6,"esSugerencia":true},{"id":849,"esSugerencia":true},{"id":121,"esSugerencia":true},{"id":119,"esSugerencia":true},{"id":99,"esSugerencia":true},{"id":928,"esSugerencia":true},{"id":928,"esSugerencia":true},{"id":412,"esSugerencia":true},{"id":415,"esSugerencia":true},{"id":415,"esSugerencia":true},{"id":939,"esSugerencia":true},{"id":293,"esSugerencia":true},{"id":286,"esSugerencia":true},{"id":293,"esSugerencia":true},{"id":200,"esSugerencia":true},{"id":505,"esSugerencia":true},{"id":960,"esSugerencia":true},{"id":734,"esSugerencia":true},{"id":34,"edad":["NINO"],"esSugerencia":false},{"id":1005,"esSugerencia":false},{"id":207,"esSugerencia":true},{"id":482},{"id":407},{"id":745,"esSugerencia":true},{"id":737,"esSugerencia":true},{"id":857,"esSugerencia":true},{"id":59,"esSugerencia":true},{"id":134},{"id":661,"esSugerencia":true},{"id":660,"esSugerencia":true},{"id":421}]},"fecha":[1558393140744,1558393173027]},{"frase":"Hola Buenas noches cantar la bateria asustado aburrido salir del agua bikini bikini flan galleta galleta camisa caballo animales caballo lindo muslo de pollo pantalon azul jugar con el rompecabeza molesto carne ciruela ¿Qué color es? colores los instrumentos musicales aprender a nada borracho la discoteca cuarto de baño huevo frito salchichas lata de atún ","frecuencia":1,"complejidad":{"valor":0,"pictos componentes":[{"id":377,"esSugerencia":false},{"id":381,"horario":["NOCHE"],"esSugerencia":false},{"id":6,"esSugerencia":true},{"id":849,"esSugerencia":true},{"id":121,"esSugerencia":true},{"id":119,"esSugerencia":true},{"id":99,"esSugerencia":true},{"id":928,"esSugerencia":true},{"id":928,"esSugerencia":true},{"id":412,"esSugerencia":true},{"id":415,"esSugerencia":true},{"id":415,"esSugerencia":true},{"id":939,"esSugerencia":true},{"id":293,"esSugerencia":true},{"id":286,"esSugerencia":true},{"id":293,"esSugerencia":true},{"id":200,"esSugerencia":true},{"id":505,"esSugerencia":true},{"id":960,"esSugerencia":true},{"id":734,"esSugerencia":true},{"id":34,"edad":["NINO"],"esSugerencia":false},{"id":1005,"esSugerencia":false},{"id":207,"esSugerencia":true},{"id":482},{"id":407},{"id":745,"esSugerencia":true},{"id":737,"esSugerencia":true},{"id":857,"esSugerencia":true},{"id":59,"esSugerencia":true},{"id":134},{"id":661,"esSugerencia":true},{"id":660,"esSugerencia":true},{"id":421},{"id":524},{"id":424,"esSugerencia":true}]},"fecha":1558393257306},{"frase":"Hola Buenas noches cantar la bateria asustado aburrido salir del agua bikini bikini flan galleta galleta camisa caballo animales caballo lindo muslo de pollo pantalon azul jugar con el rompecabeza molesto carne ciruela ¿Qué color es? colores los instrumentos musicales aprender a nada borracho la discoteca cuarto de baño huevo frito salchichas lata de atún prohibición ","frecuencia":1,"complejidad":{"valor":0,"pictos componentes":[{"id":377,"esSugerencia":false},{"id":381,"horario":["NOCHE"],"esSugerencia":false},{"id":6,"esSugerencia":true},{"id":849,"esSugerencia":true},{"id":121,"esSugerencia":true},{"id":119,"esSugerencia":true},{"id":99,"esSugerencia":true},{"id":928,"esSugerencia":true},{"id":928,"esSugerencia":true},{"id":412,"esSugerencia":true},{"id":415,"esSugerencia":true},{"id":415,"esSugerencia":true},{"id":939,"esSugerencia":true},{"id":293,"esSugerencia":true},{"id":286,"esSugerencia":true},{"id":293,"esSugerencia":true},{"id":200,"esSugerencia":true},{"id":505,"esSugerencia":true},{"id":960,"esSugerencia":true},{"id":734,"esSugerencia":true},{"id":34,"edad":["NINO"],"esSugerencia":false},{"id":1005,"esSugerencia":false},{"id":207,"esSugerencia":true},{"id":482},{"id":407},{"id":745,"esSugerencia":true},{"id":737,"esSugerencia":true},{"id":857,"esSugerencia":true},{"id":59,"esSugerencia":true},{"id":134},{"id":661,"esSugerencia":true},{"id":660,"esSugerencia":true},{"id":421},{"id":524},{"id":424,"esSugerencia":true},{"id":716}]},"fecha":1558393315488},{"frase":"Hola Buenas noches cantar la bateria asustado aburrido salir del agua bikini bikini flan galleta galleta camisa caballo animales caballo lindo muslo de pollo pantalon azul jugar con el rompecabeza molesto carne ciruela ¿Qué color es? colores los instrumentos musicales aprender a nada borracho la discoteca cuarto de baño huevo frito salchichas lata de atún prohibición pagar en efectivo ","frecuencia":1,"complejidad":{"valor":0,"pictos componentes":[{"id":377,"esSugerencia":false},{"id":381,"horario":["NOCHE"],"esSugerencia":false},{"id":6,"esSugerencia":true},{"id":849,"esSugerencia":true},{"id":121,"esSugerencia":true},{"id":119,"esSugerencia":true},{"id":99,"esSugerencia":true},{"id":928,"esSugerencia":true},{"id":928,"esSugerencia":true},{"id":412,"esSugerencia":true},{"id":415,"esSugerencia":true},{"id":415,"esSugerencia":true},{"id":939,"esSugerencia":true},{"id":293,"esSugerencia":true},{"id":286,"esSugerencia":true},{"id":293,"esSugerencia":true},{"id":200,"esSugerencia":true},{"id":505,"esSugerencia":true},{"id":960,"esSugerencia":true},{"id":734,"esSugerencia":true},{"id":34,"edad":["NINO"],"esSugerencia":false},{"id":1005,"esSugerencia":false},{"id":207,"esSugerencia":true},{"id":482},{"id":407},{"id":745,"esSugerencia":true},{"id":737,"esSugerencia":true},{"id":857,"esSugerencia":true},{"id":59,"esSugerencia":true},{"id":134},{"id":661,"esSugerencia":true},{"id":660,"esSugerencia":true},{"id":421},{"id":524},{"id":424,"esSugerencia":true},{"id":716},{"id":36}]},"fecha":1558393433447},{"frase":"Hola Buenas noches cantar la bateria asustado aburrido salir del agua bikini bikini flan galleta galleta camisa caballo animales caballo lindo muslo de pollo pantalon azul jugar con el rompecabeza molesto carne ciruela ¿Qué color es? colores los instrumentos musicales aprender a nada borracho la discoteca cuarto de baño huevo frito salchichas lata de atún prohibición pagar en efectivo amasar ","frecuencia":1,"complejidad":{"valor":0,"pictos componentes":[{"id":377,"esSugerencia":false},{"id":381,"horario":["NOCHE"],"esSugerencia":false},{"id":6,"esSugerencia":true},{"id":849,"esSugerencia":true},{"id":121,"esSugerencia":true},{"id":119,"esSugerencia":true},{"id":99,"esSugerencia":true},{"id":928,"esSugerencia":true},{"id":928,"esSugerencia":true},{"id":412,"esSugerencia":true},{"id":415,"esSugerencia":true},{"id":415,"esSugerencia":true},{"id":939,"esSugerencia":true},{"id":293,"esSugerencia":true},{"id":286,"esSugerencia":true},{"id":293,"esSugerencia":true},{"id":200,"esSugerencia":true},{"id":505,"esSugerencia":true},{"id":960,"esSugerencia":true},{"id":734,"esSugerencia":true},{"id":34,"edad":["NINO"],"esSugerencia":false},{"id":1005,"esSugerencia":false},{"id":207,"esSugerencia":true},{"id":482},{"id":407},{"id":745,"esSugerencia":true},{"id":737,"esSugerencia":true},{"id":857,"esSugerencia":true},{"id":59,"esSugerencia":true},{"id":134},{"id":661,"esSugerencia":true},{"id":660,"esSugerencia":true},{"id":421},{"id":524},{"id":424,"esSugerencia":true},{"id":716},{"id":36},{"id":58}]},"fecha":1558393545626},{"frase":"Hola Buenas noches cantar la bateria asustado aburrido salir del agua bikini bikini flan galleta galleta camisa caballo animales caballo lindo muslo de pollo pantalon azul jugar con el rompecabeza molesto carne ciruela ¿Qué color es? colores los instrumentos musicales aprender a nada borracho la discoteca cuarto de baño huevo frito salchichas lata de atún prohibición pagar en efectivo amasar mucho cambiarme la ropa ","frecuencia":1,"complejidad":{"valor":0,"pictos componentes":[{"id":377,"esSugerencia":false},{"id":381,"horario":["NOCHE"],"esSugerencia":false},{"id":6,"esSugerencia":true},{"id":849,"esSugerencia":true},{"id":121,"esSugerencia":true},{"id":119,"esSugerencia":true},{"id":99,"esSugerencia":true},{"id":928,"esSugerencia":true},{"id":928,"esSugerencia":true},{"id":412,"esSugerencia":true},{"id":415,"esSugerencia":true},{"id":415,"esSugerencia":true},{"id":939,"esSugerencia":true},{"id":293,"esSugerencia":true},{"id":286,"esSugerencia":true},{"id":293,"esSugerencia":true},{"id":200,"esSugerencia":true},{"id":505,"esSugerencia":true},{"id":960,"esSugerencia":true},{"id":734,"esSugerencia":true},{"id":34,"edad":["NINO"],"esSugerencia":false},{"id":1005,"esSugerencia":false},{"id":207,"esSugerencia":true},{"id":482},{"id":407},{"id":745,"esSugerencia":true},{"id":737,"esSugerencia":true},{"id":857,"esSugerencia":true},{"id":59,"esSugerencia":true},{"id":134},{"id":661,"esSugerencia":true},{"id":660,"esSugerencia":true},{"id":421},{"id":524},{"id":424,"esSugerencia":true},{"id":716},{"id":36},{"id":58},{"id":213},{"id":10,"esSugerencia":true}]},"fecha":1558393662578},{"frase":"Hola Buenas noches cantar la bateria asustado aburrido salir del agua bikini bikini flan galleta galleta camisa caballo animales caballo lindo muslo de pollo pantalon azul jugar con el rompecabeza molesto carne ciruela ¿Qué color es? colores los instrumentos musicales aprender a nada borracho la discoteca cuarto de baño huevo frito salchichas lata de atún prohibición pagar en efectivo amasar mucho cambiarme la ropa guapo ","frecuencia":1,"complejidad":{"valor":0,"pictos componentes":[{"id":377,"esSugerencia":false},{"id":381,"horario":["NOCHE"],"esSugerencia":false},{"id":6,"esSugerencia":true},{"id":849,"esSugerencia":true},{"id":121,"esSugerencia":true},{"id":119,"esSugerencia":true},{"id":99,"esSugerencia":true},{"id":928,"esSugerencia":true},{"id":928,"esSugerencia":true},{"id":412,"esSugerencia":true},{"id":415,"esSugerencia":true},{"id":415,"esSugerencia":true},{"id":939,"esSugerencia":true},{"id":293,"esSugerencia":true},{"id":286,"esSugerencia":true},{"id":293,"esSugerencia":true},{"id":200,"esSugerencia":true},{"id":505,"esSugerencia":true},{"id":960,"esSugerencia":true},{"id":734,"esSugerencia":true},{"id":34,"edad":["NINO"],"esSugerencia":false},{"id":1005,"esSugerencia":false},{"id":207,"esSugerencia":true},{"id":482},{"id":407},{"id":745,"esSugerencia":true},{"id":737,"esSugerencia":true},{"id":857,"esSugerencia":true},{"id":59,"esSugerencia":true},{"id":134},{"id":661,"esSugerencia":true},{"id":660,"esSugerencia":true},{"id":421},{"id":524},{"id":424,"esSugerencia":true},{"id":716},{"id":36},{"id":58},{"id":213},{"id":10,"esSugerencia":true},{"id":186}]},"fecha":1558393767393},{"frase":"Hola Buenas noches cantar la bateria asustado aburrido salir del agua bikini bikini flan galleta galleta camisa caballo animales caballo lindo muslo de pollo pantalon azul jugar con el rompecabeza molesto carne ciruela ¿Qué color es? colores los instrumentos musicales aprender a nada borracho la discoteca cuarto de baño huevo frito salchichas lata de atún prohibición pagar en efectivo amasar mucho cambiarme la ropa guapo lengua ","frecuencia":1,"complejidad":{"valor":0,"pictos componentes":[{"id":377,"esSugerencia":false},{"id":381,"horario":["NOCHE"],"esSugerencia":false},{"id":6,"esSugerencia":true},{"id":849,"esSugerencia":true},{"id":121,"esSugerencia":true},{"id":119,"esSugerencia":true},{"id":99,"esSugerencia":true},{"id":928,"esSugerencia":true},{"id":928,"esSugerencia":true},{"id":412,"esSugerencia":true},{"id":415,"esSugerencia":true},{"id":415,"esSugerencia":true},{"id":939,"esSugerencia":true},{"id":293,"esSugerencia":true},{"id":286,"esSugerencia":true},{"id":293,"esSugerencia":true},{"id":200,"esSugerencia":true},{"id":505,"esSugerencia":true},{"id":960,"esSugerencia":true},{"id":734,"esSugerencia":true},{"id":34,"edad":["NINO"],"esSugerencia":false},{"id":1005,"esSugerencia":false},{"id":207,"esSugerencia":true},{"id":482},{"id":407},{"id":745,"esSugerencia":true},{"id":737,"esSugerencia":true},{"id":857,"esSugerencia":true},{"id":59,"esSugerencia":true},{"id":134},{"id":661,"esSugerencia":true},{"id":660,"esSugerencia":true},{"id":421},{"id":524},{"id":424,"esSugerencia":true},{"id":716},{"id":36},{"id":58},{"id":213},{"id":10,"esSugerencia":true},{"id":186},{"id":785}]},"fecha":1558393856742},{"frase":"Hola Buenas noches cantar la bateria asustado aburrido salir del agua bikini bikini flan galleta galleta camisa caballo animales caballo lindo muslo de pollo pantalon azul jugar con el rompecabeza molesto carne ciruela ¿Qué color es? colores los instrumentos musicales aprender a nada borracho la discoteca cuarto de baño huevo frito salchichas lata de atún prohibición pagar en efectivo amasar mucho cambiarme la ropa guapo lengua billetera el rompecabeza ","frecuencia":1,"complejidad":{"valor":0,"pictos componentes":[{"id":377,"esSugerencia":false},{"id":381,"horario":["NOCHE"],"esSugerencia":false},{"id":6,"esSugerencia":true},{"id":849,"esSugerencia":true},{"id":121,"esSugerencia":true},{"id":119,"esSugerencia":true},{"id":99,"esSugerencia":true},{"id":928,"esSugerencia":true},{"id":928,"esSugerencia":true},{"id":412,"esSugerencia":true},{"id":415,"esSugerencia":true},{"id":415,"esSugerencia":true},{"id":939,"esSugerencia":true},{"id":293,"esSugerencia":true},{"id":286,"esSugerencia":true},{"id":293,"esSugerencia":true},{"id":200,"esSugerencia":true},{"id":505,"esSugerencia":true},{"id":960,"esSugerencia":true},{"id":734,"esSugerencia":true},{"id":34,"edad":["NINO"],"esSugerencia":false},{"id":1005,"esSugerencia":false},{"id":207,"esSugerencia":true},{"id":482},{"id":407},{"id":745,"esSugerencia":true},{"id":737,"esSugerencia":true},{"id":857,"esSugerencia":true},{"id":59,"esSugerencia":true},{"id":134},{"id":661,"esSugerencia":true},{"id":660,"esSugerencia":true},{"id":421},{"id":524},{"id":424,"esSugerencia":true},{"id":716},{"id":36},{"id":58},{"id":213},{"id":10,"esSugerencia":true},{"id":186},{"id":785},{"id":752},{"id":1005,"esSugerencia":true}]},"fecha":1558393932500},{"frase":"Hola Buenas noches cantar la bateria asustado aburrido salir del agua bikini bikini flan galleta galleta camisa caballo animales caballo lindo muslo de pollo pantalon azul jugar con el rompecabeza molesto carne ciruela ¿Qué color es? colores los instrumentos musicales aprender a nada borracho la discoteca cuarto de baño huevo frito salchichas lata de atún prohibición pagar en efectivo amasar mucho cambiarme la ropa guapo lengua billetera el rompecabeza lindo ","frecuencia":1,"complejidad":{"valor":0,"pictos componentes":[{"id":377,"esSugerencia":false},{"id":381,"horario":["NOCHE"],"esSugerencia":false},{"id":6,"esSugerencia":true},{"id":849,"esSugerencia":true},{"id":121,"esSugerencia":true},{"id":119,"esSugerencia":true},{"id":99,"esSugerencia":true},{"id":928,"esSugerencia":true},{"id":928,"esSugerencia":true},{"id":412,"esSugerencia":true},{"id":415,"esSugerencia":true},{"id":415,"esSugerencia":true},{"id":939,"esSugerencia":true},{"id":293,"esSugerencia":true},{"id":286,"esSugerencia":true},{"id":293,"esSugerencia":true},{"id":200,"esSugerencia":true},{"id":505,"esSugerencia":true},{"id":960,"esSugerencia":true},{"id":734,"esSugerencia":true},{"id":34,"edad":["NINO"],"esSugerencia":false},{"id":1005,"esSugerencia":false},{"id":207,"esSugerencia":true},{"id":482},{"id":407},{"id":745,"esSugerencia":true},{"id":737,"esSugerencia":true},{"id":857,"esSugerencia":true},{"id":59,"esSugerencia":true},{"id":134},{"id":661,"esSugerencia":true},{"id":660,"esSugerencia":true},{"id":421},{"id":524},{"id":424,"esSugerencia":true},{"id":716},{"id":36},{"id":58},{"id":213},{"id":10,"esSugerencia":true},{"id":186},{"id":785},{"id":752},{"id":1005,"esSugerencia":true},{"id":200,"esSugerencia":true}]},"fecha":1558394024448},{"frase":"Hola Buenas noches cantar la bateria asustado aburrido salir del agua bikini bikini flan galleta galleta camisa caballo animales caballo lindo muslo de pollo pantalon azul jugar con el rompecabeza molesto carne ciruela ¿Qué color es? colores los instrumentos musicales aprender a nada borracho la discoteca cuarto de baño huevo frito salchichas lata de atún prohibición pagar en efectivo amasar mucho cambiarme la ropa guapo lengua billetera el rompecabeza lindo la radio ","frecuencia":2,"complejidad":{"valor":0,"pictos componentes":[{"id":377,"esSugerencia":false},{"id":381,"horario":["NOCHE"],"esSugerencia":false},{"id":6,"esSugerencia":true},{"id":849,"esSugerencia":true},{"id":121,"esSugerencia":true},{"id":119,"esSugerencia":true},{"id":99,"esSugerencia":true},{"id":928,"esSugerencia":true},{"id":928,"esSugerencia":true},{"id":412,"esSugerencia":true},{"id":415,"esSugerencia":true},{"id":415,"esSugerencia":true},{"id":939,"esSugerencia":true},{"id":293,"esSugerencia":true},{"id":286,"esSugerencia":true},{"id":293,"esSugerencia":true},{"id":200,"esSugerencia":true},{"id":505,"esSugerencia":true},{"id":960,"esSugerencia":true},{"id":734,"esSugerencia":true},{"id":34,"edad":["NINO"],"esSugerencia":false},{"id":1005,"esSugerencia":false},{"id":207,"esSugerencia":true},{"id":482},{"id":407},{"id":745,"esSugerencia":true},{"id":737,"esSugerencia":true},{"id":857,"esSugerencia":true},{"id":59,"esSugerencia":true},{"id":134},{"id":661,"esSugerencia":true},{"id":660,"esSugerencia":true},{"id":421},{"id":524},{"id":424,"esSugerencia":true},{"id":716},{"id":36},{"id":58},{"id":213},{"id":10,"esSugerencia":true},{"id":186},{"id":785},{"id":752},{"id":1005,"esSugerencia":true},{"id":200,"esSugerencia":true},{"id":1019}]},"fecha":[1558394148999,1558394277986]},{"frase":"Hola Buenas noches cantar la bateria asustado aburrido salir del agua bikini bikini flan galleta galleta camisa caballo animales caballo lindo muslo de pollo pantalon azul jugar con el rompecabeza molesto carne ciruela ¿Qué color es? colores los instrumentos musicales aprender a nada borracho la discoteca cuarto de baño huevo frito salchichas lata de atún prohibición pagar en efectivo amasar mucho cambiarme la ropa guapo lengua billetera el rompecabeza lindo la radio carne ciruela ","frecuencia":1,"complejidad":{"valor":0,"pictos componentes":[{"id":377,"esSugerencia":false},{"id":381,"horario":["NOCHE"],"esSugerencia":false},{"id":6,"esSugerencia":true},{"id":849,"esSugerencia":true},{"id":121,"esSugerencia":true},{"id":119,"esSugerencia":true},{"id":99,"esSugerencia":true},{"id":928,"esSugerencia":true},{"id":928,"esSugerencia":true},{"id":412,"esSugerencia":true},{"id":415,"esSugerencia":true},{"id":415,"esSugerencia":true},{"id":939,"esSugerencia":true},{"id":293,"esSugerencia":true},{"id":286,"esSugerencia":true},{"id":293,"esSugerencia":true},{"id":200,"esSugerencia":true},{"id":505,"esSugerencia":true},{"id":960,"esSugerencia":true},{"id":734,"esSugerencia":true},{"id":34,"edad":["NINO"],"esSugerencia":false},{"id":1005,"esSugerencia":false},{"id":207,"esSugerencia":true},{"id":482},{"id":407},{"id":745,"esSugerencia":true},{"id":737,"esSugerencia":true},{"id":857,"esSugerencia":true},{"id":59,"esSugerencia":true},{"id":134},{"id":661,"esSugerencia":true},{"id":660,"esSugerencia":true},{"id":421},{"id":524},{"id":424,"esSugerencia":true},{"id":716},{"id":36},{"id":58},{"id":213},{"id":10,"esSugerencia":true},{"id":186},{"id":785},{"id":752},{"id":1005,"esSugerencia":true},{"id":200,"esSugerencia":true},{"id":1019},{"id":482,"esSugerencia":true},{"id":407,"esSugerencia":false}]},"fecha":1558394462337},{"frase":"Hola Buenas noches cantar la bateria asustado aburrido salir del agua bikini bikini flan galleta galleta camisa caballo animales caballo lindo muslo de pollo pantalon azul jugar con el rompecabeza molesto carne ciruela ¿Qué color es? colores los instrumentos musicales aprender a nada borracho la discoteca cuarto de baño huevo frito salchichas lata de atún prohibición pagar en efectivo amasar mucho cambiarme la ropa guapo lengua billetera el rompecabeza lindo la radio carne ciruela estofado comprar la pistola de agua uno cero ","frecuencia":1,"complejidad":{"valor":0,"pictos componentes":[{"id":377,"esSugerencia":false},{"id":381,"horario":["NOCHE"],"esSugerencia":false},{"id":6,"esSugerencia":true},{"id":849,"esSugerencia":true},{"id":121,"esSugerencia":true},{"id":119,"esSugerencia":true},{"id":99,"esSugerencia":true},{"id":928,"esSugerencia":true},{"id":928,"esSugerencia":true},{"id":412,"esSugerencia":true},{"id":415,"esSugerencia":true},{"id":415,"esSugerencia":true},{"id":939,"esSugerencia":true},{"id":293,"esSugerencia":true},{"id":286,"esSugerencia":true},{"id":293,"esSugerencia":true},{"id":200,"esSugerencia":true},{"id":505,"esSugerencia":true},{"id":960,"esSugerencia":true},{"id":734,"esSugerencia":true},{"id":34,"edad":["NINO"],"esSugerencia":false},{"id":1005,"esSugerencia":false},{"id":207,"esSugerencia":true},{"id":482},{"id":407},{"id":745,"esSugerencia":true},{"id":737,"esSugerencia":true},{"id":857,"esSugerencia":true},{"id":59,"esSugerencia":true},{"id":134},{"id":661,"esSugerencia":true},{"id":660,"esSugerencia":true},{"id":421},{"id":524},{"id":424,"esSugerencia":true},{"id":716},{"id":36},{"id":58},{"id":213},{"id":10,"esSugerencia":true},{"id":186},{"id":785},{"id":752},{"id":1005,"esSugerencia":true},{"id":200,"esSugerencia":true},{"id":1019},{"id":482,"esSugerencia":true},{"id":407,"esSugerencia":false},{"id":411},{"id":13,"esSugerencia":true},{"id":1004,"esSugerencia":true},{"id":836,"esSugerencia":true},{"id":846,"esSugerencia":true}]},"fecha":1558394537409},{"frase":"Hola Buenas noches cantar la bateria asustado aburrido salir del agua bikini bikini flan galleta galleta camisa caballo animales caballo lindo muslo de pollo pantalon azul jugar con el rompecabeza molesto carne ciruela ¿Qué color es? colores los instrumentos musicales aprender a nada borracho la discoteca cuarto de baño huevo frito salchichas lata de atún prohibición pagar en efectivo amasar mucho cambiarme la ropa guapo lengua billetera el rompecabeza lindo la radio carne ciruela estofado comprar la pistola de agua uno cero cero uno uno siete ocho siete los instrumentos musicales plurales la guitarra la guitarra la guitarra eléctrica la guitarra viejo bacteria secreto flan ","frecuencia":2,"complejidad":{"valor":0,"pictos componentes":[{"id":377,"esSugerencia":false},{"id":381,"horario":["NOCHE"],"esSugerencia":false},{"id":6,"esSugerencia":true},{"id":849,"esSugerencia":true},{"id":121,"esSugerencia":true},{"id":119,"esSugerencia":true},{"id":99,"esSugerencia":true},{"id":928,"esSugerencia":true},{"id":928,"esSugerencia":true},{"id":412,"esSugerencia":true},{"id":415,"esSugerencia":true},{"id":415,"esSugerencia":true},{"id":939,"esSugerencia":true},{"id":293,"esSugerencia":true},{"id":286,"esSugerencia":true},{"id":293,"esSugerencia":true},{"id":200,"esSugerencia":true},{"id":505,"esSugerencia":true},{"id":960,"esSugerencia":true},{"id":734,"esSugerencia":true},{"id":34,"edad":["NINO"],"esSugerencia":false},{"id":1005,"esSugerencia":false},{"id":207,"esSugerencia":true},{"id":482},{"id":407},{"id":745,"esSugerencia":true},{"id":737,"esSugerencia":true},{"id":857,"esSugerencia":true},{"id":59,"esSugerencia":true},{"id":134},{"id":661,"esSugerencia":true},{"id":660,"esSugerencia":true},{"id":421},{"id":524},{"id":424,"esSugerencia":true},{"id":716},{"id":36},{"id":58},{"id":213},{"id":10,"esSugerencia":true},{"id":186},{"id":785},{"id":752},{"id":1005,"esSugerencia":true},{"id":200,"esSugerencia":true},{"id":1019},{"id":482,"esSugerencia":true},{"id":407,"esSugerencia":false},{"id":411},{"id":13,"esSugerencia":true},{"id":1004,"esSugerencia":true},{"id":836,"esSugerencia":true},{"id":846,"esSugerencia":true},{"id":846,"esSugerencia":true},{"id":836,"esSugerencia":true},{"id":836,"esSugerencia":true},{"id":842,"esSugerencia":true},{"id":843,"esSugerencia":true},{"id":842,"esSugerencia":true},{"id":857,"esSugerencia":true},{"id":714,"esSugerencia":true},{"id":855,"esSugerencia":true},{"id":855,"esSugerencia":true},{"id":856,"esSugerencia":true},{"id":855,"esSugerencia":true},{"id":281,"esSugerencia":true},{"id":289,"esSugerencia":true},{"id":719},{"id":412,"esSugerencia":true}]},"fecha":[1558394643891,1558394699816]},{"frase":"Hola Buen día ","frecuencia":8,"complejidad":{"valor":0,"pictos componentes":[{"id":377,"esSugerencia":false},{"id":379,"horario":["MANANA"],"esSugerencia":false}]},"fecha":[1558394770975,1558394773987,1558394776449,1559172102062,1559172106097,1559172124374,1560730878193,1575686566152]},{"frase":"Hola Buen día ir a ","frecuencia":2,"complejidad":{"valor":0,"pictos componentes":[{"id":377,"esSugerencia":false},{"id":379,"horario":["MANANA"],"esSugerencia":false},{"id":30,"esSugerencia":true}]},"fecha":[1558394784058,1575686573775]},{"frase":"Hola Buen día ir a un supermercado ","frecuencia":1,"complejidad":{"valor":0,"pictos componentes":[{"id":377,"esSugerencia":false},{"id":379,"horario":["MANANA"],"esSugerencia":false},{"id":30,"esSugerencia":true},{"id":688,"esSugerencia":false}]},"fecha":1558394788740},{"frase":"Hola Buen día ir a un supermercado búho ","frecuencia":1,"complejidad":{"valor":0,"pictos componentes":[{"id":377,"esSugerencia":false},{"id":379,"horario":["MANANA"],"esSugerencia":false},{"id":30,"esSugerencia":true},{"id":688,"esSugerencia":false},{"id":291,"esSugerencia":true}]},"fecha":1558394795771},{"frase":"Hola Buen día ir a un supermercado búho ballena gato ","frecuencia":1,"complejidad":{"valor":0,"pictos componentes":[{"id":377,"esSugerencia":false},{"id":379,"horario":["MANANA"],"esSugerencia":false},{"id":30,"esSugerencia":true},{"id":688,"esSugerencia":false},{"id":291,"esSugerencia":true},{"id":290,"esSugerencia":true},{"id":313,"esSugerencia":true}]},"fecha":1558394808972},{"frase":"Hola Buen día ir a un supermercado búho ballena gato paloma perro lavarme las manos ","frecuencia":1,"complejidad":{"valor":0,"pictos componentes":[{"id":377,"esSugerencia":false},{"id":379,"horario":["MANANA"],"esSugerencia":false},{"id":30,"esSugerencia":true},{"id":688,"esSugerencia":false},{"id":291,"esSugerencia":true},{"id":290,"esSugerencia":true},{"id":313,"esSugerencia":true},{"id":335,"esSugerencia":true},{"id":342,"esSugerencia":true},{"id":31,"esSugerencia":true}]},"fecha":1558394823671},{"frase":"Hola Buen día ir a un supermercado búho ballena gato paloma perro lavarme las manos secar cambiarme la ropa guapo ","frecuencia":1,"complejidad":{"valor":0,"pictos componentes":[{"id":377,"esSugerencia":false},{"id":379,"horario":["MANANA"],"esSugerencia":false},{"id":30,"esSugerencia":true},{"id":688,"esSugerencia":false},{"id":291,"esSugerencia":true},{"id":290,"esSugerencia":true},{"id":313,"esSugerencia":true},{"id":335,"esSugerencia":true},{"id":342,"esSugerencia":true},{"id":31,"esSugerencia":true},{"id":100,"esSugerencia":true},{"id":10,"esSugerencia":true},{"id":186,"esSugerencia":false}]},"fecha":1558394839161},{"frase":"Hola vino tocino ","frecuencia":1,"complejidad":{"valor":0,"pictos componentes":[{"id":377,"esSugerencia":false},{"id":503,"edad":["ADULTO"]},{"id":523,"esSugerencia":true}]},"fecha":1558395055504},{"frase":"Hola vino tocino langosta de mar ","frecuencia":1,"complejidad":{"valor":0,"pictos componentes":[{"id":377,"esSugerencia":false},{"id":503,"edad":["ADULTO"]},{"id":523,"esSugerencia":true},{"id":365,"esSugerencia":true}]},"fecha":1558395060878},{"frase":"Hola vino tocino langosta de mar mejillón ","frecuencia":1,"complejidad":{"valor":0,"pictos componentes":[{"id":377,"esSugerencia":false},{"id":503,"edad":["ADULTO"]},{"id":523,"esSugerencia":true},{"id":365,"esSugerencia":true},{"id":372,"esSugerencia":true}]},"fecha":1558395068441},{"frase":"Hola vino tocino langosta de mar mejillón pochoclos ","frecuencia":1,"complejidad":{"valor":0,"pictos componentes":[{"id":377,"esSugerencia":false},{"id":503,"edad":["ADULTO"]},{"id":523,"esSugerencia":true},{"id":365,"esSugerencia":true},{"id":372,"esSugerencia":true},{"id":565,"esSugerencia":true}]},"fecha":1558395081471},{"frase":"Hola vino tocino langosta de mar mejillón pochoclos el ajedrez ","frecuencia":1,"complejidad":{"valor":0,"pictos componentes":[{"id":377,"esSugerencia":false},{"id":503,"edad":["ADULTO"]},{"id":523,"esSugerencia":true},{"id":365,"esSugerencia":true},{"id":372,"esSugerencia":true},{"id":565,"esSugerencia":true},{"id":975,"esSugerencia":true}]},"fecha":1558395096709},{"frase":"Hola vino tocino langosta de mar mejillón pochoclos el ajedrez la armónica ","frecuencia":1,"complejidad":{"valor":0,"pictos componentes":[{"id":377,"esSugerencia":false},{"id":503,"edad":["ADULTO"]},{"id":523,"esSugerencia":true},{"id":365,"esSugerencia":true},{"id":372,"esSugerencia":true},{"id":565,"esSugerencia":true},{"id":975,"esSugerencia":true},{"id":848,"esSugerencia":true}]},"fecha":1558395107885},{"frase":"Hola vino tocino langosta de mar mejillón pochoclos el ajedrez la armónica los globos ","frecuencia":1,"complejidad":{"valor":0,"pictos componentes":[{"id":377,"esSugerencia":false},{"id":503,"edad":["ADULTO"]},{"id":523,"esSugerencia":true},{"id":365,"esSugerencia":true},{"id":372,"esSugerencia":true},{"id":565,"esSugerencia":true},{"id":975,"esSugerencia":true},{"id":848,"esSugerencia":true},{"id":987,"esSugerencia":true}]},"fecha":1558395119197},{"frase":"Hola vino tocino langosta de mar mejillón pochoclos el ajedrez la armónica los globos zapato ","frecuencia":1,"complejidad":{"valor":0,"pictos componentes":[{"id":377,"esSugerencia":false},{"id":503,"edad":["ADULTO"]},{"id":523,"esSugerencia":true},{"id":365,"esSugerencia":true},{"id":372,"esSugerencia":true},{"id":565,"esSugerencia":true},{"id":975,"esSugerencia":true},{"id":848,"esSugerencia":true},{"id":987,"esSugerencia":true},{"id":973,"esSugerencia":true}]},"fecha":1558395131001},{"frase":"Hola vino tocino langosta de mar mejillón pochoclos el ajedrez la armónica los globos zapato zapatilla deportiva camiseta manga larga ","frecuencia":1,"complejidad":{"valor":0,"pictos componentes":[{"id":377,"esSugerencia":false},{"id":503,"edad":["ADULTO"]},{"id":523,"esSugerencia":true},{"id":365,"esSugerencia":true},{"id":372,"esSugerencia":true},{"id":565,"esSugerencia":true},{"id":975,"esSugerencia":true},{"id":848,"esSugerencia":true},{"id":987,"esSugerencia":true},{"id":973,"esSugerencia":true},{"id":974,"esSugerencia":true},{"id":940,"esSugerencia":true}]},"fecha":1558395147615},{"frase":"Hola vino tocino langosta de mar mejillón pochoclos el ajedrez la armónica los globos zapato zapatilla deportiva camiseta manga larga abeja damasco ","frecuencia":1,"complejidad":{"valor":0,"pictos componentes":[{"id":377,"esSugerencia":false},{"id":503,"edad":["ADULTO"]},{"id":523,"esSugerencia":true},{"id":365,"esSugerencia":true},{"id":372,"esSugerencia":true},{"id":565,"esSugerencia":true},{"id":975,"esSugerencia":true},{"id":848,"esSugerencia":true},{"id":987,"esSugerencia":true},{"id":973,"esSugerencia":true},{"id":974,"esSugerencia":true},{"id":940,"esSugerencia":true},{"id":283,"esSugerencia":true},{"id":408,"esSugerencia":true}]},"fecha":1558395165912},{"frase":"Hola vino tocino langosta de mar mejillón pochoclos el ajedrez la armónica los globos zapato zapatilla deportiva camiseta manga larga abeja damasco chimpancé ","frecuencia":1,"complejidad":{"valor":0,"pictos componentes":[{"id":377,"esSugerencia":false},{"id":503,"edad":["ADULTO"]},{"id":523,"esSugerencia":true},{"id":365,"esSugerencia":true},{"id":372,"esSugerencia":true},{"id":565,"esSugerencia":true},{"id":975,"esSugerencia":true},{"id":848,"esSugerencia":true},{"id":987,"esSugerencia":true},{"id":973,"esSugerencia":true},{"id":974,"esSugerencia":true},{"id":940,"esSugerencia":true},{"id":283,"esSugerencia":true},{"id":408,"esSugerencia":true},{"id":302,"esSugerencia":true}]},"fecha":1558395217644},{"frase":"yo ","frecuencia":2,"complejidad":{"valor":0,"pictos componentes":[{"id":643,"esSugerencia":false}]},"fecha":[1558395260833,1579074128558]},{"frase":"yo estoy aburrido ","frecuencia":1,"complejidad":{"valor":0,"pictos componentes":[{"id":643,"esSugerencia":false},{"id":22,"esSugerencia":false},{"id":119,"esSugerencia":false}]},"fecha":1558395271722},{"frase":"yo estoy aburrido salir del agua ","frecuencia":1,"complejidad":{"valor":0,"pictos componentes":[{"id":643,"esSugerencia":false},{"id":22,"esSugerencia":false},{"id":119,"esSugerencia":false},{"id":99,"esSugerencia":false}]},"fecha":1558395279438},{"frase":"yo estoy aburrido salir del agua respirar bajo el agua ","frecuencia":1,"complejidad":{"valor":0,"pictos componentes":[{"id":643,"esSugerencia":false},{"id":22,"esSugerencia":false},{"id":119,"esSugerencia":false},{"id":99,"esSugerencia":false},{"id":96,"esSugerencia":true}]},"fecha":1558395285222},{"frase":"yo estoy aburrido salir del agua respirar bajo el agua sentarme en el borde babero ","frecuencia":1,"complejidad":{"valor":0,"pictos componentes":[{"id":643,"esSugerencia":false},{"id":22,"esSugerencia":false},{"id":119,"esSugerencia":false},{"id":99,"esSugerencia":false},{"id":96,"esSugerencia":true},{"id":102,"esSugerencia":true},{"id":926,"esSugerencia":true}]},"fecha":1558395299721},{"frase":"Hola Buen día ir a comer ","frecuencia":2,"complejidad":{"valor":0,"pictos componentes":[{"id":377,"esSugerencia":false},{"id":379,"horario":["MANANA"],"esSugerencia":false},{"id":30,"esSugerencia":false},{"id":118,"esSugerencia":false}]},"fecha":[1559172138053,1575686582634]},{"frase":"Hola Buen día ir a comer hamburguesa ","frecuencia":4,"complejidad":{"valor":0,"pictos componentes":[{"id":377,"esSugerencia":false},{"id":379,"horario":["MANANA"],"esSugerencia":false},{"id":30,"esSugerencia":false},{"id":118,"esSugerencia":false},{"id":515,"esSugerencia":false}]},"fecha":[1559172145214,1575686588947,1575686596923,1575686609635]},{"frase":"Hola Buen día ir a comer hamburguesa y ","frecuencia":2,"complejidad":{"valor":0,"pictos componentes":[{"id":377,"esSugerencia":false},{"id":379,"horario":["MANANA"],"esSugerencia":false},{"id":30,"esSugerencia":false},{"id":118,"esSugerencia":false},{"id":515,"esSugerencia":false},{"id":923,"esSugerencia":true}]},"fecha":[1559172155239,1559172161523]},{"frase":"Hola Buen día ir a comer hamburguesa y estofado ","frecuencia":1,"complejidad":{"valor":0,"pictos componentes":[{"id":377,"esSugerencia":false},{"id":379,"horario":["MANANA"],"esSugerencia":false},{"id":30,"esSugerencia":false},{"id":118,"esSugerencia":false},{"id":515,"esSugerencia":false},{"id":923,"esSugerencia":true},{"id":411,"esSugerencia":true}]},"fecha":1559172316162},{"frase":"Hola ¿Cómo estás? ","frecuencia":4,"complejidad":{"valor":0,"pictos componentes":[{"id":377,"esSugerencia":false},{"id":378,"esSugerencia":false}]},"fecha":[1559250422210,1571876991099,1575686005705,1575686205295]},{"frase":"Hola ¿Cómo estás? en la ","frecuencia":2,"complejidad":{"valor":0,"pictos componentes":[{"id":377,"esSugerencia":false},{"id":378,"esSugerencia":false},{"id":533,"esSugerencia":true},{"id":900,"esSugerencia":true}]},"fecha":[1559250435320,1559250438579]},{"frase":"Hola ¿Cómo estás? en la la pelota ","frecuencia":1,"complejidad":{"valor":0,"pictos componentes":[{"id":377,"esSugerencia":false},{"id":378,"esSugerencia":false},{"id":533,"esSugerencia":true},{"id":900,"esSugerencia":true},{"id":996,"esSugerencia":true}]},"fecha":1559250443564},{"frase":"Hola ¿Cómo estás? en la la pelota blanco asustado asustado descripción encender ","frecuencia":1,"complejidad":{"valor":0,"pictos componentes":[{"id":377,"esSugerencia":false},{"id":378,"esSugerencia":false},{"id":533,"esSugerencia":true},{"id":900,"esSugerencia":true},{"id":996,"esSugerencia":true},{"id":736,"esSugerencia":false},{"id":121,"esSugerencia":true},{"id":121,"esSugerencia":true},{"id":707,"esSugerencia":true},{"id":17,"esSugerencia":true}]},"fecha":1559250476714},{"frase":"Hola ¿Cómo estás? en la la pelota blanco asustado asustado descripción encender noticias el barrilete ","frecuencia":1,"complejidad":{"valor":0,"pictos componentes":[{"id":377,"esSugerencia":false},{"id":378,"esSugerencia":false},{"id":533,"esSugerencia":true},{"id":900,"esSugerencia":true},{"id":996,"esSugerencia":true},{"id":736,"esSugerencia":false},{"id":121,"esSugerencia":true},{"id":121,"esSugerencia":true},{"id":707,"esSugerencia":true},{"id":17,"esSugerencia":true},{"id":572,"esSugerencia":true},{"id":976,"esSugerencia":true}]},"fecha":1559250494364},{"frase":"Hola ¿Cómo estás? en la la pelota blanco asustado asustado descripción encender noticias el barrilete cambiarme el pañal súcio vago ","frecuencia":1,"complejidad":{"valor":0,"pictos componentes":[{"id":377,"esSugerencia":false},{"id":378,"esSugerencia":false},{"id":533,"esSugerencia":true},{"id":900,"esSugerencia":true},{"id":996,"esSugerencia":true},{"id":736,"esSugerencia":false},{"id":121,"esSugerencia":true},{"id":121,"esSugerencia":true},{"id":707,"esSugerencia":true},{"id":17,"esSugerencia":true},{"id":572,"esSugerencia":true},{"id":976,"esSugerencia":true},{"id":9,"esSugerencia":true},{"id":263,"esSugerencia":true},{"id":276,"esSugerencia":true}]},"fecha":1559250546229},{"frase":"Hola ¿Cómo estás? en la la pelota blanco asustado asustado descripción encender noticias el barrilete cambiarme el pañal súcio vago pocos hacer pis cepillarme los dientes dolor de muela ","frecuencia":1,"complejidad":{"valor":0,"pictos componentes":[{"id":377,"esSugerencia":false},{"id":378,"esSugerencia":false},{"id":533,"esSugerencia":true},{"id":900,"esSugerencia":true},{"id":996,"esSugerencia":true},{"id":736,"esSugerencia":false},{"id":121,"esSugerencia":true},{"id":121,"esSugerencia":true},{"id":707,"esSugerencia":true},{"id":17,"esSugerencia":true},{"id":572,"esSugerencia":true},{"id":976,"esSugerencia":true},{"id":9,"esSugerencia":true},{"id":263,"esSugerencia":true},{"id":276,"esSugerencia":true},{"id":234},{"id":29,"esSugerencia":true},{"id":11,"esSugerencia":true},{"id":822,"esSugerencia":true}]},"fecha":1559250783959},{"frase":"Hola paloma pelícano divertido azúcar ","frecuencia":1,"complejidad":{"valor":0,"pictos componentes":[{"id":377,"esSugerencia":false},{"id":335,"esSugerencia":true},{"id":341,"esSugerencia":true},{"id":161},{"id":396,"esSugerencia":true}]},"fecha":1559351363523},{"frase":"Hola paloma pelícano divertido azúcar el pelotero ","frecuencia":1,"complejidad":{"valor":0,"pictos componentes":[{"id":377,"esSugerencia":false},{"id":335,"esSugerencia":true},{"id":341,"esSugerencia":true},{"id":161},{"id":396,"esSugerencia":true},{"id":1003,"esSugerencia":true}]},"fecha":1559351372136},{"frase":"Hola paloma pelícano divertido azúcar el pelotero yogur ","frecuencia":1,"complejidad":{"valor":0,"pictos componentes":[{"id":377,"esSugerencia":false},{"id":335,"esSugerencia":true},{"id":341,"esSugerencia":true},{"id":161},{"id":396,"esSugerencia":true},{"id":1003,"esSugerencia":true},{"id":484,"esSugerencia":true}]},"fecha":1559351379949},{"frase":"Hola paloma pelícano divertido azúcar el pelotero yogur coche ","frecuencia":1,"complejidad":{"valor":0,"pictos componentes":[{"id":377,"esSugerencia":false},{"id":335,"esSugerencia":true},{"id":341,"esSugerencia":true},{"id":161},{"id":396,"esSugerencia":true},{"id":1003,"esSugerencia":true},{"id":484,"esSugerencia":true},{"id":608,"esSugerencia":true}]},"fecha":1559351391741},{"frase":"quiero ","frecuencia":9,"complejidad":{"valor":0,"pictos componentes":[{"id":44,"esSugerencia":false}]},"fecha":[1559351425028,1560731479474,1576116733605,1576116739549,1579072540889,1579074030904,1579074079762,1579074083437,1579074086247]},{"frase":"quiero ir a ","frecuencia":3,"complejidad":{"valor":0,"pictos componentes":[{"id":44,"esSugerencia":false},{"id":30,"esSugerencia":false}]},"fecha":[1559351431126,1579072553050,1579072556039]},{"frase":"quiero ir a hospital ","frecuencia":3,"complejidad":{"valor":0,"pictos componentes":[{"id":44,"esSugerencia":false},{"id":30,"esSugerencia":false},{"id":668,"esSugerencia":false}]},"fecha":[1559351439324,1579074038405,1579074043491]},{"frase":"quiero ir a hospital Cansado ","frecuencia":3,"complejidad":{"valor":0,"pictos componentes":[{"id":44,"esSugerencia":false},{"id":30,"esSugerencia":false},{"id":668,"esSugerencia":false},{"id":137,"esSugerencia":true}]},"fecha":[1559351444356,1559351448767,1579074049259]},{"frase":"quiero ir a hospital Cansado bien ","frecuencia":2,"complejidad":{"valor":0,"pictos componentes":[{"id":44,"esSugerencia":false},{"id":30,"esSugerencia":false},{"id":668,"esSugerencia":false},{"id":137,"esSugerencia":true},{"id":133,"esSugerencia":true}]},"fecha":[1559351455013,1579074056584]},{"frase":"quiero ir a hospital Cansado bien escuchar el saxofón el cajón cabra Chau chuleta higos ","frecuencia":1,"complejidad":{"valor":0,"pictos componentes":[{"id":44,"esSugerencia":false},{"id":30,"esSugerencia":false},{"id":668,"esSugerencia":false},{"id":137,"esSugerencia":true},{"id":133,"esSugerencia":true},{"id":21,"esSugerencia":true},{"id":868,"esSugerencia":true},{"id":851,"esSugerencia":true},{"id":294,"esSugerencia":true},{"id":387,"esSugerencia":true},{"id":513,"esSugerencia":true},{"id":418,"esSugerencia":true}]},"fecha":1559351669396},{"frase":"abuelo ","frecuencia":2,"complejidad":{"valor":0,"pictos componentes":[{"id":614,"esSugerencia":false}]},"fecha":[1559351792875,1579074197400]},{"frase":"abuelo estoy aburrido ","frecuencia":1,"complejidad":{"valor":0,"pictos componentes":[{"id":614,"esSugerencia":false},{"id":22,"esSugerencia":false},{"id":119,"esSugerencia":false}]},"fecha":1559351799429},{"frase":"abuelo estoy aburrido ansioso ","frecuencia":2,"complejidad":{"valor":0,"pictos componentes":[{"id":614,"esSugerencia":false},{"id":22,"esSugerencia":false},{"id":119,"esSugerencia":false},{"id":124,"esSugerencia":true}]},"fecha":[1559351804615,1559351808171]},{"frase":"abuelo estoy aburrido ansioso Por favor ","frecuencia":1,"complejidad":{"valor":0,"pictos componentes":[{"id":614,"esSugerencia":false},{"id":22,"esSugerencia":false},{"id":119,"esSugerencia":false},{"id":124,"esSugerencia":true},{"id":383,"esSugerencia":true}]},"fecha":1559351813692},{"frase":"la soga ","frecuencia":2,"complejidad":{"valor":0,"pictos componentes":[{"id":1006}]},"fecha":[1559352869864,1559352871761]},{"frase":"la soga el yoyo ","frecuencia":1,"complejidad":{"valor":0,"pictos componentes":[{"id":1006},{"id":1011,"esSugerencia":true}]},"fecha":1559352876218},{"frase":"la soga el yoyo camiseta manga larga ","frecuencia":1,"complejidad":{"valor":0,"pictos componentes":[{"id":1006},{"id":1011,"esSugerencia":true},{"id":940,"esSugerencia":true}]},"fecha":1559352881830},{"frase":"la soga el yoyo camiseta manga larga jean ","frecuencia":1,"complejidad":{"valor":0,"pictos componentes":[{"id":1006},{"id":1011,"esSugerencia":true},{"id":940,"esSugerencia":true},{"id":954,"esSugerencia":true}]},"fecha":1559352887475},{"frase":"la soga el yoyo camiseta manga larga jean polo ","frecuencia":2,"complejidad":{"valor":0,"pictos componentes":[{"id":1006},{"id":1011,"esSugerencia":true},{"id":940,"esSugerencia":true},{"id":954,"esSugerencia":true},{"id":964,"esSugerencia":true}]},"fecha":[1559352893699,1559352912480]},{"frase":"la soga el yoyo camiseta manga larga jean polo melenudo ","frecuencia":1,"complejidad":{"valor":0,"pictos componentes":[{"id":1006},{"id":1011,"esSugerencia":true},{"id":940,"esSugerencia":true},{"id":954,"esSugerencia":true},{"id":964,"esSugerencia":true},{"id":209}]},"fecha":1559353067810},{"frase":"Hola Buen día quiero comer pollo ","frecuencia":1,"complejidad":{"valor":0,"pictos componentes":[{"id":377,"esSugerencia":false},{"id":379,"horario":["MANANA"],"esSugerencia":false},{"id":44,"esSugerencia":false},{"id":118,"esSugerencia":false},{"id":504,"esSugerencia":false}]},"fecha":1560730887891},{"frase":"Hola Buen día quiero comer pollo huevo frito ","frecuencia":1,"complejidad":{"valor":0,"pictos componentes":[{"id":377,"esSugerencia":false},{"id":379,"horario":["MANANA"],"esSugerencia":false},{"id":44,"esSugerencia":false},{"id":118,"esSugerencia":false},{"id":504,"esSugerencia":false},{"id":421,"esSugerencia":true}]},"fecha":1560730894739},{"frase":"Hola Buen día quiero comer pollo huevo frito salchichas ","frecuencia":1,"complejidad":{"valor":0,"pictos componentes":[{"id":377,"esSugerencia":false},{"id":379,"horario":["MANANA"],"esSugerencia":false},{"id":44,"esSugerencia":false},{"id":118,"esSugerencia":false},{"id":504,"esSugerencia":false},{"id":421,"esSugerencia":true},{"id":524,"esSugerencia":false}]},"fecha":1560730908688},{"frase":"Hola Buen día quiero comer pollo huevo frito salchichas pechuga de pollo ","frecuencia":1,"complejidad":{"valor":0,"pictos componentes":[{"id":377,"esSugerencia":false},{"id":379,"horario":["MANANA"],"esSugerencia":false},{"id":44,"esSugerencia":false},{"id":118,"esSugerencia":false},{"id":504,"esSugerencia":false},{"id":421,"esSugerencia":true},{"id":524,"esSugerencia":false},{"id":506,"esSugerencia":true}]},"fecha":1560730916943},{"frase":"Hola Buen día quiero comer pollo huevo frito salchichas pechuga de pollo bikini bikini ","frecuencia":1,"complejidad":{"valor":0,"pictos componentes":[{"id":377,"esSugerencia":false},{"id":379,"horario":["MANANA"],"esSugerencia":false},{"id":44,"esSugerencia":false},{"id":118,"esSugerencia":false},{"id":504,"esSugerencia":false},{"id":421,"esSugerencia":true},{"id":524,"esSugerencia":false},{"id":506,"esSugerencia":true},{"id":928,"esSugerencia":true},{"id":928,"esSugerencia":false}]},"fecha":1560730962912},{"frase":"Hola Buen día quiero comer pollo huevo frito salchichas pechuga de pollo bikini bikini jean ","frecuencia":2,"complejidad":{"valor":0,"pictos componentes":[{"id":377,"esSugerencia":false},{"id":379,"horario":["MANANA"],"esSugerencia":false},{"id":44,"esSugerencia":false},{"id":118,"esSugerencia":false},{"id":504,"esSugerencia":false},{"id":421,"esSugerencia":true},{"id":524,"esSugerencia":false},{"id":506,"esSugerencia":true},{"id":928,"esSugerencia":true},{"id":928,"esSugerencia":false},{"id":954,"esSugerencia":true}]},"fecha":[1560730976572,1560731209268]},{"frase":"Hola Buen día quiero comer pollo huevo frito salchichas pechuga de pollo bikini bikini flan ","frecuencia":1,"complejidad":{"valor":0,"pictos componentes":[{"id":377,"esSugerencia":false},{"id":379,"horario":["MANANA"],"esSugerencia":false},{"id":44,"esSugerencia":false},{"id":118,"esSugerencia":false},{"id":504,"esSugerencia":false},{"id":421,"esSugerencia":true},{"id":524,"esSugerencia":false},{"id":506,"esSugerencia":true},{"id":928,"esSugerencia":true},{"id":928,"esSugerencia":false},{"id":412,"esSugerencia":false}]},"fecha":1560731411012},{"frase":"quiero comer ","frecuencia":1,"complejidad":{"valor":0,"pictos componentes":[{"id":44,"esSugerencia":false},{"id":118,"esSugerencia":false}]},"fecha":1560731484677},{"frase":"quiero comer verduras ","frecuencia":1,"complejidad":{"valor":0,"pictos componentes":[{"id":44,"esSugerencia":false},{"id":118,"esSugerencia":false},{"id":478,"esSugerencia":false}]},"fecha":1560731489381},{"frase":"quiero comer verduras dame ","frecuencia":1,"complejidad":{"valor":0,"pictos componentes":[{"id":44,"esSugerencia":false},{"id":118,"esSugerencia":false},{"id":478,"esSugerencia":false},{"id":14,"esSugerencia":true}]},"fecha":1560731495824},{"frase":"quiero comer verduras dame los juguetes ","frecuencia":1,"complejidad":{"valor":0,"pictos componentes":[{"id":44,"esSugerencia":false},{"id":118,"esSugerencia":false},{"id":478,"esSugerencia":false},{"id":14,"esSugerencia":true},{"id":989,"esSugerencia":false}]},"fecha":1560731501900},{"frase":"quiero comer verduras dame los juguetes berenjena ","frecuencia":1,"complejidad":{"valor":0,"pictos componentes":[{"id":44,"esSugerencia":false},{"id":118,"esSugerencia":false},{"id":478,"esSugerencia":false},{"id":14,"esSugerencia":true},{"id":989,"esSugerencia":false},{"id":397,"esSugerencia":true}]},"fecha":1560731508374},{"frase":"quiero comer verduras dame los juguetes berenjena comer un sandwich ","frecuencia":1,"complejidad":{"valor":0,"pictos componentes":[{"id":44,"esSugerencia":false},{"id":118,"esSugerencia":false},{"id":478,"esSugerencia":false},{"id":14,"esSugerencia":true},{"id":989,"esSugerencia":false},{"id":397,"esSugerencia":true},{"id":12,"esSugerencia":true}]},"fecha":1560731516213},{"frase":"quiero comer verduras dame los juguetes berenjena comer un sandwich sandwich ","frecuencia":1,"complejidad":{"valor":0,"pictos componentes":[{"id":44,"esSugerencia":false},{"id":118,"esSugerencia":false},{"id":478,"esSugerencia":false},{"id":14,"esSugerencia":true},{"id":989,"esSugerencia":false},{"id":397,"esSugerencia":true},{"id":12,"esSugerencia":true},{"id":458,"esSugerencia":true}]},"fecha":1560731523462},{"frase":"quiero comer verduras dame los juguetes berenjena comer un sandwich sandwich pomelo ","frecuencia":1,"complejidad":{"valor":0,"pictos componentes":[{"id":44,"esSugerencia":false},{"id":118,"esSugerencia":false},{"id":478,"esSugerencia":false},{"id":14,"esSugerencia":true},{"id":989,"esSugerencia":false},{"id":397,"esSugerencia":true},{"id":12,"esSugerencia":true},{"id":458,"esSugerencia":true},{"id":447,"esSugerencia":true}]},"fecha":1560731538601},{"frase":"quiero comer verduras dame los juguetes berenjena comer un sandwich sandwich lata de sardinas ","frecuencia":1,"complejidad":{"valor":0,"pictos componentes":[{"id":44,"esSugerencia":false},{"id":118,"esSugerencia":false},{"id":478,"esSugerencia":false},{"id":14,"esSugerencia":true},{"id":989,"esSugerencia":false},{"id":397,"esSugerencia":true},{"id":12,"esSugerencia":true},{"id":458,"esSugerencia":true},{"id":425,"esSugerencia":false}]},"fecha":1560731715162},{"frase":"quiero comer verduras dame los juguetes berenjena comer un sandwich sandwich lata de sardinas la pelota de basket huevo guante ","frecuencia":1,"complejidad":{"valor":0,"pictos componentes":[{"id":44,"esSugerencia":false},{"id":118,"esSugerencia":false},{"id":478,"esSugerencia":false},{"id":14,"esSugerencia":true},{"id":989,"esSugerencia":false},{"id":397,"esSugerencia":true},{"id":12,"esSugerencia":true},{"id":458,"esSugerencia":true},{"id":425,"esSugerencia":false},{"id":999},{"id":507,"esSugerencia":true},{"id":952,"esSugerencia":true}]},"fecha":1560731799073},{"frase":"quiero comer verduras dame los juguetes berenjena comer un sandwich sandwich lata de sardinas la pelota de basket huevo guante aterrorizado ","frecuencia":1,"complejidad":{"valor":0,"pictos componentes":[{"id":44,"esSugerencia":false},{"id":118,"esSugerencia":false},{"id":478,"esSugerencia":false},{"id":14,"esSugerencia":true},{"id":989,"esSugerencia":false},{"id":397,"esSugerencia":true},{"id":12,"esSugerencia":true},{"id":458,"esSugerencia":true},{"id":425,"esSugerencia":false},{"id":999},{"id":507,"esSugerencia":true},{"id":952,"esSugerencia":true},{"id":128,"esSugerencia":true}]},"fecha":1560731930379},{"frase":"quiero comer verduras dame los juguetes berenjena comer un sandwich sandwich lata de sardinas la pelota de basket huevo guante aterrorizado berenjena ","frecuencia":1,"complejidad":{"valor":0,"pictos componentes":[{"id":44,"esSugerencia":false},{"id":118,"esSugerencia":false},{"id":478,"esSugerencia":false},{"id":14,"esSugerencia":true},{"id":989,"esSugerencia":false},{"id":397,"esSugerencia":true},{"id":12,"esSugerencia":true},{"id":458,"esSugerencia":true},{"id":425,"esSugerencia":false},{"id":999},{"id":507,"esSugerencia":true},{"id":952,"esSugerencia":true},{"id":128,"esSugerencia":true},{"id":397,"esSugerencia":true}]},"fecha":1560732188644},{"frase":"quiero comer verduras dame los juguetes berenjena comer un sandwich sandwich lata de sardinas la pelota de basket huevo guante aterrorizado berenjena salchichas jugo lata de sardinas la pelota de basket ","frecuencia":1,"complejidad":{"valor":0,"pictos componentes":[{"id":44,"esSugerencia":false},{"id":118,"esSugerencia":false},{"id":478,"esSugerencia":false},{"id":14,"esSugerencia":true},{"id":989,"esSugerencia":false},{"id":397,"esSugerencia":true},{"id":12,"esSugerencia":true},{"id":458,"esSugerencia":true},{"id":425,"esSugerencia":false},{"id":999},{"id":507,"esSugerencia":true},{"id":952,"esSugerencia":true},{"id":128,"esSugerencia":true},{"id":397,"esSugerencia":true},{"id":524},{"id":497,"esSugerencia":true},{"id":425,"esSugerencia":true},{"id":999,"esSugerencia":false}]},"fecha":1560732279269},{"frase":"Hola ¿Cómo estás? quiero jugar con ","frecuencia":2,"complejidad":{"valor":0,"pictos componentes":[{"id":377,"esSugerencia":false},{"id":378,"esSugerencia":false},{"id":44,"esSugerencia":false},{"id":34,"edad":["NINO"],"esSugerencia":false}]},"fecha":[1571877003394,1571877007849]},{"frase":"Hola ¿Cómo estás? quiero jugar con el juguete ","frecuencia":2,"complejidad":{"valor":0,"pictos componentes":[{"id":377,"esSugerencia":false},{"id":378,"esSugerencia":false},{"id":44,"esSugerencia":false},{"id":34,"edad":["NINO"],"esSugerencia":false},{"id":761,"esSugerencia":false}]},"fecha":[1571877024537,1571877035980]},{"frase":"Hola ¿Cómo estás? estoy ","frecuencia":3,"complejidad":{"valor":0,"pictos componentes":[{"id":377,"esSugerencia":false},{"id":378,"esSugerencia":false},{"id":22,"esSugerencia":false}]},"fecha":[1575686021933,1575686074024,1575686076699]},{"frase":"Hola ¿Cómo estás? estoy bien ","frecuencia":1,"complejidad":{"valor":0,"pictos componentes":[{"id":377,"esSugerencia":false},{"id":378,"esSugerencia":false},{"id":22,"esSugerencia":false},{"id":133,"esSugerencia":false}]},"fecha":1575686030529},{"frase":"Hola ¿Cómo estás? estoy aburrido ","frecuencia":2,"complejidad":{"valor":0,"pictos componentes":[{"id":377,"esSugerencia":false},{"id":378,"esSugerencia":false},{"id":22,"esSugerencia":false},{"id":119,"esSugerencia":false}]},"fecha":[1575686087505,1575686220098]},{"frase":"Hola ¿Cómo estás? estoy aburrido quiero ","frecuencia":1,"complejidad":{"valor":0,"pictos componentes":[{"id":377,"esSugerencia":false},{"id":378,"esSugerencia":false},{"id":22,"esSugerencia":false},{"id":119,"esSugerencia":false},{"id":44,"esSugerencia":false}]},"fecha":1575686099154},{"frase":"Hola ¿Cómo estás? estoy aburrido quiero comer ","frecuencia":1,"complejidad":{"valor":0,"pictos componentes":[{"id":377,"esSugerencia":false},{"id":378,"esSugerencia":false},{"id":22,"esSugerencia":false},{"id":119,"esSugerencia":false},{"id":44,"esSugerencia":false},{"id":118,"esSugerencia":false}]},"fecha":1575686118941},{"frase":"Hola ¿Cómo estás? estoy aburrido quiero comer carne ","frecuencia":1,"complejidad":{"valor":0,"pictos componentes":[{"id":377,"esSugerencia":false},{"id":378,"esSugerencia":false},{"id":22,"esSugerencia":false},{"id":119,"esSugerencia":false},{"id":44,"esSugerencia":false},{"id":118,"esSugerencia":false},{"id":482,"esSugerencia":false}]},"fecha":1575686133396},{"frase":"Hola ¿Cómo estás? estoy aburrido quiero comer carne ciruela ","frecuencia":1,"complejidad":{"valor":0,"pictos componentes":[{"id":377,"esSugerencia":false},{"id":378,"esSugerencia":false},{"id":22,"esSugerencia":false},{"id":119,"esSugerencia":false},{"id":44,"esSugerencia":false},{"id":118,"esSugerencia":false},{"id":482,"esSugerencia":false},{"id":407,"esSugerencia":false}]},"fecha":1575686177984},{"frase":"Hola ¿Cómo estás? estoy aburrido quiero jugar con ","frecuencia":1,"complejidad":{"valor":0,"pictos componentes":[{"id":377,"esSugerencia":false},{"id":378,"esSugerencia":false},{"id":22,"esSugerencia":false},{"id":119,"esSugerencia":false},{"id":44,"esSugerencia":false},{"id":34,"edad":["NINO"],"esSugerencia":false}]},"fecha":1575686233347},{"frase":"Hola ¿Cómo estás? estoy aburrido quiero jugar con la pelota ","frecuencia":1,"complejidad":{"valor":0,"pictos componentes":[{"id":377,"esSugerencia":false},{"id":378,"esSugerencia":false},{"id":22,"esSugerencia":false},{"id":119,"esSugerencia":false},{"id":44,"esSugerencia":false},{"id":34,"edad":["NINO"],"esSugerencia":false},{"id":996,"esSugerencia":false}]},"fecha":1575686250825},{"frase":"Hola ¿Cómo estás? estoy aburrido quiero jugar con la pelota colores ","frecuencia":1,"complejidad":{"valor":0,"pictos componentes":[{"id":377,"esSugerencia":false},{"id":378,"esSugerencia":false},{"id":22,"esSugerencia":false},{"id":119,"esSugerencia":false},{"id":44,"esSugerencia":false},{"id":34,"edad":["NINO"],"esSugerencia":false},{"id":996,"esSugerencia":false},{"id":737,"esSugerencia":false}]},"fecha":1575686261845},{"frase":"Hola ¿Cómo estás? estoy aburrido quiero jugar con la pelota colores los instrumentos musicales ","frecuencia":1,"complejidad":{"valor":0,"pictos componentes":[{"id":377,"esSugerencia":false},{"id":378,"esSugerencia":false},{"id":22,"esSugerencia":false},{"id":119,"esSugerencia":false},{"id":44,"esSugerencia":false},{"id":34,"edad":["NINO"],"esSugerencia":false},{"id":996,"esSugerencia":false},{"id":737,"esSugerencia":false},{"id":857,"esSugerencia":false}]},"fecha":1575686273957},{"frase":"Hola ¿Cómo estás? estoy aburrido quiero jugar con la pelota colores los instrumentos musicales plurales vino flan ","frecuencia":1,"complejidad":{"valor":0,"pictos componentes":[{"id":377,"esSugerencia":false},{"id":378,"esSugerencia":false},{"id":22,"esSugerencia":false},{"id":119,"esSugerencia":false},{"id":44,"esSugerencia":false},{"id":34,"edad":["NINO"],"esSugerencia":false},{"id":996,"esSugerencia":false},{"id":737,"esSugerencia":false},{"id":857,"esSugerencia":false},{"id":714,"esSugerencia":false},{"id":503,"edad":["ADULTO"]},{"id":412,"esSugerencia":false}]},"fecha":1575686394149},{"frase":"Hola ¿Cómo estás? estoy aburrido quiero jugar con la pelota colores los instrumentos musicales plurales vino flan galleta que ","frecuencia":1,"complejidad":{"valor":0,"pictos componentes":[{"id":377,"esSugerencia":false},{"id":378,"esSugerencia":false},{"id":22,"esSugerencia":false},{"id":119,"esSugerencia":false},{"id":44,"esSugerencia":false},{"id":34,"edad":["NINO"],"esSugerencia":false},{"id":996,"esSugerencia":false},{"id":737,"esSugerencia":false},{"id":857,"esSugerencia":false},{"id":714,"esSugerencia":false},{"id":503,"edad":["ADULTO"]},{"id":412,"esSugerencia":false},{"id":415,"esSugerencia":false},{"id":912,"esSugerencia":false}]},"fecha":1575686412815},{"frase":"","frecuencia":3,"complejidad":{"valor":0,"pictos componentes":[]},"fecha":[1575686545590,1575686548292,1575686549478]},{"frase":"Hola Buen día ir a comer hamburguesa y brazo ","frecuencia":1,"complejidad":{"valor":0,"pictos componentes":[{"id":377,"esSugerencia":false},{"id":379,"horario":["MANANA"],"esSugerencia":false},{"id":30,"esSugerencia":false},{"id":118,"esSugerencia":false},{"id":515,"esSugerencia":false},{"id":923,"esSugerencia":false},{"id":778}]},"fecha":1575686799640},{"frase":"quiero borracho ","frecuencia":3,"complejidad":{"valor":0,"pictos componentes":[{"id":44,"esSugerencia":false},{"id":134}]},"fecha":[1576116795139,1576116797974,1576116800412]},{"frase":"quiero borracho la discoteca ","frecuencia":1,"complejidad":{"valor":0,"pictos componentes":[{"id":44,"esSugerencia":false},{"id":134},{"id":661,"esSugerencia":false}]},"fecha":1576116807118},{"frase":"quiero borracho la discoteca cuarto de baño ","frecuencia":1,"complejidad":{"valor":0,"pictos componentes":[{"id":44,"esSugerencia":false},{"id":134},{"id":661,"esSugerencia":false},{"id":660,"esSugerencia":false}]},"fecha":1576116813379},{"frase":"quiero borracho la discoteca cuarto de baño huevo frito ","frecuencia":2,"complejidad":{"valor":0,"pictos componentes":[{"id":44,"esSugerencia":false},{"id":134},{"id":661,"esSugerencia":false},{"id":660,"esSugerencia":false},{"id":421,"esSugerencia":false}]},"fecha":[1576116820399,1576116825563]},{"frase":"quiero borracho la discoteca cuarto de baño huevo frito salchichas ","frecuencia":1,"complejidad":{"valor":0,"pictos componentes":[{"id":44,"esSugerencia":false},{"id":134},{"id":661,"esSugerencia":false},{"id":660,"esSugerencia":false},{"id":421,"esSugerencia":false},{"id":524,"esSugerencia":false}]},"fecha":1576116833754},{"frase":"quiero borracho la discoteca cuarto de baño huevo frito salchichas lata de atún ","frecuencia":1,"complejidad":{"valor":0,"pictos componentes":[{"id":44,"esSugerencia":false},{"id":134},{"id":661,"esSugerencia":false},{"id":660,"esSugerencia":false},{"id":421,"esSugerencia":false},{"id":524,"esSugerencia":false},{"id":424,"esSugerencia":false}]},"fecha":1576116841904},{"frase":"quiero borracho la discoteca cuarto de baño huevo frito salchichas lata de atún Golosina ","frecuencia":1,"complejidad":{"valor":0,"pictos componentes":[{"id":44,"esSugerencia":false},{"id":134},{"id":661,"esSugerencia":false},{"id":660,"esSugerencia":false},{"id":421,"esSugerencia":false},{"id":524,"esSugerencia":false},{"id":424,"esSugerencia":false},{"id":494,"edad":["JOVEN","NINO"],"esSugerencia":false}]},"fecha":1576116851013},{"frase":"quiero borracho la discoteca cuarto de baño huevo frito salchichas lata de atún Golosina galleta ","frecuencia":1,"complejidad":{"valor":0,"pictos componentes":[{"id":44,"esSugerencia":false},{"id":134},{"id":661,"esSugerencia":false},{"id":660,"esSugerencia":false},{"id":421,"esSugerencia":false},{"id":524,"esSugerencia":false},{"id":424,"esSugerencia":false},{"id":494,"edad":["JOVEN","NINO"],"esSugerencia":false},{"id":415,"esSugerencia":false}]},"fecha":1576116865064},{"frase":"quiero borracho la discoteca cuarto de baño huevo frito salchichas lata de atún Golosina galleta camisa ","frecuencia":1,"complejidad":{"valor":0,"pictos componentes":[{"id":44,"esSugerencia":false},{"id":134},{"id":661,"esSugerencia":false},{"id":660,"esSugerencia":false},{"id":421,"esSugerencia":false},{"id":524,"esSugerencia":false},{"id":424,"esSugerencia":false},{"id":494,"edad":["JOVEN","NINO"],"esSugerencia":false},{"id":415,"esSugerencia":false},{"id":939,"esSugerencia":false}]},"fecha":1576116874751},{"frase":"quiero borracho la discoteca cuarto de baño huevo frito salchichas lata de atún Golosina galleta camisa borracho ","frecuencia":1,"complejidad":{"valor":0,"pictos componentes":[{"id":44,"esSugerencia":false},{"id":134},{"id":661,"esSugerencia":false},{"id":660,"esSugerencia":false},{"id":421,"esSugerencia":false},{"id":524,"esSugerencia":false},{"id":424,"esSugerencia":false},{"id":494,"edad":["JOVEN","NINO"],"esSugerencia":false},{"id":415,"esSugerencia":false},{"id":939,"esSugerencia":false},{"id":134}]},"fecha":1576116905248},{"frase":"quiero borracho la discoteca cuarto de baño huevo frito salchichas lata de atún Golosina galleta camisa borracho la discoteca ","frecuencia":1,"complejidad":{"valor":0,"pictos componentes":[{"id":44,"esSugerencia":false},{"id":134},{"id":661,"esSugerencia":false},{"id":660,"esSugerencia":false},{"id":421,"esSugerencia":false},{"id":524,"esSugerencia":false},{"id":424,"esSugerencia":false},{"id":494,"edad":["JOVEN","NINO"],"esSugerencia":false},{"id":415,"esSugerencia":false},{"id":939,"esSugerencia":false},{"id":134},{"id":661,"esSugerencia":false}]},"fecha":1576116917236},{"frase":"quiero borracho la discoteca cuarto de baño huevo frito salchichas lata de atún Golosina galleta camisa borracho la discoteca cuarto de baño ","frecuencia":1,"complejidad":{"valor":0,"pictos componentes":[{"id":44,"esSugerencia":false},{"id":134},{"id":661,"esSugerencia":false},{"id":660,"esSugerencia":false},{"id":421,"esSugerencia":false},{"id":524,"esSugerencia":false},{"id":424,"esSugerencia":false},{"id":494,"edad":["JOVEN","NINO"],"esSugerencia":false},{"id":415,"esSugerencia":false},{"id":939,"esSugerencia":false},{"id":134},{"id":661,"esSugerencia":false},{"id":660,"esSugerencia":false}]},"fecha":1576116927358},{"frase":"quiero borracho la discoteca cuarto de baño huevo frito salchichas lata de atún Golosina galleta camisa borracho la discoteca cuarto de baño huevo frito ","frecuencia":1,"complejidad":{"valor":0,"pictos componentes":[{"id":44,"esSugerencia":false},{"id":134},{"id":661,"esSugerencia":false},{"id":660,"esSugerencia":false},{"id":421,"esSugerencia":false},{"id":524,"esSugerencia":false},{"id":424,"esSugerencia":false},{"id":494,"edad":["JOVEN","NINO"],"esSugerencia":false},{"id":415,"esSugerencia":false},{"id":939,"esSugerencia":false},{"id":134},{"id":661,"esSugerencia":false},{"id":660,"esSugerencia":false},{"id":421,"esSugerencia":false}]},"fecha":1576116940285},{"frase":"quiero borracho la discoteca cuarto de baño huevo frito salchichas lata de atún Golosina galleta camisa borracho la discoteca cuarto de baño huevo frito salchichas jugo ","frecuencia":1,"complejidad":{"valor":0,"pictos componentes":[{"id":44,"esSugerencia":false},{"id":134},{"id":661,"esSugerencia":false},{"id":660,"esSugerencia":false},{"id":421,"esSugerencia":false},{"id":524,"esSugerencia":false},{"id":424,"esSugerencia":false},{"id":494,"edad":["JOVEN","NINO"],"esSugerencia":false},{"id":415,"esSugerencia":false},{"id":939,"esSugerencia":false},{"id":134},{"id":661,"esSugerencia":false},{"id":660,"esSugerencia":false},{"id":421,"esSugerencia":false},{"id":524,"esSugerencia":false},{"id":497,"esSugerencia":false}]},"fecha":1576116956772},{"frase":"mamá ","frecuencia":2,"complejidad":{"valor":0,"pictos componentes":[{"id":628,"esSugerencia":false}]},"fecha":[1576117261151,1579073179956]},{"frase":"mamá quiero ","frecuencia":1,"complejidad":{"valor":0,"pictos componentes":[{"id":628,"esSugerencia":false},{"id":44,"esSugerencia":false}]},"fecha":1576117268093},{"frase":"mamá quiero ir a un supermercado ","frecuencia":1,"complejidad":{"valor":0,"pictos componentes":[{"id":628,"esSugerencia":false},{"id":44,"esSugerencia":false},{"id":30,"esSugerencia":false},{"id":688,"esSugerencia":false}]},"fecha":1576117274309},{"frase":"quiero ir a un supermercado ","frecuencia":1,"complejidad":{"valor":0,"pictos componentes":[{"id":44,"esSugerencia":false},{"id":30,"esSugerencia":false},{"id":688,"esSugerencia":false}]},"fecha":1579072560302},{"frase":"No ","frecuencia":1,"complejidad":{"valor":0,"pictos componentes":[{"id":389,"esSugerencia":false}]},"fecha":1579072928484},{"frase":"hacer pis hacer pis ","frecuencia":7,"complejidad":{"valor":0,"pictos componentes":[{"id":29,"esSugerencia":false},{"id":29,"esSugerencia":false}]},"fecha":[1579073064486,1579073066733,1579073078215,1579073082570,1579074261534,1579074264822,1579074600658]},{"frase":"hacer pis hacer pis hacer pis hacer pis ","frecuencia":3,"complejidad":{"valor":0,"pictos componentes":[{"id":29,"esSugerencia":false},{"id":29,"esSugerencia":false},{"id":29,"esSugerencia":false},{"id":29,"esSugerencia":false}]},"fecha":[1579073092121,1579074616086,1579074620299]},{"frase":"hacer pis hacer pis hacer pis hacer pis cepillarme los dientes ","frecuencia":3,"complejidad":{"valor":0,"pictos componentes":[{"id":29,"esSugerencia":false},{"id":29,"esSugerencia":false},{"id":29,"esSugerencia":false},{"id":29,"esSugerencia":false},{"id":11,"esSugerencia":false}]},"fecha":[1579073099376,1579073122086,1579074871407]},{"frase":"hacer pis hacer pis hacer pis hacer pis cepillarme los dientes dolor de muela ","frecuencia":1,"complejidad":{"valor":0,"pictos componentes":[{"id":29,"esSugerencia":false},{"id":29,"esSugerencia":false},{"id":29,"esSugerencia":false},{"id":29,"esSugerencia":false},{"id":11,"esSugerencia":false},{"id":822,"esSugerencia":false}]},"fecha":1579073108791},{"frase":"hacer pis hacer pis hacer pis hacer pis cepillarme los dientes comer un sandwich ","frecuencia":1,"complejidad":{"valor":0,"pictos componentes":[{"id":29,"esSugerencia":false},{"id":29,"esSugerencia":false},{"id":29,"esSugerencia":false},{"id":29,"esSugerencia":false},{"id":11,"esSugerencia":false},{"id":12,"esSugerencia":false}]},"fecha":1579073127096},{"frase":"mamá tengo ","frecuencia":1,"complejidad":{"valor":0,"pictos componentes":[{"id":628,"esSugerencia":false},{"id":49,"esSugerencia":false}]},"fecha":1579073192116},{"frase":"mamá tengo escuela ","frecuencia":2,"complejidad":{"valor":0,"pictos componentes":[{"id":628,"esSugerencia":false},{"id":49,"esSugerencia":false},{"id":662,"esSugerencia":false}]},"fecha":[1579073199427,1579073202617]},{"frase":"hacer pis ","frecuencia":3,"complejidad":{"valor":0,"pictos componentes":[{"id":29,"esSugerencia":false}]},"fecha":[1579073971951,1579074255560,1579074596103]},{"frase":"hacer pis higiene personal ","frecuencia":1,"complejidad":{"valor":0,"pictos componentes":[{"id":29,"esSugerencia":false},{"id":708,"esSugerencia":false}]},"fecha":1579073980466},{"frase":"hacer pis higiene personal grillo ","frecuencia":1,"complejidad":{"valor":0,"pictos componentes":[{"id":29,"esSugerencia":false},{"id":708,"esSugerencia":false},{"id":314,"esSugerencia":false}]},"fecha":1579073989967},{"frase":"hacer pis higiene personal grillo agenda ","frecuencia":1,"complejidad":{"valor":0,"pictos componentes":[{"id":29,"esSugerencia":false},{"id":708,"esSugerencia":false},{"id":314,"esSugerencia":false},{"id":751,"esSugerencia":false}]},"fecha":1579074006334},{"frase":"hacer pis higiene personal grillo agenda goma ","frecuencia":1,"complejidad":{"valor":0,"pictos componentes":[{"id":29,"esSugerencia":false},{"id":708,"esSugerencia":false},{"id":314,"esSugerencia":false},{"id":751,"esSugerencia":false},{"id":760,"esSugerencia":false}]},"fecha":1579074014530},{"frase":"quiero ir a hospital Cansado bien escuchar ","frecuencia":1,"complejidad":{"valor":0,"pictos componentes":[{"id":44,"esSugerencia":false},{"id":30,"esSugerencia":false},{"id":668,"esSugerencia":false},{"id":137,"esSugerencia":false},{"id":133,"esSugerencia":false},{"id":21,"esSugerencia":false}]},"fecha":1579074063376},{"frase":"quiero jugar con ","frecuencia":1,"complejidad":{"valor":0,"pictos componentes":[{"id":44,"esSugerencia":false},{"id":34,"edad":["NINO"],"esSugerencia":false}]},"fecha":1579074090560},{"frase":"quiero jugar con papá quiero ","frecuencia":2,"complejidad":{"valor":0,"pictos componentes":[{"id":44,"esSugerencia":false},{"id":34,"edad":["NINO"],"esSugerencia":false},{"id":632,"esSugerencia":false},{"id":44,"esSugerencia":false}]},"fecha":[1579074099716,1579074103850]},{"frase":"quiero jugar con papá quiero ir a ","frecuencia":1,"complejidad":{"valor":0,"pictos componentes":[{"id":44,"esSugerencia":false},{"id":34,"edad":["NINO"],"esSugerencia":false},{"id":632,"esSugerencia":false},{"id":44,"esSugerencia":false},{"id":30,"esSugerencia":false}]},"fecha":1579074111471},{"frase":"yo abrazar ","frecuencia":1,"complejidad":{"valor":0,"pictos componentes":[{"id":643,"esSugerencia":false},{"id":52,"esSugerencia":false}]},"fecha":1579074135572},{"frase":"abuelo quiero ","frecuencia":1,"complejidad":{"valor":0,"pictos componentes":[{"id":614,"esSugerencia":false},{"id":44,"esSugerencia":false}]},"fecha":1579074211648},{"frase":"hacer pis hacer pis higiene personal ","frecuencia":1,"complejidad":{"valor":0,"pictos componentes":[{"id":29,"esSugerencia":false},{"id":29,"esSugerencia":false},{"id":708,"esSugerencia":false}]},"fecha":1579074270356},{"frase":"hermano ","frecuencia":1,"complejidad":{"valor":0,"pictos componentes":[{"id":623,"esSugerencia":false}]},"fecha":1579074427746},{"frase":"hermano ¿Cómo estás? estoy ","frecuencia":1,"complejidad":{"valor":0,"pictos componentes":[{"id":623,"esSugerencia":false},{"id":378,"esSugerencia":false},{"id":22,"esSugerencia":false}]},"fecha":1579074438722},{"frase":"hermano ¿Cómo estás? estoy enfermo ","frecuencia":1,"complejidad":{"valor":0,"pictos componentes":[{"id":623,"esSugerencia":false},{"id":378,"esSugerencia":false},{"id":22,"esSugerencia":false},{"id":819,"esSugerencia":false}]},"fecha":1579074515306},{"frase":"hacer pis hacer pis hacer pis ","frecuencia":1,"complejidad":{"valor":0,"pictos componentes":[{"id":29,"esSugerencia":false},{"id":29,"esSugerencia":false},{"id":29,"esSugerencia":false}]},"fecha":1579074610822},{"frase":"hacer pis hacer pis hacer pis hacer pis hacer pis ","frecuencia":1,"complejidad":{"valor":0,"pictos componentes":[{"id":29,"esSugerencia":false},{"id":29,"esSugerencia":false},{"id":29,"esSugerencia":false},{"id":29,"esSugerencia":false},{"id":29,"esSugerencia":false}]},"fecha":1579074625172},{"frase":"hacer pis hacer pis hacer pis hacer pis hacer pis higiene personal ","frecuencia":1,"complejidad":{"valor":0,"pictos componentes":[{"id":29,"esSugerencia":false},{"id":29,"esSugerencia":false},{"id":29,"esSugerencia":false},{"id":29,"esSugerencia":false},{"id":29,"esSugerencia":false},{"id":708,"esSugerencia":false}]},"fecha":1579074638649},{"frase":"hacer pis hacer pis hacer pis hacer pis hacer pis higiene personal apenado ","frecuencia":2,"complejidad":{"valor":0,"pictos componentes":[{"id":29,"esSugerencia":false},{"id":29,"esSugerencia":false},{"id":29,"esSugerencia":false},{"id":29,"esSugerencia":false},{"id":29,"esSugerencia":false},{"id":708,"esSugerencia":false},{"id":125}]},"fecha":[1579074783277,1579074846641]}]