[{"frase":"Hola Buenas tardes ","frecuencia":1,"complejidad":{"valor":0,"pictos componentes":[{"id":377,"esSugerencia":false},{"id":380,"horario":["MEDIODIA","TARDE"],"esSugerencia":false}]},"fecha":1554900721024},{"frase":"abuelo ","frecuencia":2,"complejidad":{"valor":0,"pictos componentes":[{"id":614,"esSugerencia":false}]},"fecha":[1554900747871,1554900751208]},{"frase":"abuelo estoy aburrido ","frecuencia":2,"complejidad":{"valor":0,"pictos componentes":[{"id":614,"esSugerencia":false},{"id":22,"esSugerencia":false},{"id":119,"esSugerencia":false}]},"fecha":[1554900758464,1554900766336]},{"frase":"abuelo quiero comer verduras ","frecuencia":4,"complejidad":{"valor":0,"pictos componentes":[{"id":614,"esSugerencia":false},{"id":44,"esSugerencia":false},{"id":118,"esSugerencia":false},{"id":478,"esSugerencia":false}]},"fecha":[1554900847762,1554900850650,1554900858922,1554900867675]},{"frase":"Hola Buenas tardes quiero ","frecuencia":2,"complejidad":{"valor":0,"pictos componentes":[{"id":377,"esSugerencia":false},{"id":380,"horario":["MEDIODIA","TARDE"],"esSugerencia":false},{"id":44,"esSugerencia":false}]},"fecha":[1554900901647,1554900909783]},{"frase":"Hola ¿Cómo estás? ","frecuencia":2,"complejidad":{"valor":0,"pictos componentes":[{"id":377,"esSugerencia":false},{"id":378,"esSugerencia":false}]},"fecha":[1554901528418,1554901531262]},{"frase":"Hola ","frecuencia":2,"complejidad":{"valor":0,"pictos componentes":[{"id":377,"esSugerencia":false}]},"fecha":[1554913590140,1554913591988]},{"frase":"sandía ","frecuencia":1,"complejidad":{"valor":0,"pictos componentes":[{"id":457}]},"fecha":1554914002309},{"frase":"","frecuencia":2,"complejidad":{"valor":0,"pictos componentes":[]},"fecha":[1554939626823,1555017573429]},{"frase":"quiero jugar con la pelota ","frecuencia":1,"complejidad":{"valor":0,"pictos componentes":[{"id":44,"esSugerencia":false},{"id":34,"edad":["NINO"],"esSugerencia":false},{"id":996,"esSugerencia":false}]},"fecha":1554990882294},{"frase":"Hola tengo hambre ","frecuencia":1,"complejidad":{"valor":0,"pictos componentes":[{"id":377,"esSugerencia":false},{"id":49,"esSugerencia":false},{"id":597,"esSugerencia":false}]},"fecha":1554990921137},{"frase":"papá ","frecuencia":1,"complejidad":{"valor":0,"pictos componentes":[{"id":632,"esSugerencia":false}]},"fecha":1555423429441},{"frase":"papá quiero comer pollo ","frecuencia":2,"complejidad":{"valor":0,"pictos componentes":[{"id":632,"esSugerencia":false},{"id":44,"esSugerencia":false},{"id":118,"esSugerencia":false},{"id":504,"esSugerencia":false}]},"fecha":[1555423436554,1555423443745]},{"frase":"papá quiero comer pollo huevo frito ","frecuencia":1,"complejidad":{"valor":0,"pictos componentes":[{"id":632,"esSugerencia":false},{"id":44,"esSugerencia":false},{"id":118,"esSugerencia":false},{"id":504,"esSugerencia":false},{"id":421,"esSugerencia":true}]},"fecha":1555423450304}]