[{"frase":"","frecuencia":2,"complejidad":{"valor":0,"pictos componentes":[]},"fecha":[1559356468100,1559356566080]},{"frase":"Gracias ","frecuencia":2,"complejidad":{"valor":0,"pictos componentes":[{"id":384,"esSugerencia":false}]},"fecha":[1559356569417,1559356576350]},{"frase":"Gracias feliz ","frecuencia":1,"complejidad":{"valor":0,"pictos componentes":[{"id":384,"esSugerencia":false},{"id":171,"esSugerencia":true}]},"fecha":1559356582258},{"frase":"Hola ¿Cómo estás? quiero comer fruta ","frecuencia":1,"complejidad":{"valor":0,"pictos componentes":[{"id":377,"esSugerencia":false},{"id":378,"esSugerencia":false},{"id":44,"esSugerencia":false},{"id":118,"esSugerencia":false},{"id":483,"esSugerencia":false}]},"fecha":1559356646542},{"frase":"tres en línea ","frecuencia":1,"complejidad":{"valor":0,"pictos componentes":[{"id":1008}]},"fecha":1559684393012},{"frase":"Hola ","frecuencia":1,"complejidad":{"valor":0,"pictos componentes":[{"id":377,"esSugerencia":false}]},"fecha":1559684635712}]