[{"frase":"Hola ¿Cómo estás? quiero comer hamburguesa ","frecuencia":2,"complejidad":{"valor":0,"pictos componentes":[{"id":377,"esSugerencia":false},{"id":378,"esSugerencia":false},{"id":44,"esSugerencia":false},{"id":118,"esSugerencia":false},{"id":515,"esSugerencia":false}]},"fecha":[1556849081993,1556849085850]},{"frase":"yo estoy enamorado de vos ","frecuencia":5,"complejidad":{"valor":0,"pictos componentes":[{"id":643,"esSugerencia":false},{"id":22,"esSugerencia":false},{"id":164},{"id":530,"esSugerencia":false},{"id":642,"esSugerencia":false}]},"fecha":[1556849136263,1556849139190,1556849142730,1556849145752,1556849148345]}]