[{"frase":"mamá quiero ir a un supermercado ","frecuencia":3,"complejidad":{"valor":0,"pictos componentes":[{"id":628,"esSugerencia":false},{"id":44,"esSugerencia":false},{"id":30,"esSugerencia":false},{"id":688,"esSugerencia":false}]},"fecha":[1558458993865,1558458999914,1558459003145]},{"frase":"mamá quiero ir a un supermercado pagar con tarjeta ","frecuencia":1,"complejidad":{"valor":0,"pictos componentes":[{"id":628,"esSugerencia":false},{"id":44,"esSugerencia":false},{"id":30,"esSugerencia":false},{"id":688,"esSugerencia":false},{"id":37,"esSugerencia":true}]},"fecha":1558459031541},{"frase":"mamá quiero abrazar papá ","frecuencia":1,"complejidad":{"valor":0,"pictos componentes":[{"id":628,"esSugerencia":false},{"id":44,"esSugerencia":false},{"id":52,"esSugerencia":true},{"id":632,"esSugerencia":true}]},"fecha":1558459080630},{"frase":"mamá quiero abrazar papá ¿Cómo estás? ","frecuencia":1,"complejidad":{"valor":0,"pictos componentes":[{"id":628,"esSugerencia":false},{"id":44,"esSugerencia":false},{"id":52,"esSugerencia":true},{"id":632,"esSugerencia":true},{"id":378,"esSugerencia":false}]},"fecha":1558459091678},{"frase":"azúcar ","frecuencia":1,"complejidad":{"valor":0,"pictos componentes":[{"id":396}]},"fecha":1558459688619}]