[{"frase":"abuelo ","frecuencia":2,"complejidad":{"valor":0,"pictos componentes":[{"id":614,"esSugerencia":false}]},"fecha":[1558631286100,1558631287784]},{"frase":"abuelo quiero ir a ","frecuencia":2,"complejidad":{"valor":0,"pictos componentes":[{"id":614,"esSugerencia":false},{"id":44,"esSugerencia":false},{"id":30,"esSugerencia":false}]},"fecha":[1558631295412,1558631553459]},{"frase":"abuelo quiero ir a comer ","frecuencia":1,"complejidad":{"valor":0,"pictos componentes":[{"id":614,"esSugerencia":false},{"id":44,"esSugerencia":false},{"id":30,"esSugerencia":false},{"id":118,"esSugerencia":false}]},"fecha":1558631310863},{"frase":"abuelo quiero ir a comer pollo ","frecuencia":2,"complejidad":{"valor":0,"pictos componentes":[{"id":614,"esSugerencia":false},{"id":44,"esSugerencia":false},{"id":30,"esSugerencia":false},{"id":118,"esSugerencia":false},{"id":504,"esSugerencia":false}]},"fecha":[1558631319509,1558631421027]},{"frase":"abuelo quiero ir a comer pollo jirafa ","frecuencia":5,"complejidad":{"valor":0,"pictos componentes":[{"id":614,"esSugerencia":false},{"id":44,"esSugerencia":false},{"id":30,"esSugerencia":false},{"id":118,"esSugerencia":false},{"id":504,"esSugerencia":false},{"id":320,"esSugerencia":true}]},"fecha":[1558631333733,1558631339367,1558631407656,1558631410962,1558631415453]},{"frase":"abuelo quiero ir a comer pollo jirafa pie ","frecuencia":1,"complejidad":{"valor":0,"pictos componentes":[{"id":614,"esSugerencia":false},{"id":44,"esSugerencia":false},{"id":30,"esSugerencia":false},{"id":118,"esSugerencia":false},{"id":504,"esSugerencia":false},{"id":320,"esSugerencia":true},{"id":799,"esSugerencia":true}]},"fecha":1558631352383},{"frase":"abuelo quiero ir a comer pollo flan ","frecuencia":2,"complejidad":{"valor":0,"pictos componentes":[{"id":614,"esSugerencia":false},{"id":44,"esSugerencia":false},{"id":30,"esSugerencia":false},{"id":118,"esSugerencia":false},{"id":504,"esSugerencia":false},{"id":412,"esSugerencia":true}]},"fecha":[1558631436264,1558631441543]},{"frase":"abuelo quiero ir a comer hamburguesa ","frecuencia":1,"complejidad":{"valor":0,"pictos componentes":[{"id":614,"esSugerencia":false},{"id":44,"esSugerencia":false},{"id":30,"esSugerencia":false},{"id":118,"esSugerencia":false},{"id":515,"esSugerencia":false}]},"fecha":1558631455982},{"frase":"abuelo quiero ir a comer hamburguesa tomar ","frecuencia":1,"complejidad":{"valor":0,"pictos componentes":[{"id":614,"esSugerencia":false},{"id":44,"esSugerencia":false},{"id":30,"esSugerencia":false},{"id":118,"esSugerencia":false},{"id":515,"esSugerencia":false},{"id":51,"esSugerencia":true}]},"fecha":1558631463948},{"frase":"abuelo quiero ir a comer verduras ","frecuencia":1,"complejidad":{"valor":0,"pictos componentes":[{"id":614,"esSugerencia":false},{"id":44,"esSugerencia":false},{"id":30,"esSugerencia":false},{"id":118,"esSugerencia":false},{"id":478,"esSugerencia":false}]},"fecha":1558631615810},{"frase":"abuelo quiero comer verduras ","frecuencia":3,"complejidad":{"valor":0,"pictos componentes":[{"id":614,"esSugerencia":false},{"id":44,"esSugerencia":false},{"id":118,"esSugerencia":false},{"id":478,"esSugerencia":false}]},"fecha":[1558631647218,1558631650008,1558631653105]},{"frase":"yo quiero comer verduras ","frecuencia":2,"complejidad":{"valor":0,"pictos componentes":[{"id":643,"esSugerencia":false},{"id":44,"esSugerencia":false},{"id":118,"esSugerencia":false},{"id":478,"esSugerencia":false}]},"fecha":[1558631675536,1558631954084]},{"frase":"yo quiero ir a casa ","frecuencia":3,"complejidad":{"valor":0,"pictos componentes":[{"id":643,"esSugerencia":false},{"id":44,"esSugerencia":false},{"id":30,"esSugerencia":false},{"id":653,"esSugerencia":false}]},"fecha":[1558631786333,1558631790547,1558631796100]},{"frase":"yo dame el cuento los globos zapato ","frecuencia":2,"complejidad":{"valor":0,"pictos componentes":[{"id":643,"esSugerencia":false},{"id":14,"esSugerencia":true},{"id":986,"esSugerencia":false},{"id":987,"esSugerencia":true},{"id":973,"esSugerencia":true}]},"fecha":[1558631872591,1558631877508]},{"frase":"yo quiero hacer pis ","frecuencia":2,"complejidad":{"valor":0,"pictos componentes":[{"id":643,"esSugerencia":false},{"id":44,"esSugerencia":false},{"id":29,"esSugerencia":false}]},"fecha":[1558632575071,1558632610031]},{"frase":"yo quiero comer hamburguesa ","frecuencia":1,"complejidad":{"valor":0,"pictos componentes":[{"id":643,"esSugerencia":false},{"id":44,"esSugerencia":false},{"id":118,"esSugerencia":false},{"id":515,"esSugerencia":false}]},"fecha":1558632625681},{"frase":"yo quiero comer hamburguesa y ","frecuencia":8,"complejidad":{"valor":0,"pictos componentes":[{"id":643,"esSugerencia":false},{"id":44,"esSugerencia":false},{"id":118,"esSugerencia":false},{"id":515,"esSugerencia":false},{"id":923,"esSugerencia":true}]},"fecha":[1558632635812,1558632640437,1558632645482,1558632649515,1558632654612,1558632657367,1558632661311,1558632667167]},{"frase":"quiero comer Golosina ","frecuencia":2,"complejidad":{"valor":0,"pictos componentes":[{"id":44,"esSugerencia":false},{"id":118,"esSugerencia":false},{"id":494,"edad":["JOVEN","NINO"],"esSugerencia":false}]},"fecha":[1558632720760,1558632724286]},{"frase":"yo tengo frío ","frecuencia":1,"complejidad":{"valor":0,"pictos componentes":[{"id":643,"esSugerencia":false},{"id":49,"esSugerencia":false},{"id":177,"esSugerencia":false}]},"fecha":1558632769132},{"frase":"yo tengo frío los instrumentos musicales ","frecuencia":1,"complejidad":{"valor":0,"pictos componentes":[{"id":643,"esSugerencia":false},{"id":49,"esSugerencia":false},{"id":177,"esSugerencia":false},{"id":857,"esSugerencia":true}]},"fecha":1558632831879},{"frase":"yo tengo frío los instrumentos musicales jugar con ","frecuencia":2,"complejidad":{"valor":0,"pictos componentes":[{"id":643,"esSugerencia":false},{"id":49,"esSugerencia":false},{"id":177,"esSugerencia":false},{"id":857,"esSugerencia":true},{"id":34,"edad":["NINO"],"esSugerencia":true}]},"fecha":[1558632840314,1558632883506]},{"frase":"yo tengo frío los instrumentos musicales jugar con amigos ","frecuencia":2,"complejidad":{"valor":0,"pictos componentes":[{"id":643,"esSugerencia":false},{"id":49,"esSugerencia":false},{"id":177,"esSugerencia":false},{"id":857,"esSugerencia":true},{"id":34,"edad":["NINO"],"esSugerencia":true},{"id":615,"esSugerencia":false}]},"fecha":[1558632863206,1558632876159]},{"frase":"yo tengo frío los instrumentos musicales jugar con papá ","frecuencia":1,"complejidad":{"valor":0,"pictos componentes":[{"id":643,"esSugerencia":false},{"id":49,"esSugerencia":false},{"id":177,"esSugerencia":false},{"id":857,"esSugerencia":true},{"id":34,"edad":["NINO"],"esSugerencia":true},{"id":632,"esSugerencia":false}]},"fecha":1558632893790},{"frase":"yo tengo frío dame la tablet ","frecuencia":1,"complejidad":{"valor":0,"pictos componentes":[{"id":643,"esSugerencia":false},{"id":49,"esSugerencia":false},{"id":177,"esSugerencia":false},{"id":14,"esSugerencia":true},{"id":774,"esSugerencia":false}]},"fecha":1558632938745},{"frase":"yo tengo frío dame la tablet almendras ","frecuencia":1,"complejidad":{"valor":0,"pictos componentes":[{"id":643,"esSugerencia":false},{"id":49,"esSugerencia":false},{"id":177,"esSugerencia":false},{"id":14,"esSugerencia":true},{"id":774,"esSugerencia":false},{"id":393,"esSugerencia":true}]},"fecha":1558632946197},{"frase":"yo ir a casa ","frecuencia":1,"complejidad":{"valor":0,"pictos componentes":[{"id":643,"esSugerencia":false},{"id":30,"esSugerencia":true},{"id":653,"esSugerencia":false}]},"fecha":1558633181472},{"frase":"yo ir a comer pollo ","frecuencia":3,"complejidad":{"valor":0,"pictos componentes":[{"id":643,"esSugerencia":false},{"id":30,"esSugerencia":true},{"id":118,"esSugerencia":false},{"id":504,"esSugerencia":false}]},"fecha":[1558633447940,1558633490266,1558633493311]},{"frase":"yo amar mamá ","frecuencia":1,"complejidad":{"valor":0,"pictos componentes":[{"id":643,"esSugerencia":false},{"id":57,"esSugerencia":true},{"id":628,"esSugerencia":true}]},"fecha":1558633560331}]