[{"frase":"Hola papá ","frecuencia":3,"complejidad":{"valor":0,"pictos componentes":[{"id":377,"esSugerencia":false},{"id":632,"esSugerencia":false}]},"fecha":[1587644566040,1587644583514,1587644591642]},{"frase":"Hola Buen día quiero jugar con la pelota colores ","frecuencia":2,"complejidad":{"valor":0,"pictos componentes":[{"id":377,"esSugerencia":false},{"id":379,"horario":["MANANA"],"esSugerencia":false,"hora":["MANANA"]},{"id":44,"esSugerencia":false},{"id":34,"edad":["NINO"],"esSugerencia":false},{"id":996,"esSugerencia":false},{"id":737,"esSugerencia":false}]},"fecha":[1587644845213,1587644854402]},{"frase":"Hola ","frecuencia":2,"complejidad":{"valor":0,"pictos componentes":[{"id":377,"esSugerencia":false}]},"fecha":[1587644871008,1587644878099]},{"frase":"Hola tengo ","frecuencia":1,"complejidad":{"valor":0,"pictos componentes":[{"id":377,"esSugerencia":false},{"id":49,"esSugerencia":false}]},"fecha":1587644884854},{"frase":"yo ","frecuencia":2,"complejidad":{"valor":0,"pictos componentes":[{"id":643,"esSugerencia":false}]},"fecha":[1587644955544,1587644957293]},{"frase":"yo tengo ","frecuencia":4,"complejidad":{"valor":0,"pictos componentes":[{"id":643,"esSugerencia":false},{"id":49,"esSugerencia":false}]},"fecha":[1587644959513,1587644961106,1587644962756,1587644967264]},{"frase":"yo tengo hambre ","frecuencia":8,"complejidad":{"valor":0,"pictos componentes":[{"id":643,"esSugerencia":false},{"id":49,"esSugerencia":false},{"id":597,"esSugerencia":false}]},"fecha":[1587644969857,1587644971774,1587644974510,1587644976245,1587644977832,1587644979489,1587644982020,1587644983778]}]