[{"frase":"Hola ","frecuencia":5,"complejidad":{"valor":0,"pictos componentes":[{"id":377,"esSugerencia":false}]},"fecha":[1582816193569,1582816195331,1582816200250,1582816201384,1582816209747]},{"frase":"Hola mamá dame ","frecuencia":1,"complejidad":{"valor":0,"pictos componentes":[{"id":377,"esSugerencia":false},{"id":628,"esSugerencia":false},{"id":14,"esSugerencia":false}]},"fecha":1582816214772},{"frase":"hermano dame ","frecuencia":2,"complejidad":{"valor":0,"pictos componentes":[{"id":623,"esSugerencia":false},{"id":14,"esSugerencia":false}]},"fecha":[1582816422800,1582816425706]}]