[{"frase":"abuelo dame leche y galletas ","frecuencia":1,"complejidad":{"valor":0,"pictos componentes":[{"id":614,"esSugerencia":false},{"id":14,"esSugerencia":false},{"id":427,"esSugerencia":false}]},"fecha":1562884952337},{"frase":"Hola Buenas tardes ","frecuencia":1,"complejidad":{"valor":0,"pictos componentes":[{"id":377,"esSugerencia":false},{"id":380,"horario":["MEDIODIA","TARDE"],"esSugerencia":false}]},"fecha":1562884965999},{"frase":"mamá ¿Cómo estás? ","frecuencia":1,"complejidad":{"valor":0,"pictos componentes":[{"id":628,"esSugerencia":false},{"id":378,"esSugerencia":false}]},"fecha":1562884988318},{"frase":"mamá ¿Cómo estás? ¿Cómo estás? ","frecuencia":1,"complejidad":{"valor":0,"pictos componentes":[{"id":628,"esSugerencia":false},{"id":378,"esSugerencia":false},{"id":378,"esSugerencia":false}]},"fecha":1562884996274},{"frase":"yo quiero comer ","frecuencia":1,"complejidad":{"valor":0,"pictos componentes":[{"id":643,"esSugerencia":false},{"id":44,"esSugerencia":false},{"id":118,"esSugerencia":false}]},"fecha":1562885023271},{"frase":"quiero ","frecuencia":1,"complejidad":{"valor":0,"pictos componentes":[{"id":44,"esSugerencia":false}]},"fecha":1562885085270},{"frase":"Hola Buen día ","frecuencia":1,"complejidad":{"valor":0,"pictos componentes":[{"id":377,"esSugerencia":false},{"id":379,"horario":["MANANA"],"esSugerencia":false}]},"fecha":1562885107104},{"frase":"Hola Buen día ir a casa ","frecuencia":1,"complejidad":{"valor":0,"pictos componentes":[{"id":377,"esSugerencia":false},{"id":379,"horario":["MANANA"],"esSugerencia":false},{"id":30,"esSugerencia":true},{"id":653,"esSugerencia":false}]},"fecha":1562885114064},{"frase":"quiero ir a casa ","frecuencia":1,"complejidad":{"valor":0,"pictos componentes":[{"id":44,"esSugerencia":false},{"id":30,"esSugerencia":false},{"id":653,"esSugerencia":false}]},"fecha":1562885134318},{"frase":"quiero ir a casa abuelo dame la tablet ","frecuencia":1,"complejidad":{"valor":0,"pictos componentes":[{"id":44,"esSugerencia":false},{"id":30,"esSugerencia":false},{"id":653,"esSugerencia":false},{"id":614,"esSugerencia":false},{"id":14,"esSugerencia":false},{"id":774,"esSugerencia":false}]},"fecha":1562885342636}]