[{"frase":"No quiero ir a comer verduras súcio camaleón ","frecuencia":2,"complejidad":{"valor":0,"pictos componentes":[{"id":389,"esSugerencia":false},{"id":44,"esSugerencia":false},{"id":30,"esSugerencia":false},{"id":118,"esSugerencia":false},{"id":478,"esSugerencia":false},{"id":263},{"id":295,"esSugerencia":true}]},"fecha":[1567647487449,1567647494799]},{"frase":"yo quiero jugar con papá ","frecuencia":8,"complejidad":{"valor":0,"pictos componentes":[{"id":643,"esSugerencia":false},{"id":44,"esSugerencia":false},{"id":34,"edad":["NINO"],"esSugerencia":false},{"id":632,"esSugerencia":false}]},"fecha":[1567647561862,1567647565437,1567647568778,1567689325658,1567696860125,1567696865912,1567696868007,1567696870452]},{"frase":"yo ","frecuencia":1,"complejidad":{"valor":0,"pictos componentes":[{"id":643,"esSugerencia":false}]},"fecha":1567819470753},{"frase":"yo estoy aburrido quiero jugar con el juguete negro ","frecuencia":1,"complejidad":{"valor":0,"pictos componentes":[{"id":643,"esSugerencia":false},{"id":22,"esSugerencia":false},{"id":119,"esSugerencia":false},{"id":44,"esSugerencia":false},{"id":34,"edad":["NINO"],"esSugerencia":false},{"id":761,"esSugerencia":false},{"id":743,"esSugerencia":false}]},"fecha":1567819488583},{"frase":"yo estoy aburrido quiero jugar con el juguete negro colores ","frecuencia":4,"complejidad":{"valor":0,"pictos componentes":[{"id":643,"esSugerencia":false},{"id":22,"esSugerencia":false},{"id":119,"esSugerencia":false},{"id":44,"esSugerencia":false},{"id":34,"edad":["NINO"],"esSugerencia":false},{"id":761,"esSugerencia":false},{"id":743,"esSugerencia":false},{"id":737,"esSugerencia":true}]},"fecha":[1567819495885,1567819500213,1567819505095,1567819509958]},{"frase":"yo estoy aburrido quiero jugar con el juguete negro colores los instrumentos musicales jugar con el juguete rosa blanco blanco ","frecuencia":2,"complejidad":{"valor":0,"pictos componentes":[{"id":643,"esSugerencia":false},{"id":22,"esSugerencia":false},{"id":119,"esSugerencia":false},{"id":44,"esSugerencia":false},{"id":34,"edad":["NINO"],"esSugerencia":false},{"id":761,"esSugerencia":false},{"id":743,"esSugerencia":false},{"id":737,"esSugerencia":true},{"id":857,"esSugerencia":true},{"id":34,"edad":["NINO"],"esSugerencia":true},{"id":761,"esSugerencia":false},{"id":747,"esSugerencia":false},{"id":736,"esSugerencia":true},{"id":736,"esSugerencia":true}]},"fecha":[1567819522603,1567819532250]},{"frase":"yo estoy aburrido quiero jugar con el juguete negro colores los instrumentos musicales jugar con el juguete rosa blanco blanco blanco blanco blanco ","frecuencia":2,"complejidad":{"valor":0,"pictos componentes":[{"id":643,"esSugerencia":false},{"id":22,"esSugerencia":false},{"id":119,"esSugerencia":false},{"id":44,"esSugerencia":false},{"id":34,"edad":["NINO"],"esSugerencia":false},{"id":761,"esSugerencia":false},{"id":743,"esSugerencia":false},{"id":737,"esSugerencia":true},{"id":857,"esSugerencia":true},{"id":34,"edad":["NINO"],"esSugerencia":true},{"id":761,"esSugerencia":false},{"id":747,"esSugerencia":false},{"id":736,"esSugerencia":true},{"id":736,"esSugerencia":true},{"id":736,"esSugerencia":false},{"id":736,"esSugerencia":false},{"id":736,"esSugerencia":false}]},"fecha":[1567819545413,1567819556661]},{"frase":"yo quiero jugar con el juguete rosa ","frecuencia":9,"complejidad":{"valor":0,"pictos componentes":[{"id":643,"esSugerencia":false},{"id":44,"esSugerencia":false},{"id":34,"edad":["NINO"],"esSugerencia":false},{"id":761,"esSugerencia":false},{"id":747,"esSugerencia":false}]},"fecha":[1567819579737,1567860526910,1567960252222,1568131252064,1568131919499,1568143924852,1568143958702,1572109544098,1572981999027]},{"frase":"yo quiero jugar con el juguete azul ","frecuencia":4,"complejidad":{"valor":0,"pictos componentes":[{"id":643,"esSugerencia":false},{"id":44,"esSugerencia":false},{"id":34,"edad":["NINO"],"esSugerencia":false},{"id":761,"esSugerencia":false},{"id":734,"esSugerencia":false}]},"fecha":[1567819599363,1567819647291,1572982026111,1573766871616]},{"frase":"yo quiero jugar con el juguete blanco ","frecuencia":3,"complejidad":{"valor":0,"pictos componentes":[{"id":643,"esSugerencia":false},{"id":44,"esSugerencia":false},{"id":34,"edad":["NINO"],"esSugerencia":false},{"id":761,"esSugerencia":false},{"id":736,"esSugerencia":false}]},"fecha":[1567819611548,1567819622746,1567860569450]},{"frase":"yo quiero jugar con el juguete rosa rosa ","frecuencia":1,"complejidad":{"valor":0,"pictos componentes":[{"id":643,"esSugerencia":false},{"id":44,"esSugerencia":false},{"id":34,"edad":["NINO"],"esSugerencia":false},{"id":761,"esSugerencia":false},{"id":747,"esSugerencia":false},{"id":747,"esSugerencia":true}]},"fecha":1567819660206},{"frase":"yo quiero ir a jugar con ","frecuencia":1,"complejidad":{"valor":0,"pictos componentes":[{"id":643,"esSugerencia":false},{"id":44,"esSugerencia":false},{"id":30,"esSugerencia":false},{"id":34,"edad":["NINO"],"esSugerencia":false}]},"fecha":1567819897478},{"frase":"yo quiero jugar con el juguete rosa quiero comer hamburguesa ","frecuencia":2,"complejidad":{"valor":0,"pictos componentes":[{"id":643,"esSugerencia":false},{"id":44,"esSugerencia":false},{"id":34,"edad":["NINO"],"esSugerencia":false},{"id":761,"esSugerencia":false},{"id":747,"esSugerencia":false},{"id":44,"esSugerencia":false},{"id":118,"esSugerencia":false},{"id":515,"esSugerencia":false}]},"fecha":[1567860548506,1567860555801]},{"frase":"yo quiero jugar con el juguete rosa rojo ","frecuencia":9,"complejidad":{"valor":0,"pictos componentes":[{"id":643,"esSugerencia":false},{"id":44,"esSugerencia":false},{"id":34,"edad":["NINO"],"esSugerencia":false},{"id":761,"esSugerencia":false},{"id":747,"esSugerencia":false},{"id":746,"esSugerencia":false}]},"fecha":[1567960256713,1568131893865,1568131923887,1568143871268,1568143896663,1568143929048,1568143961586,1570659275344,1571143279115]},{"frase":"yo quiero jugar con el juguete ","frecuencia":3,"complejidad":{"valor":0,"pictos componentes":[]},"fecha":[1568131247212,1568143863531,1573848702636]},{"frase":"yo quiero jugar con el juguete rosa rojo ¿Qué color es? ","frecuencia":2,"complejidad":{"valor":0,"pictos componentes":[]},"fecha":[1568131258805,1568131299054]},{"frase":"yo quiero jugar con el juguete rosa rojo amarillo ","frecuencia":6,"complejidad":{"valor":0,"pictos componentes":[]},"fecha":[1568131900128,1568131928634,1568143934596,1568143965084,1570659279756,1571143283036]},{"frase":"yo quiero jugar con el juguete rosa rojo amarillo azul ","frecuencia":7,"complejidad":{"valor":0,"pictos componentes":[{"id":643,"esSugerencia":false},{"id":44,"esSugerencia":false},{"id":34,"edad":["NINO"],"esSugerencia":false},{"id":761,"esSugerencia":false},{"id":747,"esSugerencia":false},{"id":746,"esSugerencia":false},{"id":733,"esSugerencia":false},{"id":734,"esSugerencia":false}]},"fecha":[1568131934333,1568143940245,1568143944483,1570659286984,1570659291787,1570659295823,1572981990004]},{"frase":"yo quiero jugar con el juguete rosa rojo quiero ","frecuencia":1,"complejidad":{"valor":0,"pictos componentes":[{"id":643,"esSugerencia":false},{"id":44,"esSugerencia":false},{"id":34,"edad":["NINO"],"esSugerencia":false},{"id":761,"esSugerencia":false},{"id":747,"esSugerencia":false},{"id":746,"esSugerencia":false},{"id":44,"esSugerencia":false}]},"fecha":1568143897441},{"frase":"yo quiero jugar con el juguete rosa rojo quiero jugar con el juguete rosa ","frecuencia":6,"complejidad":{"valor":0,"pictos componentes":[{"id":643,"esSugerencia":false},{"id":44,"esSugerencia":false},{"id":34,"edad":["NINO"],"esSugerencia":false},{"id":761,"esSugerencia":false},{"id":747,"esSugerencia":false},{"id":746,"esSugerencia":false},{"id":44,"esSugerencia":false},{"id":34,"edad":["NINO"],"esSugerencia":false},{"id":761,"esSugerencia":false},{"id":747,"esSugerencia":false}]},"fecha":[1568143905210,1568143908507,1568143909914,1568143910499,1568143910793,1568143911426]},{"frase":"mamá quiero ","frecuencia":1,"complejidad":{"valor":0,"pictos componentes":[{"id":628,"esSugerencia":false},{"id":44,"esSugerencia":false}]},"fecha":1570066629772},{"frase":"yo quiero jugar con el juguete rosa rojo amarillo azul blanco ","frecuencia":9,"complejidad":{"valor":0,"pictos componentes":[{"id":643,"esSugerencia":false},{"id":44,"esSugerencia":false},{"id":34,"edad":["NINO"],"esSugerencia":false},{"id":761,"esSugerencia":false},{"id":747,"esSugerencia":false},{"id":746,"esSugerencia":false},{"id":733,"esSugerencia":false},{"id":734,"esSugerencia":false},{"id":736,"esSugerencia":false}]},"fecha":[1570659303283,1571143287725,1571143288849,1571143299787,1571143300216,1571143301514,1571143302604,1571143304142,1571143304487]},{"frase":"yo quiero jugar con el juguete negro ","frecuencia":3,"complejidad":{"valor":0,"pictos componentes":[{"id":643,"esSugerencia":false},{"id":44,"esSugerencia":false},{"id":34,"edad":["NINO"],"esSugerencia":false},{"id":761,"esSugerencia":false},{"id":743,"esSugerencia":false}]},"fecha":[1570659319937,1572878905115,1572982017628]},{"frase":"yo quiero jugar con el juguete negro naranja ","frecuencia":20,"complejidad":{"valor":0,"pictos componentes":[{"id":643,"esSugerencia":false},{"id":44,"esSugerencia":false},{"id":34,"edad":["NINO"],"esSugerencia":false},{"id":761,"esSugerencia":false},{"id":743,"esSugerencia":false},{"id":742,"esSugerencia":true}]},"fecha":[1570659324119,1573766335328,1573766860592,1573766965716,1573766977827,1573767027811,1573767041463,1573848586017,1573848630353,1573848694510,1573848721838,1573848783928,1574262322355,1574262348299,1574262361525,1574262400431,1574513767451,1574720408794,1574720422295,1580947434544]},{"frase":"yo quiero ir a comer ","frecuencia":1,"complejidad":{"valor":0,"pictos componentes":[{"id":643,"esSugerencia":false},{"id":44,"esSugerencia":false},{"id":30,"esSugerencia":false},{"id":118,"esSugerencia":false}]},"fecha":1571143240454},{"frase":"quiero jugar con el juguete rosa rojo ","frecuencia":3,"complejidad":{"valor":0,"pictos componentes":[{"id":44,"esSugerencia":false},{"id":34,"edad":["NINO"],"esSugerencia":false},{"id":761,"esSugerencia":false},{"id":747,"esSugerencia":false},{"id":746,"esSugerencia":false}]},"fecha":[1571143260546,1571143263660,1571143264016]},{"frase":"yo quiero jugar con el juguete negro colores ","frecuencia":4,"complejidad":{"valor":0,"pictos componentes":[{"id":643,"esSugerencia":false},{"id":44,"esSugerencia":false},{"id":34,"edad":["NINO"],"esSugerencia":false},{"id":761,"esSugerencia":false},{"id":743,"esSugerencia":false},{"id":737,"esSugerencia":false}]},"fecha":[1572982009546,1573848613525,1573848712172,1573848770344]},{"frase":"yo quiero jugar con ","frecuencia":1,"complejidad":{"valor":0,"pictos componentes":[{"id":643,"esSugerencia":false},{"id":44,"esSugerencia":false},{"id":34,"edad":["NINO"],"esSugerencia":false}]},"fecha":1573766256651},{"frase":"yo quiero jugar con el juguete azul blanco colores ","frecuencia":20,"complejidad":{"valor":0,"pictos componentes":[{"id":643,"esSugerencia":false},{"id":44,"esSugerencia":false},{"id":34,"edad":["NINO"],"esSugerencia":false},{"id":761,"esSugerencia":false},{"id":734,"esSugerencia":false},{"id":736,"esSugerencia":false},{"id":737,"esSugerencia":false}]},"fecha":[1573766269550,1573766283469,1573766315994,1573766352533,1573766368443,1573766381291,1573766406174,1573766439936,1573766486027,1573766508854,1573766881049,1573766953489,1573848558769,1573848572305,1574262309815,1574262334707,1574262434347,1574513782813,1574720375930,1582136901480]},{"frase":"yo quiero jugar con el juguete rosa blanco colores ","frecuencia":1,"complejidad":{"valor":0,"pictos componentes":[{"id":643,"esSugerencia":false},{"id":44,"esSugerencia":false},{"id":34,"edad":["NINO"],"esSugerencia":false},{"id":761,"esSugerencia":false},{"id":747,"esSugerencia":false},{"id":736,"esSugerencia":false},{"id":737,"esSugerencia":false}]},"fecha":1573766302295},{"frase":"yo quiero jugar con el juguete rosa rojo amarillo azul blanco colores ","frecuencia":1,"complejidad":{"valor":0,"pictos componentes":[{"id":643,"esSugerencia":false},{"id":44,"esSugerencia":false},{"id":34,"edad":["NINO"],"esSugerencia":false},{"id":761,"esSugerencia":false},{"id":747,"esSugerencia":false},{"id":746,"esSugerencia":false},{"id":733,"esSugerencia":false},{"id":734,"esSugerencia":false},{"id":736,"esSugerencia":false},{"id":737,"esSugerencia":false}]},"fecha":1573766425733},{"frase":"yo quiero jugar con el juguete azul blanco blanco colores ","frecuencia":2,"complejidad":{"valor":0,"pictos componentes":[{"id":643,"esSugerencia":false},{"id":44,"esSugerencia":false},{"id":34,"edad":["NINO"],"esSugerencia":false},{"id":761,"esSugerencia":false},{"id":734,"esSugerencia":false},{"id":736,"esSugerencia":false},{"id":736,"esSugerencia":false},{"id":737,"esSugerencia":false}]},"fecha":[1573766533263,1574262387720]},{"frase":"quiero jugar con el juguete azul blanco colores ","frecuencia":2,"complejidad":{"valor":0,"pictos componentes":[{"id":44,"esSugerencia":false},{"id":34,"edad":["NINO"],"esSugerencia":false},{"id":761,"esSugerencia":false},{"id":734,"esSugerencia":false},{"id":736,"esSugerencia":false},{"id":737,"esSugerencia":false}]},"fecha":[1573766839126,1580947530750]},{"frase":"yo quiero jugar con el juguete rosa blanco ","frecuencia":1,"complejidad":{"valor":0,"pictos componentes":[{"id":643,"esSugerencia":false},{"id":44,"esSugerencia":false},{"id":34,"edad":["NINO"],"esSugerencia":false},{"id":761,"esSugerencia":false},{"id":747,"esSugerencia":false},{"id":736,"esSugerencia":false}]},"fecha":1573766915063},{"frase":"yo quiero jugar con la pelota verde ","frecuencia":2,"complejidad":{"valor":0,"pictos componentes":[{"id":643,"esSugerencia":false},{"id":44,"esSugerencia":false},{"id":34,"edad":["NINO"],"esSugerencia":false},{"id":996,"esSugerencia":false},{"id":749,"esSugerencia":false}]},"fecha":[1573766925386,1574262633103]},{"frase":"yo quiero jugar con el juguete blanco colores ","frecuencia":1,"complejidad":{"valor":0,"pictos componentes":[{"id":643,"esSugerencia":false},{"id":44,"esSugerencia":false},{"id":34,"edad":["NINO"],"esSugerencia":false},{"id":761,"esSugerencia":false},{"id":736,"esSugerencia":false},{"id":737,"esSugerencia":false}]},"fecha":1574262418627},{"frase":"quiero jugar con amigos huevo frito ","frecuencia":1,"complejidad":{"valor":0,"pictos componentes":[{"id":44,"esSugerencia":false},{"id":34,"edad":["NINO"],"esSugerencia":false},{"id":615,"esSugerencia":false},{"id":421}]},"fecha":1574262470120},{"frase":"yo quiero jugar con la pelota violeta ","frecuencia":3,"complejidad":{"valor":0,"pictos componentes":[{"id":643,"esSugerencia":false},{"id":44,"esSugerencia":false},{"id":34,"edad":["NINO"],"esSugerencia":false},{"id":996,"esSugerencia":false},{"id":748,"esSugerencia":false}]},"fecha":[1574262481985,1574262622004,1574262650392]},{"frase":"yo tengo hambre colores ","frecuencia":1,"complejidad":{"valor":0,"pictos componentes":[{"id":643,"esSugerencia":false},{"id":49,"esSugerencia":false},{"id":597,"esSugerencia":false},{"id":737,"esSugerencia":false}]},"fecha":1574262528253},{"frase":"yo quiero jugar con la pelota colores ","frecuencia":6,"complejidad":{"valor":0,"pictos componentes":[{"id":643,"esSugerencia":false},{"id":44,"esSugerencia":false},{"id":34,"edad":["NINO"],"esSugerencia":false},{"id":996,"esSugerencia":false},{"id":737,"esSugerencia":false}]},"fecha":[1574262553564,1574262570327,1574262586755,1574513750324,1574720080043,1580947401703]},{"frase":"yo quiero jugar con la pelota verde violeta ","frecuencia":2,"complejidad":{"valor":0,"pictos componentes":[{"id":643,"esSugerencia":false},{"id":44,"esSugerencia":false},{"id":34,"edad":["NINO"],"esSugerencia":false},{"id":996,"esSugerencia":false},{"id":749,"esSugerencia":false},{"id":748,"esSugerencia":false}]},"fecha":[1574262702678,1580947420459]},{"frase":"yo quiero ","frecuencia":1,"complejidad":{"valor":0,"pictos componentes":[{"id":643,"esSugerencia":false},{"id":44,"esSugerencia":false}]},"fecha":1574513679806},{"frase":"yo quiero jugar con la pelota violeta dorado ","frecuencia":2,"complejidad":{"valor":0,"pictos componentes":[{"id":643,"esSugerencia":false},{"id":44,"esSugerencia":false},{"id":34,"edad":["NINO"],"esSugerencia":false},{"id":996,"esSugerencia":false},{"id":748,"esSugerencia":false},{"id":738}]},"fecha":[1574513737700,1574720070802]},{"frase":"yo quiero jugar con la pelota verde gris ","frecuencia":2,"complejidad":{"valor":0,"pictos componentes":[{"id":643,"esSugerencia":false},{"id":44,"esSugerencia":false},{"id":34,"edad":["NINO"],"esSugerencia":false},{"id":996,"esSugerencia":false},{"id":749,"esSugerencia":false},{"id":739}]},"fecha":[1574720196517,1575399493054]},{"frase":"yo quiero jugar con la pelota verde violeta dorado ","frecuencia":1,"complejidad":{"valor":0,"pictos componentes":[{"id":643,"esSugerencia":false},{"id":44,"esSugerencia":false},{"id":34,"edad":["NINO"],"esSugerencia":false},{"id":996,"esSugerencia":false},{"id":749,"esSugerencia":false},{"id":748,"esSugerencia":false},{"id":738,"esSugerencia":false}]},"fecha":1574720260466},{"frase":"quiero jugar con la pelota blanco verde Claro ","frecuencia":1,"complejidad":{"valor":0,"pictos componentes":[{"id":44,"esSugerencia":false},{"id":34,"edad":["NINO"],"esSugerencia":false},{"id":996,"esSugerencia":false},{"id":736,"esSugerencia":false},{"id":750}]},"fecha":1574720329666},{"frase":"quiero jugar con la pelota colores ","frecuencia":1,"complejidad":{"valor":0,"pictos componentes":[{"id":44,"esSugerencia":false},{"id":34,"edad":["NINO"],"esSugerencia":false},{"id":996,"esSugerencia":false},{"id":737,"esSugerencia":false}]},"fecha":1574720365218},{"frase":"yo quiero jugar con el juguete azul blanco verde Claro ","frecuencia":1,"complejidad":{"valor":0,"pictos componentes":[{"id":643,"esSugerencia":false},{"id":44,"esSugerencia":false},{"id":34,"edad":["NINO"],"esSugerencia":false},{"id":761,"esSugerencia":false},{"id":734,"esSugerencia":false},{"id":736,"esSugerencia":false},{"id":750,"esSugerencia":false}]},"fecha":1574720392880},{"frase":"yo quiero jugar con la pelota verde blanco ","frecuencia":1,"complejidad":{"valor":0,"pictos componentes":[{"id":643,"esSugerencia":false},{"id":44,"esSugerencia":false},{"id":34,"edad":["NINO"],"esSugerencia":false},{"id":996,"esSugerencia":false},{"id":749,"esSugerencia":false},{"id":736,"esSugerencia":false}]},"fecha":1575399545813},{"frase":"yo quiero jugar con la pelota verde blanco verde Claro ","frecuencia":1,"complejidad":{"valor":0,"pictos componentes":[{"id":643,"esSugerencia":false},{"id":44,"esSugerencia":false},{"id":34,"edad":["NINO"],"esSugerencia":false},{"id":996,"esSugerencia":false},{"id":749,"esSugerencia":false},{"id":736,"esSugerencia":false},{"id":750,"esSugerencia":false}]},"fecha":1575399576918},{"frase":"yo quiero jugar con el juguete rosa rojo amarillo azul blanco verde Claro ","frecuencia":1,"complejidad":{"valor":0,"pictos componentes":[{"id":643,"esSugerencia":false},{"id":44,"esSugerencia":false},{"id":34,"edad":["NINO"],"esSugerencia":false},{"id":761,"esSugerencia":false},{"id":747,"esSugerencia":false},{"id":746,"esSugerencia":false},{"id":733,"esSugerencia":false},{"id":734,"esSugerencia":false},{"id":736,"esSugerencia":false},{"id":750,"esSugerencia":false}]},"fecha":1580947452083},{"frase":"quiero jugar con el juguete rosa rojo amarillo azul ","frecuencia":1,"complejidad":{"valor":0,"pictos componentes":[{"id":44,"esSugerencia":false},{"id":34,"edad":["NINO"],"esSugerencia":false},{"id":761,"esSugerencia":false},{"id":747,"esSugerencia":false},{"id":746,"esSugerencia":false},{"id":733,"esSugerencia":false},{"id":734,"esSugerencia":false}]},"fecha":1580947469985},{"frase":"yo quiero jugar con la pelota colores los instrumentos musicales jugar con la pelota colores los instrumentos musicales jugar con la pelota colores ","frecuencia":1,"complejidad":{"valor":0,"pictos componentes":[{"id":643,"esSugerencia":false},{"id":44,"esSugerencia":false},{"id":34,"edad":["NINO"],"esSugerencia":false},{"id":996,"esSugerencia":false},{"id":737,"esSugerencia":false},{"id":857,"esSugerencia":false},{"id":34,"edad":["NINO"],"esSugerencia":false},{"id":996,"esSugerencia":false},{"id":737,"esSugerencia":false},{"id":857,"esSugerencia":false},{"id":34,"edad":["NINO"],"esSugerencia":false},{"id":996,"esSugerencia":false},{"id":737,"esSugerencia":false}]},"fecha":1580947500021},{"frase":"yo quiero jugar con la pelota blanco verde Claro ","frecuencia":1,"complejidad":{"valor":0,"pictos componentes":[{"id":643,"esSugerencia":false},{"id":44,"esSugerencia":false},{"id":34,"edad":["NINO"],"esSugerencia":false},{"id":996,"esSugerencia":false},{"id":736,"esSugerencia":false},{"id":750,"esSugerencia":false}]},"fecha":1580947519669},{"frase":"yo quiero jugar con la pelota blanco blanco blanco verde Claro ","frecuencia":2,"complejidad":{"valor":0,"pictos componentes":[{"id":643,"esSugerencia":false},{"id":44,"esSugerencia":false},{"id":34,"edad":["NINO"],"esSugerencia":false},{"id":996,"esSugerencia":false},{"id":736,"esSugerencia":false},{"id":736,"esSugerencia":false},{"id":736,"esSugerencia":false},{"id":750,"esSugerencia":false}]},"fecha":[1580947575729,1582060265552]},{"frase":"yo quiero jugar con la pelota blanco colores ","frecuencia":2,"complejidad":{"valor":0,"pictos componentes":[{"id":643,"esSugerencia":false},{"id":44,"esSugerencia":false},{"id":34,"edad":["NINO"],"esSugerencia":false},{"id":996,"esSugerencia":false},{"id":736,"esSugerencia":false},{"id":737,"esSugerencia":false}]},"fecha":[1580947606503,1582060246881]},{"frase":"quiero jugar con la pelota colores los instrumentos musicales ","frecuencia":1,"complejidad":{"valor":0,"pictos componentes":[{"id":44,"esSugerencia":false},{"id":34,"edad":["NINO"],"esSugerencia":false},{"id":996,"esSugerencia":false},{"id":737,"esSugerencia":false},{"id":857,"esSugerencia":false}]},"fecha":1582060225969},{"frase":"quiero jugar con la pelota violeta verde Claro ","frecuencia":1,"complejidad":{"valor":0,"pictos componentes":[{"id":44,"esSugerencia":false},{"id":34,"edad":["NINO"],"esSugerencia":false},{"id":996,"esSugerencia":false},{"id":748,"esSugerencia":false},{"id":750,"esSugerencia":false}]},"fecha":1582136887576}]