[{"frase":"Hola ","frecuencia":2,"complejidad":{"valor":0,"pictos componentes":[{"id":377}]},"fecha":[1537552637,1537986105]},{"frase":"Hola ¿Cómo estás? ","frecuencia":1,"complejidad":{"valor":0,"pictos componentes":[{"id":377},{"id":378}]},"fecha":[1537986109]},{"frase":"Hola tengo fruta ","frecuencia":1,"complejidad":{"valor":0,"pictos componentes":[{"id":377},{"id":49},{"id":483}]},"fecha":[1538495464]},{"frase":"Hola Buen día estoy vendo ","frecuencia":1,"complejidad":{"valor":0,"pictos componentes":[{"id":377},{"id":379,"horario":["MANANA"]},{"id":22},{"id":1033}]},"fecha":[1538495591]},{"frase":"Hola Buen día vendo fruta ","frecuencia":1,"complejidad":{"valor":0,"pictos componentes":[{"id":377},{"id":379,"horario":["MANANA"]},{"id":1033},{"id":483}]},"fecha":[1538495639]},{"frase":"Hola ¿Cómo estás? vendo fruta ","frecuencia":6,"complejidad":{"valor":0,"pictos componentes":[{"id":377},{"id":378},{"id":1033},{"id":483}]},"fecha":[1538495723,1538495760,1538496045,1538496110,1538496183,1538496314]},{"frase":"la naranja vale doscientos ","frecuencia":6,"complejidad":{"valor":0,"pictos componentes":[{"id":900},{"id":435},{"id":1034},{"id":1035}]},"fecha":[1538495993,1538496006,1538496079,1538496140,1538496221,1538496348]},{"frase":"Hola Buenas tardes estoy aburrido ","frecuencia":1,"complejidad":{"valor":0,"pictos componentes":[{"id":377,"esSugerencia":false},{"id":380,"horario":["MEDIODIA","TARDE"],"esSugerencia":false},{"id":22,"esSugerencia":false},{"id":119,"esSugerencia":false}]},"fecha":1556845658919}]