[{"frase":"Hola Buenas tardes ","frecuencia":4,"complejidad":{"valor":0,"pictos componentes":[{"id":377,"esSugerencia":false},{"id":380,"horario":["MEDIODIA","TARDE"],"esSugerencia":false}]},"fecha":[1554078597582,1554078727755,1554165453390,1554165494080]},{"frase":"","frecuencia":2,"complejidad":{"valor":0,"pictos componentes":[]},"fecha":[1554078697398,1555459705681]},{"frase":"papá ¿Cómo estás? ","frecuencia":1,"complejidad":{"valor":0,"pictos componentes":[{"id":632,"esSugerencia":false},{"id":378,"esSugerencia":false}]},"fecha":1554078704292},{"frase":"Hola Buenas tardes galleta ","frecuencia":2,"complejidad":{"valor":0,"pictos componentes":[{"id":377,"esSugerencia":false},{"id":380,"horario":["MEDIODIA","TARDE"],"esSugerencia":false},{"id":415,"esSugerencia":true}]},"fecha":[1554078771149,1554165483567]},{"frase":"yo quiero comer bocadillo ","frecuencia":1,"complejidad":{"valor":0,"pictos componentes":[{"id":643,"esSugerencia":false},{"id":44,"esSugerencia":false},{"id":118,"esSugerencia":false},{"id":398}]},"fecha":1554078917647},{"frase":"mamá ¿Cómo estás? ","frecuencia":4,"complejidad":{"valor":0,"pictos componentes":[{"id":628,"esSugerencia":false},{"id":378,"esSugerencia":false}]},"fecha":[1554079075930,1554165369453,1554165658197,1554220425237]},{"frase":"yo tengo verguenza ","frecuencia":1,"complejidad":{"valor":0,"pictos componentes":[{"id":643,"esSugerencia":false},{"id":49,"esSugerencia":false},{"id":729,"esSugerencia":false}]},"fecha":1554163831563},{"frase":"yo tengo verguenza ¿Qué color es? asustado ácido ","frecuencia":2,"complejidad":{"valor":0,"pictos componentes":[{"id":643,"esSugerencia":false},{"id":49,"esSugerencia":false},{"id":729,"esSugerencia":false},{"id":745,"esSugerencia":true},{"id":121,"esSugerencia":true},{"id":122,"esSugerencia":true}]},"fecha":[1554163852033,1554163859412]},{"frase":"yo tengo verguenza ¿Qué color es? asustado sentimientos ","frecuencia":1,"complejidad":{"valor":0,"pictos componentes":[{"id":643,"esSugerencia":false},{"id":49,"esSugerencia":false},{"id":729,"esSugerencia":false},{"id":745,"esSugerencia":true},{"id":121,"esSugerencia":true},{"id":722,"esSugerencia":true}]},"fecha":1554163870655},{"frase":"quiero jugar con el juguete negro ","frecuencia":1,"complejidad":{"valor":0,"pictos componentes":[{"id":44,"esSugerencia":false},{"id":34,"edad":["NINO"],"esSugerencia":false},{"id":761,"esSugerencia":false},{"id":743,"esSugerencia":false}]},"fecha":1554165235300},{"frase":"quiero jugar con el juguete negro cambiar ","frecuencia":1,"complejidad":{"valor":0,"pictos componentes":[{"id":44,"esSugerencia":false},{"id":34,"edad":["NINO"],"esSugerencia":false},{"id":761,"esSugerencia":false},{"id":743,"esSugerencia":false},{"id":7,"esSugerencia":true}]},"fecha":1554165246239},{"frase":"quiero jugar con el juguete rosa estaciones del año dibujar ","frecuencia":2,"complejidad":{"valor":0,"pictos componentes":[{"id":44,"esSugerencia":false},{"id":34,"edad":["NINO"],"esSugerencia":false},{"id":761,"esSugerencia":false},{"id":747,"esSugerencia":false},{"id":813,"esSugerencia":true},{"id":15,"esSugerencia":true}]},"fecha":[1554165267126,1554165279096]},{"frase":"mamá ","frecuencia":2,"complejidad":{"valor":0,"pictos componentes":[{"id":628,"esSugerencia":false}]},"fecha":[1554165366099,1554220415956]},{"frase":"mamá ¿Cómo estás? en ","frecuencia":1,"complejidad":{"valor":0,"pictos componentes":[{"id":628,"esSugerencia":false},{"id":378,"esSugerencia":false},{"id":533,"esSugerencia":false}]},"fecha":1554165374447},{"frase":"mamá ¿Cómo estás? tengo hambre abeja ","frecuencia":1,"complejidad":{"valor":0,"pictos componentes":[{"id":628,"esSugerencia":false},{"id":378,"esSugerencia":false},{"id":49,"esSugerencia":false},{"id":597,"esSugerencia":false},{"id":283,"esSugerencia":true}]},"fecha":1554165387279},{"frase":"mamá ¿Cómo estás? tengo hambre ","frecuencia":1,"complejidad":{"valor":0,"pictos componentes":[{"id":628,"esSugerencia":false},{"id":378,"esSugerencia":false},{"id":49,"esSugerencia":false},{"id":597,"esSugerencia":false}]},"fecha":1554165395307},{"frase":"mamá ¿Cómo estás? tengo verguenza ","frecuencia":1,"complejidad":{"valor":0,"pictos componentes":[{"id":628,"esSugerencia":false},{"id":378,"esSugerencia":false},{"id":49,"esSugerencia":false},{"id":729,"esSugerencia":false}]},"fecha":1554165409137},{"frase":"mamá ¿Cómo estás? tengo verguenza aburrido ","frecuencia":1,"complejidad":{"valor":0,"pictos componentes":[{"id":628,"esSugerencia":false},{"id":378,"esSugerencia":false},{"id":49,"esSugerencia":false},{"id":729,"esSugerencia":false},{"id":119,"esSugerencia":true}]},"fecha":1554165417189},{"frase":"mamá ¿Cómo estás? tengo verguenza aburrido ansioso ","frecuencia":2,"complejidad":{"valor":0,"pictos componentes":[{"id":628,"esSugerencia":false},{"id":378,"esSugerencia":false},{"id":49,"esSugerencia":false},{"id":729,"esSugerencia":false},{"id":119,"esSugerencia":true},{"id":124,"esSugerencia":true}]},"fecha":[1554165422522,1554165432635]},{"frase":"Hola ","frecuencia":2,"complejidad":{"valor":0,"pictos componentes":[{"id":377,"esSugerencia":false}]},"fecha":[1554165449362,1555459991030]},{"frase":"Hola Buenas tardes galleta ananá bocadillo ","frecuencia":1,"complejidad":{"valor":0,"pictos componentes":[{"id":377,"esSugerencia":false},{"id":380,"horario":["MEDIODIA","TARDE"],"esSugerencia":false},{"id":415,"esSugerencia":false},{"id":394,"esSugerencia":true},{"id":398,"esSugerencia":true}]},"fecha":1554165462650},{"frase":"Hola Buenas tardes galleta ananá bocadillo espárrago ","frecuencia":1,"complejidad":{"valor":0,"pictos componentes":[{"id":377,"esSugerencia":false},{"id":380,"horario":["MEDIODIA","TARDE"],"esSugerencia":false},{"id":415,"esSugerencia":false},{"id":394,"esSugerencia":true},{"id":398,"esSugerencia":true},{"id":409,"esSugerencia":true}]},"fecha":1554165469507},{"frase":"Hola Buen día ir a hospital ","frecuencia":1,"complejidad":{"valor":0,"pictos componentes":[{"id":377,"esSugerencia":false},{"id":379,"horario":["MANANA"],"esSugerencia":false},{"id":30,"esSugerencia":true},{"id":668,"esSugerencia":false}]},"fecha":1554165508298},{"frase":"Hola Buen día ir a hospital dolor de Garganta ","frecuencia":3,"complejidad":{"valor":0,"pictos componentes":[{"id":377,"esSugerencia":false},{"id":379,"horario":["MANANA"],"esSugerencia":false},{"id":30,"esSugerencia":true},{"id":668,"esSugerencia":false},{"id":826,"esSugerencia":true}]},"fecha":[1554165518534,1554165540804,1554165544624]},{"frase":"Hola Buen día ir a hospital dolor de Garganta caro ","frecuencia":2,"complejidad":{"valor":0,"pictos componentes":[{"id":377,"esSugerencia":false},{"id":379,"horario":["MANANA"],"esSugerencia":false},{"id":30,"esSugerencia":true},{"id":668,"esSugerencia":false},{"id":826,"esSugerencia":true},{"id":144,"esSugerencia":true}]},"fecha":[1554165524087,1554165528926]},{"frase":"Hola Buen día ir a ","frecuencia":1,"complejidad":{"valor":0,"pictos componentes":[{"id":377,"esSugerencia":false},{"id":379,"horario":["MANANA"],"esSugerencia":false},{"id":30,"esSugerencia":true}]},"fecha":1554165549565},{"frase":"Hola Buen día ir a casa ","frecuencia":1,"complejidad":{"valor":0,"pictos componentes":[{"id":377,"esSugerencia":false},{"id":379,"horario":["MANANA"],"esSugerencia":false},{"id":30,"esSugerencia":true},{"id":653,"esSugerencia":false}]},"fecha":1554165554595},{"frase":"Hola Buen día ir a casa ayuda ","frecuencia":2,"complejidad":{"valor":0,"pictos componentes":[{"id":377,"esSugerencia":false},{"id":379,"horario":["MANANA"],"esSugerencia":false},{"id":30,"esSugerencia":true},{"id":653,"esSugerencia":false},{"id":703,"esSugerencia":true}]},"fecha":[1554165557782,1554165560274]},{"frase":"Hola Buen día ir a casa ayuda dedos ","frecuencia":2,"complejidad":{"valor":0,"pictos componentes":[{"id":377,"esSugerencia":false},{"id":379,"horario":["MANANA"],"esSugerencia":false},{"id":30,"esSugerencia":true},{"id":653,"esSugerencia":false},{"id":703,"esSugerencia":true},{"id":782,"esSugerencia":true}]},"fecha":[1554165566237,1554165574931]},{"frase":"Hola Buen día ir a casa ayuda dedos moco ","frecuencia":2,"complejidad":{"valor":0,"pictos componentes":[{"id":377,"esSugerencia":false},{"id":379,"horario":["MANANA"],"esSugerencia":false},{"id":30,"esSugerencia":true},{"id":653,"esSugerencia":false},{"id":703,"esSugerencia":true},{"id":782,"esSugerencia":true},{"id":787,"esSugerencia":true}]},"fecha":[1554165586386,1554165591489]},{"frase":"Hola Buen día ir a casa ayuda dedos dedos ","frecuencia":1,"complejidad":{"valor":0,"pictos componentes":[{"id":377,"esSugerencia":false},{"id":379,"horario":["MANANA"],"esSugerencia":false},{"id":30,"esSugerencia":true},{"id":653,"esSugerencia":false},{"id":703,"esSugerencia":true},{"id":782,"esSugerencia":true},{"id":782,"esSugerencia":true}]},"fecha":1554165610172},{"frase":"Hola Buen día ir a casa ayuda computadora ","frecuencia":1,"complejidad":{"valor":0,"pictos componentes":[{"id":377,"esSugerencia":false},{"id":379,"horario":["MANANA"],"esSugerencia":false},{"id":30,"esSugerencia":true},{"id":653,"esSugerencia":false},{"id":703,"esSugerencia":true},{"id":755,"esSugerencia":true}]},"fecha":1554165625616},{"frase":"Hola Buen día ir a casa ayuda computadora la patineta ","frecuencia":1,"complejidad":{"valor":0,"pictos componentes":[{"id":377,"esSugerencia":false},{"id":379,"horario":["MANANA"],"esSugerencia":false},{"id":30,"esSugerencia":true},{"id":653,"esSugerencia":false},{"id":703,"esSugerencia":true},{"id":755,"esSugerencia":true},{"id":995,"esSugerencia":true}]},"fecha":1554165631942},{"frase":"mamá ¿Cómo estás? quiero ","frecuencia":1,"complejidad":{"valor":0,"pictos componentes":[{"id":628,"esSugerencia":false},{"id":378,"esSugerencia":false},{"id":44,"esSugerencia":false}]},"fecha":1554165662429},{"frase":"mamá ¿Cómo estás? quiero buscar ","frecuencia":2,"complejidad":{"valor":0,"pictos componentes":[{"id":628,"esSugerencia":false},{"id":378,"esSugerencia":false},{"id":44,"esSugerencia":false},{"id":5,"esSugerencia":false}]},"fecha":[1554165669638,1554165672889]},{"frase":"mamá ¿Cómo estás? quiero buscar comida ","frecuencia":2,"complejidad":{"valor":0,"pictos componentes":[{"id":628,"esSugerencia":false},{"id":378,"esSugerencia":false},{"id":44,"esSugerencia":false},{"id":5,"esSugerencia":false},{"id":1014,"esSugerencia":false}]},"fecha":[1554165677492,1554165762177]},{"frase":"mamá ¿Cómo estás? quiero buscar comida sentarme ","frecuencia":1,"complejidad":{"valor":0,"pictos componentes":[{"id":628,"esSugerencia":false},{"id":378,"esSugerencia":false},{"id":44,"esSugerencia":false},{"id":5,"esSugerencia":false},{"id":1014,"esSugerencia":false},{"id":101,"esSugerencia":true}]},"fecha":1554165682442},{"frase":"mamá ¿Cómo estás? quiero buscar comida sentarme panza ","frecuencia":1,"complejidad":{"valor":0,"pictos componentes":[{"id":628,"esSugerencia":false},{"id":378,"esSugerencia":false},{"id":44,"esSugerencia":false},{"id":5,"esSugerencia":false},{"id":1014,"esSugerencia":false},{"id":101,"esSugerencia":true},{"id":795,"esSugerencia":true}]},"fecha":1554165712324},{"frase":"mamá ¿Cómo estás? quiero buscar comida sentarme panza nalgas nalgas nalgas ","frecuencia":1,"complejidad":{"valor":0,"pictos componentes":[{"id":628,"esSugerencia":false},{"id":378,"esSugerencia":false},{"id":44,"esSugerencia":false},{"id":5,"esSugerencia":false},{"id":1014,"esSugerencia":false},{"id":101,"esSugerencia":true},{"id":795,"esSugerencia":true},{"id":789,"esSugerencia":false},{"id":789,"esSugerencia":false},{"id":789,"esSugerencia":false}]},"fecha":1554165724334},{"frase":"mamá ¿Cómo estás? quiero buscar comida hacer pis ","frecuencia":2,"complejidad":{"valor":0,"pictos componentes":[{"id":628,"esSugerencia":false},{"id":378,"esSugerencia":false},{"id":44,"esSugerencia":false},{"id":5,"esSugerencia":false},{"id":1014,"esSugerencia":false},{"id":29,"esSugerencia":true}]},"fecha":[1554165766948,1554165776041]},{"frase":"mamá ¿Cómo estás? quiero buscar comida hacer pis . ¿me ayudas? ","frecuencia":1,"complejidad":{"valor":0,"pictos componentes":[{"id":628,"esSugerencia":false},{"id":378,"esSugerencia":false},{"id":44,"esSugerencia":false},{"id":5,"esSugerencia":false},{"id":1014,"esSugerencia":false},{"id":29,"esSugerencia":true},{"id":385,"esSugerencia":false}]},"fecha":1554165782689},{"frase":"mamá ¿Cómo estás? quiero buscar . ¿me ayudas? ","frecuencia":1,"complejidad":{"valor":0,"pictos componentes":[{"id":628,"esSugerencia":false},{"id":378,"esSugerencia":false},{"id":44,"esSugerencia":false},{"id":5,"esSugerencia":false},{"id":385,"esSugerencia":false}]},"fecha":1554165802136},{"frase":"mamá ¿Cómo estás? quiero buscar . ¿me ayudas? moco ","frecuencia":1,"complejidad":{"valor":0,"pictos componentes":[{"id":628,"esSugerencia":false},{"id":378,"esSugerencia":false},{"id":44,"esSugerencia":false},{"id":5,"esSugerencia":false},{"id":385,"esSugerencia":false},{"id":787,"esSugerencia":true}]},"fecha":1554165811898},{"frase":"mamá ¿Cómo estás? quiero buscar . ¿me ayudas? moco muñeca ","frecuencia":1,"complejidad":{"valor":0,"pictos componentes":[{"id":628,"esSugerencia":false},{"id":378,"esSugerencia":false},{"id":44,"esSugerencia":false},{"id":5,"esSugerencia":false},{"id":385,"esSugerencia":false},{"id":787,"esSugerencia":true},{"id":788,"esSugerencia":true}]},"fecha":1554165819068},{"frase":"mamá ¿Cómo estás? quiero buscar . ¿me ayudas? moco panza ","frecuencia":2,"complejidad":{"valor":0,"pictos componentes":[{"id":628,"esSugerencia":false},{"id":378,"esSugerencia":false},{"id":44,"esSugerencia":false},{"id":5,"esSugerencia":false},{"id":385,"esSugerencia":false},{"id":787,"esSugerencia":true},{"id":795,"esSugerencia":false}]},"fecha":[1554165831403,1554165857363]},{"frase":"yo tengo frío ","frecuencia":2,"complejidad":{"valor":0,"pictos componentes":[{"id":643,"esSugerencia":false},{"id":49,"esSugerencia":false},{"id":177,"esSugerencia":false}]},"fecha":[1554172617072,1554172621643]},{"frase":"yo tengo ","frecuencia":1,"complejidad":{"valor":0,"pictos componentes":[{"id":643,"esSugerencia":false},{"id":49,"esSugerencia":false}]},"fecha":1554172625631},{"frase":"yo quiero buscar mamá ¿Cómo estás? quiero jugar con ","frecuencia":1,"complejidad":{"valor":0,"pictos componentes":[{"id":643,"esSugerencia":false},{"id":44,"esSugerencia":false},{"id":5,"esSugerencia":false},{"id":628,"esSugerencia":false},{"id":378,"esSugerencia":false},{"id":44,"esSugerencia":false},{"id":34,"edad":["NINO"],"esSugerencia":false}]},"fecha":1554172645055},{"frase":"yo quiero buscar mamá ¿Cómo estás? ","frecuencia":1,"complejidad":{"valor":0,"pictos componentes":[{"id":643,"esSugerencia":false},{"id":44,"esSugerencia":false},{"id":5,"esSugerencia":false},{"id":628,"esSugerencia":false},{"id":378,"esSugerencia":false}]},"fecha":1554172658307},{"frase":"yo quiero buscar mamá ","frecuencia":1,"complejidad":{"valor":0,"pictos componentes":[{"id":643,"esSugerencia":false},{"id":44,"esSugerencia":false},{"id":5,"esSugerencia":false},{"id":628,"esSugerencia":false}]},"fecha":1554177221626},{"frase":"yo quiero buscar ","frecuencia":1,"complejidad":{"valor":0,"pictos componentes":[{"id":643,"esSugerencia":false},{"id":44,"esSugerencia":false},{"id":5,"esSugerencia":false}]},"fecha":1554177229061},{"frase":"yo quiero ","frecuencia":1,"complejidad":{"valor":0,"pictos componentes":[{"id":643,"esSugerencia":false},{"id":44,"esSugerencia":false}]},"fecha":1554177234275},{"frase":"yo quiero comer ","frecuencia":1,"complejidad":{"valor":0,"pictos componentes":[{"id":643,"esSugerencia":false},{"id":44,"esSugerencia":false},{"id":118,"esSugerencia":false}]},"fecha":1554177240509},{"frase":"yo quiero comer pollo ","frecuencia":1,"complejidad":{"valor":0,"pictos componentes":[{"id":643,"esSugerencia":false},{"id":44,"esSugerencia":false},{"id":118,"esSugerencia":false},{"id":504,"esSugerencia":false}]},"fecha":1554177244728},{"frase":"yo quiero comer hamburguesa ","frecuencia":1,"complejidad":{"valor":0,"pictos componentes":[{"id":643,"esSugerencia":false},{"id":44,"esSugerencia":false},{"id":118,"esSugerencia":false},{"id":515,"esSugerencia":false}]},"fecha":1554177250982},{"frase":"yo quiero comer carne ","frecuencia":2,"complejidad":{"valor":0,"pictos componentes":[{"id":643,"esSugerencia":false},{"id":44,"esSugerencia":false},{"id":118,"esSugerencia":false},{"id":482,"esSugerencia":false}]},"fecha":[1554177261233,1554177308185]},{"frase":"yo quiero comer carne cambiar de canal ","frecuencia":2,"complejidad":{"valor":0,"pictos componentes":[{"id":643,"esSugerencia":false},{"id":44,"esSugerencia":false},{"id":118,"esSugerencia":false},{"id":482,"esSugerencia":false},{"id":8,"esSugerencia":true}]},"fecha":[1554177268300,1554177301854]},{"frase":"yo quiero comer carne cambiar de canal descripción ","frecuencia":1,"complejidad":{"valor":0,"pictos componentes":[{"id":643,"esSugerencia":false},{"id":44,"esSugerencia":false},{"id":118,"esSugerencia":false},{"id":482,"esSugerencia":false},{"id":8,"esSugerencia":true},{"id":707,"esSugerencia":true}]},"fecha":1554177274710},{"frase":"yo quiero comer carne cambiar de canal descripción abeja ","frecuencia":1,"complejidad":{"valor":0,"pictos componentes":[{"id":643,"esSugerencia":false},{"id":44,"esSugerencia":false},{"id":118,"esSugerencia":false},{"id":482,"esSugerencia":false},{"id":8,"esSugerencia":true},{"id":707,"esSugerencia":true},{"id":283,"esSugerencia":true}]},"fecha":1554177281686},{"frase":"yo quiero comer carne tomar ","frecuencia":2,"complejidad":{"valor":0,"pictos componentes":[{"id":643,"esSugerencia":false},{"id":44,"esSugerencia":false},{"id":118,"esSugerencia":false},{"id":482,"esSugerencia":false},{"id":51,"esSugerencia":true}]},"fecha":[1554177313499,1554177316523]},{"frase":"yo quiero comer carne tomar agua ","frecuencia":1,"complejidad":{"valor":0,"pictos componentes":[{"id":643,"esSugerencia":false},{"id":44,"esSugerencia":false},{"id":118,"esSugerencia":false},{"id":482,"esSugerencia":false},{"id":51,"esSugerencia":true},{"id":500,"esSugerencia":false}]},"fecha":1554177320972},{"frase":"yo quiero comer carne tomar gaseosa ","frecuencia":1,"complejidad":{"valor":0,"pictos componentes":[{"id":643,"esSugerencia":false},{"id":44,"esSugerencia":false},{"id":118,"esSugerencia":false},{"id":482,"esSugerencia":false},{"id":51,"esSugerencia":true},{"id":501,"esSugerencia":false}]},"fecha":1554177328326},{"frase":"yo quiero comer carne tomar leche ","frecuencia":1,"complejidad":{"valor":0,"pictos componentes":[{"id":643,"esSugerencia":false},{"id":44,"esSugerencia":false},{"id":118,"esSugerencia":false},{"id":482,"esSugerencia":false},{"id":51,"esSugerencia":true},{"id":495,"esSugerencia":false}]},"fecha":1554177334539},{"frase":"yo quiero comer carne tomar yogur ","frecuencia":1,"complejidad":{"valor":0,"pictos componentes":[{"id":643,"esSugerencia":false},{"id":44,"esSugerencia":false},{"id":118,"esSugerencia":false},{"id":482,"esSugerencia":false},{"id":51,"esSugerencia":true},{"id":484,"esSugerencia":false}]},"fecha":1554177344017},{"frase":"yo quiero comer carne tomar yogur sentarme ","frecuencia":1,"complejidad":{"valor":0,"pictos componentes":[{"id":643,"esSugerencia":false},{"id":44,"esSugerencia":false},{"id":118,"esSugerencia":false},{"id":482,"esSugerencia":false},{"id":51,"esSugerencia":true},{"id":484,"esSugerencia":false},{"id":101,"esSugerencia":true}]},"fecha":1554177353064},{"frase":"nalgas tetas champiñones ","frecuencia":1,"complejidad":{"valor":0,"pictos componentes":[{"id":789,"esSugerencia":false},{"id":806,"esSugerencia":false},{"id":405,"esSugerencia":true}]},"fecha":1554177418160},{"frase":"nalgas tetas ","frecuencia":1,"complejidad":{"valor":0,"pictos componentes":[{"id":789,"esSugerencia":false},{"id":806,"esSugerencia":false}]},"fecha":1554177426774},{"frase":"nalgas tetas sangre ","frecuencia":1,"complejidad":{"valor":0,"pictos componentes":[{"id":789,"esSugerencia":false},{"id":806,"esSugerencia":false},{"id":804,"esSugerencia":true}]},"fecha":1554177433643},{"frase":"nalgas tetas sangre nalgas tetas sangre ","frecuencia":1,"complejidad":{"valor":0,"pictos componentes":[{"id":789,"esSugerencia":false},{"id":806,"esSugerencia":false},{"id":804,"esSugerencia":true},{"id":789,"esSugerencia":true},{"id":806,"esSugerencia":false},{"id":804,"esSugerencia":false}]},"fecha":1554177448211},{"frase":"nalgas tetas sangre nalgas tetas sangre nalgas ","frecuencia":1,"complejidad":{"valor":0,"pictos componentes":[{"id":789,"esSugerencia":false},{"id":806,"esSugerencia":false},{"id":804,"esSugerencia":true},{"id":789,"esSugerencia":true},{"id":806,"esSugerencia":false},{"id":804,"esSugerencia":false},{"id":789,"esSugerencia":false}]},"fecha":1554177455209},{"frase":"sangre nalgas ","frecuencia":2,"complejidad":{"valor":0,"pictos componentes":[{"id":804,"esSugerencia":false},{"id":789,"esSugerencia":false}]},"fecha":[1554177571834,1554177667753]},{"frase":"sangre nalgas tetas ","frecuencia":1,"complejidad":{"valor":0,"pictos componentes":[{"id":804,"esSugerencia":false},{"id":789,"esSugerencia":false},{"id":806,"esSugerencia":false}]},"fecha":1554177576464},{"frase":"sangre nalgas tetas sangre ","frecuencia":1,"complejidad":{"valor":0,"pictos componentes":[{"id":804,"esSugerencia":false},{"id":789,"esSugerencia":false},{"id":806,"esSugerencia":false},{"id":804,"esSugerencia":false}]},"fecha":1554177587445},{"frase":"sangre nalgas tetas sangre rojo ","frecuencia":1,"complejidad":{"valor":0,"pictos componentes":[{"id":804,"esSugerencia":false},{"id":789,"esSugerencia":false},{"id":806,"esSugerencia":false},{"id":804,"esSugerencia":false},{"id":746,"esSugerencia":true}]},"fecha":1554177594729},{"frase":"sangre nalgas tetas sangre rojo verde ","frecuencia":1,"complejidad":{"valor":0,"pictos componentes":[{"id":804,"esSugerencia":false},{"id":789,"esSugerencia":false},{"id":806,"esSugerencia":false},{"id":804,"esSugerencia":false},{"id":746,"esSugerencia":true},{"id":749,"esSugerencia":true}]},"fecha":1554177604145},{"frase":"sangre ","frecuencia":1,"complejidad":{"valor":0,"pictos componentes":[{"id":804,"esSugerencia":false}]},"fecha":1554177616668},{"frase":"sangre rojo ","frecuencia":1,"complejidad":{"valor":0,"pictos componentes":[{"id":804,"esSugerencia":false},{"id":746,"esSugerencia":true}]},"fecha":1554177621270},{"frase":"sangre rojo verde ","frecuencia":1,"complejidad":{"valor":0,"pictos componentes":[{"id":804,"esSugerencia":false},{"id":746,"esSugerencia":true},{"id":749,"esSugerencia":false}]},"fecha":1554177625894},{"frase":"sangre azul ","frecuencia":1,"complejidad":{"valor":0,"pictos componentes":[{"id":804,"esSugerencia":false},{"id":734,"esSugerencia":true}]},"fecha":1554177634229},{"frase":"sangre nalgas nalgas nalgas nalgas nalgas nalgas ","frecuencia":1,"complejidad":{"valor":0,"pictos componentes":[{"id":804,"esSugerencia":false},{"id":789,"esSugerencia":false},{"id":789,"esSugerencia":false},{"id":789,"esSugerencia":false},{"id":789,"esSugerencia":false},{"id":789,"esSugerencia":false},{"id":789,"esSugerencia":false}]},"fecha":1554177650217},{"frase":"sangre nalgas nalgas nalgas nalgas nalgas nalgas nalgas ","frecuencia":1,"complejidad":{"valor":0,"pictos componentes":[{"id":804,"esSugerencia":false},{"id":789,"esSugerencia":false},{"id":789,"esSugerencia":false},{"id":789,"esSugerencia":false},{"id":789,"esSugerencia":false},{"id":789,"esSugerencia":false},{"id":789,"esSugerencia":false},{"id":789,"esSugerencia":false}]},"fecha":1554177658767},{"frase":"sangre nalgas tetas champiñones ","frecuencia":1,"complejidad":{"valor":0,"pictos componentes":[{"id":804,"esSugerencia":false},{"id":789,"esSugerencia":false},{"id":806,"esSugerencia":false},{"id":405,"esSugerencia":false}]},"fecha":1554177673188},{"frase":"mamá ¿Cómo estás? nalgas ","frecuencia":1,"complejidad":{"valor":0,"pictos componentes":[{"id":628,"esSugerencia":false},{"id":378,"esSugerencia":false},{"id":789,"esSugerencia":false}]},"fecha":1554220480236},{"frase":"mamá ¿Cómo estás? nalgas tetas sangre ","frecuencia":1,"complejidad":{"valor":0,"pictos componentes":[{"id":628,"esSugerencia":false},{"id":378,"esSugerencia":false},{"id":789,"esSugerencia":false},{"id":806,"esSugerencia":false},{"id":804,"esSugerencia":false}]},"fecha":1554220488536},{"frase":"nalgas tetas nalgas tetas sangre nalgas nalgas nalgas nalgas nalgas tetas nalgas tetas nalgas ","frecuencia":1,"complejidad":{"valor":0,"pictos componentes":[{"id":789,"esSugerencia":false},{"id":806,"esSugerencia":false},{"id":789,"esSugerencia":false},{"id":806,"esSugerencia":false},{"id":804,"esSugerencia":false},{"id":789,"esSugerencia":false},{"id":789,"esSugerencia":false},{"id":789,"esSugerencia":false},{"id":789,"esSugerencia":false},{"id":789,"esSugerencia":false},{"id":806,"esSugerencia":false},{"id":789,"esSugerencia":false},{"id":806,"esSugerencia":false},{"id":789,"esSugerencia":false}]},"fecha":1555459654266},{"frase":"nalgas tetas nalgas tetas sangre nalgas nalgas nalgas ombligo tetas negro acá ¿Quiénes? ","frecuencia":1,"complejidad":{"valor":0,"pictos componentes":[{"id":789,"esSugerencia":false},{"id":806,"esSugerencia":false},{"id":789,"esSugerencia":false},{"id":806,"esSugerencia":false},{"id":804,"esSugerencia":false},{"id":789,"esSugerencia":false},{"id":789,"esSugerencia":false},{"id":789,"esSugerencia":false},{"id":792},{"id":806,"esSugerencia":true},{"id":743,"esSugerencia":true},{"id":644,"esSugerencia":true},{"id":915,"esSugerencia":true}]},"fecha":1555459688857},{"frase":"mamá dame los juguetes niño en ropa interior tacon ","frecuencia":1,"complejidad":{"valor":0,"pictos componentes":[{"id":628,"esSugerencia":false},{"id":14,"esSugerencia":false},{"id":989,"esSugerencia":false},{"id":959,"esSugerencia":true},{"id":970,"esSugerencia":true}]},"fecha":1555459758824},{"frase":"mamá dame los juguetes niño en ropa interior tacon cuello cepillarme los dientes dolor de muela ","frecuencia":1,"complejidad":{"valor":0,"pictos componentes":[{"id":628,"esSugerencia":false},{"id":14,"esSugerencia":false},{"id":989,"esSugerencia":false},{"id":959,"esSugerencia":true},{"id":970,"esSugerencia":true},{"id":781,"esSugerencia":true},{"id":11,"esSugerencia":true},{"id":822,"esSugerencia":true}]},"fecha":1555459772896}]