[{"frase":"papá quiero comer ","frecuencia":2,"complejidad":{"valor":0,"pictos componentes":[{"id":632,"esSugerencia":false},{"id":44,"esSugerencia":false},{"id":118,"esSugerencia":false}]},"fecha":[1558187783224,1558356811859]},{"frase":"maestra Buen día ","frecuencia":1,"complejidad":{"valor":0,"pictos componentes":[{"id":626,"esSugerencia":true},{"id":379,"horario":["MANANA"],"esSugerencia":true}]},"fecha":1558187820819},{"frase":"maestra Buen día quiero ir a cuarto de baño ","frecuencia":1,"complejidad":{"valor":0,"pictos componentes":[{"id":626,"esSugerencia":true},{"id":379,"horario":["MANANA"],"esSugerencia":true},{"id":44,"esSugerencia":false},{"id":30,"esSugerencia":false},{"id":660,"esSugerencia":true}]},"fecha":1558187844270},{"frase":"Hola ","frecuencia":1,"complejidad":{"valor":0,"pictos componentes":[{"id":377,"esSugerencia":false}]},"fecha":1558187862265},{"frase":"Hola ¿Cómo estás? ","frecuencia":1,"complejidad":{"valor":0,"pictos componentes":[{"id":377,"esSugerencia":false},{"id":378,"esSugerencia":false}]},"fecha":1558187866246},{"frase":"Hola ¿Cómo estás? tengo frío ","frecuencia":2,"complejidad":{"valor":0,"pictos componentes":[{"id":377,"esSugerencia":false},{"id":378,"esSugerencia":false},{"id":49,"esSugerencia":false},{"id":177,"esSugerencia":false}]},"fecha":[1558187876346,1559167903090]},{"frase":"Hola tengo hambre quiero comer pollo ","frecuencia":1,"complejidad":{"valor":0,"pictos componentes":[{"id":377,"esSugerencia":false},{"id":49,"esSugerencia":false},{"id":597,"esSugerencia":false},{"id":44,"esSugerencia":true},{"id":118,"esSugerencia":false},{"id":504,"esSugerencia":false}]},"fecha":1558187939020},{"frase":"Hola ¿Cómo estás? tengo verguenza ","frecuencia":1,"complejidad":{"valor":0,"pictos componentes":[{"id":377,"esSugerencia":false},{"id":378,"esSugerencia":false},{"id":49,"esSugerencia":false},{"id":729,"esSugerencia":false}]},"fecha":1559168081742},{"frase":"maestra Buen día quiero ir a hacer pis ","frecuencia":1,"complejidad":{"valor":0,"pictos componentes":[{"id":626,"esSugerencia":false},{"id":379,"horario":["MANANA"],"esSugerencia":false},{"id":44,"esSugerencia":false},{"id":30,"esSugerencia":false},{"id":29,"esSugerencia":true}]},"fecha":1559168168165},{"frase":"Hola Buen día estoy mal panza ","frecuencia":1,"complejidad":{"valor":0,"pictos componentes":[{"id":377,"esSugerencia":false},{"id":379,"horario":["MANANA"],"esSugerencia":false},{"id":22,"esSugerencia":false},{"id":205,"esSugerencia":false},{"id":795,"esSugerencia":true}]},"fecha":1559168215515},{"frase":"","frecuencia":1,"complejidad":{"valor":0,"pictos componentes":[]},"fecha":1559168270219},{"frase":"Hola mamá tengo frío ","frecuencia":1,"complejidad":{"valor":0,"pictos componentes":[{"id":377,"esSugerencia":false},{"id":628,"esSugerencia":false},{"id":49,"esSugerencia":false},{"id":177,"esSugerencia":false}]},"fecha":1559168298363},{"frase":"Hola Buen día ","frecuencia":1,"complejidad":{"valor":0,"pictos componentes":[{"id":377,"esSugerencia":false},{"id":379,"horario":["MANANA"],"esSugerencia":false}]},"fecha":1560284954976},{"frase":"Hola Buen día ¿Cómo estás? quiero comer ","frecuencia":1,"complejidad":{"valor":0,"pictos componentes":[{"id":377,"esSugerencia":false},{"id":379,"horario":["MANANA"],"esSugerencia":false},{"id":378,"esSugerencia":true},{"id":44,"esSugerencia":false},{"id":118,"esSugerencia":false}]},"fecha":1560284993357},{"frase":"Hola ¿Cómo estás? estoy mal ","frecuencia":1,"complejidad":{"valor":0,"pictos componentes":[{"id":377,"esSugerencia":false},{"id":378,"esSugerencia":false},{"id":22,"esSugerencia":false},{"id":205,"esSugerencia":false}]},"fecha":1564509679238}]