[{"frase":"Hola papá estoy aburrido ","frecuencia":1,"complejidad":{"valor":0,"pictos componentes":[{"id":377,"esSugerencia":false},{"id":632,"esSugerencia":false},{"id":22,"esSugerencia":false},{"id":119,"esSugerencia":false}]},"fecha":1579113367270},{"frase":"yo estoy mal ","frecuencia":2,"complejidad":{"valor":0,"pictos componentes":[{"id":643,"esSugerencia":false},{"id":22,"esSugerencia":false},{"id":205,"esSugerencia":false}]},"fecha":[1579113521588,1579113526496]},{"frase":"Hola ¿Cómo estás? quiero ir a casa ","frecuencia":1,"complejidad":{"valor":0,"pictos componentes":[{"id":377,"esSugerencia":false},{"id":378,"esSugerencia":false},{"id":44,"esSugerencia":false},{"id":30,"esSugerencia":false},{"id":653,"esSugerencia":false}]},"fecha":1579113554456},{"frase":"quiero ir a hospital ","frecuencia":1,"complejidad":{"valor":0,"pictos componentes":[{"id":44,"esSugerencia":false},{"id":30,"esSugerencia":false},{"id":668,"esSugerencia":false}]},"fecha":1579113599350},{"frase":"mamá quiero ir a comer pollo ","frecuencia":2,"complejidad":{"valor":0,"pictos componentes":[{"id":628,"esSugerencia":false},{"id":44,"esSugerencia":false},{"id":30,"esSugerencia":false},{"id":118,"esSugerencia":false},{"id":504,"esSugerencia":false}]},"fecha":[1579113748796,1579113757182]},{"frase":"No quiero comer ","frecuencia":1,"complejidad":{"valor":0,"pictos componentes":[{"id":389,"esSugerencia":false},{"id":44,"esSugerencia":false},{"id":118,"esSugerencia":false}]},"fecha":1579113838341},{"frase":"Hola Buen día estoy aburrido ","frecuencia":2,"complejidad":{"valor":0,"pictos componentes":[{"id":377,"esSugerencia":false},{"id":379,"horario":["MANANA"],"esSugerencia":false,"hora":["MANANA"]},{"id":22,"esSugerencia":false},{"id":119,"esSugerencia":false}]},"fecha":[1579123490748,1579218729790]},{"frase":"quiero ir a casa ","frecuencia":2,"complejidad":{"valor":0,"pictos componentes":[{"id":44,"esSugerencia":false},{"id":30,"esSugerencia":false},{"id":653,"esSugerencia":false}]},"fecha":[1579123509669,1579124630900]},{"frase":"Hola Buen día estoy mal ","frecuencia":2,"complejidad":{"valor":0,"pictos componentes":[{"id":377,"esSugerencia":false},{"id":379,"horario":["MANANA"],"esSugerencia":false,"hora":["MANANA"]},{"id":22,"esSugerencia":false},{"id":205,"esSugerencia":false}]},"fecha":[1579143803814,1579143806865]},{"frase":"Hola Buen día ","frecuencia":4,"complejidad":{"valor":0,"pictos componentes":[{"id":377,"esSugerencia":false},{"id":379,"horario":["MANANA"],"esSugerencia":false,"hora":["MANANA"]}]},"fecha":[1579177280358,1579177284881,1579218412018,1579219110768]},{"frase":"Hola Buen día quiero ir a pasear ","frecuencia":1,"complejidad":{"valor":0,"pictos componentes":[{"id":377,"esSugerencia":false},{"id":379,"horario":["MANANA"],"esSugerencia":false,"hora":["MANANA"]},{"id":44,"esSugerencia":false},{"id":30,"esSugerencia":false},{"id":87,"esSugerencia":false}]},"fecha":1579177315916},{"frase":"Hola tengo frío ","frecuencia":1,"complejidad":{"valor":0,"pictos componentes":[{"id":377,"esSugerencia":false},{"id":49,"esSugerencia":false},{"id":177,"esSugerencia":false}]},"fecha":1579218341688},{"frase":"Hola Buen día tengo hambre ","frecuencia":1,"complejidad":{"valor":0,"pictos componentes":[{"id":377,"esSugerencia":false},{"id":379,"horario":["MANANA"],"esSugerencia":false,"hora":["MANANA"]},{"id":49,"esSugerencia":false},{"id":597,"esSugerencia":false}]},"fecha":1579219121837},{"frase":"quiero buscar comida ","frecuencia":1,"complejidad":{"valor":0,"pictos componentes":[{"id":44,"esSugerencia":false},{"id":5,"esSugerencia":false},{"id":1014,"esSugerencia":false}]},"fecha":1579219145687},{"frase":"Hola ","frecuencia":1,"complejidad":{"valor":0,"pictos componentes":[]},"fecha":1579272022587},{"frase":"quiero comer ","frecuencia":1,"complejidad":{"valor":0,"pictos componentes":[{"id":44,"esSugerencia":false},{"id":118,"esSugerencia":false}]},"fecha":1579272101038},{"frase":"quiero comer pasta ","frecuencia":1,"complejidad":{"valor":0,"pictos componentes":[{"id":44,"esSugerencia":false},{"id":118,"esSugerencia":false},{"id":480,"esSugerencia":false}]},"fecha":1579272143888},{"frase":"Hola Buenas tardes quiero comer ","frecuencia":1,"complejidad":{"valor":0,"pictos componentes":[{"id":377,"esSugerencia":false},{"id":380,"horario":["MEDIODIA","TARDE"],"esSugerencia":false,"hora":["TARDE"]},{"id":44,"esSugerencia":false},{"id":118,"esSugerencia":false}]},"fecha":1579272472379},{"frase":"quiero cambiarme la ropa cambiarme el pañal ","frecuencia":4,"complejidad":{"valor":0,"pictos componentes":[{"id":44,"esSugerencia":false},{"id":10,"esSugerencia":false},{"id":9,"esSugerencia":true}]},"fecha":[1579273004301,1579274192946,1579279684131,1579303820930]},{"frase":"quiero escuchar música ","frecuencia":1,"complejidad":{"valor":0,"pictos componentes":[{"id":44,"esSugerencia":false},{"id":20,"esSugerencia":true}]},"fecha":1579273214812},{"frase":"quiero comer yogur ","frecuencia":19,"complejidad":{"valor":0,"pictos componentes":[{"id":44,"esSugerencia":false},{"id":118,"esSugerencia":false},{"id":484,"esSugerencia":true}]},"fecha":[1579274095197,1579274506198,1579276153469,1579279031946,1579279649117,1579279661668,1579303798481,1579359990158,1579360004556,1579360112558,1579360252270,1579361286000,1579361904637,1579400777564,1579400787220,1579470700708,1579470722020,1580140487416,1580140514673]},{"frase":"mamá quiero comer yogur ","frecuencia":1,"complejidad":{"valor":0,"pictos componentes":[{"id":628,"esSugerencia":false},{"id":44,"esSugerencia":false},{"id":118,"esSugerencia":false},{"id":484,"esSugerencia":false}]},"fecha":1579275083966},{"frase":"quiero tomar ","frecuencia":1,"complejidad":{"valor":0,"pictos componentes":[{"id":44,"esSugerencia":false},{"id":51,"esSugerencia":false}]},"fecha":1579356398629},{"frase":"quiero comer arroz ","frecuencia":1,"complejidad":{"valor":0,"pictos componentes":[{"id":44,"esSugerencia":false},{"id":118,"esSugerencia":false},{"id":481,"esSugerencia":false}]},"fecha":1579361335888},{"frase":"quiero cambiarme el pañal ","frecuencia":1,"complejidad":{"valor":0,"pictos componentes":[{"id":44,"esSugerencia":false},{"id":9,"esSugerencia":true}]},"fecha":1579361995611},{"frase":"Hola Buen día quiero cambiarme el pañal ","frecuencia":1,"complejidad":{"valor":0,"pictos componentes":[{"id":377,"esSugerencia":false},{"id":379,"horario":["MANANA"],"esSugerencia":false,"hora":["MANANA"]},{"id":44,"esSugerencia":false},{"id":9,"esSugerencia":false}]},"fecha":1579400809769}]