[{"frase":"Hola Buenas tardes ","frecuencia":1,"complejidad":{"valor":0,"pictos componentes":[{"id":377,"esSugerencia":false},{"id":380,"horario":["MEDIODIA","TARDE"],"esSugerencia":false}]},"fecha":1552572455356},{"frase":"papá ","frecuencia":3,"complejidad":{"valor":0,"pictos componentes":[{"id":632,"esSugerencia":false}]},"fecha":[1552572473938,1552572480550,1552572481064]},{"frase":"papá quiero ","frecuencia":7,"complejidad":{"valor":0,"pictos componentes":[{"id":632,"esSugerencia":false},{"id":44,"esSugerencia":false}]},"fecha":[1552572485072,1552572486984,1552572488065,1552572488730,1552572498323,1552572498992,1552572500040]},{"frase":"papá quiero abeja ","frecuencia":1,"complejidad":{"valor":0,"pictos componentes":[{"id":632,"esSugerencia":false},{"id":44,"esSugerencia":false},{"id":283}]},"fecha":1552572515752},{"frase":"mamá ","frecuencia":5,"complejidad":{"valor":0,"pictos componentes":[{"id":628,"esSugerencia":false}]},"fecha":[1552572542515,1552572630662,1552572638158,1552572639866,1552572644035]}]