[{"frase":"Hola tengo ","frecuencia":2,"complejidad":{"valor":0,"pictos componentes":[{"id":377,"esSugerencia":false},{"id":49,"esSugerencia":false}]},"fecha":[1571763790578,1571763794989]},{"frase":"Hola tengo frío ","frecuencia":1,"complejidad":{"valor":0,"pictos componentes":[{"id":377,"esSugerencia":false},{"id":49,"esSugerencia":false},{"id":177,"esSugerencia":false}]},"fecha":1571763803939},{"frase":"","frecuencia":2,"complejidad":{"valor":0,"pictos componentes":[]},"fecha":[1571835512650,1571835786915]},{"frase":"yo tengo verguenza ","frecuencia":1,"complejidad":{"valor":0,"pictos componentes":[{"id":643,"esSugerencia":false},{"id":49,"esSugerencia":false},{"id":729,"esSugerencia":false}]},"fecha":1571835696865},{"frase":"Hola Buen día quiero jugar con ","frecuencia":1,"complejidad":{"valor":0,"pictos componentes":[{"id":377,"esSugerencia":false},{"id":379,"horario":["MANANA"],"esSugerencia":false},{"id":44,"esSugerencia":false},{"id":34,"edad":["NINO"],"esSugerencia":false}]},"fecha":1571835759049},{"frase":"escuchar quiero ","frecuencia":3,"complejidad":{"valor":0,"pictos componentes":[{"id":21},{"id":44,"esSugerencia":false}]},"fecha":[1571835937533,1571835940284,1571835943459]},{"frase":"yo quiero comer ","frecuencia":1,"complejidad":{"valor":0,"pictos componentes":[{"id":643,"esSugerencia":false},{"id":44,"esSugerencia":false},{"id":118,"esSugerencia":false}]},"fecha":1571835959767},{"frase":"yo quiero ir a casa ","frecuencia":2,"complejidad":{"valor":0,"pictos componentes":[{"id":643,"esSugerencia":false},{"id":44,"esSugerencia":false},{"id":30,"esSugerencia":false},{"id":653,"esSugerencia":false}]},"fecha":[1571835988944,1571856486973]},{"frase":"yo yo ","frecuencia":1,"complejidad":{"valor":0,"pictos componentes":[{"id":643,"esSugerencia":false},{"id":643,"esSugerencia":false}]},"fecha":1571836119919},{"frase":"yo quiero buscar colores ","frecuencia":1,"complejidad":{"valor":0,"pictos componentes":[{"id":643,"esSugerencia":false},{"id":44,"esSugerencia":false},{"id":5,"esSugerencia":false},{"id":737,"esSugerencia":false}]},"fecha":1571836132641},{"frase":"yo quiero buscar ansioso ","frecuencia":1,"complejidad":{"valor":0,"pictos componentes":[{"id":643,"esSugerencia":false},{"id":44,"esSugerencia":false},{"id":5,"esSugerencia":false},{"id":124,"esSugerencia":true}]},"fecha":1571836175245},{"frase":"yo quiero buscar comida ","frecuencia":2,"complejidad":{"valor":0,"pictos componentes":[{"id":643,"esSugerencia":false},{"id":44,"esSugerencia":false},{"id":5,"esSugerencia":false},{"id":1014,"esSugerencia":false}]},"fecha":[1571836185942,1571836189889]},{"frase":"Hola Buen día estoy aburrido ","frecuencia":2,"complejidad":{"valor":0,"pictos componentes":[{"id":377,"esSugerencia":false},{"id":379,"horario":["MANANA"],"esSugerencia":false},{"id":22,"esSugerencia":false},{"id":119,"esSugerencia":false}]},"fecha":[1571852355785,1571852361717]},{"frase":"Hola ¿Cómo estás? ","frecuencia":3,"complejidad":{"valor":0,"pictos componentes":[{"id":377,"esSugerencia":false},{"id":378,"esSugerencia":false}]},"fecha":[1571852383830,1571852386034,1571926771823]},{"frase":"Hola Buen día quiero ir a casa ","frecuencia":3,"complejidad":{"valor":0,"pictos componentes":[{"id":377,"esSugerencia":false},{"id":379,"horario":["MANANA"],"esSugerencia":false},{"id":44,"esSugerencia":false},{"id":30,"esSugerencia":false},{"id":653,"esSugerencia":false}]},"fecha":[1571852507946,1571852512392,1571858031808]},{"frase":"Hola Buen día quiero jugar con papá ","frecuencia":2,"complejidad":{"valor":0,"pictos componentes":[{"id":377,"esSugerencia":false},{"id":379,"horario":["MANANA"],"esSugerencia":false},{"id":44,"esSugerencia":false},{"id":34,"edad":["NINO"],"esSugerencia":false},{"id":632,"esSugerencia":false}]},"fecha":[1571852557579,1571852563306]},{"frase":"Hola Buen día quiero buscar los juguetes ","frecuencia":2,"complejidad":{"valor":0,"pictos componentes":[{"id":377,"esSugerencia":false},{"id":379,"horario":["MANANA"],"esSugerencia":false},{"id":44,"esSugerencia":false},{"id":5,"esSugerencia":false},{"id":989,"esSugerencia":false}]},"fecha":[1571852585617,1571852596576]},{"frase":"Hola Buen día ","frecuencia":3,"complejidad":{"valor":0,"pictos componentes":[{"id":377,"esSugerencia":false},{"id":379,"horario":["MANANA"],"esSugerencia":false}]},"fecha":[1571852609073,1571932027070,1571951983291]},{"frase":"Hola Buen día tengo hambre dame leche y galletas ","frecuencia":1,"complejidad":{"valor":0,"pictos componentes":[{"id":377,"esSugerencia":false},{"id":379,"horario":["MANANA"],"esSugerencia":false},{"id":49,"esSugerencia":false},{"id":597,"esSugerencia":false},{"id":14,"esSugerencia":true},{"id":427,"esSugerencia":false}]},"fecha":1571852632987},{"frase":"Hola yo quiero buscar ","frecuencia":1,"complejidad":{"valor":0,"pictos componentes":[{"id":377,"esSugerencia":false},{"id":643,"esSugerencia":false},{"id":44,"esSugerencia":false},{"id":5,"esSugerencia":false}]},"fecha":1571853252415},{"frase":"Hola yo quiero ir a ","frecuencia":5,"complejidad":{"valor":0,"pictos componentes":[{"id":377,"esSugerencia":false},{"id":643,"esSugerencia":false},{"id":44,"esSugerencia":false},{"id":30,"esSugerencia":false}]},"fecha":[1571853337755,1571853490682,1571853497337,1571853619419,1571853622037]},{"frase":"Hola yo quiero ir a abrazar ","frecuencia":1,"complejidad":{"valor":0,"pictos componentes":[{"id":377,"esSugerencia":false},{"id":643,"esSugerencia":false},{"id":44,"esSugerencia":false},{"id":30,"esSugerencia":false},{"id":52}]},"fecha":1571853402141},{"frase":"Hola yo quiero ir a abrazar abuelo ","frecuencia":1,"complejidad":{"valor":0,"pictos componentes":[{"id":377,"esSugerencia":false},{"id":643,"esSugerencia":false},{"id":44,"esSugerencia":false},{"id":30,"esSugerencia":false},{"id":52},{"id":614,"esSugerencia":false}]},"fecha":1571853413262},{"frase":"comprar ","frecuencia":1,"complejidad":{"valor":0,"pictos componentes":[{"id":13}]},"fecha":1571853567232},{"frase":"Hola yo quiero ir a comprar chupetin abuelo abuelo ","frecuencia":1,"complejidad":{"valor":0,"pictos componentes":[{"id":377,"esSugerencia":false},{"id":643,"esSugerencia":false},{"id":44,"esSugerencia":false},{"id":30,"esSugerencia":false},{"id":13,"esSugerencia":false},{"id":406,"edad":["NINO"],"esSugerencia":true},{"id":614,"esSugerencia":true},{"id":614,"esSugerencia":false}]},"fecha":1571853947260},{"frase":"yo estoy enfermo vos ","frecuencia":2,"complejidad":{"valor":0,"pictos componentes":[{"id":643,"esSugerencia":false},{"id":22,"esSugerencia":false},{"id":819,"esSugerencia":false},{"id":642,"esSugerencia":true}]},"fecha":[1571856508928,1571856512419]},{"frase":"Hola Buen día quiero ir a casa papá ","frecuencia":2,"complejidad":{"valor":0,"pictos componentes":[{"id":377,"esSugerencia":false},{"id":379,"horario":["MANANA"],"esSugerencia":false},{"id":44,"esSugerencia":false},{"id":30,"esSugerencia":false},{"id":653,"esSugerencia":false},{"id":632,"esSugerencia":true}]},"fecha":[1571926053723,1571926057168]},{"frase":"Hola Buen día quiero ir a casa con ","frecuencia":1,"complejidad":{"valor":0,"pictos componentes":[{"id":377,"esSugerencia":false},{"id":379,"horario":["MANANA"],"esSugerencia":false},{"id":44,"esSugerencia":false},{"id":30,"esSugerencia":false},{"id":653,"esSugerencia":false},{"id":528}]},"fecha":1571926230004},{"frase":"Hola Buen día quiero ir a casa con yo ","frecuencia":1,"complejidad":{"valor":0,"pictos componentes":[{"id":377,"esSugerencia":false},{"id":379,"horario":["MANANA"],"esSugerencia":false},{"id":44,"esSugerencia":false},{"id":30,"esSugerencia":false},{"id":653,"esSugerencia":false},{"id":528},{"id":643,"esSugerencia":false}]},"fecha":1571926318849},{"frase":"Hola Buen día tengo frío ","frecuencia":3,"complejidad":{"valor":0,"pictos componentes":[{"id":377,"esSugerencia":false},{"id":379,"horario":["MANANA"],"esSugerencia":false},{"id":49,"esSugerencia":false},{"id":177,"esSugerencia":false}]},"fecha":[1571926559668,1571926576142,1571926636171]},{"frase":"Hola Buen día tengo frío frío ","frecuencia":1,"complejidad":{"valor":0,"pictos componentes":[{"id":377,"esSugerencia":false},{"id":379,"horario":["MANANA"],"esSugerencia":false},{"id":49,"esSugerencia":false},{"id":177,"esSugerencia":false},{"id":177,"esSugerencia":true}]},"fecha":1571926569306},{"frase":"Hola Buen día tengo frío veloz ","frecuencia":2,"complejidad":{"valor":0,"pictos componentes":[{"id":377,"esSugerencia":false},{"id":379,"horario":["MANANA"],"esSugerencia":false},{"id":49,"esSugerencia":false},{"id":177,"esSugerencia":false},{"id":278,"esSugerencia":true}]},"fecha":[1571926580948,1571926584233]},{"frase":"Hola Buen día tengo frío quiero buscar ","frecuencia":2,"complejidad":{"valor":0,"pictos componentes":[{"id":377,"esSugerencia":false},{"id":379,"horario":["MANANA"],"esSugerencia":false},{"id":49,"esSugerencia":false},{"id":177,"esSugerencia":false},{"id":44,"esSugerencia":false},{"id":5,"esSugerencia":false}]},"fecha":[1571926692153,1571926697852]},{"frase":"Hola Buen día tengo frío quiero buscar abrigo ","frecuencia":1,"complejidad":{"valor":0,"pictos componentes":[{"id":377,"esSugerencia":false},{"id":379,"horario":["MANANA"],"esSugerencia":false},{"id":49,"esSugerencia":false},{"id":177,"esSugerencia":false},{"id":44,"esSugerencia":false},{"id":5,"esSugerencia":false},{"id":924}]},"fecha":1571926737565},{"frase":"Hola ¿Cómo estás? en ","frecuencia":3,"complejidad":{"valor":0,"pictos componentes":[{"id":377,"esSugerencia":false},{"id":378,"esSugerencia":false},{"id":533,"esSugerencia":true}]},"fecha":[1571926779018,1571926782074,1571926908429]},{"frase":"Hola ¿Cómo estás? en mamá ","frecuencia":1,"complejidad":{"valor":0,"pictos componentes":[{"id":377,"esSugerencia":false},{"id":378,"esSugerencia":false},{"id":533,"esSugerencia":true},{"id":628,"esSugerencia":false}]},"fecha":1571931034764},{"frase":"papá estoy aburrido quiero buscar los juguetes ","frecuencia":1,"complejidad":{"valor":0,"pictos componentes":[{"id":632,"esSugerencia":false},{"id":22,"esSugerencia":false},{"id":119,"esSugerencia":false},{"id":44,"esSugerencia":false},{"id":5,"esSugerencia":false},{"id":989,"esSugerencia":false}]},"fecha":1571931571882},{"frase":"papá estoy aburrido quiero ","frecuencia":1,"complejidad":{"valor":0,"pictos componentes":[{"id":632,"esSugerencia":false},{"id":22,"esSugerencia":false},{"id":119,"esSugerencia":false},{"id":44,"esSugerencia":false}]},"fecha":1571931649193},{"frase":"papá estoy aburrido quiero bocadillo ","frecuencia":1,"complejidad":{"valor":0,"pictos componentes":[{"id":632,"esSugerencia":false},{"id":22,"esSugerencia":false},{"id":119,"esSugerencia":false},{"id":44,"esSugerencia":false},{"id":398,"esSugerencia":true}]},"fecha":1571931937516},{"frase":"papá ","frecuencia":1,"complejidad":{"valor":0,"pictos componentes":[{"id":632,"esSugerencia":false}]},"fecha":1571931946631},{"frase":"No quiero ir a escuela ","frecuencia":1,"complejidad":{"valor":0,"pictos componentes":[{"id":389,"esSugerencia":false},{"id":44,"esSugerencia":false},{"id":30,"esSugerencia":false},{"id":662,"esSugerencia":true}]},"fecha":1571932169156},{"frase":"No quiero ir a ","frecuencia":1,"complejidad":{"valor":0,"pictos componentes":[{"id":389,"esSugerencia":false},{"id":44,"esSugerencia":false},{"id":30,"esSugerencia":false}]},"fecha":1571932190777},{"frase":"No quiero lavarme cara ","frecuencia":1,"complejidad":{"valor":0,"pictos componentes":[{"id":389,"esSugerencia":false},{"id":44,"esSugerencia":false},{"id":84}]},"fecha":1571932291998},{"frase":"No quiero cambiarme la ropa mamá ","frecuencia":2,"complejidad":{"valor":0,"pictos componentes":[{"id":389,"esSugerencia":false},{"id":44,"esSugerencia":false},{"id":10},{"id":628,"esSugerencia":false}]},"fecha":[1571936368618,1571936374587]},{"frase":"Hola tengo hambre dame chupetin ","frecuencia":1,"complejidad":{"valor":0,"pictos componentes":[{"id":377,"esSugerencia":false},{"id":49,"esSugerencia":false},{"id":597,"esSugerencia":false},{"id":14,"esSugerencia":false},{"id":406,"edad":["NINO"],"esSugerencia":true}]},"fecha":1571936427936},{"frase":"Hola tengo ir a casa amigos ","frecuencia":1,"complejidad":{"valor":0,"pictos componentes":[{"id":377,"esSugerencia":false},{"id":49,"esSugerencia":false},{"id":30,"esSugerencia":false},{"id":653,"esSugerencia":false},{"id":615,"esSugerencia":true}]},"fecha":1571936500925},{"frase":"Hola tengo ir a casa ","frecuencia":1,"complejidad":{"valor":0,"pictos componentes":[{"id":377,"esSugerencia":false},{"id":49,"esSugerencia":false},{"id":30,"esSugerencia":false},{"id":653,"esSugerencia":false}]},"fecha":1571936509820},{"frase":"Hola Buen día quiero ir a casa de abuelo ","frecuencia":1,"complejidad":{"valor":0,"pictos componentes":[{"id":377,"esSugerencia":false},{"id":379,"horario":["MANANA"],"esSugerencia":false},{"id":44,"esSugerencia":false},{"id":30,"esSugerencia":false},{"id":653,"esSugerencia":false},{"id":530},{"id":614,"esSugerencia":false}]},"fecha":1571936616222},{"frase":"Hola quiero jugar con el cuento ","frecuencia":1,"complejidad":{"valor":0,"pictos componentes":[{"id":377,"esSugerencia":false},{"id":44,"esSugerencia":false},{"id":34,"edad":["NINO"],"esSugerencia":false},{"id":986,"esSugerencia":false}]},"fecha":1571936754043},{"frase":"con la pelota de fútbol ","frecuencia":1,"complejidad":{"valor":0,"pictos componentes":[{"id":528,"esSugerencia":false},{"id":1001,"esSugerencia":false}]},"fecha":1571936937075},{"frase":"Hola Buen día quiero ir a papá ","frecuencia":1,"complejidad":{"valor":0,"pictos componentes":[{"id":377,"esSugerencia":false},{"id":379,"horario":["MANANA"],"esSugerencia":false},{"id":44,"esSugerencia":false},{"id":30,"esSugerencia":false},{"id":632,"esSugerencia":false}]},"fecha":1571952038568},{"frase":"Hola ¿Cómo estás? estoy ","frecuencia":1,"complejidad":{"valor":0,"pictos componentes":[{"id":377,"esSugerencia":false},{"id":378,"esSugerencia":false},{"id":22,"esSugerencia":false}]},"fecha":1571952071293},{"frase":"Hola ¿Cómo estás? estoy bien suyos ","frecuencia":1,"complejidad":{"valor":0,"pictos componentes":[{"id":377,"esSugerencia":false},{"id":378,"esSugerencia":false},{"id":22,"esSugerencia":false},{"id":133,"esSugerencia":false},{"id":918,"esSugerencia":true}]},"fecha":1571952082754},{"frase":"Hola ¿Cómo estás? estoy bien ","frecuencia":1,"complejidad":{"valor":0,"pictos componentes":[{"id":377,"esSugerencia":false},{"id":378,"esSugerencia":false},{"id":22,"esSugerencia":false},{"id":133,"esSugerencia":false}]},"fecha":1571952090201},{"frase":"Hola ","frecuencia":1,"complejidad":{"valor":0,"pictos componentes":[]},"fecha":1572101120391},{"frase":"Hola Buen día quiero ir a comer casa ","frecuencia":2,"complejidad":{"valor":0,"pictos componentes":[]},"fecha":[1572101183400,1572101206102]},{"frase":"Hola tengo cerezas ","frecuencia":2,"complejidad":{"valor":0,"pictos componentes":[{"id":377,"esSugerencia":false},{"id":49,"esSugerencia":false},{"id":404}]},"fecha":[1576187052288,1576187112395]},{"frase":"Hola tengo cerezas personas ","frecuencia":1,"complejidad":{"valor":0,"pictos componentes":[{"id":377,"esSugerencia":false},{"id":49,"esSugerencia":false},{"id":404},{"id":633}]},"fecha":1576187183711},{"frase":"yo ","frecuencia":1,"complejidad":{"valor":0,"pictos componentes":[{"id":643,"esSugerencia":false}]},"fecha":1576447653806}]