[{"fecha":[1534905814],"frase":"Hola Buenas tardes ","frecuencia":1,"complejidad":{"valor":0,"pictos componentes":[{"id":377},{"id":380,"horario":["MEDIODIA","TARDE"]}]}}, {"fecha":[1534906116,1534906595],"complejidad":{"valor":0,"pictos componentes":[{"id":662}]},"frecuencia":2,"frase":"escuela "}, {"fecha":[1534906393,1534906395,1534906428,1534906430],"frase":"yo quiero ir a ","frecuencia":4,"complejidad":{"valor":0,"pictos componentes":[{"id":643},{"id":44},{"id":30}]}}, {"fecha":[1534935529],"frase":"yo ","frecuencia":1,"complejidad":{"valor":0,"pictos componentes":[{"id":643}]}}, {"fecha":[1534935579,1534935582],"complejidad":{"valor":0,"pictos componentes":[{"id":643},{"id":30},{"id":668},{"id":662}]},"frecuencia":2,"frase":"yo ir a hospital escuela "}, {"fecha":[1534935725],"complejidad":{"valor":0,"pictos componentes":[{"id":643},{"id":30},{"id":662}]},"frecuencia":1,"frase":"yo ir a escuela "}, {"fecha":[1534935840,1534935841,1534935872],"complejidad":{"valor":0,"pictos componentes":[{"id":643},{"id":30},{"id":668}]},"frecuencia":3,"frase":"yo ir a hospital "}, {"fecha":[1534935858],"complejidad":{"valor":0,"pictos componentes":[{"id":643},{"id":30}]},"frecuencia":1,"frase":"yo ir a "}, {"fecha":[1534935953],"complejidad":{"valor":0,"pictos componentes":[{"id":628},{"id":378}]},"frecuencia":1,"frase":"mamá ¿Cómo estás? "}, {"fecha":[1574541007],"complejidad":{"valor":0,"pictos componentes":[{"id":377},{"id":378}]},"frecuencia":1,"frase":"Hola ¿Cómo estás? "}]