[{"frase":"Hola Buenas tardes ","frecuencia":1,"complejidad":{"valor":0,"pictos componentes":[{"id":377,"esSugerencia":false},{"id":380,"horario":["MEDIODIA","TARDE"],"esSugerencia":false}]},"fecha":1552248156083},{"frase":"papá estoy mas o menos ","frecuencia":1,"complejidad":{"valor":0,"pictos componentes":[{"id":632,"esSugerencia":false},{"id":22,"esSugerencia":false},{"id":204,"esSugerencia":false}]},"fecha":1552248201630},{"frase":"papá quiero jugar con ","frecuencia":1,"complejidad":{"valor":0,"pictos componentes":[{"id":632,"esSugerencia":false},{"id":44,"esSugerencia":false},{"id":34,"edad":["NINO"],"esSugerencia":false}]},"fecha":1552248209149},{"frase":"papá quiero jugar con la pelota ","frecuencia":1,"complejidad":{"valor":0,"pictos componentes":[{"id":632,"esSugerencia":false},{"id":44,"esSugerencia":false},{"id":34,"edad":["NINO"],"esSugerencia":false},{"id":996,"esSugerencia":false}]},"fecha":1552248212394},{"frase":"papá quiero jugar con la pelota violeta animales ","frecuencia":2,"complejidad":{"valor":0,"pictos componentes":[{"id":632,"esSugerencia":false},{"id":44,"esSugerencia":false},{"id":34,"edad":["NINO"],"esSugerencia":false},{"id":996,"esSugerencia":false},{"id":748,"esSugerencia":false},{"id":286,"esSugerencia":true}]},"fecha":[1552248216974,1552248246238]},{"frase":"mamá dame leche y galletas ","frecuencia":1,"complejidad":{"valor":0,"pictos componentes":[{"id":628,"esSugerencia":false},{"id":14,"esSugerencia":false},{"id":427,"esSugerencia":false}]},"fecha":1552248261059},{"frase":"mamá dame leche y galletas hamburguesería ","frecuencia":4,"complejidad":{"valor":0,"pictos componentes":[{"id":628,"esSugerencia":false},{"id":14,"esSugerencia":false},{"id":427,"esSugerencia":false},{"id":666,"esSugerencia":true}]},"fecha":[1552248288287,1552248291826,1552248300957,1552248304076]},{"frase":"mamá dame leche y galletas hamburguesería leche ","frecuencia":1,"complejidad":{"valor":0,"pictos componentes":[{"id":628,"esSugerencia":false},{"id":14,"esSugerencia":false},{"id":427,"esSugerencia":false},{"id":666,"esSugerencia":true},{"id":495,"esSugerencia":true}]},"fecha":1552248323581},{"frase":"mamá dame leche y galletas hamburguesería leche chocolate ","frecuencia":1,"complejidad":{"valor":0,"pictos componentes":[{"id":628,"esSugerencia":false},{"id":14,"esSugerencia":false},{"id":427,"esSugerencia":false},{"id":666,"esSugerencia":true},{"id":495,"esSugerencia":true},{"id":498,"esSugerencia":true}]},"fecha":1552248328868},{"frase":"mamá dame leche y galletas hamburguesería leche chocolate pechuga de pollo ","frecuencia":1,"complejidad":{"valor":0,"pictos componentes":[{"id":628,"esSugerencia":false},{"id":14,"esSugerencia":false},{"id":427,"esSugerencia":false},{"id":666,"esSugerencia":true},{"id":495,"esSugerencia":true},{"id":498,"esSugerencia":true},{"id":506,"esSugerencia":true}]},"fecha":1552248349433},{"frase":"yo quiero cambiarme el pañal ","frecuencia":2,"complejidad":{"valor":0,"pictos componentes":[{"id":643,"esSugerencia":false},{"id":44,"esSugerencia":false},{"id":9,"esSugerencia":true}]},"fecha":[1552248401663,1552248417859]},{"frase":"yo quiero cambiarme el pañal perro ","frecuencia":1,"complejidad":{"valor":0,"pictos componentes":[{"id":643,"esSugerencia":false},{"id":44,"esSugerencia":false},{"id":9,"esSugerencia":true},{"id":342,"esSugerencia":true}]},"fecha":1552248409117},{"frase":"yo quiero cambiarme el pañal cambiarme la ropa . ¿me ayudas? ","frecuencia":2,"complejidad":{"valor":0,"pictos componentes":[{"id":643,"esSugerencia":false},{"id":44,"esSugerencia":false},{"id":9,"esSugerencia":true},{"id":10,"esSugerencia":true},{"id":385,"esSugerencia":false}]},"fecha":[1552248436564,1552248452355]},{"frase":"quiero comer pollo ","frecuencia":1,"complejidad":{"valor":0,"pictos componentes":[{"id":44,"esSugerencia":false},{"id":118,"esSugerencia":false},{"id":504,"esSugerencia":false}]},"fecha":1552248496455},{"frase":"quiero gaseosa ","frecuencia":1,"complejidad":{"valor":0,"pictos componentes":[{"id":44,"esSugerencia":false},{"id":501,"esSugerencia":true}]},"fecha":1552248532349},{"frase":"quiero gaseosa tomar ","frecuencia":1,"complejidad":{"valor":0,"pictos componentes":[{"id":44,"esSugerencia":false},{"id":501,"esSugerencia":true},{"id":51,"esSugerencia":true}]},"fecha":1552248537610},{"frase":"quiero hacer pis ","frecuencia":1,"complejidad":{"valor":0,"pictos componentes":[{"id":44,"esSugerencia":false},{"id":29,"esSugerencia":false}]},"fecha":1552248573382},{"frase":"quiero hacer pis diarrea ","frecuencia":1,"complejidad":{"valor":0,"pictos componentes":[{"id":44,"esSugerencia":false},{"id":29,"esSugerencia":false},{"id":820,"esSugerencia":true}]},"fecha":1552248584858},{"frase":"quiero hacer pis diarrea resfrío ","frecuencia":1,"complejidad":{"valor":0,"pictos componentes":[{"id":44,"esSugerencia":false},{"id":29,"esSugerencia":false},{"id":820,"esSugerencia":true},{"id":831,"esSugerencia":true}]},"fecha":1552248614380},{"frase":"quiero hacer pis cambiarme la ropa cambiarme el pañal buscar ","frecuencia":1,"complejidad":{"valor":0,"pictos componentes":[{"id":44,"esSugerencia":false},{"id":29,"esSugerencia":false},{"id":10,"esSugerencia":true},{"id":9,"esSugerencia":true},{"id":5,"esSugerencia":true}]},"fecha":1552248653485},{"frase":"quiero hacer pis cambiarme la ropa cambiarme el pañal buscar comida ","frecuencia":1,"complejidad":{"valor":0,"pictos componentes":[{"id":44,"esSugerencia":false},{"id":29,"esSugerencia":false},{"id":10,"esSugerencia":true},{"id":9,"esSugerencia":true},{"id":5,"esSugerencia":true},{"id":1014,"esSugerencia":false}]},"fecha":1552248665567},{"frase":"quiero ir a restaurante bocadillo huevo frito pillar ","frecuencia":1,"complejidad":{"valor":0,"pictos componentes":[{"id":44,"esSugerencia":false},{"id":30,"esSugerencia":false},{"id":685,"esSugerencia":true},{"id":398,"esSugerencia":true},{"id":421,"esSugerencia":true},{"id":42,"esSugerencia":true}]},"fecha":1552248774218},{"frase":"quiero ir a un supermercado escuela ","frecuencia":1,"complejidad":{"valor":0,"pictos componentes":[{"id":44,"esSugerencia":false},{"id":30,"esSugerencia":false},{"id":688,"esSugerencia":false},{"id":662,"esSugerencia":true}]},"fecha":1552248808165},{"frase":"quiero ir a escuela mamá ¿Cómo estás? cambiarme la ropa cambiarme el pañal ","frecuencia":2,"complejidad":{"valor":0,"pictos componentes":[{"id":44,"esSugerencia":false},{"id":30,"esSugerencia":false},{"id":662,"esSugerencia":true},{"id":628,"esSugerencia":true},{"id":378,"esSugerencia":false},{"id":10,"esSugerencia":true},{"id":9,"esSugerencia":false}]},"fecha":[1552248910724,1552248918447]},{"frase":"quiero ir a escuela mamá ","frecuencia":1,"complejidad":{"valor":0,"pictos componentes":[{"id":44,"esSugerencia":false},{"id":30,"esSugerencia":false},{"id":662,"esSugerencia":true},{"id":628,"esSugerencia":true}]},"fecha":1552248929117},{"frase":"quiero ir a escuela ","frecuencia":1,"complejidad":{"valor":0,"pictos componentes":[{"id":44,"esSugerencia":false},{"id":30,"esSugerencia":false},{"id":662,"esSugerencia":true}]},"fecha":1552249417628},{"frase":"quiero ir a hospital dolor de Garganta ","frecuencia":2,"complejidad":{"valor":0,"pictos componentes":[{"id":44,"esSugerencia":false},{"id":30,"esSugerencia":false},{"id":668,"esSugerencia":false},{"id":826,"esSugerencia":true}]},"fecha":[1552249439635,1552249452672]},{"frase":"quiero ir a hospital dolor de Garganta Por favor ","frecuencia":2,"complejidad":{"valor":0,"pictos componentes":[{"id":44,"esSugerencia":false},{"id":30,"esSugerencia":false},{"id":668,"esSugerencia":false},{"id":826,"esSugerencia":true},{"id":383,"esSugerencia":true}]},"fecha":[1552249513628,1552249566578]},{"frase":"un supermercado ","frecuencia":2,"complejidad":{"valor":0,"pictos componentes":[{"id":688,"esSugerencia":false}]},"fecha":[1552249728393,1552249730268]},{"frase":"yo quiero ir a hacer pis ","frecuencia":2,"complejidad":{"valor":0,"pictos componentes":[{"id":643,"esSugerencia":false},{"id":44,"esSugerencia":false},{"id":30,"esSugerencia":false},{"id":29,"esSugerencia":true}]},"fecha":[1552249804415,1552249884911]},{"frase":"yo quiero ir a hacer pis dame leche y galletas ","frecuencia":3,"complejidad":{"valor":0,"pictos componentes":[{"id":643,"esSugerencia":false},{"id":44,"esSugerencia":false},{"id":30,"esSugerencia":false},{"id":29,"esSugerencia":true},{"id":14,"esSugerencia":true},{"id":427,"esSugerencia":false}]},"fecha":[1552249819645,1552249859011,1552249870845]},{"frase":"yo quiero ir a hacer pis dame ","frecuencia":1,"complejidad":{"valor":0,"pictos componentes":[{"id":643,"esSugerencia":false},{"id":44,"esSugerencia":false},{"id":30,"esSugerencia":false},{"id":29,"esSugerencia":true},{"id":14,"esSugerencia":true}]},"fecha":1552249879699}]