[{"frase":"hermano ","frecuencia":1,"complejidad":{"valor":0,"pictos componentes":[{"id":623,"esSugerencia":false}]},"fecha":1570647804301},{"frase":"hermano estoy ","frecuencia":1,"complejidad":{"valor":0,"pictos componentes":[{"id":623,"esSugerencia":false},{"id":22,"esSugerencia":false}]},"fecha":1570647809701},{"frase":"Hola ","frecuencia":1,"complejidad":{"valor":0,"pictos componentes":[{"id":377,"esSugerencia":false}]},"fecha":1570647824716},{"frase":"Hola quiero ir a comer ","frecuencia":1,"complejidad":{"valor":0,"pictos componentes":[{"id":377,"esSugerencia":false},{"id":44,"esSugerencia":false},{"id":30,"esSugerencia":false},{"id":118,"esSugerencia":false}]},"fecha":1570647839269},{"frase":"Hola quiero ir a comer hamburguesa ","frecuencia":3,"complejidad":{"valor":0,"pictos componentes":[{"id":377,"esSugerencia":false},{"id":44,"esSugerencia":false},{"id":30,"esSugerencia":false},{"id":118,"esSugerencia":false},{"id":515,"esSugerencia":false}]},"fecha":[1570647849812,1570647854945,1570647859151]},{"frase":"yo quiero jugar con el juguete ","frecuencia":1,"complejidad":{"valor":0,"pictos componentes":[{"id":643,"esSugerencia":false},{"id":44,"esSugerencia":false},{"id":34,"edad":["NINO"],"esSugerencia":false},{"id":761,"esSugerencia":false}]},"fecha":1570647886367},{"frase":"yo quiero jugar con el juguete azul blanco colores ","frecuencia":1,"complejidad":{"valor":0,"pictos componentes":[{"id":643,"esSugerencia":false},{"id":44,"esSugerencia":false},{"id":34,"edad":["NINO"],"esSugerencia":false},{"id":761,"esSugerencia":false},{"id":734,"esSugerencia":false},{"id":736,"esSugerencia":true},{"id":737,"esSugerencia":true}]},"fecha":1570647900224},{"frase":"viajar en auto mamá ","frecuencia":3,"complejidad":{"valor":0,"pictos componentes":[{"id":108},{"id":628,"esSugerencia":false}]},"fecha":[1570648066346,1570648076632,1570648090851]},{"frase":"viajar en auto mamá ¿Cómo estás? ","frecuencia":1,"complejidad":{"valor":0,"pictos componentes":[{"id":108},{"id":628,"esSugerencia":false},{"id":378,"esSugerencia":false}]},"fecha":1570648100029},{"frase":"visita ","frecuencia":1,"complejidad":{"valor":0,"pictos componentes":[{"id":731}]},"fecha":1570648172386},{"frase":"visita taxista ","frecuencia":3,"complejidad":{"valor":0,"pictos componentes":[{"id":731},{"id":640}]},"fecha":[1570648298928,1570648323020,1570648341646]},{"frase":"visita acá comer un sandwich filete ","frecuencia":1,"complejidad":{"valor":0,"pictos componentes":[{"id":731},{"id":644,"esSugerencia":true},{"id":12,"esSugerencia":true},{"id":512,"esSugerencia":true}]},"fecha":1570648367343},{"frase":"yo tengo ","frecuencia":1,"complejidad":{"valor":0,"pictos componentes":[{"id":643,"esSugerencia":false},{"id":49,"esSugerencia":false}]},"fecha":1570648399064},{"frase":"yo quiero buscar comida escuchar música cantar ","frecuencia":1,"complejidad":{"valor":0,"pictos componentes":[{"id":643,"esSugerencia":false},{"id":44,"esSugerencia":false},{"id":5,"esSugerencia":false},{"id":1014,"esSugerencia":false},{"id":20,"esSugerencia":true},{"id":6,"esSugerencia":true}]},"fecha":1570648426840},{"frase":"mamá ","frecuencia":2,"complejidad":{"valor":0,"pictos componentes":[{"id":628,"esSugerencia":false}]},"fecha":[1570648775088,1570648777404]},{"frase":"mamá ¿Cómo estás? ","frecuencia":1,"complejidad":{"valor":0,"pictos componentes":[{"id":628,"esSugerencia":false},{"id":378,"esSugerencia":false}]},"fecha":1570648782418},{"frase":"mamá ¿Cómo estás? quiero buscar colores cero uno siete los instrumentos musicales ","frecuencia":4,"complejidad":{"valor":0,"pictos componentes":[{"id":628,"esSugerencia":false},{"id":378,"esSugerencia":false},{"id":44,"esSugerencia":false},{"id":5,"esSugerencia":false},{"id":737,"esSugerencia":false},{"id":846,"esSugerencia":true},{"id":836,"esSugerencia":true},{"id":842,"esSugerencia":true},{"id":857,"esSugerencia":true}]},"fecha":[1570648799846,1570648810005,1570648929756,1570648942519]},{"frase":"No tengo frío ","frecuencia":1,"complejidad":{"valor":0,"pictos componentes":[{"id":389,"esSugerencia":false},{"id":49,"esSugerencia":false},{"id":177,"esSugerencia":false}]},"fecha":1570648971692},{"frase":"yo estoy aburrido ","frecuencia":1,"complejidad":{"valor":0,"pictos componentes":[{"id":643,"esSugerencia":false},{"id":22,"esSugerencia":false},{"id":119,"esSugerencia":false}]},"fecha":1570649024741},{"frase":"Hola tengo ","frecuencia":1,"complejidad":{"valor":0,"pictos componentes":[{"id":377,"esSugerencia":false},{"id":49,"esSugerencia":false}]},"fecha":1570649192637},{"frase":"Hola tengo yo ","frecuencia":1,"complejidad":{"valor":0,"pictos componentes":[{"id":377,"esSugerencia":false},{"id":49,"esSugerencia":false},{"id":643,"esSugerencia":false}]},"fecha":1570649210183},{"frase":"yo estoy amigos ","frecuencia":2,"complejidad":{"valor":0,"pictos componentes":[{"id":643,"esSugerencia":false},{"id":22,"esSugerencia":false},{"id":615,"esSugerencia":true}]},"fecha":[1570649361771,1570649407895]},{"frase":"Hola ¿Cómo estás? yo quiero ir a comer ","frecuencia":1,"complejidad":{"valor":0,"pictos componentes":[{"id":377,"esSugerencia":false},{"id":378,"esSugerencia":false},{"id":643,"esSugerencia":true},{"id":44,"esSugerencia":false},{"id":30,"esSugerencia":false},{"id":118,"esSugerencia":false}]},"fecha":1570662456781}]