[{"frase":"yo tengo hambre ","frecuencia":5,"complejidad":{"valor":0,"pictos componentes":[{"id":643,"esSugerencia":false},{"id":49,"esSugerencia":false},{"id":597,"esSugerencia":false}]},"fecha":[1579209865853,1579209871101,1579209874841,1579209876830,1579209878095]},{"frase":"","frecuencia":1,"complejidad":{"valor":0,"pictos componentes":[]},"fecha":1579212192337},{"frase":"quiero ","frecuencia":2,"complejidad":{"valor":0,"pictos componentes":[{"id":44,"esSugerencia":false}]},"fecha":[1579272156526,1579296224478]},{"frase":"quiero jugar con la pelota ","frecuencia":1,"complejidad":{"valor":0,"pictos componentes":[{"id":44,"esSugerencia":false},{"id":34,"edad":["NINO"],"esSugerencia":false},{"id":996,"esSugerencia":false}]},"fecha":1579272187940},{"frase":"quiero jugar con la pelota verde ","frecuencia":1,"complejidad":{"valor":0,"pictos componentes":[{"id":44,"esSugerencia":false},{"id":34,"edad":["NINO"],"esSugerencia":false},{"id":996,"esSugerencia":false},{"id":749,"esSugerencia":false}]},"fecha":1579272209501},{"frase":"quiero jugar con acompañar ","frecuencia":1,"complejidad":{"valor":0,"pictos componentes":[{"id":44,"esSugerencia":false},{"id":34,"edad":["NINO"],"esSugerencia":false},{"id":1}]},"fecha":1579272269214},{"frase":"cepillarme los dientes ","frecuencia":1,"complejidad":{"valor":0,"pictos componentes":[{"id":11}]},"fecha":1579272300022},{"frase":"cepillarme los dientes . ¿me ayudas? ","frecuencia":1,"complejidad":{"valor":0,"pictos componentes":[{"id":11},{"id":385,"esSugerencia":false}]},"fecha":1579272320719},{"frase":"dame ","frecuencia":1,"complejidad":{"valor":0,"pictos componentes":[{"id":14}]},"fecha":1579272371485},{"frase":"dame leche y galletas ","frecuencia":1,"complejidad":{"valor":0,"pictos componentes":[{"id":14},{"id":427,"esSugerencia":false}]},"fecha":1579272376403},{"frase":"dame la tablet ","frecuencia":1,"complejidad":{"valor":0,"pictos componentes":[{"id":14},{"id":774,"esSugerencia":false}]},"fecha":1579272390667},{"frase":"feliz ","frecuencia":1,"complejidad":{"valor":0,"pictos componentes":[{"id":171}]},"fecha":1579272616935},{"frase":"Hola ","frecuencia":19,"complejidad":{"valor":0,"pictos componentes":[{"id":377,"esSugerencia":false}]},"fecha":[1579284634646,1579284637895,1579296195414,1579296216105,1579297883337,1579297933756,1579297953687,1579383879853,1579383889553,1580394830779,1580394881216,1580414236042,1580734011313,1580820000141,1580820000779,1580820079773,1581856444947,1583278812951,1586605196549]},{"frase":"Hola ¿Cómo estás? ","frecuencia":6,"complejidad":{"valor":0,"pictos componentes":[{"id":377,"esSugerencia":false},{"id":378,"esSugerencia":false}]},"fecha":[1579284646954,1580414245091,1580734015542,1580820006590,1581453523795,1586605204035]},{"frase":"Hola ¿Cómo estás? quiero ","frecuencia":2,"complejidad":{"valor":0,"pictos componentes":[{"id":377,"esSugerencia":false},{"id":378,"esSugerencia":false},{"id":44,"esSugerencia":false}]},"fecha":[1579284686786,1586605214402]},{"frase":"Hola ¿Cómo estás? quiero ir a ","frecuencia":1,"complejidad":{"valor":0,"pictos componentes":[{"id":377,"esSugerencia":false},{"id":378,"esSugerencia":false},{"id":44,"esSugerencia":false},{"id":30,"esSugerencia":false}]},"fecha":1579284699852},{"frase":"Hola ¿Cómo estás? quiero ir a comer ","frecuencia":1,"complejidad":{"valor":0,"pictos componentes":[{"id":377,"esSugerencia":false},{"id":378,"esSugerencia":false},{"id":44,"esSugerencia":false},{"id":30,"esSugerencia":false},{"id":118,"esSugerencia":false}]},"fecha":1579284720588},{"frase":"Hola ¿Cómo estás? quiero ir a comer verduras ","frecuencia":1,"complejidad":{"valor":0,"pictos componentes":[{"id":377,"esSugerencia":false},{"id":378,"esSugerencia":false},{"id":44,"esSugerencia":false},{"id":30,"esSugerencia":false},{"id":118,"esSugerencia":false},{"id":478,"esSugerencia":false}]},"fecha":1579285290079},{"frase":"papá ","frecuencia":1,"complejidad":{"valor":0,"pictos componentes":[{"id":632,"esSugerencia":false}]},"fecha":1579285384328},{"frase":"mamá ","frecuencia":4,"complejidad":{"valor":0,"pictos componentes":[{"id":628,"esSugerencia":false}]},"fecha":[1579285396316,1579285399256,1579285401728,1590273926590]},{"frase":"quiero comer ","frecuencia":1,"complejidad":{"valor":0,"pictos componentes":[{"id":44,"esSugerencia":false},{"id":118,"esSugerencia":false}]},"fecha":1579296261984},{"frase":"Hola Buen día quiero ","frecuencia":4,"complejidad":{"valor":0,"pictos componentes":[{"id":377,"esSugerencia":false},{"id":379,"horario":["MANANA"],"esSugerencia":false,"hora":["MANANA"]},{"id":44,"esSugerencia":false}]},"fecha":[1580394842016,1580394844289,1580394851285,1580394857095]},{"frase":"Hola ¿Cómo estás? estoy ","frecuencia":2,"complejidad":{"valor":0,"pictos componentes":[{"id":377,"esSugerencia":false},{"id":378,"esSugerencia":false},{"id":22,"esSugerencia":false}]},"fecha":[1580414254582,1580820015151]},{"frase":"Hola ¿Cómo estás? estoy bien ","frecuencia":2,"complejidad":{"valor":0,"pictos componentes":[{"id":377,"esSugerencia":false},{"id":378,"esSugerencia":false},{"id":22,"esSugerencia":false},{"id":133,"esSugerencia":false}]},"fecha":[1580414275212,1580820044185]},{"frase":"Hola ¿Cómo estás? estoy bien abuelo ","frecuencia":1,"complejidad":{"valor":0,"pictos componentes":[{"id":377,"esSugerencia":false},{"id":378,"esSugerencia":false},{"id":22,"esSugerencia":false},{"id":133,"esSugerencia":false},{"id":614,"esSugerencia":false}]},"fecha":1580414402689},{"frase":"Hola ¿Cómo estás? estoy bien abuelo tengo escuela ","frecuencia":1,"complejidad":{"valor":0,"pictos componentes":[{"id":377,"esSugerencia":false},{"id":378,"esSugerencia":false},{"id":22,"esSugerencia":false},{"id":133,"esSugerencia":false},{"id":614,"esSugerencia":false},{"id":49,"esSugerencia":false},{"id":662,"esSugerencia":false}]},"fecha":1580414418854},{"frase":"Hola ¿Cómo estás? estoy bien abuelo tengo escuela escuchar música ","frecuencia":5,"complejidad":{"valor":0,"pictos componentes":[{"id":377,"esSugerencia":false},{"id":378,"esSugerencia":false},{"id":22,"esSugerencia":false},{"id":133,"esSugerencia":false},{"id":614,"esSugerencia":false},{"id":49,"esSugerencia":false},{"id":662,"esSugerencia":false},{"id":20}]},"fecha":[1580416089593,1580416098573,1580416103932,1580416109996,1580416116204]},{"frase":"Hola Buen día ","frecuencia":4,"complejidad":{"valor":0,"pictos componentes":[{"id":377,"esSugerencia":false},{"id":379,"horario":["MANANA"],"esSugerencia":false,"hora":["MANANA"]}]},"fecha":[1580733777258,1580820083679,1581856449392,1583278816710]},{"frase":"Hola Buen día tengo ","frecuencia":2,"complejidad":{"valor":0,"pictos componentes":[{"id":377,"esSugerencia":false},{"id":379,"horario":["MANANA"],"esSugerencia":false,"hora":["MANANA"]},{"id":49,"esSugerencia":false}]},"fecha":[1580820088831,1581856455051]},{"frase":"Hola Buen día tengo hambre ","frecuencia":3,"complejidad":{"valor":0,"pictos componentes":[{"id":377,"esSugerencia":false},{"id":379,"horario":["MANANA"],"esSugerencia":false,"hora":["MANANA"]},{"id":49,"esSugerencia":false},{"id":597,"esSugerencia":false}]},"fecha":[1580820092373,1581856458556,1581856505087]},{"frase":"Hola ¿Cómo estás? quiero comer verduras ","frecuencia":1,"complejidad":{"valor":0,"pictos componentes":[{"id":377,"esSugerencia":false},{"id":378,"esSugerencia":false},{"id":44,"esSugerencia":false},{"id":118,"esSugerencia":false},{"id":478,"esSugerencia":false}]},"fecha":1581453535144},{"frase":"Hola Buen día estoy ","frecuencia":1,"complejidad":{"valor":0,"pictos componentes":[{"id":377,"esSugerencia":false},{"id":379,"horario":["MANANA"],"esSugerencia":false,"hora":["MANANA"]},{"id":22,"esSugerencia":false}]},"fecha":1583278822431},{"frase":"Hola Buen día estoy aburrido ","frecuencia":1,"complejidad":{"valor":0,"pictos componentes":[{"id":377,"esSugerencia":false},{"id":379,"horario":["MANANA"],"esSugerencia":false,"hora":["MANANA"]},{"id":22,"esSugerencia":false},{"id":119,"esSugerencia":false}]},"fecha":1583278828176},{"frase":"Hola ¿Cómo estás? quiero comer ","frecuencia":1,"complejidad":{"valor":0,"pictos componentes":[{"id":377,"esSugerencia":false},{"id":378,"esSugerencia":false},{"id":44,"esSugerencia":false},{"id":118,"esSugerencia":false}]},"fecha":1586605223223},{"frase":"Hola ¿Cómo estás? quiero comer pollo ","frecuencia":3,"complejidad":{"valor":0,"pictos componentes":[{"id":377,"esSugerencia":false},{"id":378,"esSugerencia":false},{"id":44,"esSugerencia":false},{"id":118,"esSugerencia":false},{"id":504,"esSugerencia":false}]},"fecha":[1586605234270,1586605244340,1586605249594]}]