[{"frase":"Hola Buenas tardes ","frecuencia":3,"complejidad":{"valor":0,"pictos componentes":[{"id":377,"esSugerencia":false},{"id":380,"horario":["MEDIODIA","TARDE"],"esSugerencia":false}]},"fecha":[1553307855567,1560808151634,1560808156130]},{"frase":"moco ","frecuencia":1,"complejidad":{"valor":0,"pictos componentes":[{"id":787}]},"fecha":1556212744505},{"frase":"moco pecho Hola Buenas tardes ansioso ","frecuencia":1,"complejidad":{"valor":0,"pictos componentes":[{"id":787},{"id":797},{"id":377,"esSugerencia":false},{"id":380,"horario":["MEDIODIA","TARDE"],"esSugerencia":false},{"id":124,"esSugerencia":true}]},"fecha":1556213487820},{"frase":"moco pecho Hola Buenas tardes ansioso áspero ","frecuencia":1,"complejidad":{"valor":0,"pictos componentes":[{"id":787},{"id":797},{"id":377,"esSugerencia":false},{"id":380,"horario":["MEDIODIA","TARDE"],"esSugerencia":false},{"id":124,"esSugerencia":true},{"id":127}]},"fecha":1556213539119},{"frase":"moco pecho Hola Buenas tardes ansioso áspero guisar ","frecuencia":1,"complejidad":{"valor":0,"pictos componentes":[{"id":787},{"id":797},{"id":377,"esSugerencia":false},{"id":380,"horario":["MEDIODIA","TARDE"],"esSugerencia":false},{"id":124,"esSugerencia":true},{"id":127},{"id":27}]},"fecha":1556213718223},{"frase":"mamá ","frecuencia":3,"complejidad":{"valor":0,"pictos componentes":[{"id":628,"esSugerencia":false}]},"fecha":[1556213842720,1560808342327,1560808733507]},{"frase":"mamá quiero ","frecuencia":3,"complejidad":{"valor":0,"pictos componentes":[{"id":628,"esSugerencia":false},{"id":44,"esSugerencia":false}]},"fecha":[1556213851100,1560808358363,1560808362745]},{"frase":"mamá quiero jugar con ","frecuencia":2,"complejidad":{"valor":0,"pictos componentes":[{"id":628,"esSugerencia":false},{"id":44,"esSugerencia":false},{"id":34,"edad":["NINO"],"esSugerencia":false}]},"fecha":[1556213859918,1560808367813]},{"frase":"mamá quiero jugar con el juguete ","frecuencia":2,"complejidad":{"valor":0,"pictos componentes":[{"id":628,"esSugerencia":false},{"id":44,"esSugerencia":false},{"id":34,"edad":["NINO"],"esSugerencia":false},{"id":761,"esSugerencia":false}]},"fecha":[1556213868587,1560808377501]},{"frase":"mamá quiero jugar con el juguete negro ","frecuencia":1,"complejidad":{"valor":0,"pictos componentes":[{"id":628,"esSugerencia":false},{"id":44,"esSugerencia":false},{"id":34,"edad":["NINO"],"esSugerencia":false},{"id":761,"esSugerencia":false},{"id":743,"esSugerencia":false}]},"fecha":1556213877112},{"frase":"mamá quiero jugar con el juguete negro naranja ","frecuencia":1,"complejidad":{"valor":0,"pictos componentes":[{"id":628,"esSugerencia":false},{"id":44,"esSugerencia":false},{"id":34,"edad":["NINO"],"esSugerencia":false},{"id":761,"esSugerencia":false},{"id":743,"esSugerencia":false},{"id":742,"esSugerencia":true}]},"fecha":1556213889072},{"frase":"mamá quiero jugar con el juguete negro naranja negro ","frecuencia":1,"complejidad":{"valor":0,"pictos componentes":[{"id":628,"esSugerencia":false},{"id":44,"esSugerencia":false},{"id":34,"edad":["NINO"],"esSugerencia":false},{"id":761,"esSugerencia":false},{"id":743,"esSugerencia":false},{"id":742,"esSugerencia":true},{"id":743,"esSugerencia":true}]},"fecha":1556213898691},{"frase":"mamá quiero jugar con el juguete negro naranja gallo ","frecuencia":1,"complejidad":{"valor":0,"pictos componentes":[{"id":628,"esSugerencia":false},{"id":44,"esSugerencia":false},{"id":34,"edad":["NINO"],"esSugerencia":false},{"id":761,"esSugerencia":false},{"id":743,"esSugerencia":false},{"id":742,"esSugerencia":true},{"id":310,"esSugerencia":true}]},"fecha":1556213913857},{"frase":"mamá quiero jugar con el juguete negro naranja gallo desagradable ","frecuencia":3,"complejidad":{"valor":0,"pictos componentes":[{"id":628,"esSugerencia":false},{"id":44,"esSugerencia":false},{"id":34,"edad":["NINO"],"esSugerencia":false},{"id":761,"esSugerencia":false},{"id":743,"esSugerencia":false},{"id":742,"esSugerencia":true},{"id":310,"esSugerencia":true},{"id":155,"esSugerencia":true}]},"fecha":[1556213928333,1556226308598,1556226320156]},{"frase":"mamá quiero jugar con el juguete negro naranja gallo desagradable mucho ","frecuencia":2,"complejidad":{"valor":0,"pictos componentes":[{"id":628,"esSugerencia":false},{"id":44,"esSugerencia":false},{"id":34,"edad":["NINO"],"esSugerencia":false},{"id":761,"esSugerencia":false},{"id":743,"esSugerencia":false},{"id":742,"esSugerencia":true},{"id":310,"esSugerencia":true},{"id":155,"esSugerencia":true},{"id":213,"esSugerencia":true}]},"fecha":[1556226332884,1556226344996]},{"frase":"mamá quiero jugar con el juguete negro naranja gallo desagradable mucho curar ","frecuencia":2,"complejidad":{"valor":0,"pictos componentes":[{"id":628,"esSugerencia":false},{"id":44,"esSugerencia":false},{"id":34,"edad":["NINO"],"esSugerencia":false},{"id":761,"esSugerencia":false},{"id":743,"esSugerencia":false},{"id":742,"esSugerencia":true},{"id":310,"esSugerencia":true},{"id":155,"esSugerencia":true},{"id":213,"esSugerencia":true},{"id":113,"esSugerencia":true}]},"fecha":[1556226368918,1556226390372]},{"frase":"mamá tengo escuela ","frecuencia":1,"complejidad":{"valor":0,"pictos componentes":[{"id":628,"esSugerencia":false},{"id":49,"esSugerencia":false},{"id":662,"esSugerencia":false}]},"fecha":1556226450957},{"frase":"mamá tengo escuela bien ","frecuencia":1,"complejidad":{"valor":0,"pictos componentes":[{"id":628,"esSugerencia":false},{"id":49,"esSugerencia":false},{"id":662,"esSugerencia":false},{"id":133,"esSugerencia":true}]},"fecha":1556226464661},{"frase":"mamá tengo escuela bien animales ","frecuencia":1,"complejidad":{"valor":0,"pictos componentes":[{"id":628,"esSugerencia":false},{"id":49,"esSugerencia":false},{"id":662,"esSugerencia":false},{"id":133,"esSugerencia":true},{"id":286,"esSugerencia":true}]},"fecha":1556226475761},{"frase":"mamá tengo escuela bien animales abuelo ","frecuencia":1,"complejidad":{"valor":0,"pictos componentes":[{"id":628,"esSugerencia":false},{"id":49,"esSugerencia":false},{"id":662,"esSugerencia":false},{"id":133,"esSugerencia":true},{"id":286,"esSugerencia":true},{"id":614,"esSugerencia":true}]},"fecha":1556226492703},{"frase":"mamá tengo escuela bien animales abuelo quiero ","frecuencia":1,"complejidad":{"valor":0,"pictos componentes":[{"id":628,"esSugerencia":false},{"id":49,"esSugerencia":false},{"id":662,"esSugerencia":false},{"id":133,"esSugerencia":true},{"id":286,"esSugerencia":true},{"id":614,"esSugerencia":true},{"id":44,"esSugerencia":false}]},"fecha":1556226505815},{"frase":"mamá tengo escuela bien animales abuelo quiero buscar ","frecuencia":1,"complejidad":{"valor":0,"pictos componentes":[{"id":628,"esSugerencia":false},{"id":49,"esSugerencia":false},{"id":662,"esSugerencia":false},{"id":133,"esSugerencia":true},{"id":286,"esSugerencia":true},{"id":614,"esSugerencia":true},{"id":44,"esSugerencia":false},{"id":5,"esSugerencia":false}]},"fecha":1556226515510},{"frase":"quiero jugar con ","frecuencia":1,"complejidad":{"valor":0,"pictos componentes":[{"id":44,"esSugerencia":false},{"id":34,"edad":["NINO"],"esSugerencia":false}]},"fecha":1556226587830},{"frase":"quiero jugar con el juguete ","frecuencia":1,"complejidad":{"valor":0,"pictos componentes":[{"id":44,"esSugerencia":false},{"id":34,"edad":["NINO"],"esSugerencia":false},{"id":761,"esSugerencia":false}]},"fecha":1556226599271},{"frase":"quiero jugar con el juguete azul ","frecuencia":1,"complejidad":{"valor":0,"pictos componentes":[{"id":44,"esSugerencia":false},{"id":34,"edad":["NINO"],"esSugerencia":false},{"id":761,"esSugerencia":false},{"id":734,"esSugerencia":false}]},"fecha":1556226606495},{"frase":"quiero jugar con el juguete azul ternera ","frecuencia":1,"complejidad":{"valor":0,"pictos componentes":[{"id":44,"esSugerencia":false},{"id":34,"edad":["NINO"],"esSugerencia":false},{"id":761,"esSugerencia":false},{"id":734,"esSugerencia":false},{"id":374,"esSugerencia":true}]},"fecha":1556226623138},{"frase":"quiero jugar con el juguete azul ternera jirafa ","frecuencia":1,"complejidad":{"valor":0,"pictos componentes":[{"id":44,"esSugerencia":false},{"id":34,"edad":["NINO"],"esSugerencia":false},{"id":761,"esSugerencia":false},{"id":734,"esSugerencia":false},{"id":374,"esSugerencia":true},{"id":320,"esSugerencia":true}]},"fecha":1556226629626},{"frase":"quiero jugar con el juguete azul ternera jirafa pie ","frecuencia":1,"complejidad":{"valor":0,"pictos componentes":[{"id":44,"esSugerencia":false},{"id":34,"edad":["NINO"],"esSugerencia":false},{"id":761,"esSugerencia":false},{"id":734,"esSugerencia":false},{"id":374,"esSugerencia":true},{"id":320,"esSugerencia":true},{"id":799,"esSugerencia":true}]},"fecha":1556226638413},{"frase":"Hola ","frecuencia":4,"complejidad":{"valor":0,"pictos componentes":[{"id":377,"esSugerencia":false}]},"fecha":[1556715160307,1560808121515,1560808124679,1561143078976]},{"frase":"Hola Buen día ","frecuencia":3,"complejidad":{"valor":0,"pictos componentes":[{"id":377,"esSugerencia":false},{"id":379,"horario":["MANANA"],"esSugerencia":false}]},"fecha":[1556715170807,1561143102325,1561143112639]},{"frase":"Hola Buen día ir a ","frecuencia":1,"complejidad":{"valor":0,"pictos componentes":[{"id":377,"esSugerencia":false},{"id":379,"horario":["MANANA"],"esSugerencia":false},{"id":30,"esSugerencia":true}]},"fecha":1556715190820},{"frase":"Hola Buen día ir a casa ","frecuencia":1,"complejidad":{"valor":0,"pictos componentes":[{"id":377,"esSugerencia":false},{"id":379,"horario":["MANANA"],"esSugerencia":false},{"id":30,"esSugerencia":true},{"id":653,"esSugerencia":false}]},"fecha":1556715199702},{"frase":"Hola Buen día ir a casa reina ","frecuencia":1,"complejidad":{"valor":0,"pictos componentes":[{"id":377,"esSugerencia":false},{"id":379,"horario":["MANANA"],"esSugerencia":false},{"id":30,"esSugerencia":true},{"id":653,"esSugerencia":false},{"id":638,"esSugerencia":true}]},"fecha":1556715209156},{"frase":"Hola Buen día ir a casa reina salir un supermercado galleta Sopa costilla ","frecuencia":3,"complejidad":{"valor":0,"pictos componentes":[{"id":377,"esSugerencia":false},{"id":379,"horario":["MANANA"],"esSugerencia":false},{"id":30,"esSugerencia":true},{"id":653,"esSugerencia":false},{"id":638,"esSugerencia":true},{"id":98,"esSugerencia":true},{"id":688,"esSugerencia":true},{"id":415,"esSugerencia":true},{"id":472,"esSugerencia":true},{"id":514,"esSugerencia":true}]},"fecha":[1556715238778,1556715249057,1556715318824]},{"frase":"Hola Buen día ir a casa reina salir un supermercado galleta Sopa costilla alcaucil cambiar bajar volumen dibujar apagar la computadora ","frecuencia":1,"complejidad":{"valor":0,"pictos componentes":[{"id":377,"esSugerencia":false},{"id":379,"horario":["MANANA"],"esSugerencia":false},{"id":30,"esSugerencia":true},{"id":653,"esSugerencia":false},{"id":638,"esSugerencia":true},{"id":98,"esSugerencia":true},{"id":688,"esSugerencia":true},{"id":415,"esSugerencia":true},{"id":472,"esSugerencia":true},{"id":514,"esSugerencia":true},{"id":392,"esSugerencia":true},{"id":7,"esSugerencia":true},{"id":3,"esSugerencia":true},{"id":15,"esSugerencia":true},{"id":2,"esSugerencia":true},{"id":1016,"esSugerencia":false}]},"fecha":1556715501390},{"frase":"mamá ¿Cómo estás? en azul ","frecuencia":3,"complejidad":{"valor":0,"pictos componentes":[{"id":628,"esSugerencia":false},{"id":378,"esSugerencia":false},{"id":533,"esSugerencia":true},{"id":734,"esSugerencia":true}]},"fecha":[1556715575875,1556715580486,1556715584842]},{"frase":"mamá ¿Cómo estás? en azul chimpancé perro taxista ","frecuencia":3,"complejidad":{"valor":0,"pictos componentes":[{"id":628,"esSugerencia":false},{"id":378,"esSugerencia":false},{"id":533,"esSugerencia":true},{"id":734,"esSugerencia":true},{"id":302,"esSugerencia":true},{"id":342,"esSugerencia":true},{"id":640,"esSugerencia":true}]},"fecha":[1556715598656,1556715605491,1556715613952]},{"frase":"mamá ¿Cómo estás? en azul chimpancé perro taxista nalgas ","frecuencia":3,"complejidad":{"valor":0,"pictos componentes":[{"id":628,"esSugerencia":false},{"id":378,"esSugerencia":false},{"id":533,"esSugerencia":true},{"id":734,"esSugerencia":true},{"id":302,"esSugerencia":true},{"id":342,"esSugerencia":true},{"id":640,"esSugerencia":true},{"id":789,"esSugerencia":true}]},"fecha":[1556715622948,1556715631592,1556715638972]},{"frase":"heroe ","frecuencia":23,"complejidad":{"valor":0,"pictos componentes":[{"id":544,"esSugerencia":true}]},"fecha":[1556715815185,1556715817045,1556715818216,1556715819488,1556715820817,1556715822116,1556715824012,1556715825446,1556715826733,1556715828169,1556715829352,1556715830744,1556715831824,1556715833507,1556715834946,1556715836042,1556715838485,1556715839580,1556715842335,1556715843564,1556715845076,1556715846365,1556715847547]},{"frase":"heroe despeinada ","frecuencia":1,"complejidad":{"valor":0,"pictos componentes":[{"id":544,"esSugerencia":true},{"id":158,"esSugerencia":true}]},"fecha":1556715851520},{"frase":"heroe despeinada jugar con la tablet ","frecuencia":2,"complejidad":{"valor":0,"pictos componentes":[{"id":544,"esSugerencia":true},{"id":158,"esSugerencia":true},{"id":82,"edad":["JOVEN"],"esSugerencia":true}]},"fecha":[1556715857839,1556715862592]},{"frase":"heroe despeinada jugar con la tablet rey ","frecuencia":1,"complejidad":{"valor":0,"pictos componentes":[{"id":544,"esSugerencia":true},{"id":158,"esSugerencia":true},{"id":82,"edad":["JOVEN"],"esSugerencia":true},{"id":639,"esSugerencia":true}]},"fecha":1556715870227},{"frase":"Hola Buenas tardes quiero buscar mamá tengo frío mamá ","frecuencia":3,"complejidad":{"valor":0,"pictos componentes":[{"id":377,"esSugerencia":false},{"id":380,"horario":["MEDIODIA","TARDE"],"esSugerencia":false},{"id":44,"esSugerencia":false},{"id":5,"esSugerencia":false},{"id":628,"esSugerencia":false},{"id":49,"esSugerencia":false},{"id":177,"esSugerencia":false},{"id":628,"esSugerencia":true}]},"fecha":[1560808186245,1560808195763,1560808202709]},{"frase":"mamá quiero jugar con el juguete blanco ","frecuencia":1,"complejidad":{"valor":0,"pictos componentes":[{"id":628,"esSugerencia":false},{"id":44,"esSugerencia":false},{"id":34,"edad":["NINO"],"esSugerencia":false},{"id":761,"esSugerencia":false},{"id":736,"esSugerencia":false}]},"fecha":1560808388618},{"frase":"mamá quiero jugar con el juguete blanco ¿Qué color es? ","frecuencia":1,"complejidad":{"valor":0,"pictos componentes":[{"id":628,"esSugerencia":false},{"id":44,"esSugerencia":false},{"id":34,"edad":["NINO"],"esSugerencia":false},{"id":761,"esSugerencia":false},{"id":736,"esSugerencia":false},{"id":745,"esSugerencia":true}]},"fecha":1560808396225},{"frase":"mamá quiero jugar con el juguete blanco ¿Qué color es? galleta ","frecuencia":1,"complejidad":{"valor":0,"pictos componentes":[{"id":628,"esSugerencia":false},{"id":44,"esSugerencia":false},{"id":34,"edad":["NINO"],"esSugerencia":false},{"id":761,"esSugerencia":false},{"id":736,"esSugerencia":false},{"id":745,"esSugerencia":true},{"id":415,"esSugerencia":true}]},"fecha":1560808479358},{"frase":"yo ","frecuencia":1,"complejidad":{"valor":0,"pictos componentes":[{"id":643,"esSugerencia":false}]},"fecha":1560808589047},{"frase":"yo comer ","frecuencia":1,"complejidad":{"valor":0,"pictos componentes":[{"id":643,"esSugerencia":false},{"id":118,"esSugerencia":true}]},"fecha":1560808595953},{"frase":"yo comer pollo jirafa ","frecuencia":2,"complejidad":{"valor":0,"pictos componentes":[{"id":643,"esSugerencia":false},{"id":118,"esSugerencia":true},{"id":504,"esSugerencia":false},{"id":320,"esSugerencia":true}]},"fecha":[1560808602425,1560808605867]},{"frase":"yo comer pollo jirafa nariz ","frecuencia":1,"complejidad":{"valor":0,"pictos componentes":[{"id":643,"esSugerencia":false},{"id":118,"esSugerencia":true},{"id":504,"esSugerencia":false},{"id":320,"esSugerencia":true},{"id":790,"esSugerencia":true}]},"fecha":1560808611534},{"frase":"yo comer pollo jirafa nariz ocho ","frecuencia":1,"complejidad":{"valor":0,"pictos componentes":[{"id":643,"esSugerencia":false},{"id":118,"esSugerencia":true},{"id":504,"esSugerencia":false},{"id":320,"esSugerencia":true},{"id":790,"esSugerencia":true},{"id":843,"esSugerencia":true}]},"fecha":1560808617083},{"frase":"yo comer pollo jirafa nariz ocho siete ","frecuencia":1,"complejidad":{"valor":0,"pictos componentes":[{"id":643,"esSugerencia":false},{"id":118,"esSugerencia":true},{"id":504,"esSugerencia":false},{"id":320,"esSugerencia":true},{"id":790,"esSugerencia":true},{"id":843,"esSugerencia":true},{"id":842,"esSugerencia":true}]},"fecha":1560808625242},{"frase":"yo comer pollo jirafa nariz ocho siete dos ","frecuencia":2,"complejidad":{"valor":0,"pictos componentes":[{"id":643,"esSugerencia":false},{"id":118,"esSugerencia":true},{"id":504,"esSugerencia":false},{"id":320,"esSugerencia":true},{"id":790,"esSugerencia":true},{"id":843,"esSugerencia":true},{"id":842,"esSugerencia":true},{"id":837,"esSugerencia":true}]},"fecha":[1560808631119,1560808636712]},{"frase":"mamá ¿Cómo estás? ","frecuencia":1,"complejidad":{"valor":0,"pictos componentes":[{"id":628,"esSugerencia":false},{"id":378,"esSugerencia":false}]},"fecha":1560808738335},{"frase":"mamá ¿Cómo estás? en ","frecuencia":1,"complejidad":{"valor":0,"pictos componentes":[{"id":628,"esSugerencia":false},{"id":378,"esSugerencia":false},{"id":533,"esSugerencia":false}]},"fecha":1560808744208},{"frase":"mamá ¿Cómo estás? en dolor de Garganta ","frecuencia":1,"complejidad":{"valor":0,"pictos componentes":[{"id":628,"esSugerencia":false},{"id":378,"esSugerencia":false},{"id":533,"esSugerencia":false},{"id":826,"esSugerencia":true}]},"fecha":1560808748088},{"frase":"mamá ¿Cómo estás? en dolor de Garganta comprar ","frecuencia":1,"complejidad":{"valor":0,"pictos componentes":[{"id":628,"esSugerencia":false},{"id":378,"esSugerencia":false},{"id":533,"esSugerencia":false},{"id":826,"esSugerencia":true},{"id":13,"esSugerencia":true}]},"fecha":1560808755411},{"frase":"mamá ¿Cómo estás? en dolor de Garganta comprar la pistola de agua ","frecuencia":1,"complejidad":{"valor":0,"pictos componentes":[{"id":628,"esSugerencia":false},{"id":378,"esSugerencia":false},{"id":533,"esSugerencia":false},{"id":826,"esSugerencia":true},{"id":13,"esSugerencia":true},{"id":1004,"esSugerencia":true}]},"fecha":1560808764109},{"frase":"mamá ¿Cómo estás? en dolor de Garganta comprar la pistola de agua la computadora ","frecuencia":1,"complejidad":{"valor":0,"pictos componentes":[{"id":628,"esSugerencia":false},{"id":378,"esSugerencia":false},{"id":533,"esSugerencia":false},{"id":826,"esSugerencia":true},{"id":13,"esSugerencia":true},{"id":1004,"esSugerencia":true},{"id":1016,"esSugerencia":true}]},"fecha":1560808777076},{"frase":"mamá ¿Cómo estás? en dolor de Garganta comprar la pistola de agua la computadora aventurero ","frecuencia":1,"complejidad":{"valor":0,"pictos componentes":[{"id":628,"esSugerencia":false},{"id":378,"esSugerencia":false},{"id":533,"esSugerencia":false},{"id":826,"esSugerencia":true},{"id":13,"esSugerencia":true},{"id":1004,"esSugerencia":true},{"id":1016,"esSugerencia":true},{"id":545,"esSugerencia":false}]},"fecha":1560808786177},{"frase":"Hola Buen día ganar ","frecuencia":1,"complejidad":{"valor":0,"pictos componentes":[{"id":377,"esSugerencia":false},{"id":379,"horario":["MANANA"],"esSugerencia":false},{"id":26,"esSugerencia":true}]},"fecha":1561143169378},{"frase":"Hola Buen día ganar empatar ","frecuencia":1,"complejidad":{"valor":0,"pictos componentes":[{"id":377,"esSugerencia":false},{"id":379,"horario":["MANANA"],"esSugerencia":false},{"id":26,"esSugerencia":true},{"id":16,"esSugerencia":true}]},"fecha":1561143172842},{"frase":"Hola Buen día ganar empatar media ","frecuencia":1,"complejidad":{"valor":0,"pictos componentes":[{"id":377,"esSugerencia":false},{"id":379,"horario":["MANANA"],"esSugerencia":false},{"id":26,"esSugerencia":true},{"id":16,"esSugerencia":true},{"id":955,"esSugerencia":true}]},"fecha":1561143180928},{"frase":"Hola Buen día ganar empatar media naranja ","frecuencia":1,"complejidad":{"valor":0,"pictos componentes":[{"id":377,"esSugerencia":false},{"id":379,"horario":["MANANA"],"esSugerencia":false},{"id":26,"esSugerencia":true},{"id":16,"esSugerencia":true},{"id":955,"esSugerencia":true},{"id":742,"esSugerencia":true}]},"fecha":1561143189197},{"frase":"Hola Buen día ganar empatar media naranja negro ","frecuencia":1,"complejidad":{"valor":0,"pictos componentes":[{"id":377,"esSugerencia":false},{"id":379,"horario":["MANANA"],"esSugerencia":false},{"id":26,"esSugerencia":true},{"id":16,"esSugerencia":true},{"id":955,"esSugerencia":true},{"id":742,"esSugerencia":true},{"id":743,"esSugerencia":false}]},"fecha":1561143195400},{"frase":"Hola ¿Cómo estás? ","frecuencia":2,"complejidad":{"valor":0,"pictos componentes":[{"id":377,"esSugerencia":false},{"id":378,"esSugerencia":false}]},"fecha":[1563026838498,1563026842420]},{"frase":"Hola ¿Cómo estás? en ","frecuencia":1,"complejidad":{"valor":0,"pictos componentes":[{"id":377,"esSugerencia":false},{"id":378,"esSugerencia":false},{"id":533,"esSugerencia":false}]},"fecha":1563026847492},{"frase":"Hola ¿Cómo estás? en azul ","frecuencia":1,"complejidad":{"valor":0,"pictos componentes":[{"id":377,"esSugerencia":false},{"id":378,"esSugerencia":false},{"id":533,"esSugerencia":false},{"id":734,"esSugerencia":false}]},"fecha":1563026851886},{"frase":"Hola ¿Cómo estás? en azul ternera jirafa nariz ocho siete ocho gelatina comer un sandwich jugar con el juguete negro naranja gallo desagradable cambiar rosa estaciones del año azúcar alcaucil cambiar rosa estaciones del año antipático ","frecuencia":1,"complejidad":{"valor":0,"pictos componentes":[{"id":377,"esSugerencia":false},{"id":378,"esSugerencia":false},{"id":533,"esSugerencia":false},{"id":734,"esSugerencia":false},{"id":374,"esSugerencia":false},{"id":320,"esSugerencia":false},{"id":790,"esSugerencia":false},{"id":843,"esSugerencia":false},{"id":842,"esSugerencia":false},{"id":843,"esSugerencia":true},{"id":417,"esSugerencia":true},{"id":12,"esSugerencia":true},{"id":34,"edad":["NINO"],"esSugerencia":true},{"id":761,"esSugerencia":false},{"id":743,"esSugerencia":false},{"id":742,"esSugerencia":false},{"id":310,"esSugerencia":false},{"id":155,"esSugerencia":false},{"id":7,"esSugerencia":true},{"id":747,"esSugerencia":true},{"id":813,"esSugerencia":true},{"id":396,"esSugerencia":true},{"id":392,"esSugerencia":true},{"id":7,"esSugerencia":false},{"id":747,"esSugerencia":false},{"id":813,"esSugerencia":false},{"id":120,"esSugerencia":true}]},"fecha":1563026884762}]