[{"frase":"Hola ","frecuencia":1,"complejidad":{"valor":0,"pictos componentes":[{"id":377,"esSugerencia":false}]},"fecha":1581506225890},{"frase":"yo quiero ","frecuencia":4,"complejidad":{"valor":0,"pictos componentes":[{"id":643,"esSugerencia":false},{"id":44,"esSugerencia":false}]},"fecha":[1581506931749,1581621207008,1581621675642,1581621732628]},{"frase":"yo quiero cabra ","frecuencia":1,"complejidad":{"valor":0,"pictos componentes":[{"id":643,"esSugerencia":false},{"id":44,"esSugerencia":false},{"id":294}]},"fecha":1581506977323},{"frase":"yo quiero cabra lila ","frecuencia":1,"complejidad":{"valor":0,"pictos componentes":[{"id":643,"esSugerencia":false},{"id":44,"esSugerencia":false},{"id":294},{"id":740}]},"fecha":1581507002358},{"frase":"yo quiero cabra lila mandarina ","frecuencia":2,"complejidad":{"valor":0,"pictos componentes":[{"id":643,"esSugerencia":false},{"id":44,"esSugerencia":false},{"id":294},{"id":740},{"id":960806166}]},"fecha":[1581508795193,1581508798606]},{"frase":"yo quiero ir a un supermercado cuarto de baño ","frecuencia":2,"complejidad":{"valor":0,"pictos componentes":[{"id":643,"esSugerencia":false},{"id":44,"esSugerencia":false},{"id":30,"esSugerencia":false},{"id":688,"esSugerencia":false},{"id":660}]},"fecha":[1581619986168,1581619990559]},{"frase":"yo quiero ir a ","frecuencia":4,"complejidad":{"valor":0,"pictos componentes":[{"id":643,"esSugerencia":false},{"id":44,"esSugerencia":false},{"id":30,"esSugerencia":false}]},"fecha":[1581620106427,1581620108182,1581620110711,1581620112564]},{"frase":"yo quiero ir a cuarto de baño ","frecuencia":2,"complejidad":{"valor":0,"pictos componentes":[{"id":643,"esSugerencia":false},{"id":44,"esSugerencia":false},{"id":30,"esSugerencia":false},{"id":660}]},"fecha":[1581620159008,1581620190779]},{"frase":"yo quiero lavarme las manos ","frecuencia":1,"complejidad":{"valor":0,"pictos componentes":[{"id":643,"esSugerencia":false},{"id":44,"esSugerencia":false},{"id":31,"esSugerencia":false}]},"fecha":1581620275878},{"frase":"yo tengo frío ","frecuencia":1,"complejidad":{"valor":0,"pictos componentes":[{"id":643,"esSugerencia":false},{"id":49,"esSugerencia":false},{"id":177,"esSugerencia":false}]},"fecha":1581620784646},{"frase":"yo quiero buscar colores ","frecuencia":2,"complejidad":{"valor":0,"pictos componentes":[{"id":643,"esSugerencia":false},{"id":44,"esSugerencia":false},{"id":5,"esSugerencia":false},{"id":737,"esSugerencia":false}]},"fecha":[1581621486244,1581621901761]},{"frase":"yo quiero rosa ","frecuencia":1,"complejidad":{"valor":0,"pictos componentes":[{"id":643,"esSugerencia":false},{"id":44,"esSugerencia":false},{"id":747,"esSugerencia":false}]},"fecha":1581621518662},{"frase":"yo quiero ir a casa ","frecuencia":1,"complejidad":{"valor":0,"pictos componentes":[{"id":643,"esSugerencia":false},{"id":44,"esSugerencia":false},{"id":30,"esSugerencia":false},{"id":653,"esSugerencia":false}]},"fecha":1581621562822},{"frase":"yo quiero buscar agua ","frecuencia":1,"complejidad":{"valor":0,"pictos componentes":[{"id":643,"esSugerencia":false},{"id":44,"esSugerencia":false},{"id":5,"esSugerencia":false},{"id":500,"esSugerencia":false}]},"fecha":1581621748597},{"frase":"yo quiero buscar colores y la guitarra rosa ","frecuencia":1,"complejidad":{"valor":0,"pictos componentes":[{"id":643,"esSugerencia":false},{"id":44,"esSugerencia":false},{"id":5,"esSugerencia":false},{"id":737,"esSugerencia":false},{"id":923,"esSugerencia":false},{"id":855,"esSugerencia":false},{"id":747,"esSugerencia":false}]},"fecha":1581622165928},{"frase":"yo quiero buscar colores y la guitarra ","frecuencia":1,"complejidad":{"valor":0,"pictos componentes":[{"id":643,"esSugerencia":false},{"id":44,"esSugerencia":false},{"id":5,"esSugerencia":false},{"id":737,"esSugerencia":false},{"id":923,"esSugerencia":false},{"id":855,"esSugerencia":false}]},"fecha":1581622231264},{"frase":"yo quiero buscar colores y la guitarra violeta ","frecuencia":1,"complejidad":{"valor":0,"pictos componentes":[{"id":643,"esSugerencia":false},{"id":44,"esSugerencia":false},{"id":5,"esSugerencia":false},{"id":737,"esSugerencia":false},{"id":923,"esSugerencia":false},{"id":855,"esSugerencia":false},{"id":748}]},"fecha":1581622250808},{"frase":"yo tengo verguenza ","frecuencia":1,"complejidad":{"valor":0,"pictos componentes":[{"id":643,"esSugerencia":false},{"id":49,"esSugerencia":false},{"id":729,"esSugerencia":false}]},"fecha":1581960298192},{"frase":"Hola papá estoy mas o menos ","frecuencia":1,"complejidad":{"valor":0,"pictos componentes":[{"id":377,"esSugerencia":false},{"id":632,"esSugerencia":false},{"id":22,"esSugerencia":false},{"id":204,"esSugerencia":false}]},"fecha":1581960475892},{"frase":"yo tengo frío escuela ","frecuencia":1,"complejidad":{"valor":0,"pictos componentes":[{"id":643,"esSugerencia":false},{"id":49,"esSugerencia":false},{"id":177,"esSugerencia":false},{"id":662,"esSugerencia":false}]},"fecha":1581960539097},{"frase":"yo tengo ","frecuencia":1,"complejidad":{"valor":0,"pictos componentes":[{"id":643,"esSugerencia":false},{"id":49,"esSugerencia":false}]},"fecha":1581960595159},{"frase":"yo tengo e ","frecuencia":1,"complejidad":{"valor":0,"pictos componentes":[{"id":643,"esSugerencia":false},{"id":49,"esSugerencia":false},{"id":898}]},"fecha":1581960650963},{"frase":"yo quiero naranja y ","frecuencia":1,"complejidad":{"valor":0,"pictos componentes":[{"id":643,"esSugerencia":false},{"id":44,"esSugerencia":false},{"id":435},{"id":923,"esSugerencia":false}]},"fecha":1581960775409},{"frase":"yo tengo pizza ","frecuencia":3,"complejidad":{"valor":0,"pictos componentes":[{"id":643,"esSugerencia":false},{"id":49,"esSugerencia":false},{"id":1500487853}]},"fecha":[1582048479629,1582048483501,1582048485615]},{"frase":"yo quiero pizza ","frecuencia":5,"complejidad":{"valor":0,"pictos componentes":[{"id":643,"esSugerencia":false},{"id":44,"esSugerencia":false},{"id":1500487853}]},"fecha":[1582048540935,1582716851829,1582716856016,1582716859153,1582716863117]},{"frase":"yo tengo caballo ","frecuencia":6,"complejidad":{"valor":0,"pictos componentes":[{"id":643,"esSugerencia":false},{"id":49,"esSugerencia":false},{"id":293}]},"fecha":[1582708281124,1582708283514,1582708292023,1582708295651,1582708301057,1582708310854]},{"frase":"yo tengo DINOSAURIO ","frecuencia":3,"complejidad":{"valor":0,"pictos componentes":[{"id":643,"esSugerencia":false},{"id":49,"esSugerencia":false},{"id":-2134445465}]},"fecha":[1582708505196,1582708510353,1582708517868]},{"frase":"dame DINOSAURIO ","frecuencia":8,"complejidad":{"valor":0,"pictos componentes":[{"id":14},{"id":-2134445465}]},"fecha":[1582708581861,1582708585103,1582708589539,1582708597201,1582708608649,1582708615777,1582708853631,1582708856550]},{"frase":"dame ","frecuencia":2,"complejidad":{"valor":0,"pictos componentes":[]},"fecha":[1582708848164,1582708849691]},{"frase":"dame DINOSAURIO Adam ","frecuencia":12,"complejidad":{"valor":0,"pictos componentes":[]},"fecha":[1582708940221,1582708943210,1582708947091,1582708951420,1582708958104,1582708962933,1582708972642,1582708982375,1582709010511,1582709015276,1582709029383,1582716619039]},{"frase":"yo Juan ","frecuencia":7,"complejidad":{"valor":0,"pictos componentes":[{"id":643,"esSugerencia":false},{"id":-2126201319}]},"fecha":[1582716761903,1582716764325,1582716771474,1582716777624,1582716787938,1582716795553,1582716803470]},{"frase":"yo quiero cuarto de baño Papel baño ","frecuencia":2,"complejidad":{"valor":0,"pictos componentes":[{"id":643,"esSugerencia":false},{"id":44,"esSugerencia":false},{"id":660},{"id":-2125876364}]},"fecha":[1582717071390,1582717078263]},{"frase":"yo quiero Papel baño ","frecuencia":4,"complejidad":{"valor":0,"pictos componentes":[{"id":643,"esSugerencia":false},{"id":44,"esSugerencia":false},{"id":-2125876364}]},"fecha":[1582717137513,1582717142073,1582717145371,1582717153307]}]