[{"frase":"Pintado.","frecuencia":1,"complejidad":{"valor":0,"pictos componentes":[{"id":811},{"id":43,"esSugerencia":true}]},"fecha":1558554589285},{"frase":"Quiero jugar con la tableta.","frecuencia":2,"complejidad":{"valor":0,"pictos componentes":[{"id":643,"esSugerencia":false},{"id":44,"esSugerencia":false},{"id":82,"edad":["JOVEN"],"esSugerencia":true}]},"fecha":[1558681184625,1558681468475]},{"frase":"Quiero salvaje","frecuencia":1,"complejidad":{"valor":0,"pictos componentes":[{"id":643,"esSugerencia":false},{"id":44,"esSugerencia":false},{"id":249}]},"fecha":1558681415581},{"frase":"Quiere salvaje","frecuencia":2,"complejidad":{"valor":0,"pictos componentes":[{"id":643,"esSugerencia":false},{"id":44,"esSugerencia":false},{"id":249}]},"fecha":[1558681417430,1558681419085]},{"frase":"Quiero escuchar musica.","frecuencia":1,"complejidad":{"valor":0,"pictos componentes":[{"id":643,"esSugerencia":false},{"id":44,"esSugerencia":false},{"id":20,"esSugerencia":false}]},"fecha":1558681646371},{"frase":"Hola, ¿cómo estás? El azul y el chimpancé.","frecuencia":2,"complejidad":{"valor":0,"pictos componentes":[{"id":377,"esSugerencia":false},{"id":378,"esSugerencia":false},{"id":533,"esSugerencia":true},{"id":734,"esSugerencia":true},{"id":302,"esSugerencia":true}]},"fecha":[1558681738572,1558681771353]},{"frase":"El perro se sopla la nariz.","frecuencia":1,"complejidad":{"valor":0,"pictos componentes":[{"id":342,"esSugerencia":false},{"id":103}]},"fecha":1559547320734},{"frase":"Quiero jugar con.","frecuencia":1,"complejidad":{"valor":0,"pictos componentes":[{"id":643,"esSugerencia":false},{"id":44,"esSugerencia":false},{"id":34,"edad":["NINO"],"esSugerencia":false},{"id":615,"esSugerencia":false}]},"fecha":1559564241699},{"frase":"Quiere jugar con.","frecuencia":3,"complejidad":{"valor":0,"pictos componentes":[{"id":643,"esSugerencia":false},{"id":44,"esSugerencia":false},{"id":34,"edad":["NINO"],"esSugerencia":false},{"id":615,"esSugerencia":false}]},"fecha":[1559564246555,1559564248117,1559564250883]},{"frase":"Quiero.","frecuencia":1,"complejidad":{"valor":0,"pictos componentes":[{"id":643,"esSugerencia":false},{"id":44,"esSugerencia":false},{"id":1033}]},"fecha":1559564528955},{"frase":"Quiere.","frecuencia":3,"complejidad":{"valor":0,"pictos componentes":[{"id":643,"esSugerencia":false},{"id":44,"esSugerencia":false},{"id":1033}]},"fecha":[1559564530778,1559564533723,1559564534755]},{"frase":"Adiós, adiós. Besos besos.","frecuencia":1,"complejidad":{"valor":0,"pictos componentes":[{"id":382,"esSugerencia":false},{"id":64,"esSugerencia":true},{"id":382,"esSugerencia":true},{"id":64,"esSugerencia":false},{"id":382,"esSugerencia":false}]},"fecha":1559566160706}]