[{"frase":"Hola Buenas tardes ","frecuencia":3,"complejidad":{"valor":0,"pictos componentes":[{"id":377,"esSugerencia":false},{"id":380,"horario":["MEDIODIA","TARDE"],"esSugerencia":false}]},"fecha":[1551145077320,1551145300874,1551145611483]},{"frase":"Me encantaría ","frecuencia":1,"complejidad":{"valor":0,"pictos componentes":[{"id":390,"esSugerencia":true}]},"fecha":1551145522045},{"frase":"Me encantaría patatas ","frecuencia":1,"complejidad":{"valor":0,"pictos componentes":[{"id":390,"esSugerencia":true},{"id":442,"esSugerencia":true}]},"fecha":1551145526056},{"frase":"Me encantaría patatas y ","frecuencia":1,"complejidad":{"valor":0,"pictos componentes":[{"id":390,"esSugerencia":true},{"id":442,"esSugerencia":true},{"id":923,"esSugerencia":true}]},"fecha":1551145532302},{"frase":"Me encantaría patatas y tomar ","frecuencia":1,"complejidad":{"valor":0,"pictos componentes":[{"id":390,"esSugerencia":true},{"id":442,"esSugerencia":true},{"id":923,"esSugerencia":true},{"id":51,"esSugerencia":true}]},"fecha":1551145537754},{"frase":"Me encantaría patatas y tomar gaseosa ","frecuencia":1,"complejidad":{"valor":0,"pictos componentes":[{"id":390,"esSugerencia":true},{"id":442,"esSugerencia":true},{"id":923,"esSugerencia":true},{"id":51,"esSugerencia":true},{"id":501,"esSugerencia":false}]},"fecha":1551145543636},{"frase":"hermano quiero jugar con la pelota ","frecuencia":1,"complejidad":{"valor":0,"pictos componentes":[{"id":623,"esSugerencia":false},{"id":44,"esSugerencia":false},{"id":34,"edad":["NINO"],"esSugerencia":false},{"id":996,"esSugerencia":false}]},"fecha":1551145566853},{"frase":"ir a ","frecuencia":1,"complejidad":{"valor":0,"pictos componentes":[{"id":30,"esSugerencia":false}]},"fecha":1551145803187},{"frase":"ir a comer ","frecuencia":1,"complejidad":{"valor":0,"pictos componentes":[{"id":30,"esSugerencia":false},{"id":118,"esSugerencia":false}]},"fecha":1551145809752},{"frase":"ir a comer carne ","frecuencia":1,"complejidad":{"valor":0,"pictos componentes":[{"id":30,"esSugerencia":false},{"id":118,"esSugerencia":false},{"id":482,"esSugerencia":false}]},"fecha":1551145813206},{"frase":"ir a comer carne casa ","frecuencia":1,"complejidad":{"valor":0,"pictos componentes":[{"id":30,"esSugerencia":false},{"id":118,"esSugerencia":false},{"id":482,"esSugerencia":false},{"id":653,"esSugerencia":true}]},"fecha":1551145820248},{"frase":"yo tengo frío ","frecuencia":1,"complejidad":{"valor":0,"pictos componentes":[{"id":643,"esSugerencia":false},{"id":49,"esSugerencia":false},{"id":177,"esSugerencia":false}]},"fecha":1551145883476},{"frase":"yo tengo frío ¿Cómo estás? ","frecuencia":1,"complejidad":{"valor":0,"pictos componentes":[{"id":643,"esSugerencia":false},{"id":49,"esSugerencia":false},{"id":177,"esSugerencia":false},{"id":378,"esSugerencia":true}]},"fecha":1551145894944},{"frase":"yo tengo frío ¿Cómo estás? asustado sentimientos ","frecuencia":1,"complejidad":{"valor":0,"pictos componentes":[{"id":643,"esSugerencia":false},{"id":49,"esSugerencia":false},{"id":177,"esSugerencia":false},{"id":378,"esSugerencia":true},{"id":121,"esSugerencia":true},{"id":722,"esSugerencia":true}]},"fecha":1551145911983}]