[{"frase":"Hola Buenas tardes ","frecuencia":1,"complejidad":{"valor":0,"pictos componentes":[{"id":377,"esSugerencia":false},{"id":380,"horario":["MEDIODIA","TARDE"],"esSugerencia":false}]},"fecha":[1547387133]}, {"frase":"hacer pis ","frecuencia":2,"complejidad":{"valor":0,"pictos componentes":[{"id":29}]},"fecha":[1548788046,1548812359]}, {"frase":"quiero ","frecuencia":2,"complejidad":{"valor":0,"pictos componentes":[{"id":44,"esSugerencia":false}]},"fecha":[1548788070,1548788102]}, {"frase":"quiero comer ","frecuencia":1,"complejidad":{"valor":0,"pictos componentes":[{"id":44,"esSugerencia":false},{"id":118,"esSugerencia":false}]},"fecha":[1548788710]}, {"frase":"papá cambiar de canal ","frecuencia":1,"complejidad":{"valor":0,"pictos componentes":[{"id":632,"esSugerencia":false},{"id":8,"esSugerencia":true}]},"fecha":[1548810647]}, {"frase":"yo ir a casa ","frecuencia":1,"complejidad":{"valor":0,"pictos componentes":[{"id":643,"esSugerencia":false},{"id":30,"esSugerencia":true},{"id":653,"esSugerencia":false}]},"fecha":[1548812325]}, {"frase":"Si ","frecuencia":1,"complejidad":{"valor":0,"pictos componentes":[{"id":388,"esSugerencia":false}]},"fecha":[1548812335]}, {"frase":"mamá quiero ir a casa ","frecuencia":1,"complejidad":{"valor":0,"pictos componentes":[{"id":628,"esSugerencia":false},{"id":44,"esSugerencia":false},{"id":30,"esSugerencia":false},{"id":653,"esSugerencia":false}]},"fecha":[1548812347]}, {"frase":"Hola ","frecuencia":3,"complejidad":{"valor":0,"pictos componentes":[{"id":377,"esSugerencia":false}]},"fecha":[1548855936,1548855959,1548856042]}, {"frase":"mamá ¿Cómo estás? ","frecuencia":1,"complejidad":{"valor":0,"pictos componentes":[{"id":628,"esSugerencia":false},{"id":378,"esSugerencia":false}]},"fecha":[1548855975]}, {"frase":"yo ","frecuencia":1,"complejidad":{"valor":0,"pictos componentes":[{"id":643,"esSugerencia":false}]},"fecha":[1548855988]}, {"frase":"mamá ","frecuencia":1,"complejidad":{"valor":0,"pictos componentes":[{"id":628,"esSugerencia":false}]},"fecha":[1548855998]}, {"frase":"escuchar música ","frecuencia":1,"complejidad":{"valor":0,"pictos componentes":[{"id":20}]},"fecha":[1548856439]}]