[{"frase":"Hola Buenas tardes ","frecuencia":2,"complejidad":{"valor":0,"pictos componentes":[{"id":377,"esSugerencia":false},{"id":380,"horario":["MEDIODIA","TARDE"],"esSugerencia":false}]},"fecha":[1553722197216,1557239087871]},{"frase":"quiero ir a aeropuerto ","frecuencia":1,"complejidad":{"valor":0,"pictos componentes":[{"id":44,"esSugerencia":false},{"id":30,"esSugerencia":false},{"id":646}]},"fecha":1557238128748},{"frase":"quiero escuchar el coro ","frecuencia":1,"complejidad":{"valor":0,"pictos componentes":[{"id":44,"esSugerencia":false},{"id":21},{"id":853}]},"fecha":1557238383128},{"frase":"quiero abrochar campera ","frecuencia":2,"complejidad":{"valor":0,"pictos componentes":[{"id":44,"esSugerencia":false},{"id":54},{"id":941}]},"fecha":[1557238536692,1557238543614]},{"frase":"yo tengo apagar la tablet ","frecuencia":1,"complejidad":{"valor":0,"pictos componentes":[{"id":643,"esSugerencia":false},{"id":49,"esSugerencia":false},{"id":2},{"id":774,"esSugerencia":false}]},"fecha":1557238602179},{"frase":"yo quiero apagar la radio ","frecuencia":1,"complejidad":{"valor":0,"pictos componentes":[{"id":643,"esSugerencia":false},{"id":44,"esSugerencia":false},{"id":2},{"id":1019,"esSugerencia":false}]},"fecha":1557238656683},{"frase":"yo viajar avión ","frecuencia":1,"complejidad":{"valor":0,"pictos componentes":[{"id":643,"esSugerencia":false},{"id":116},{"id":606}]},"fecha":1557238778601},{"frase":"yo quiero tocar ","frecuencia":1,"complejidad":{"valor":0,"pictos componentes":[{"id":643,"esSugerencia":false},{"id":44,"esSugerencia":false},{"id":117}]},"fecha":1557238857513},{"frase":"yo quiero tocar conejo ","frecuencia":1,"complejidad":{"valor":0,"pictos componentes":[{"id":643,"esSugerencia":false},{"id":44,"esSugerencia":false},{"id":117},{"id":376}]},"fecha":1557238918145},{"frase":"papá quiero ir a pintar ","frecuencia":1,"complejidad":{"valor":0,"pictos componentes":[{"id":632,"esSugerencia":false},{"id":44,"esSugerencia":false},{"id":30,"esSugerencia":false},{"id":43}]},"fecha":1557239141166},{"frase":"quiero ir a comer hamburguesa tomar leche ","frecuencia":1,"complejidad":{"valor":0,"pictos componentes":[{"id":44,"esSugerencia":false},{"id":30,"esSugerencia":false},{"id":118,"esSugerencia":false},{"id":515,"esSugerencia":false},{"id":51,"esSugerencia":true},{"id":495,"esSugerencia":false}]},"fecha":1557264560834},{"frase":"yo viajar ","frecuencia":1,"complejidad":{"valor":0,"pictos componentes":[{"id":643,"esSugerencia":false},{"id":116,"esSugerencia":false}]},"fecha":1557264584634},{"frase":"yo quiero ","frecuencia":1,"complejidad":{"valor":0,"pictos componentes":[{"id":643,"esSugerencia":false},{"id":44,"esSugerencia":false}]},"fecha":1557264592495},{"frase":"yo quiero buscar comida ","frecuencia":1,"complejidad":{"valor":0,"pictos componentes":[{"id":643,"esSugerencia":false},{"id":44,"esSugerencia":false},{"id":5,"esSugerencia":false},{"id":1014,"esSugerencia":false}]},"fecha":1557264603068},{"frase":"yo quiero buscar comida sentarme panza ","frecuencia":1,"complejidad":{"valor":0,"pictos componentes":[{"id":643,"esSugerencia":false},{"id":44,"esSugerencia":false},{"id":5,"esSugerencia":false},{"id":1014,"esSugerencia":false},{"id":101,"esSugerencia":true},{"id":795,"esSugerencia":true}]},"fecha":1557264612001},{"frase":"quiero comer ","frecuencia":2,"complejidad":{"valor":0,"pictos componentes":[{"id":44,"esSugerencia":false},{"id":118,"esSugerencia":false}]},"fecha":[1557872380294,1557872415010]},{"frase":"quiero comer verduras ","frecuencia":2,"complejidad":{"valor":0,"pictos componentes":[{"id":44,"esSugerencia":false},{"id":118,"esSugerencia":false},{"id":478,"esSugerencia":false}]},"fecha":[1557872385658,1557872402892]},{"frase":"quiero comer hamburguesa ","frecuencia":1,"complejidad":{"valor":0,"pictos componentes":[{"id":44,"esSugerencia":false},{"id":118,"esSugerencia":false},{"id":515,"esSugerencia":false}]},"fecha":1557872422407}]