[{"frase":"Si quiero ir a hospital dolor de Garganta Por favor ","frecuencia":3,"complejidad":{"valor":0,"pictos componentes":[{"id":388,"esSugerencia":false},{"id":44,"esSugerencia":false},{"id":30,"esSugerencia":false},{"id":668,"esSugerencia":false},{"id":826,"esSugerencia":true},{"id":383,"esSugerencia":true}]},"fecha":[1569533915326,1569533929902,1569533936013]},{"frase":"Hola ","frecuencia":3,"complejidad":{"valor":0,"pictos componentes":[{"id":377,"esSugerencia":false}]},"fecha":[1569533974192,1569533975513,1569533976842]},{"frase":"Hola ¿Cómo estás? ","frecuencia":1,"complejidad":{"valor":0,"pictos componentes":[{"id":377,"esSugerencia":false},{"id":378,"esSugerencia":false}]},"fecha":1569533979260}]