[{"frase":"Hola ¿Cómo estás? quiero comer cerdo ","frecuencia":1,"complejidad":{"valor":0,"pictos componentes":[{"id":377,"esSugerencia":false},{"id":378,"esSugerencia":false},{"id":44,"esSugerencia":false},{"id":118,"esSugerencia":false},{"id":301}]},"fecha":1596223659777},{"frase":"Hola Buen día tengo hambre dame carne ","frecuencia":2,"complejidad":{"valor":0,"pictos componentes":[{"id":377,"esSugerencia":false},{"id":379,"horario":["MANANA"],"esSugerencia":false,"hora":["MANANA"]},{"id":49,"esSugerencia":false},{"id":597,"esSugerencia":false},{"id":14},{"id":482,"esSugerencia":false}]},"fecha":[1596850564465,1596850573006]},{"frase":"apagar control remoto cena ","frecuencia":1,"complejidad":{"valor":0,"pictos componentes":[{"id":2,"esSugerencia":true},{"id":568,"esSugerencia":true},{"id":590,"esSugerencia":true}]},"fecha":1596850904075},{"frase":"Quiere tomar una hamburguesa y un refresco.","frecuencia":1,"complejidad":{"valor":0,"pictos componentes":[{"id":44,"esSugerencia":false},{"id":118,"esSugerencia":false},{"id":515,"esSugerencia":false},{"id":51,"esSugerencia":true},{"id":501,"esSugerencia":false}]},"fecha":1596850998433},{"frase":"Quiere una cereza y una acelga.","frecuencia":1,"complejidad":{"valor":0,"pictos componentes":[{"id":44,"esSugerencia":false},{"id":404},{"id":391}]},"fecha":1596851035403},{"frase":"Hola buen día.","frecuencia":1,"complejidad":{"valor":0,"pictos componentes":[{"id":377,"esSugerencia":false},{"id":379,"horario":["MANANA"],"esSugerencia":false,"hora":["MANANA"]}]},"fecha":1596851209042},{"frase":"Mamá tiene.","frecuencia":1,"complejidad":{"valor":0,"pictos componentes":[{"id":628,"esSugerencia":false},{"id":49,"esSugerencia":false},{"id":729,"esSugerencia":false}]},"fecha":1596851241742}]