[{"frase":"Hola ¿Cómo estás? ","frecuencia":1,"complejidad":{"valor":0,"pictos componentes":[{"id":377},{"id":378}]},"fecha":[1533315316]}, {"frase":"","frecuencia":16,"complejidad":{"valor":0,"pictos componentes":[]},"fecha":[1533316710,1533316712,1534525280,1534525280,1539363504,1539363504,1539363505,1539363505,1539363506,1539363506,1539363506,1539363507,1539363507,1539363507,1539363555,1541180865]}, {"frase":"yo quiero comer ","frecuencia":2,"complejidad":{"valor":0,"pictos componentes":[{"id":643},{"id":44},{"id":118}]},"fecha":[1539363632,1553186677]}, {"frase":"yo quiero comer Si camiseta manga larga las maracas ","frecuencia":1,"complejidad":{"valor":0,"pictos componentes":[{"id":643},{"id":44},{"id":118},{"id":388},{"id":940},{"id":858}]},"fecha":[1539363915]}, {"frase":"Hola Buenas tardes ","frecuencia":3,"complejidad":{"valor":0,"pictos componentes":[{"id":377},{"id":380,"horario":["MEDIODIA","TARDE"]}]},"fecha":[1539363941,1558719683,1558719703]}, {"frase":"yo estoy feliz ","frecuencia":6,"complejidad":{"valor":0,"pictos componentes":[{"id":643},{"id":22},{"id":181}]},"fecha":[1539364076,1539364502,1539364515,1539364571,1553186546,1553186628]}, {"frase":"yo estoy feliz Ayuda y ","frecuencia":1,"complejidad":{"valor":0,"pictos componentes":[{"id":643},{"id":22},{"id":181},{"id":385},{"id":923}]},"fecha":[1539364099]}, {"frase":"yo estoy feliz panda ","frecuencia":6,"complejidad":{"valor":0,"pictos componentes":[{"id":643},{"id":22},{"id":181},{"id":336}]},"fecha":[1539364253,1539364344,1539364346,1539364438,1539364473,1553186641]}, {"frase":"yo estoy feliz cambiarme el pañal ","frecuencia":3,"complejidad":{"valor":0,"pictos componentes":[{"id":643},{"id":22},{"id":181},{"id":9}]},"fecha":[1539364629,1539364648,1539364662]}, {"frase":"yo me lo puedes dar  ","frecuencia":1,"complejidad":{"valor":0,"pictos componentes":[{"id":643},{"id":14}]},"fecha":[1541180840]}, {"frase":"Hola Buenas noches ","frecuencia":3,"complejidad":{"valor":0,"pictos componentes":[{"id":377},{"id":381,"horario":["NOCHE"]}]},"fecha":[1541180964,1541180972,1541181045]}, {"frase":"Hola Buenas noches el coche de bomberos maltrato ","frecuencia":2,"complejidad":{"valor":0,"pictos componentes":[{"id":377},{"id":381,"horario":["NOCHE"]},{"id":981},{"id":711}]},"fecha":[1541181155,1541181167]}, {"frase":"Hola ","frecuencia":4,"complejidad":{"valor":0,"pictos componentes":[{"id":377}]},"fecha":[1541181339,1541181351,1541181353,1541181354]}, {"frase":"yo ","frecuencia":1,"complejidad":{"valor":0,"pictos componentes":[{"id":643}]},"fecha":[1553186398]}, {"frase":"yo estoy ","frecuencia":2,"complejidad":{"valor":0,"pictos componentes":[{"id":643},{"id":22}]},"fecha":[1553186426,1553186614]}, {"frase":"yo estoy bien ","frecuencia":3,"complejidad":{"valor":0,"pictos componentes":[{"id":643},{"id":22},{"id":133}]},"fecha":[1553186454,1553186493,1553186530]}, {"frase":"yo quiero ","frecuencia":1,"complejidad":{"valor":0,"pictos componentes":[{"id":643},{"id":44}]},"fecha":[1553186667]}, {"frase":"yo quiero jugar con la tablet ","frecuencia":1,"complejidad":{"valor":0,"pictos componentes":[{"id":643},{"id":44},{"id":82}]},"fecha":[1553186847]}]