[{"frase":"Hola ¿Cómo estás? ","frecuencia":3,"complejidad":{"valor":0,"pictos componentes":[{"id":377},{"id":378}]},"fecha":[1534197745,1560895109917,1560895192070]},{"frase":"bikini jean vestido zapatilla deportiva pantalones cortos ","frecuencia":1,"complejidad":{"valor":0,"pictos componentes":[{"id":928},{"id":954},{"id":971},{"id":974},{"id":962}]},"fecha":[1540244692]},{"frase":"","frecuencia":2,"complejidad":{"valor":0,"pictos componentes":[]},"fecha":[1560894973672,1568757272713]},{"frase":"yo ","frecuencia":2,"complejidad":{"valor":0,"pictos componentes":[{"id":643,"esSugerencia":false}]},"fecha":[1560894979375,1563919620855]},{"frase":"yo tengo frío ","frecuencia":1,"complejidad":{"valor":0,"pictos componentes":[{"id":643,"esSugerencia":false},{"id":49,"esSugerencia":false},{"id":177,"esSugerencia":false}]},"fecha":1560894995963},{"frase":"Hola ","frecuencia":8,"complejidad":{"valor":0,"pictos componentes":[{"id":377,"esSugerencia":false}]},"fecha":[1560895074466,1563919494958,1563919497508,1563919510012,1563919520419,1563919522097,1563919522834,1563919523480]},{"frase":"yo estoy aburrido ","frecuencia":1,"complejidad":{"valor":0,"pictos componentes":[{"id":643,"esSugerencia":false},{"id":22,"esSugerencia":false},{"id":119,"esSugerencia":false}]},"fecha":1560895130095},{"frase":"yo quiero ir a la cancha ","frecuencia":2,"complejidad":{"valor":0,"pictos componentes":[{"id":643,"esSugerencia":false},{"id":44,"esSugerencia":false},{"id":30,"esSugerencia":false},{"id":651,"esSugerencia":false}]},"fecha":[1560895417190,1560895727969]},{"frase":"yo quiero ir a tomar gaseosa ","frecuencia":1,"complejidad":{"valor":0,"pictos componentes":[{"id":643,"esSugerencia":false},{"id":44,"esSugerencia":false},{"id":30,"esSugerencia":false},{"id":51,"esSugerencia":false},{"id":501,"esSugerencia":false}]},"fecha":1560895828931},{"frase":"Hola tengo frío ","frecuencia":1,"complejidad":{"valor":0,"pictos componentes":[{"id":377,"esSugerencia":false},{"id":49,"esSugerencia":false},{"id":177,"esSugerencia":false}]},"fecha":1561499581341},{"frase":"quiero comer pollo huevo frito ","frecuencia":1,"complejidad":{"valor":0,"pictos componentes":[{"id":44,"esSugerencia":false},{"id":118,"esSugerencia":false},{"id":504,"esSugerencia":false},{"id":421,"esSugerencia":true}]},"fecha":1561500059125},{"frase":"dame ","frecuencia":1,"complejidad":{"valor":0,"pictos componentes":[{"id":14,"esSugerencia":true}]},"fecha":1561500256906},{"frase":"dame leche y galletas ","frecuencia":1,"complejidad":{"valor":0,"pictos componentes":[{"id":14,"esSugerencia":true},{"id":427,"esSugerencia":false}]},"fecha":1561500262007},{"frase":"quiero ir a casa ","frecuencia":1,"complejidad":{"valor":0,"pictos componentes":[{"id":44,"esSugerencia":false},{"id":30,"esSugerencia":false},{"id":653,"esSugerencia":false}]},"fecha":1561500875248},{"frase":"Hola Buenas tardes ","frecuencia":2,"complejidad":{"valor":0,"pictos componentes":[{"id":377,"esSugerencia":false},{"id":380,"horario":["MEDIODIA","TARDE"],"esSugerencia":false}]},"fecha":[1563919554298,1563919582419]},{"frase":"Hola Buenas tardes esperar ","frecuencia":1,"complejidad":{"valor":0,"pictos componentes":[{"id":377,"esSugerencia":false},{"id":380,"horario":["MEDIODIA","TARDE"],"esSugerencia":false},{"id":23,"esSugerencia":true}]},"fecha":1563919575183},{"frase":"Hola Buenas tardes tengo hambre quiero comer ","frecuencia":1,"complejidad":{"valor":0,"pictos componentes":[{"id":377,"esSugerencia":false},{"id":380,"horario":["MEDIODIA","TARDE"],"esSugerencia":false},{"id":49,"esSugerencia":false},{"id":597,"esSugerencia":false},{"id":44,"esSugerencia":true},{"id":118,"esSugerencia":false}]},"fecha":1563919603480},{"frase":"Hola tengo ","frecuencia":1,"complejidad":{"valor":0,"pictos componentes":[{"id":377,"esSugerencia":false},{"id":49,"esSugerencia":false}]},"fecha":1568757298813}]