[{"frase":"","frecuencia":2,"complejidad":{"valor":0,"pictos componentes":[]},"fecha":[1566156129079,1566156131402]},{"frase":"papá Hola ¿Cómo estás? ","frecuencia":1,"complejidad":{"valor":0,"pictos componentes":[{"id":632,"esSugerencia":false},{"id":377,"esSugerencia":false},{"id":378,"esSugerencia":false}]},"fecha":1566159879575},{"frase":"quiero ir a jardín ","frecuencia":1,"complejidad":{"valor":0,"pictos componentes":[{"id":44,"esSugerencia":false},{"id":30,"esSugerencia":false},{"id":672}]},"fecha":1566160329710},{"frase":"yo quiero tomar jugo ","frecuencia":2,"complejidad":{"valor":0,"pictos componentes":[{"id":643,"esSugerencia":false},{"id":44,"esSugerencia":false},{"id":51},{"id":497}]},"fecha":[1566160716513,1566160721683]}]