[{"frase":"Hola Buenas tardes estoy aburrido ","frecuencia":1,"complejidad":{"valor":0,"pictos componentes":[{"id":377,"esSugerencia":false},{"id":380,"horario":["MEDIODIA","TARDE"],"esSugerencia":false},{"id":22,"esSugerencia":false},{"id":119,"esSugerencia":false}]},"fecha":1569810993824},{"frase":"Hola ","frecuencia":1,"complejidad":{"valor":0,"pictos componentes":[{"id":377,"esSugerencia":false}]},"fecha":1569810998123},{"frase":"","frecuencia":11,"complejidad":{"valor":0,"pictos componentes":[]},"fecha":[1569811112070,1569813736948,1569813737709,1569813738890,1569813739292,1569813739456,1569813739620,1569813739803,1569813741403,1569813741567,1569813741703]},{"frase":"yo ","frecuencia":2,"complejidad":{"valor":0,"pictos componentes":[{"id":643,"esSugerencia":false}]},"fecha":[1569813732704,1569813734114]},{"frase":"Buen día antílope ","frecuencia":1,"complejidad":{"valor":0,"pictos componentes":[{"id":379,"horario":["MANANA"],"esSugerencia":false},{"id":285}]},"fecha":1569813855633},{"frase":"apagar ","frecuencia":1,"complejidad":{"valor":0,"pictos componentes":[{"id":2}]},"fecha":1569813894859},{"frase":"abeja ","frecuencia":1,"complejidad":{"valor":0,"pictos componentes":[{"id":283}]},"fecha":1569814145559}]