[{"frase":"Si ","frecuencia":3,"complejidad":{"valor":0,"pictos componentes":[{"id":388,"esSugerencia":false}]},"fecha":[1569783020823,1569783022006,1569783022865]},{"frase":"Hola dame canelones ","frecuencia":2,"complejidad":{"valor":0,"pictos componentes":[{"id":377,"esSugerencia":false},{"id":14},{"id":400}]},"fecha":[1569783212593,1569783223065]},{"frase":"cambiar de canal yo estoy aburrido ","frecuencia":4,"complejidad":{"valor":0,"pictos componentes":[{"id":8},{"id":643,"esSugerencia":false},{"id":22,"esSugerencia":false},{"id":119,"esSugerencia":false}]},"fecha":[1569785590008,1569785620898,1569785624956,1569785627656]},{"frase":"cambiar de canal yo estoy aburrido cantar ","frecuencia":1,"complejidad":{"valor":0,"pictos componentes":[{"id":8},{"id":643,"esSugerencia":false},{"id":22,"esSugerencia":false},{"id":119,"esSugerencia":false},{"id":6,"esSugerencia":true}]},"fecha":1569785613671},{"frase":"cambiar de canal yo estoy aburrido ansioso ","frecuencia":1,"complejidad":{"valor":0,"pictos componentes":[{"id":8},{"id":643,"esSugerencia":false},{"id":22,"esSugerencia":false},{"id":119,"esSugerencia":false},{"id":124,"esSugerencia":true}]},"fecha":1569785631219},{"frase":"quiero ir a casa ","frecuencia":1,"complejidad":{"valor":0,"pictos componentes":[{"id":44,"esSugerencia":false},{"id":30,"esSugerencia":false},{"id":653,"esSugerencia":false}]},"fecha":1569785650454},{"frase":"quiero ir a un supermercado comprar ","frecuencia":1,"complejidad":{"valor":0,"pictos componentes":[{"id":44,"esSugerencia":false},{"id":30,"esSugerencia":false},{"id":688,"esSugerencia":false},{"id":13,"esSugerencia":false}]},"fecha":1569785694378},{"frase":"yo tengo clases ","frecuencia":1,"complejidad":{"valor":0,"pictos componentes":[{"id":643,"esSugerencia":false},{"id":49,"esSugerencia":false},{"id":754,"esSugerencia":false}]},"fecha":1569785718259},{"frase":"yo tengo frío ","frecuencia":2,"complejidad":{"valor":0,"pictos componentes":[{"id":643,"esSugerencia":false},{"id":49,"esSugerencia":false},{"id":177,"esSugerencia":false}]},"fecha":[1569785772768,1569787439364]},{"frase":"No tengo hambre ","frecuencia":1,"complejidad":{"valor":0,"pictos componentes":[{"id":389,"esSugerencia":false},{"id":49,"esSugerencia":false},{"id":597,"esSugerencia":false}]},"fecha":1569785825215},{"frase":"Hola Buenas tardes tengo clases ","frecuencia":1,"complejidad":{"valor":0,"pictos componentes":[{"id":377,"esSugerencia":false},{"id":380,"horario":["MEDIODIA","TARDE"],"esSugerencia":false},{"id":49,"esSugerencia":false},{"id":754,"esSugerencia":false}]},"fecha":1569785882071},{"frase":"Hola Buen día estoy mas o menos goloso ","frecuencia":1,"complejidad":{"valor":0,"pictos componentes":[{"id":377,"esSugerencia":false},{"id":379,"horario":["MANANA"],"esSugerencia":false},{"id":22,"esSugerencia":false},{"id":204,"esSugerencia":false},{"id":183,"esSugerencia":true}]},"fecha":1569786004955},{"frase":"Hola Buen día estoy mas o menos ","frecuencia":1,"complejidad":{"valor":0,"pictos componentes":[{"id":377,"esSugerencia":false},{"id":379,"horario":["MANANA"],"esSugerencia":false},{"id":22,"esSugerencia":false},{"id":204,"esSugerencia":false}]},"fecha":1569786016518},{"frase":"yo estoy mal ","frecuencia":2,"complejidad":{"valor":0,"pictos componentes":[{"id":643,"esSugerencia":false},{"id":22,"esSugerencia":false},{"id":205,"esSugerencia":false}]},"fecha":[1569786034033,1569786036329]},{"frase":"quiero comer ","frecuencia":1,"complejidad":{"valor":0,"pictos componentes":[{"id":44,"esSugerencia":false},{"id":118,"esSugerencia":false}]},"fecha":1569786080959},{"frase":"quiero comer helado ","frecuencia":2,"complejidad":{"valor":0,"pictos componentes":[{"id":44,"esSugerencia":false},{"id":118,"esSugerencia":false},{"id":486}]},"fecha":[1569786114119,1569786117105]},{"frase":"Gracias Adiós ","frecuencia":1,"complejidad":{"valor":0,"pictos componentes":[{"id":384,"esSugerencia":false},{"id":382,"esSugerencia":true}]},"fecha":1569786312139},{"frase":"Gracias Adiós besar ","frecuencia":1,"complejidad":{"valor":0,"pictos componentes":[{"id":384,"esSugerencia":false},{"id":382,"esSugerencia":true},{"id":64,"esSugerencia":true}]},"fecha":1569786323078},{"frase":"quiero ir a comer postre ","frecuencia":1,"complejidad":{"valor":0,"pictos componentes":[{"id":44,"esSugerencia":false},{"id":30,"esSugerencia":false},{"id":118,"esSugerencia":false},{"id":600,"esSugerencia":false}]},"fecha":1569786346796},{"frase":"quiero ir a bar ","frecuencia":3,"complejidad":{"valor":0,"pictos componentes":[{"id":44,"esSugerencia":false},{"id":30,"esSugerencia":false},{"id":649,"edad":["ADULTO"],"esSugerencia":true}]},"fecha":[1569786400599,1569786445189,1569787008797]},{"frase":"quiero ir a ","frecuencia":2,"complejidad":{"valor":0,"pictos componentes":[{"id":44,"esSugerencia":false},{"id":30,"esSugerencia":false}]},"fecha":[1569786999404,1569787005523]},{"frase":"yo estoy ","frecuencia":2,"complejidad":{"valor":0,"pictos componentes":[{"id":643,"esSugerencia":false},{"id":22,"esSugerencia":false}]},"fecha":[1569787035218,1569787461144]},{"frase":"Hola Buenas tardes ","frecuencia":3,"complejidad":{"valor":0,"pictos componentes":[{"id":377,"esSugerencia":false},{"id":380,"horario":["MEDIODIA","TARDE"],"esSugerencia":false}]},"fecha":[1569787059574,1569787126299,1569790298460]},{"frase":"Hola Buenas tardes estoy ","frecuencia":1,"complejidad":{"valor":0,"pictos componentes":[{"id":377,"esSugerencia":false},{"id":380,"horario":["MEDIODIA","TARDE"],"esSugerencia":false},{"id":22,"esSugerencia":false}]},"fecha":1569787072609},{"frase":"Hola Buenas tardes estoy bien ","frecuencia":1,"complejidad":{"valor":0,"pictos componentes":[{"id":377,"esSugerencia":false},{"id":380,"horario":["MEDIODIA","TARDE"],"esSugerencia":false},{"id":22,"esSugerencia":false},{"id":133,"esSugerencia":false}]},"fecha":1569787075394},{"frase":"Hola Buenas tardes estoy bien caluroso ","frecuencia":1,"complejidad":{"valor":0,"pictos componentes":[{"id":377,"esSugerencia":false},{"id":380,"horario":["MEDIODIA","TARDE"],"esSugerencia":false},{"id":22,"esSugerencia":false},{"id":133,"esSugerencia":false},{"id":141,"esSugerencia":true}]},"fecha":1569787084595},{"frase":"Hola ","frecuencia":3,"complejidad":{"valor":0,"pictos componentes":[{"id":377,"esSugerencia":false}]},"fecha":[1569787122762,1569790101566,1569790295896]},{"frase":"Hola Buenas tardes quiero ","frecuencia":1,"complejidad":{"valor":0,"pictos componentes":[{"id":377,"esSugerencia":false},{"id":380,"horario":["MEDIODIA","TARDE"],"esSugerencia":false},{"id":44,"esSugerencia":false}]},"fecha":1569787137464},{"frase":"yo ","frecuencia":4,"complejidad":{"valor":0,"pictos componentes":[{"id":643,"esSugerencia":false}]},"fecha":[1569787433333,1569787456529,1569790107005,1569790108191]},{"frase":"yo tengo ","frecuencia":1,"complejidad":{"valor":0,"pictos componentes":[{"id":643,"esSugerencia":false},{"id":49,"esSugerencia":false}]},"fecha":1569787436364},{"frase":"yo estoy mas o menos ","frecuencia":1,"complejidad":{"valor":0,"pictos componentes":[{"id":643,"esSugerencia":false},{"id":22,"esSugerencia":false},{"id":204,"esSugerencia":false}]},"fecha":1569787465086},{"frase":"yo tengo frío escuchar de nuevo ","frecuencia":2,"complejidad":{"valor":0,"pictos componentes":[{"id":643,"esSugerencia":false},{"id":49,"esSugerencia":false},{"id":177,"esSugerencia":false},{"id":19,"esSugerencia":true}]},"fecha":[1569787489869,1569787492570]},{"frase":"cambiar de canal ","frecuencia":1,"complejidad":{"valor":0,"pictos componentes":[{"id":8,"esSugerencia":false}]},"fecha":1569787512066}]