[{"frase":"","frecuencia":3,"complejidad":{"valor":0,"pictos componentes":[]},"fecha":[1569698185943,1569698188929,1569698190606]},{"frase":"mamá tengo hambre ","frecuencia":1,"complejidad":{"valor":0,"pictos componentes":[{"id":628,"esSugerencia":false},{"id":49,"esSugerencia":false},{"id":597,"esSugerencia":false}]},"fecha":1569698207000},{"frase":"Hola ¿Cómo estás? en dolor de Garganta ","frecuencia":2,"complejidad":{"valor":0,"pictos componentes":[{"id":377,"esSugerencia":false},{"id":378,"esSugerencia":false},{"id":533,"esSugerencia":true},{"id":826,"esSugerencia":true}]},"fecha":[1569698289964,1569698294629]},{"frase":"Hola ¿Cómo estás? en dolor de Garganta comprar el coche de bomberos fila la guitarra eléctrica cambiar de canal amistad sorpresa comer un sandwich sandwich hamburguesa cantar escuchar música yo tengo verguenza ¿Qué color es? asustado sentimientos cambiar pintar crayones computadora metro uno uno cero y pasear ansioso aterrorizado yo quiero buscar comida ansioso ansioso aburrido salir del agua bikini bikini aunque bien escuchar el saxofón el xilofón tocar la castañuela abuelo ","frecuencia":1,"complejidad":{"valor":0,"pictos componentes":[{"id":377,"esSugerencia":false},{"id":378,"esSugerencia":false},{"id":533,"esSugerencia":true},{"id":826,"esSugerencia":true},{"id":13,"esSugerencia":true},{"id":981,"esSugerencia":true},{"id":563,"esSugerencia":true},{"id":856,"esSugerencia":true},{"id":8,"esSugerencia":true},{"id":702,"esSugerencia":true},{"id":725,"esSugerencia":true},{"id":12,"esSugerencia":true},{"id":458,"esSugerencia":true},{"id":515,"esSugerencia":true},{"id":6,"esSugerencia":true},{"id":20,"esSugerencia":true},{"id":643,"esSugerencia":true},{"id":49,"esSugerencia":false},{"id":729,"esSugerencia":false},{"id":745,"esSugerencia":true},{"id":121,"esSugerencia":true},{"id":722,"esSugerencia":true},{"id":7,"esSugerencia":true},{"id":43,"esSugerencia":true},{"id":756,"esSugerencia":true},{"id":755,"esSugerencia":true},{"id":609,"esSugerencia":true},{"id":836,"esSugerencia":true},{"id":836,"esSugerencia":true},{"id":846,"esSugerencia":true},{"id":923,"esSugerencia":true},{"id":38,"esSugerencia":true},{"id":124,"esSugerencia":true},{"id":128,"esSugerencia":true},{"id":643,"esSugerencia":false},{"id":44,"esSugerencia":false},{"id":5,"esSugerencia":false},{"id":1014,"esSugerencia":false},{"id":124,"esSugerencia":true},{"id":124,"esSugerencia":true},{"id":119,"esSugerencia":true},{"id":99,"esSugerencia":true},{"id":928,"esSugerencia":true},{"id":928,"esSugerencia":true},{"id":889,"esSugerencia":true},{"id":133,"esSugerencia":true},{"id":21,"esSugerencia":true},{"id":868,"esSugerencia":true},{"id":877,"esSugerencia":true},{"id":117,"esSugerencia":true},{"id":852,"esSugerencia":true},{"id":614,"esSugerencia":true}]},"fecha":1569698423836},{"frase":"yo estoy ","frecuencia":1,"complejidad":{"valor":0,"pictos componentes":[{"id":643,"esSugerencia":false},{"id":22,"esSugerencia":false}]},"fecha":1569698955881},{"frase":"Hola ¿Cómo estás? estoy aburrido ","frecuencia":1,"complejidad":{"valor":0,"pictos componentes":[{"id":377,"esSugerencia":false},{"id":378,"esSugerencia":false},{"id":22,"esSugerencia":false},{"id":119,"esSugerencia":false}]},"fecha":1569699069775},{"frase":"Hola ¿Cómo estás? quiero buscar ","frecuencia":1,"complejidad":{"valor":0,"pictos componentes":[{"id":377,"esSugerencia":false},{"id":378,"esSugerencia":false},{"id":44,"esSugerencia":false},{"id":5,"esSugerencia":false}]},"fecha":1573947448658}]