[{"frase":"yo ","frecuencia":3,"complejidad":{"valor":0,"pictos componentes":[{"id":643,"esSugerencia":false}]},"fecha":[1555531696968,1555531789660,1555533141815]},{"frase":"yo quiero ","frecuencia":1,"complejidad":{"valor":0,"pictos componentes":[{"id":643,"esSugerencia":false},{"id":44,"esSugerencia":false}]},"fecha":1555531794252},{"frase":"yo quiero ir a ","frecuencia":1,"complejidad":{"valor":0,"pictos componentes":[{"id":643,"esSugerencia":false},{"id":44,"esSugerencia":false},{"id":30,"esSugerencia":false}]},"fecha":1555531808738},{"frase":"yo quiero ir a casa ","frecuencia":2,"complejidad":{"valor":0,"pictos componentes":[{"id":643,"esSugerencia":false},{"id":44,"esSugerencia":false},{"id":30,"esSugerencia":false},{"id":653,"esSugerencia":false}]},"fecha":[1555531813131,1555531820554]},{"frase":"yo tengo ","frecuencia":1,"complejidad":{"valor":0,"pictos componentes":[{"id":643,"esSugerencia":false},{"id":49,"esSugerencia":false}]},"fecha":1555531864551},{"frase":"yo tengo frío ","frecuencia":1,"complejidad":{"valor":0,"pictos componentes":[{"id":643,"esSugerencia":false},{"id":49,"esSugerencia":false},{"id":177,"esSugerencia":false}]},"fecha":1555531869988},{"frase":"encender verbos ","frecuencia":2,"complejidad":{"valor":0,"pictos componentes":[{"id":17},{"id":728,"esSugerencia":true}]},"fecha":[1555531942002,1555531944125]},{"frase":"Hola ","frecuencia":1,"complejidad":{"valor":0,"pictos componentes":[{"id":377,"esSugerencia":false}]},"fecha":1555531954634},{"frase":"Hola ¿Cómo estás? ","frecuencia":2,"complejidad":{"valor":0,"pictos componentes":[{"id":377,"esSugerencia":false},{"id":378,"esSugerencia":false}]},"fecha":[1555531965377,1555608215705]},{"frase":"Hola ¿Cómo estás? estoy ","frecuencia":1,"complejidad":{"valor":0,"pictos componentes":[{"id":377,"esSugerencia":false},{"id":378,"esSugerencia":false},{"id":22,"esSugerencia":false}]},"fecha":1555531977847},{"frase":"Hola ¿Cómo estás? estoy bien ","frecuencia":2,"complejidad":{"valor":0,"pictos componentes":[{"id":377,"esSugerencia":false},{"id":378,"esSugerencia":false},{"id":22,"esSugerencia":false},{"id":133,"esSugerencia":false}]},"fecha":[1555532000622,1555532011781]},{"frase":"Hola ¿Cómo estás? estoy bien carnicería ","frecuencia":1,"complejidad":{"valor":0,"pictos componentes":[{"id":377,"esSugerencia":false},{"id":378,"esSugerencia":false},{"id":22,"esSugerencia":false},{"id":133,"esSugerencia":false},{"id":652}]},"fecha":1555532102322},{"frase":"escuchar ","frecuencia":1,"complejidad":{"valor":0,"pictos componentes":[{"id":21}]},"fecha":1555532728120},{"frase":"escuchar leer ","frecuencia":2,"complejidad":{"valor":0,"pictos componentes":[{"id":21},{"id":32}]},"fecha":[1555532754073,1555532756585]},{"frase":"escuchar leer llamar a alguien bajar ","frecuencia":2,"complejidad":{"valor":0,"pictos componentes":[{"id":21},{"id":32},{"id":33},{"id":61}]},"fecha":[1555532865071,1555532870436]},{"frase":"","frecuencia":6,"complejidad":{"valor":0,"pictos componentes":[]},"fecha":[1555608245749,1555608247112,1555608247355,1555608248051,1555608248270,1555608248474]},{"frase":"estoy bien ","frecuencia":4,"complejidad":{"valor":0,"pictos componentes":[{"id":22,"esSugerencia":false},{"id":133,"esSugerencia":false}]},"fecha":[1555608270310,1555608273292,1555608274950,1555608276116]},{"frase":"axila brazo brazo brazo ","frecuencia":1,"complejidad":{"valor":0,"pictos componentes":[{"id":776},{"id":778,"esSugerencia":true},{"id":778,"esSugerencia":true},{"id":778,"esSugerencia":false}]},"fecha":1556197656010},{"frase":"campera ","frecuencia":1,"complejidad":{"valor":0,"pictos componentes":[{"id":941}]},"fecha":1558557746447},{"frase":"campera camiseta manga larga camiseta manga larga jean ","frecuencia":1,"complejidad":{"valor":0,"pictos componentes":[{"id":941},{"id":940},{"id":940},{"id":954,"esSugerencia":true}]},"fecha":1558557974545}]