[{"frase":"sentarme ","frecuencia":2,"complejidad":{"valor":0,"pictos componentes":[{"id":101}]},"fecha":[1556913116754,1556913119433]},{"frase":"No ","frecuencia":2,"complejidad":{"valor":0,"pictos componentes":[{"id":389,"esSugerencia":false}]},"fecha":[1556913204000,1556913204957]},{"frase":"No patio Si tengo escuela bien cantar ","frecuencia":1,"complejidad":{"valor":0,"pictos componentes":[{"id":389,"esSugerencia":false},{"id":678,"esSugerencia":true},{"id":388,"esSugerencia":true},{"id":49,"esSugerencia":false},{"id":662,"esSugerencia":false},{"id":133,"esSugerencia":true},{"id":6,"esSugerencia":true}]},"fecha":1556913218902},{"frase":"yo tengo frío ","frecuencia":1,"complejidad":{"valor":0,"pictos componentes":[{"id":643,"esSugerencia":false},{"id":49,"esSugerencia":false},{"id":177,"esSugerencia":false}]},"fecha":1556913248580},{"frase":"yo tengo frío escuchar de nuevo abeja ","frecuencia":1,"complejidad":{"valor":0,"pictos componentes":[{"id":643,"esSugerencia":false},{"id":49,"esSugerencia":false},{"id":177,"esSugerencia":false},{"id":19,"esSugerencia":true},{"id":283,"esSugerencia":true}]},"fecha":1556913251615}]