[{"frase":"yo quiero ","frecuencia":1,"complejidad":{"valor":0,"pictos componentes":[{"id":643,"esSugerencia":false},{"id":44,"esSugerencia":false}]},"fecha":1573594679459},{"frase":"yo quiero chocolate ","frecuencia":10,"complejidad":{"valor":0,"pictos componentes":[{"id":643,"esSugerencia":false},{"id":44,"esSugerencia":false},{"id":498}]},"fecha":[1573594734216,1573594780405,1573594784424,1573594787115,1573594800226,1573594810325,1573594821302,1573594837111,1573594854313,1573594864027]},{"frase":"quiero ","frecuencia":1,"complejidad":{"valor":0,"pictos componentes":[{"id":44,"esSugerencia":false}]},"fecha":1573594884125},{"frase":"quiero comer manzana ","frecuencia":2,"complejidad":{"valor":0,"pictos componentes":[{"id":44,"esSugerencia":false},{"id":118,"esSugerencia":false},{"id":474,"esSugerencia":false}]},"fecha":[1573594982254,1573594988963]},{"frase":"Hola ","frecuencia":1,"complejidad":{"valor":0,"pictos componentes":[{"id":377,"esSugerencia":false}]},"fecha":1574164175808},{"frase":"mamá ","frecuencia":1,"complejidad":{"valor":0,"pictos componentes":[{"id":628,"esSugerencia":false}]},"fecha":1574164332628},{"frase":"mamá dame ","frecuencia":1,"complejidad":{"valor":0,"pictos componentes":[{"id":628,"esSugerencia":false},{"id":14,"esSugerencia":false}]},"fecha":1574164337295},{"frase":"mamá dame los juguetes ","frecuencia":3,"complejidad":{"valor":0,"pictos componentes":[{"id":628,"esSugerencia":false},{"id":14,"esSugerencia":false},{"id":989,"esSugerencia":false}]},"fecha":[1574164341035,1574164343649,1574164384431]},{"frase":"yo estoy aburrido cambiar de canal ","frecuencia":3,"complejidad":{"valor":0,"pictos componentes":[{"id":643,"esSugerencia":false},{"id":22,"esSugerencia":false},{"id":119,"esSugerencia":false},{"id":8}]},"fecha":[1574423539612,1574423543241,1574423545750]}]