[{"frase":"Hola ¿Cómo estás? ","frecuencia":11,"complejidad":{"valor":0,"pictos componentes":[{"id":377,"esSugerencia":false},{"id":378,"esSugerencia":false}]},"fecha":[1587591965049,1587592619962,1587592622021,1587599389665,1587599487428,1587599538666,1587773795488,1589900145076,1589900676861,1590621860806,1591017810701]},{"frase":"","frecuencia":7,"complejidad":{"valor":0,"pictos componentes":[]},"fecha":[1587592309069,1591017577420,1591618325927,1591618328060,1595451915540,1595453277627,1595453281473]},{"frase":"Hola ¿Cómo estás? tengo hambre ","frecuencia":1,"complejidad":{"valor":0,"pictos componentes":[{"id":377,"esSugerencia":false},{"id":378,"esSugerencia":false},{"id":49,"esSugerencia":false},{"id":597,"esSugerencia":false}]},"fecha":1587592328348},{"frase":"quiero ir a casa ","frecuencia":2,"complejidad":{"valor":0,"pictos componentes":[{"id":44,"esSugerencia":false},{"id":30,"esSugerencia":false},{"id":653,"esSugerencia":false}]},"fecha":[1587592351323,1587593590847]},{"frase":"yo ","frecuencia":6,"complejidad":{"valor":0,"pictos componentes":[{"id":643,"esSugerencia":false}]},"fecha":[1587592404948,1587599672100,1587599850812,1587600007076,1590621906137,1590621908583]},{"frase":"Hola Buen día tengo verguenza ","frecuencia":1,"complejidad":{"valor":0,"pictos componentes":[{"id":377,"esSugerencia":false},{"id":379,"horario":["MANANA"],"esSugerencia":false,"hora":["MANANA"]},{"id":49,"esSugerencia":false},{"id":729,"esSugerencia":false}]},"fecha":1587592768429},{"frase":"Hola papá dame ","frecuencia":2,"complejidad":{"valor":0,"pictos componentes":[{"id":377,"esSugerencia":false},{"id":632,"esSugerencia":false},{"id":14,"esSugerencia":false}]},"fecha":[1587592891608,1587592896249]},{"frase":"Hola papá dame la tablet ","frecuencia":4,"complejidad":{"valor":0,"pictos componentes":[{"id":377,"esSugerencia":false},{"id":632,"esSugerencia":false},{"id":14,"esSugerencia":false},{"id":774,"esSugerencia":false}]},"fecha":[1587592907471,1587592911628,1587592915087,1587592918969]},{"frase":"Hola Buenas tardes ","frecuencia":7,"complejidad":{"valor":0,"pictos componentes":[{"id":377,"esSugerencia":false},{"id":380,"horario":["MEDIODIA","TARDE"],"esSugerencia":false,"hora":["TARDE"]}]},"fecha":[1587593006805,1587593039955,1587593051137,1587593081267,1587774558581,1590621783763,1591017847404]},{"frase":"Hola Buenas tardes estoy ","frecuencia":3,"complejidad":{"valor":0,"pictos componentes":[{"id":377,"esSugerencia":false},{"id":380,"horario":["MEDIODIA","TARDE"],"esSugerencia":false,"hora":["TARDE"]},{"id":22,"esSugerencia":false}]},"fecha":[1587593014300,1587593029909,1590621798359]},{"frase":"Hola Buenas tardes estoy bien ","frecuencia":5,"complejidad":{"valor":0,"pictos componentes":[{"id":377,"esSugerencia":false},{"id":380,"horario":["MEDIODIA","TARDE"],"esSugerencia":false,"hora":["TARDE"]},{"id":22,"esSugerencia":false},{"id":133,"esSugerencia":false}]},"fecha":[1587593019735,1590621806729,1590621814619,1590621818575,1590621825705]},{"frase":"Hola ","frecuencia":13,"complejidad":{"valor":0,"pictos componentes":[{"id":377,"esSugerencia":false}]},"fecha":[1587593036042,1587593942059,1587774547397,1589900125951,1589900138456,1589900140114,1590424143286,1590424159371,1590621770301,1590621775557,1591017586369,1591017597739,1591017604366]},{"frase":"Hola Buenas tardes quiero comer verduras ","frecuencia":1,"complejidad":{"valor":0,"pictos componentes":[{"id":377,"esSugerencia":false},{"id":380,"horario":["MEDIODIA","TARDE"],"esSugerencia":false,"hora":["TARDE"]},{"id":44,"esSugerencia":false},{"id":118,"esSugerencia":false},{"id":478,"esSugerencia":false}]},"fecha":1587593067176},{"frase":"Hola Buenas tardes quiero ","frecuencia":1,"complejidad":{"valor":0,"pictos componentes":[{"id":377,"esSugerencia":false},{"id":380,"horario":["MEDIODIA","TARDE"],"esSugerencia":false,"hora":["TARDE"]},{"id":44,"esSugerencia":false}]},"fecha":1587593075603},{"frase":"Hola Buenas tardes quiero comer ","frecuencia":2,"complejidad":{"valor":0,"pictos componentes":[{"id":377,"esSugerencia":false},{"id":380,"horario":["MEDIODIA","TARDE"],"esSugerencia":false,"hora":["TARDE"]},{"id":44,"esSugerencia":false},{"id":118,"esSugerencia":false}]},"fecha":[1587593091873,1587593097097]},{"frase":"quiero escuchar de nuevo ","frecuencia":3,"complejidad":{"valor":0,"pictos componentes":[{"id":44,"esSugerencia":false},{"id":19}]},"fecha":[1587593162336,1587593165060,1587593167371]},{"frase":"quiero escuchar de nuevo plateado ","frecuencia":3,"complejidad":{"valor":0,"pictos componentes":[{"id":44,"esSugerencia":false},{"id":19},{"id":744}]},"fecha":[1587593366660,1587593386443,1587593438876]},{"frase":"quiero ir a un supermercado ","frecuencia":1,"complejidad":{"valor":0,"pictos componentes":[{"id":44,"esSugerencia":false},{"id":30,"esSugerencia":false},{"id":688,"esSugerencia":false}]},"fecha":1587593460030},{"frase":"quiero ir a hospital ","frecuencia":1,"complejidad":{"valor":0,"pictos componentes":[{"id":44,"esSugerencia":false},{"id":30,"esSugerencia":false},{"id":668,"esSugerencia":false}]},"fecha":1587593602047},{"frase":"Hola ¿Cómo estás? estoy bien ","frecuencia":1,"complejidad":{"valor":0,"pictos componentes":[{"id":377,"esSugerencia":false},{"id":378,"esSugerencia":false},{"id":22,"esSugerencia":false},{"id":133,"esSugerencia":false}]},"fecha":1587599113236},{"frase":"quiero ","frecuencia":7,"complejidad":{"valor":0,"pictos componentes":[{"id":44,"esSugerencia":false}]},"fecha":[1587599167019,1590161062840,1590161086823,1590161090446,1590162041888,1590162044800,1590162047814]},{"frase":"Hola ¿Cómo estás? sentimientos ","frecuencia":5,"complejidad":{"valor":0,"pictos componentes":[{"id":377,"esSugerencia":false},{"id":378,"esSugerencia":false},{"id":722}]},"fecha":[1587599589520,1587599592280,1589900578374,1591017820316,1591017825291]},{"frase":"Hola tengo ","frecuencia":2,"complejidad":{"valor":0,"pictos componentes":[{"id":377,"esSugerencia":false},{"id":49,"esSugerencia":false}]},"fecha":[1587599601417,1587599604596]},{"frase":"Hola tengo frío ","frecuencia":1,"complejidad":{"valor":0,"pictos componentes":[{"id":377,"esSugerencia":false},{"id":49,"esSugerencia":false},{"id":177,"esSugerencia":false}]},"fecha":1587599635897},{"frase":"Hola Buen día ","frecuencia":2,"complejidad":{"valor":0,"pictos componentes":[{"id":377,"esSugerencia":false},{"id":379,"horario":["MANANA"],"esSugerencia":false,"hora":["MANANA"]}]},"fecha":[1587599650593,1591017612339]},{"frase":"yo quiero ir a un supermercado ","frecuencia":1,"complejidad":{"valor":0,"pictos componentes":[{"id":643,"esSugerencia":false},{"id":44,"esSugerencia":false},{"id":30,"esSugerencia":false},{"id":688,"esSugerencia":false}]},"fecha":1587599691312},{"frase":"yo tengo verguenza ","frecuencia":3,"complejidad":{"valor":0,"pictos componentes":[{"id":643,"esSugerencia":false},{"id":49,"esSugerencia":false},{"id":729,"esSugerencia":false}]},"fecha":[1587599717763,1587599720983,1587599722548]},{"frase":"yo estoy bien ","frecuencia":7,"complejidad":{"valor":0,"pictos componentes":[{"id":643,"esSugerencia":false},{"id":22,"esSugerencia":false},{"id":133,"esSugerencia":false}]},"fecha":[1587599866084,1587599977339,1587599979826,1587600659155,1587600675782,1587600694491,1587600699123]},{"frase":"yo estoy ","frecuencia":2,"complejidad":{"valor":0,"pictos componentes":[{"id":643,"esSugerencia":false},{"id":22,"esSugerencia":false}]},"fecha":[1587599990603,1587600671504]},{"frase":"yo estoy mal ","frecuencia":1,"complejidad":{"valor":0,"pictos componentes":[{"id":643,"esSugerencia":false},{"id":22,"esSugerencia":false},{"id":205,"esSugerencia":false}]},"fecha":1587600000887},{"frase":"yo estoy aburrido ","frecuencia":2,"complejidad":{"valor":0,"pictos componentes":[{"id":643,"esSugerencia":false},{"id":22,"esSugerencia":false},{"id":119,"esSugerencia":false}]},"fecha":[1587600013990,1587600018919]},{"frase":"Hola ¿Cómo estás? estoy ","frecuencia":5,"complejidad":{"valor":0,"pictos componentes":[{"id":377,"esSugerencia":false},{"id":378,"esSugerencia":false},{"id":22,"esSugerencia":false}]},"fecha":[1587773786539,1587773791090,1589900605086,1589900669511,1589900673450]},{"frase":"médico una bicicletería ","frecuencia":1,"complejidad":{"valor":0,"pictos componentes":[{"id":629},{"id":650}]},"fecha":1588809660244},{"frase":"una bicicletería ","frecuencia":3,"complejidad":{"valor":0,"pictos componentes":[{"id":650}]},"fecha":[1588809742511,1588809748060,1588809786473]},{"frase":"sandwich ","frecuencia":2,"complejidad":{"valor":0,"pictos componentes":[{"id":458}]},"fecha":[1588810009809,1588810014262]},{"frase":"sandwich frío ","frecuencia":2,"complejidad":{"valor":0,"pictos componentes":[{"id":458},{"id":177,"esSugerencia":false}]},"fecha":[1588810187126,1588810190489]},{"frase":"yo quiero ir a hospital ","frecuencia":2,"complejidad":{"valor":0,"pictos componentes":[{"id":643,"esSugerencia":false},{"id":44,"esSugerencia":false},{"id":30,"esSugerencia":false},{"id":668,"esSugerencia":false}]},"fecha":[1589900211215,1589900214324]},{"frase":"yo estoy bien ir a ","frecuencia":3,"complejidad":{"valor":0,"pictos componentes":[{"id":643,"esSugerencia":false},{"id":22,"esSugerencia":false},{"id":133,"esSugerencia":false},{"id":30,"esSugerencia":false}]},"fecha":[1589901170156,1589901179038,1589901182449]},{"frase":"quiero comer ","frecuencia":1,"complejidad":{"valor":0,"pictos componentes":[{"id":44,"esSugerencia":false},{"id":118,"esSugerencia":false}]},"fecha":1590161100205},{"frase":"quiero comer carne asustado ","frecuencia":4,"complejidad":{"valor":0,"pictos componentes":[{"id":44,"esSugerencia":false},{"id":118,"esSugerencia":false},{"id":482,"esSugerencia":false},{"id":121}]},"fecha":[1590161871062,1590161884649,1590161886964,1590161890606]},{"frase":"abuelo estoy ","frecuencia":2,"complejidad":{"valor":0,"pictos componentes":[{"id":614,"esSugerencia":false},{"id":22,"esSugerencia":false}]},"fecha":[1590161929673,1590161933903]},{"frase":"abuelo estoy bien ","frecuencia":1,"complejidad":{"valor":0,"pictos componentes":[{"id":614,"esSugerencia":false},{"id":22,"esSugerencia":false},{"id":133,"esSugerencia":false}]},"fecha":1590161936683},{"frase":"abuelo estoy bien cambiar ","frecuencia":1,"complejidad":{"valor":0,"pictos componentes":[{"id":614,"esSugerencia":false},{"id":22,"esSugerencia":false},{"id":133,"esSugerencia":false},{"id":7}]},"fecha":1590161984995},{"frase":"abuelo ","frecuencia":7,"complejidad":{"valor":0,"pictos componentes":[{"id":614,"esSugerencia":false}]},"fecha":[1590161997229,1590161999323,1590162002886,1590162005572,1590162009251,1590162013823,1590162016879]},{"frase":"abuelo dame ","frecuencia":1,"complejidad":{"valor":0,"pictos componentes":[{"id":614,"esSugerencia":false},{"id":14,"esSugerencia":false}]},"fecha":1590162026385},{"frase":"yo tengo ","frecuencia":3,"complejidad":{"valor":0,"pictos componentes":[{"id":643,"esSugerencia":false},{"id":49,"esSugerencia":false}]},"fecha":[1590162081026,1590162084424,1590162087645]},{"frase":"Hola Buenas tardes estoy bien cambiar ","frecuencia":3,"complejidad":{"valor":0,"pictos componentes":[]},"fecha":[1590621838373,1595451954979,1595451960262]},{"frase":"Hola ¿Cómo estás? tengo ","frecuencia":1,"complejidad":{"valor":0,"pictos componentes":[]},"fecha":1590621877421},{"frase":"yo bajar volumen ","frecuencia":2,"complejidad":{"valor":0,"pictos componentes":[{"id":643,"esSugerencia":false},{"id":3}]},"fecha":[1590621947663,1590621951324]},{"frase":"yo bajar volumen ayuda ","frecuencia":1,"complejidad":{"valor":0,"pictos componentes":[{"id":643,"esSugerencia":false},{"id":3},{"id":703}]},"fecha":1590621998939},{"frase":"mamá ","frecuencia":11,"complejidad":{"valor":0,"pictos componentes":[{"id":628,"esSugerencia":false}]},"fecha":[1590622016870,1590622019453,1590622028612,1591618068131,1591618082978,1591618089524,1591618102412,1591618133806,1591618149709,1591618154966,1591618200935]},{"frase":"mamá estoy ","frecuencia":1,"complejidad":{"valor":0,"pictos componentes":[{"id":628,"esSugerencia":false},{"id":22,"esSugerencia":false}]},"fecha":1590622182850},{"frase":"mamá estoy aburrido ","frecuencia":1,"complejidad":{"valor":0,"pictos componentes":[{"id":628,"esSugerencia":false},{"id":22,"esSugerencia":false},{"id":119,"esSugerencia":false}]},"fecha":1590622192647},{"frase":"mamá estoy aburrido quiero ","frecuencia":1,"complejidad":{"valor":0,"pictos componentes":[{"id":628,"esSugerencia":false},{"id":22,"esSugerencia":false},{"id":119,"esSugerencia":false},{"id":44,"esSugerencia":false}]},"fecha":1590622208282},{"frase":"Hola Buen día estoy ","frecuencia":3,"complejidad":{"valor":0,"pictos componentes":[{"id":377,"esSugerencia":false},{"id":379,"horario":["MANANA"],"esSugerencia":false,"hora":["MANANA"]},{"id":22,"esSugerencia":false}]},"fecha":[1591017640949,1591017644448,1591017772082]},{"frase":"Hola Buen día estoy bien ","frecuencia":3,"complejidad":{"valor":0,"pictos componentes":[{"id":377,"esSugerencia":false},{"id":379,"horario":["MANANA"],"esSugerencia":false,"hora":["MANANA"]},{"id":22,"esSugerencia":false},{"id":133,"esSugerencia":false}]},"fecha":[1591017658089,1591017671497,1591017681610]},{"frase":"Hola Buen día estoy bien cambiar ","frecuencia":4,"complejidad":{"valor":0,"pictos componentes":[{"id":377,"esSugerencia":false},{"id":379,"horario":["MANANA"],"esSugerencia":false,"hora":["MANANA"]},{"id":22,"esSugerencia":false},{"id":133,"esSugerencia":false},{"id":7,"esSugerencia":false}]},"fecha":[1591017688760,1591017693011,1591017697836,1591017701804]},{"frase":"Hola Buen día bajar volumen ","frecuencia":1,"complejidad":{"valor":0,"pictos componentes":[{"id":377,"esSugerencia":false},{"id":379,"horario":["MANANA"],"esSugerencia":false,"hora":["MANANA"]},{"id":3}]},"fecha":1591017751840},{"frase":"Hola Buen día estoy mas o menos ","frecuencia":1,"complejidad":{"valor":0,"pictos componentes":[{"id":377,"esSugerencia":false},{"id":379,"horario":["MANANA"],"esSugerencia":false,"hora":["MANANA"]},{"id":22,"esSugerencia":false},{"id":204,"esSugerencia":false}]},"fecha":1591017779017},{"frase":"apagar ","frecuencia":2,"complejidad":{"valor":0,"pictos componentes":[{"id":2,"esSugerencia":false}]},"fecha":[1595452694026,1595452697477]}]