[{"frase":"Hola Buenas tardes ","frecuencia":1,"complejidad":{"valor":0,"pictos componentes":[{"id":377,"esSugerencia":false},{"id":380,"horario":["MEDIODIA","TARDE"],"esSugerencia":false}]},"fecha":1552648566296},{"frase":"papá dame el cuento ","frecuencia":1,"complejidad":{"valor":0,"pictos componentes":[{"id":632,"esSugerencia":false},{"id":14,"esSugerencia":false},{"id":986,"esSugerencia":false}]},"fecha":1552648602239},{"frase":"Hola tengo hambre ","frecuencia":1,"complejidad":{"valor":0,"pictos componentes":[{"id":377,"esSugerencia":false},{"id":49,"esSugerencia":false},{"id":597,"esSugerencia":false}]},"fecha":1552648632796},{"frase":"quiero ir a jardín ","frecuencia":1,"complejidad":{"valor":0,"pictos componentes":[{"id":44,"esSugerencia":false},{"id":30,"esSugerencia":false},{"id":672}]},"fecha":1552648697026},{"frase":"yo ","frecuencia":2,"complejidad":{"valor":0,"pictos componentes":[{"id":643,"esSugerencia":false}]},"fecha":[1552648728585,1553014275731]},{"frase":"","frecuencia":1,"complejidad":{"valor":0,"pictos componentes":[]},"fecha":1552650832218},{"frase":"yo quiero comer ","frecuencia":1,"complejidad":{"valor":0,"pictos componentes":[{"id":643,"esSugerencia":false},{"id":44,"esSugerencia":false},{"id":118,"esSugerencia":false}]},"fecha":1552650888630},{"frase":"maestra ","frecuencia":1,"complejidad":{"valor":0,"pictos componentes":[{"id":626,"esSugerencia":true}]},"fecha":1552650973332},{"frase":"yo quiero hacer pis ","frecuencia":1,"complejidad":{"valor":0,"pictos componentes":[{"id":643,"esSugerencia":false},{"id":44,"esSugerencia":false},{"id":29,"esSugerencia":false}]},"fecha":1552651019655},{"frase":"yo estoy con maestra ","frecuencia":1,"complejidad":{"valor":0,"pictos componentes":[{"id":643,"esSugerencia":false},{"id":22,"esSugerencia":false},{"id":528,"esSugerencia":true},{"id":626,"esSugerencia":true}]},"fecha":1552651054264},{"frase":"yo dibujar colores ","frecuencia":1,"complejidad":{"valor":0,"pictos componentes":[{"id":643,"esSugerencia":false},{"id":15,"esSugerencia":true},{"id":737,"esSugerencia":true}]},"fecha":1552980834385},{"frase":"ardilla pizarrón ","frecuencia":1,"complejidad":{"valor":0,"pictos componentes":[{"id":287},{"id":770}]},"fecha":1553013726026},{"frase":"búho asustado ","frecuencia":1,"complejidad":{"valor":0,"pictos componentes":[{"id":291},{"id":121,"esSugerencia":true}]},"fecha":1553013760298},{"frase":"la cocinita ","frecuencia":1,"complejidad":{"valor":0,"pictos componentes":[{"id":982}]},"fecha":1553013827425},{"frase":"pantufla lapiz pintar cantar ","frecuencia":1,"complejidad":{"valor":0,"pictos componentes":[{"id":961},{"id":762,"esSugerencia":true},{"id":43,"esSugerencia":true},{"id":6,"esSugerencia":true}]},"fecha":1553014063160},{"frase":"el playmobil nueve uno cantar lata de atún ","frecuencia":1,"complejidad":{"valor":0,"pictos componentes":[{"id":994},{"id":844,"esSugerencia":true},{"id":836,"esSugerencia":true},{"id":6,"esSugerencia":true},{"id":424,"esSugerencia":true}]},"fecha":1553014265012}]