[{"frase":"Hola Buenas tardes ","frecuencia":1,"complejidad":{"valor":0,"pictos componentes":[{"id":377,"esSugerencia":false},{"id":380,"horario":["MEDIODIA","TARDE"],"esSugerencia":false}]},"fecha":1552319956321},{"frase":"Hola ","frecuencia":1,"complejidad":{"valor":0,"pictos componentes":[{"id":377,"esSugerencia":false}]},"fecha":1552320066860},{"frase":"Hola tengo ","frecuencia":1,"complejidad":{"valor":0,"pictos componentes":[{"id":377,"esSugerencia":false},{"id":49,"esSugerencia":false}]},"fecha":1552320071892},{"frase":"Hola tengo escuela ","frecuencia":1,"complejidad":{"valor":0,"pictos componentes":[{"id":377,"esSugerencia":false},{"id":49,"esSugerencia":false},{"id":662,"esSugerencia":false}]},"fecha":1552320078594},{"frase":"Hola tengo escuela bien ","frecuencia":2,"complejidad":{"valor":0,"pictos componentes":[{"id":377,"esSugerencia":false},{"id":49,"esSugerencia":false},{"id":662,"esSugerencia":false},{"id":133,"esSugerencia":true}]},"fecha":[1552320087707,1552320090996]},{"frase":"Hola tengo escuela bien buscar . ¿me ayudas? para ","frecuencia":2,"complejidad":{"valor":0,"pictos componentes":[{"id":377,"esSugerencia":false},{"id":49,"esSugerencia":false},{"id":662,"esSugerencia":false},{"id":133,"esSugerencia":true},{"id":5,"esSugerencia":true},{"id":385,"esSugerencia":false},{"id":537,"esSugerencia":true}]},"fecha":[1552320103499,1552320109812]},{"frase":"Hola tengo escuela bien buscar . ¿me ayudas? para rey ","frecuencia":1,"complejidad":{"valor":0,"pictos componentes":[{"id":377,"esSugerencia":false},{"id":49,"esSugerencia":false},{"id":662,"esSugerencia":false},{"id":133,"esSugerencia":true},{"id":5,"esSugerencia":true},{"id":385,"esSugerencia":false},{"id":537,"esSugerencia":true},{"id":639,"esSugerencia":true}]},"fecha":1552320115325},{"frase":"Hola tengo escuela bien buscar . ¿me ayudas? para rey justicia ","frecuencia":1,"complejidad":{"valor":0,"pictos componentes":[{"id":377,"esSugerencia":false},{"id":49,"esSugerencia":false},{"id":662,"esSugerencia":false},{"id":133,"esSugerencia":true},{"id":5,"esSugerencia":true},{"id":385,"esSugerencia":false},{"id":537,"esSugerencia":true},{"id":639,"esSugerencia":true},{"id":710,"esSugerencia":true}]},"fecha":1552320129367},{"frase":"papá ","frecuencia":1,"complejidad":{"valor":0,"pictos componentes":[{"id":632,"esSugerencia":false}]},"fecha":1552320216908},{"frase":"papá ¿Cómo estás? ","frecuencia":2,"complejidad":{"valor":0,"pictos componentes":[{"id":632,"esSugerencia":false},{"id":378,"esSugerencia":false}]},"fecha":[1552320227483,1552320248898]},{"frase":"papá ¿Cómo estás? quiero ","frecuencia":1,"complejidad":{"valor":0,"pictos componentes":[{"id":632,"esSugerencia":false},{"id":378,"esSugerencia":false},{"id":44,"esSugerencia":false}]},"fecha":1552320261995},{"frase":"papá ¿Cómo estás? quiero ir a ","frecuencia":1,"complejidad":{"valor":0,"pictos componentes":[{"id":632,"esSugerencia":false},{"id":378,"esSugerencia":false},{"id":44,"esSugerencia":false},{"id":30,"esSugerencia":false}]},"fecha":1552320274400},{"frase":"papá ¿Cómo estás? quiero ir a un supermercado ","frecuencia":1,"complejidad":{"valor":0,"pictos componentes":[{"id":632,"esSugerencia":false},{"id":378,"esSugerencia":false},{"id":44,"esSugerencia":false},{"id":30,"esSugerencia":false},{"id":688,"esSugerencia":false}]},"fecha":1552320291612},{"frase":"papá ¿Cómo estás? quiero ir a un supermercado comprar ","frecuencia":1,"complejidad":{"valor":0,"pictos componentes":[{"id":632,"esSugerencia":false},{"id":378,"esSugerencia":false},{"id":44,"esSugerencia":false},{"id":30,"esSugerencia":false},{"id":688,"esSugerencia":false},{"id":13,"esSugerencia":true}]},"fecha":1552320308558}]