[{"frase":"Hola Buen día estoy mal ","frecuencia":1,"complejidad":{"valor":0,"pictos componentes":[{"id":377,"esSugerencia":false},{"id":379,"horario":["MANANA"],"esSugerencia":false,"hora":["MANANA"]},{"id":22,"esSugerencia":false},{"id":205,"esSugerencia":false}]},"fecha":1594300025894},{"frase":"papá dame el cuento ","frecuencia":1,"complejidad":{"valor":0,"pictos componentes":[{"id":632,"esSugerencia":false},{"id":14,"esSugerencia":false},{"id":986,"esSugerencia":false}]},"fecha":1594300148961},{"frase":"Hola Buenas tardes estoy bien ","frecuencia":1,"complejidad":{"valor":0,"pictos componentes":[{"id":377,"esSugerencia":false},{"id":380,"horario":["MEDIODIA","TARDE"],"esSugerencia":false,"hora":["TARDE"]},{"id":22,"esSugerencia":false},{"id":133,"esSugerencia":false}]},"fecha":1594308311898},{"frase":"","frecuencia":6,"complejidad":{"valor":0,"pictos componentes":[]},"fecha":[1594308320371,1594308460596,1594308463430,1594308571577,1594308574124,1594820165627]},{"frase":"yo quiero ir a casa ","frecuencia":1,"complejidad":{"valor":0,"pictos componentes":[{"id":643,"esSugerencia":false},{"id":44,"esSugerencia":false},{"id":30,"esSugerencia":false},{"id":653,"esSugerencia":false}]},"fecha":1594308335152},{"frase":"mamá tengo hambre ","frecuencia":1,"complejidad":{"valor":0,"pictos componentes":[{"id":628,"esSugerencia":false},{"id":49,"esSugerencia":false},{"id":597,"esSugerencia":false}]},"fecha":1594308350423},{"frase":"mamá tengo hacer pis . ¿me ayudas? ","frecuencia":1,"complejidad":{"valor":0,"pictos componentes":[{"id":628,"esSugerencia":false},{"id":49,"esSugerencia":false},{"id":29},{"id":385,"esSugerencia":false}]},"fecha":1594308452372},{"frase":"Hola ","frecuencia":1,"complejidad":{"valor":0,"pictos componentes":[{"id":377,"esSugerencia":false}]},"fecha":1594308576642},{"frase":"Hola Buenas tardes tengo ","frecuencia":2,"complejidad":{"valor":0,"pictos componentes":[{"id":377,"esSugerencia":false},{"id":380,"horario":["MEDIODIA","TARDE"],"esSugerencia":false,"hora":["TARDE"]},{"id":49,"esSugerencia":false}]},"fecha":[1594308582568,1594308589454]},{"frase":"Hola ¿Cómo estás? quiero ","frecuencia":1,"complejidad":{"valor":0,"pictos componentes":[{"id":377,"esSugerencia":false},{"id":378,"esSugerencia":false},{"id":44,"esSugerencia":false}]},"fecha":1594308682498},{"frase":"Hola ¿Cómo estás? quiero jugar con la pelota ","frecuencia":1,"complejidad":{"valor":0,"pictos componentes":[{"id":377,"esSugerencia":false},{"id":378,"esSugerencia":false},{"id":44,"esSugerencia":false},{"id":34,"edad":["NINO"],"esSugerencia":false},{"id":996,"esSugerencia":false}]},"fecha":1594325289744},{"frase":"Hola ¿Cómo estás? quiero jugar con la pelota verde asno queso ","frecuencia":1,"complejidad":{"valor":0,"pictos componentes":[{"id":377,"esSugerencia":false},{"id":378,"esSugerencia":false},{"id":44,"esSugerencia":false},{"id":34,"edad":["NINO"],"esSugerencia":false},{"id":996,"esSugerencia":false},{"id":749,"esSugerencia":false},{"id":288},{"id":521}]},"fecha":1594325383834},{"frase":"yo mano princesa ","frecuencia":1,"complejidad":{"valor":0,"pictos componentes":[{"id":643,"esSugerencia":false},{"id":786},{"id":635}]},"fecha":1594326282683},{"frase":"Hola mamá quiero ir a ","frecuencia":1,"complejidad":{"valor":0,"pictos componentes":[{"id":377,"esSugerencia":false},{"id":628,"esSugerencia":false},{"id":44,"esSugerencia":false},{"id":30,"esSugerencia":false}]},"fecha":1594333877414},{"frase":"mamá quiero comer ","frecuencia":1,"complejidad":{"valor":0,"pictos componentes":[{"id":628,"esSugerencia":false},{"id":44,"esSugerencia":false},{"id":118,"esSugerencia":false}]},"fecha":1594820161575},{"frase":"Hola ¿Cómo estás? tengo frío ","frecuencia":1,"complejidad":{"valor":0,"pictos componentes":[{"id":377,"esSugerencia":false},{"id":378,"esSugerencia":false},{"id":49,"esSugerencia":false},{"id":177,"esSugerencia":false}]},"fecha":1594907838467},{"frase":"Hola ¿Cómo estás? tengo hambre ","frecuencia":1,"complejidad":{"valor":0,"pictos componentes":[{"id":377,"esSugerencia":false},{"id":378,"esSugerencia":false},{"id":49,"esSugerencia":false},{"id":597,"esSugerencia":false}]},"fecha":1594907977933},{"frase":"Hola ¿Cómo estás? tengo hambre quiero comer fruta ","frecuencia":1,"complejidad":{"valor":0,"pictos componentes":[{"id":377,"esSugerencia":false},{"id":378,"esSugerencia":false},{"id":49,"esSugerencia":false},{"id":597,"esSugerencia":false},{"id":44,"esSugerencia":false},{"id":118,"esSugerencia":false},{"id":483,"esSugerencia":false}]},"fecha":1594908052461}]