[{"frase":"Hola Buenas tardes ","frecuencia":1,"complejidad":{"valor":0,"pictos componentes":[{"id":377,"esSugerencia":false},{"id":380,"horario":["MEDIODIA","TARDE"],"esSugerencia":false}]},"fecha":1552090933811},{"frase":"yo quiero comer ","frecuencia":3,"complejidad":{"valor":0,"pictos componentes":[{"id":643,"esSugerencia":false},{"id":44,"esSugerencia":false},{"id":118,"esSugerencia":false}]},"fecha":[1552091036409,1552129357522,1552129360305]},{"frase":"quiero ir a hacer pis ","frecuencia":1,"complejidad":{"valor":0,"pictos componentes":[{"id":44,"esSugerencia":false},{"id":30,"esSugerencia":false},{"id":29,"esSugerencia":true}]},"fecha":1552092287672},{"frase":"Hola ","frecuencia":1,"complejidad":{"valor":0,"pictos componentes":[{"id":377,"esSugerencia":false}]},"fecha":1552128744245},{"frase":"Hola Buenas tardes tengo ","frecuencia":3,"complejidad":{"valor":0,"pictos componentes":[{"id":377,"esSugerencia":false},{"id":380,"horario":["MEDIODIA","TARDE"],"esSugerencia":false},{"id":49,"esSugerencia":false}]},"fecha":[1552128747846,1552128751378,1552128754727]},{"frase":"Hola Buenas tardes tengo frío escuchar de nuevo ","frecuencia":1,"complejidad":{"valor":0,"pictos componentes":[{"id":377,"esSugerencia":false},{"id":380,"horario":["MEDIODIA","TARDE"],"esSugerencia":false},{"id":49,"esSugerencia":false},{"id":177,"esSugerencia":false},{"id":19,"esSugerencia":true}]},"fecha":1552128760778},{"frase":"mamá ","frecuencia":52,"complejidad":{"valor":0,"pictos componentes":[{"id":628,"esSugerencia":false}]},"fecha":[1552128772335,1552128812968,1552129099873,1552129102379,1552129105236,1552229572931,1552229574726,1552229576204,1552229579424,1552342474868,1552342477807,1552342479238,1552342480888,1552345452854,1552422886057,1552422888215,1552422890791,1552431773828,1552431800865,1552507756638,1552517226513,1552517227732,1552517228619,1552517229561,1552517230512,1552560094916,1552560096545,1552560097531,1552560098970,1552560100959,1552601099836,1552601101853,1552601103053,1552601103943,1552601105037,1552601106148,1552740479165,1552740481319,1552740482207,1552756209236,1552756210846,1552756212351,1552756213281,1552756214719,1552845047945,1552869349179,1552869350601,1552869351571,1552869352445,1552869353662,1552869355425,1552945357694]},{"frase":"mamá quiero ","frecuencia":16,"complejidad":{"valor":0,"pictos componentes":[{"id":628,"esSugerencia":false},{"id":44,"esSugerencia":false}]},"fecha":[1552128776178,1552128817360,1552129108520,1552229582042,1552342495439,1552345455767,1552422893831,1552507760645,1552517232764,1552560103807,1552601108264,1552740484296,1552756216830,1552845050965,1552869358103,1552945363556]},{"frase":"mamá quiero comer verduras ","frecuencia":18,"complejidad":{"valor":0,"pictos componentes":[{"id":628,"esSugerencia":false},{"id":44,"esSugerencia":false},{"id":118,"esSugerencia":false},{"id":478,"esSugerencia":false}]},"fecha":[1552128781698,1552128832925,1552128836224,1552345463214,1552422918587,1552507767271,1552507780650,1552560161616,1552560165313,1552601208764,1552601405578,1552601408882,1552601412644,1552601415606,1552740658127,1552845058001,1552869367264,1552945374196]},{"frase":"mamá quiero comer ","frecuencia":29,"complejidad":{"valor":0,"pictos componentes":[{"id":628,"esSugerencia":false},{"id":44,"esSugerencia":false},{"id":118,"esSugerencia":false}]},"fecha":[1552128821559,1552128826463,1552128829983,1552128887725,1552128890212,1552229588781,1552229595529,1552229598226,1552229604557,1552229607052,1552342498770,1552345458913,1552422897510,1552422909923,1552422915061,1552431863040,1552507763507,1552517236410,1552560107273,1552560133511,1552601111123,1552601114439,1552601117929,1552601120284,1552601123297,1552845053942,1552869362233,1552945367200,1552945370368]},{"frase":"mamá quiero comer verduras caliente canelones ","frecuencia":1,"complejidad":{"valor":0,"pictos componentes":[{"id":628,"esSugerencia":false},{"id":44,"esSugerencia":false},{"id":118,"esSugerencia":false},{"id":478,"esSugerencia":false},{"id":140,"esSugerencia":true},{"id":400,"esSugerencia":true}]},"fecha":1552128841175},{"frase":"mamá quiero comer pollo ","frecuencia":6,"complejidad":{"valor":0,"pictos componentes":[{"id":628,"esSugerencia":false},{"id":44,"esSugerencia":false},{"id":118,"esSugerencia":false},{"id":504,"esSugerencia":false}]},"fecha":[1552128852384,1552342502123,1552517239232,1552740490944,1552740494981,1552740498470]},{"frase":"mamá quiero comer pollo huevo frito ","frecuencia":3,"complejidad":{"valor":0,"pictos componentes":[{"id":628,"esSugerencia":false},{"id":44,"esSugerencia":false},{"id":118,"esSugerencia":false},{"id":504,"esSugerencia":false},{"id":421,"esSugerencia":true}]},"fecha":[1552128856413,1552128860300,1552517243431]},{"frase":"mamá quiero comer pollo huevo frito pan blanco ","frecuencia":3,"complejidad":{"valor":0,"pictos componentes":[{"id":628,"esSugerencia":false},{"id":44,"esSugerencia":false},{"id":118,"esSugerencia":false},{"id":504,"esSugerencia":false},{"id":421,"esSugerencia":true},{"id":438,"esSugerencia":true}]},"fecha":[1552128864247,1552128869291,1552128874422]},{"frase":"mamá quiero comer huevo duro ","frecuencia":3,"complejidad":{"valor":0,"pictos componentes":[{"id":628,"esSugerencia":false},{"id":44,"esSugerencia":false},{"id":118,"esSugerencia":false},{"id":420,"esSugerencia":true}]},"fecha":[1552128900533,1552128904111,1552128907327]},{"frase":"mamá quiero comer huevo duro huevo frito ","frecuencia":1,"complejidad":{"valor":0,"pictos componentes":[{"id":628,"esSugerencia":false},{"id":44,"esSugerencia":false},{"id":118,"esSugerencia":false},{"id":420,"esSugerencia":true},{"id":421,"esSugerencia":true}]},"fecha":1552128911478},{"frase":"mamá quiero comer huevo duro huevo frito y ","frecuencia":1,"complejidad":{"valor":0,"pictos componentes":[{"id":628,"esSugerencia":false},{"id":44,"esSugerencia":false},{"id":118,"esSugerencia":false},{"id":420,"esSugerencia":true},{"id":421,"esSugerencia":true},{"id":923,"esSugerencia":true}]},"fecha":1552128916912},{"frase":"mamá quiero hacer pis ","frecuencia":1,"complejidad":{"valor":0,"pictos componentes":[{"id":628,"esSugerencia":false},{"id":44,"esSugerencia":false},{"id":29,"esSugerencia":false}]},"fecha":1552128937405},{"frase":"mamá quiero hacer pis diarrea ","frecuencia":2,"complejidad":{"valor":0,"pictos componentes":[{"id":628,"esSugerencia":false},{"id":44,"esSugerencia":false},{"id":29,"esSugerencia":false},{"id":820,"esSugerencia":false}]},"fecha":[1552128941506,1552128944977]},{"frase":"mamá quiero hacer pis diarrea acompañar sentarme bocadillo espárrago ","frecuencia":3,"complejidad":{"valor":0,"pictos componentes":[{"id":628,"esSugerencia":false},{"id":44,"esSugerencia":false},{"id":29,"esSugerencia":false},{"id":820,"esSugerencia":false},{"id":1,"esSugerencia":true},{"id":101,"esSugerencia":true},{"id":398,"esSugerencia":true},{"id":409,"esSugerencia":true}]},"fecha":[1552128953463,1552128960091,1552128966778]},{"frase":"mamá quiero hacer pis diarrea acompañar sentarme bocadillo espárrago animales ","frecuencia":1,"complejidad":{"valor":0,"pictos componentes":[{"id":628,"esSugerencia":false},{"id":44,"esSugerencia":false},{"id":29,"esSugerencia":false},{"id":820,"esSugerencia":false},{"id":1,"esSugerencia":true},{"id":101,"esSugerencia":true},{"id":398,"esSugerencia":true},{"id":409,"esSugerencia":true},{"id":286,"esSugerencia":true}]},"fecha":1552128996131},{"frase":"quiero ir a ","frecuencia":2,"complejidad":{"valor":0,"pictos componentes":[{"id":44,"esSugerencia":false},{"id":30,"esSugerencia":false}]},"fecha":[1552129090365,1552129093041]},{"frase":"mamá quiero comer hamburguesa ","frecuencia":3,"complejidad":{"valor":0,"pictos componentes":[{"id":628,"esSugerencia":false},{"id":44,"esSugerencia":false},{"id":118,"esSugerencia":false},{"id":515,"esSugerencia":false}]},"fecha":[1552129112498,1552129116159,1552129119387]},{"frase":"mamá quiero comer hamburguesa cantar ","frecuencia":1,"complejidad":{"valor":0,"pictos componentes":[{"id":628,"esSugerencia":false},{"id":44,"esSugerencia":false},{"id":118,"esSugerencia":false},{"id":515,"esSugerencia":false},{"id":6,"esSugerencia":true}]},"fecha":1552129124886},{"frase":"mamá quiero comer hamburguesa cantar abeja leer ","frecuencia":1,"complejidad":{"valor":0,"pictos componentes":[{"id":628,"esSugerencia":false},{"id":44,"esSugerencia":false},{"id":118,"esSugerencia":false},{"id":515,"esSugerencia":false},{"id":6,"esSugerencia":true},{"id":283,"esSugerencia":true},{"id":32,"esSugerencia":true}]},"fecha":1552129130785},{"frase":"quiero ir a pasear ","frecuencia":7,"complejidad":{"valor":0,"pictos componentes":[{"id":44,"esSugerencia":false},{"id":30,"esSugerencia":false},{"id":38,"esSugerencia":true}]},"fecha":[1552129219822,1552129223850,1552129230255,1552129233647,1552129235503,1552129238590,1552129241369]},{"frase":"quiero ir a pasear jardín ","frecuencia":2,"complejidad":{"valor":0,"pictos componentes":[{"id":44,"esSugerencia":false},{"id":30,"esSugerencia":false},{"id":38,"esSugerencia":true},{"id":672,"esSugerencia":true}]},"fecha":[1552129245440,1552129249413]},{"frase":"quiero ir a pasear jardín amigos ","frecuencia":1,"complejidad":{"valor":0,"pictos componentes":[{"id":44,"esSugerencia":false},{"id":30,"esSugerencia":false},{"id":38,"esSugerencia":true},{"id":672,"esSugerencia":true},{"id":615,"esSugerencia":true}]},"fecha":1552129253580},{"frase":"quiero ir a pasear jardín amigos ¿Qué color es? ","frecuencia":1,"complejidad":{"valor":0,"pictos componentes":[{"id":44,"esSugerencia":false},{"id":30,"esSugerencia":false},{"id":38,"esSugerencia":true},{"id":672,"esSugerencia":true},{"id":615,"esSugerencia":true},{"id":745,"esSugerencia":true}]},"fecha":1552129258381},{"frase":"quiero ir a pasear jardín amigos ¿Qué color es? colores Hola ¿Cómo estás? estoy bien animales borrar axila el barrilete colores Hola ¿Cómo estás? estoy bien ","frecuencia":1,"complejidad":{"valor":0,"pictos componentes":[{"id":44,"esSugerencia":false},{"id":30,"esSugerencia":false},{"id":38,"esSugerencia":true},{"id":672,"esSugerencia":true},{"id":615,"esSugerencia":true},{"id":745,"esSugerencia":true},{"id":737,"esSugerencia":true},{"id":377,"esSugerencia":true},{"id":378,"esSugerencia":false},{"id":22,"esSugerencia":false},{"id":133,"esSugerencia":false},{"id":286,"esSugerencia":true},{"id":4,"esSugerencia":true},{"id":776,"esSugerencia":true},{"id":976,"esSugerencia":true},{"id":737,"esSugerencia":true},{"id":377,"esSugerencia":false},{"id":378,"esSugerencia":false},{"id":22,"esSugerencia":false},{"id":133,"esSugerencia":false}]},"fecha":1552129287150},{"frase":"yo estoy ","frecuencia":2,"complejidad":{"valor":0,"pictos componentes":[{"id":643,"esSugerencia":false},{"id":22,"esSugerencia":false}]},"fecha":[1552129310207,1552342649125]},{"frase":"yo estoy feliz ","frecuencia":1,"complejidad":{"valor":0,"pictos componentes":[{"id":643,"esSugerencia":false},{"id":22,"esSugerencia":false},{"id":181,"esSugerencia":false}]},"fecha":1552129327494},{"frase":"yo estoy feliz cantar ","frecuencia":2,"complejidad":{"valor":0,"pictos componentes":[{"id":643,"esSugerencia":false},{"id":22,"esSugerencia":false},{"id":181,"esSugerencia":false},{"id":6,"esSugerencia":true}]},"fecha":[1552129331098,1552129335238]},{"frase":"yo quiero comer pera ","frecuencia":1,"complejidad":{"valor":0,"pictos componentes":[{"id":643,"esSugerencia":false},{"id":44,"esSugerencia":false},{"id":118,"esSugerencia":false},{"id":475,"esSugerencia":true}]},"fecha":1552129379159},{"frase":"yo quiero comer pera lagarto ","frecuencia":1,"complejidad":{"valor":0,"pictos componentes":[{"id":643,"esSugerencia":false},{"id":44,"esSugerencia":false},{"id":118,"esSugerencia":false},{"id":475,"esSugerencia":true},{"id":322,"esSugerencia":true}]},"fecha":1552129383140},{"frase":"yo quiero comer pera lagarto avión ","frecuencia":1,"complejidad":{"valor":0,"pictos componentes":[{"id":643,"esSugerencia":false},{"id":44,"esSugerencia":false},{"id":118,"esSugerencia":false},{"id":475,"esSugerencia":true},{"id":322,"esSugerencia":true},{"id":606,"esSugerencia":true}]},"fecha":1552129388064},{"frase":"yo quiero jugar con ","frecuencia":2,"complejidad":{"valor":0,"pictos componentes":[{"id":643,"esSugerencia":false},{"id":44,"esSugerencia":false},{"id":34,"edad":["NINO"],"esSugerencia":false}]},"fecha":[1552129405425,1552129432720]},{"frase":"yo quiero jugar con el juguete ","frecuencia":3,"complejidad":{"valor":0,"pictos componentes":[{"id":643,"esSugerencia":false},{"id":44,"esSugerencia":false},{"id":34,"edad":["NINO"],"esSugerencia":false},{"id":761,"esSugerencia":false}]},"fecha":[1552129410893,1552129414492,1552129417920]},{"frase":"yo quiero jugar con el juguete rosa ","frecuencia":1,"complejidad":{"valor":0,"pictos componentes":[{"id":643,"esSugerencia":false},{"id":44,"esSugerencia":false},{"id":34,"edad":["NINO"],"esSugerencia":false},{"id":761,"esSugerencia":false},{"id":747,"esSugerencia":false}]},"fecha":1552129424676},{"frase":"","frecuencia":7,"complejidad":{"valor":0,"pictos componentes":[]},"fecha":[1552129444124,1552431777971,1552431798507,1552740475397,1552756206113,1552945353932,1553117999783]},{"frase":"quiero jugar con el juguete ","frecuencia":3,"complejidad":{"valor":0,"pictos componentes":[{"id":44,"esSugerencia":false},{"id":34,"edad":["NINO"],"esSugerencia":false},{"id":761,"esSugerencia":false}]},"fecha":[1552129478642,1552129482968,1552129499666]},{"frase":"quiero jugar con el juguete negro ","frecuencia":1,"complejidad":{"valor":0,"pictos componentes":[{"id":44,"esSugerencia":false},{"id":34,"edad":["NINO"],"esSugerencia":false},{"id":761,"esSugerencia":false},{"id":743,"esSugerencia":false}]},"fecha":1552129487009},{"frase":"quiero jugar con el juguete negro colores ","frecuencia":1,"complejidad":{"valor":0,"pictos componentes":[{"id":44,"esSugerencia":false},{"id":34,"edad":["NINO"],"esSugerencia":false},{"id":761,"esSugerencia":false},{"id":743,"esSugerencia":false},{"id":737,"esSugerencia":true}]},"fecha":1552129491685},{"frase":"quiero ","frecuencia":1,"complejidad":{"valor":0,"pictos componentes":[{"id":44,"esSugerencia":false}]},"fecha":1552129509230},{"frase":"yo quiero comer verduras ","frecuencia":2,"complejidad":{"valor":0,"pictos componentes":[{"id":643,"esSugerencia":false},{"id":44,"esSugerencia":false},{"id":118,"esSugerencia":false},{"id":478,"esSugerencia":false}]},"fecha":[1552182049433,1552182053284]},{"frase":"yo quiero yogur coche yo tengo ","frecuencia":1,"complejidad":{"valor":0,"pictos componentes":[{"id":643,"esSugerencia":false},{"id":44,"esSugerencia":false},{"id":484,"esSugerencia":true},{"id":608,"esSugerencia":true},{"id":643,"esSugerencia":true},{"id":49,"esSugerencia":false}]},"fecha":1552182136027},{"frase":"mamá quiero comer queso ","frecuencia":1,"complejidad":{"valor":0,"pictos componentes":[{"id":628,"esSugerencia":false},{"id":44,"esSugerencia":false},{"id":118,"esSugerencia":false},{"id":521,"esSugerencia":false}]},"fecha":1552229610438},{"frase":"mamá quiero comer queso comer un sandwich ","frecuencia":9,"complejidad":{"valor":0,"pictos componentes":[{"id":628,"esSugerencia":false},{"id":44,"esSugerencia":false},{"id":118,"esSugerencia":false},{"id":521,"esSugerencia":false},{"id":12,"esSugerencia":true}]},"fecha":[1552229615253,1552229630146,1552229634193,1552229638344,1552229665511,1552229670008,1552229674341,1552229678706,1552229682591]},{"frase":"mamá quiero comer queso comer un sandwich besar ","frecuencia":7,"complejidad":{"valor":0,"pictos componentes":[{"id":628,"esSugerencia":false},{"id":44,"esSugerencia":false},{"id":118,"esSugerencia":false},{"id":521,"esSugerencia":false},{"id":12,"esSugerencia":true},{"id":64,"esSugerencia":true}]},"fecha":[1552229620805,1552229686800,1552229691420,1552229696416,1552229700761,1552229705717,1552229715923]},{"frase":"mamá quiero comer queso comer un sandwich besar buscar ","frecuencia":1,"complejidad":{"valor":0,"pictos componentes":[{"id":628,"esSugerencia":false},{"id":44,"esSugerencia":false},{"id":118,"esSugerencia":false},{"id":521,"esSugerencia":false},{"id":12,"esSugerencia":true},{"id":64,"esSugerencia":false},{"id":5,"esSugerencia":true}]},"fecha":1552229992570},{"frase":"mamá quiero comer pollo jirafa kiwi ","frecuencia":2,"complejidad":{"valor":0,"pictos componentes":[{"id":628,"esSugerencia":false},{"id":44,"esSugerencia":false},{"id":118,"esSugerencia":false},{"id":504,"esSugerencia":false},{"id":320,"esSugerencia":true},{"id":423,"esSugerencia":true}]},"fecha":[1552342506426,1552342510568]},{"frase":"mamá quiero comer pollo jirafa kiwi arroz ","frecuencia":2,"complejidad":{"valor":0,"pictos componentes":[{"id":628,"esSugerencia":false},{"id":44,"esSugerencia":false},{"id":118,"esSugerencia":false},{"id":504,"esSugerencia":false},{"id":320,"esSugerencia":true},{"id":423,"esSugerencia":true},{"id":481,"esSugerencia":true}]},"fecha":[1552342518817,1552342523076]},{"frase":"mamá ¿Cómo estás? ","frecuencia":3,"complejidad":{"valor":0,"pictos componentes":[{"id":628,"esSugerencia":false},{"id":378,"esSugerencia":false}]},"fecha":[1552342553910,1552342556596,1552845124028]},{"frase":"mamá ¿Cómo estás? estoy ","frecuencia":2,"complejidad":{"valor":0,"pictos componentes":[{"id":628,"esSugerencia":false},{"id":378,"esSugerencia":false},{"id":22,"esSugerencia":false}]},"fecha":[1552342559599,1552845127648]},{"frase":"mamá ¿Cómo estás? estoy bien animales ","frecuencia":5,"complejidad":{"valor":0,"pictos componentes":[{"id":628,"esSugerencia":false},{"id":378,"esSugerencia":false},{"id":22,"esSugerencia":false},{"id":133,"esSugerencia":false},{"id":286,"esSugerencia":false}]},"fecha":[1552342564236,1552342568507,1552342572977,1552342577868,1552845134657]},{"frase":"mamá ¿Cómo estás? estoy bien animales águila ","frecuencia":1,"complejidad":{"valor":0,"pictos componentes":[{"id":628,"esSugerencia":false},{"id":378,"esSugerencia":false},{"id":22,"esSugerencia":false},{"id":133,"esSugerencia":false},{"id":286,"esSugerencia":false},{"id":284,"esSugerencia":true}]},"fecha":1552342582992},{"frase":"yo ","frecuencia":1,"complejidad":{"valor":0,"pictos componentes":[{"id":643,"esSugerencia":false}]},"fecha":1552342596142},{"frase":"yo comer queso ","frecuencia":3,"complejidad":{"valor":0,"pictos componentes":[{"id":643,"esSugerencia":false},{"id":118,"esSugerencia":true},{"id":521,"esSugerencia":false}]},"fecha":[1552342600449,1552342603518,1552342605687]},{"frase":"yo comer queso comer un sandwich ","frecuencia":1,"complejidad":{"valor":0,"pictos componentes":[{"id":643,"esSugerencia":false},{"id":118,"esSugerencia":true},{"id":521,"esSugerencia":false},{"id":12,"esSugerencia":false}]},"fecha":1552342608604},{"frase":"yo comer queso comer un sandwich jugar con ","frecuencia":1,"complejidad":{"valor":0,"pictos componentes":[{"id":643,"esSugerencia":false},{"id":118,"esSugerencia":true},{"id":521,"esSugerencia":false},{"id":12,"esSugerencia":false},{"id":34,"edad":["NINO"],"esSugerencia":true}]},"fecha":1552342612848},{"frase":"yo comer queso comer un sandwich jugar con amigos ","frecuencia":3,"complejidad":{"valor":0,"pictos componentes":[{"id":643,"esSugerencia":false},{"id":118,"esSugerencia":true},{"id":521,"esSugerencia":false},{"id":12,"esSugerencia":false},{"id":34,"edad":["NINO"],"esSugerencia":true},{"id":615,"esSugerencia":false}]},"fecha":[1552342617248,1552342622414,1552342628794]},{"frase":"yo quiero cerezas ","frecuencia":1,"complejidad":{"valor":0,"pictos componentes":[{"id":643,"esSugerencia":false},{"id":44,"esSugerencia":false},{"id":404,"esSugerencia":true}]},"fecha":1552342728393},{"frase":"yo quiero cerezas heroe ","frecuencia":1,"complejidad":{"valor":0,"pictos componentes":[{"id":643,"esSugerencia":false},{"id":44,"esSugerencia":false},{"id":404,"esSugerencia":true},{"id":544,"esSugerencia":true}]},"fecha":1552342760847},{"frase":"yo quiero cerezas aburrido ","frecuencia":2,"complejidad":{"valor":0,"pictos componentes":[{"id":643,"esSugerencia":false},{"id":44,"esSugerencia":false},{"id":404,"esSugerencia":true},{"id":119,"esSugerencia":true}]},"fecha":[1552342784241,1552342787402]},{"frase":"yo quiero cerezas aburrido salir del agua ","frecuencia":2,"complejidad":{"valor":0,"pictos componentes":[{"id":643,"esSugerencia":false},{"id":44,"esSugerencia":false},{"id":404,"esSugerencia":true},{"id":119,"esSugerencia":true},{"id":99,"esSugerencia":true}]},"fecha":[1552342796326,1552342803502]},{"frase":"papá ","frecuencia":3,"complejidad":{"valor":0,"pictos componentes":[{"id":632,"esSugerencia":false}]},"fecha":[1552342825979,1552342829981,1552342832242]},{"frase":"papá pasear ","frecuencia":1,"complejidad":{"valor":0,"pictos componentes":[{"id":632,"esSugerencia":false},{"id":38,"esSugerencia":true}]},"fecha":1552342836641},{"frase":"papá pasear hermana ","frecuencia":2,"complejidad":{"valor":0,"pictos componentes":[{"id":632,"esSugerencia":false},{"id":38,"esSugerencia":true},{"id":624,"esSugerencia":true}]},"fecha":[1552342844344,1552342848992]},{"frase":"papá pasear hermana fruta quiero ","frecuencia":2,"complejidad":{"valor":0,"pictos componentes":[{"id":632,"esSugerencia":false},{"id":38,"esSugerencia":true},{"id":624,"esSugerencia":true},{"id":483,"esSugerencia":true},{"id":44,"esSugerencia":true}]},"fecha":[1552342855140,1552342859807]},{"frase":"papá pasear hermana fruta nadar ","frecuencia":1,"complejidad":{"valor":0,"pictos componentes":[{"id":632,"esSugerencia":false},{"id":38,"esSugerencia":true},{"id":624,"esSugerencia":true},{"id":483,"esSugerencia":true},{"id":86,"esSugerencia":true}]},"fecha":1552342891515},{"frase":"papá pasear hermana fruta nadar rojo ","frecuencia":1,"complejidad":{"valor":0,"pictos componentes":[{"id":632,"esSugerencia":false},{"id":38,"esSugerencia":true},{"id":624,"esSugerencia":true},{"id":483,"esSugerencia":true},{"id":86,"esSugerencia":true},{"id":746,"esSugerencia":true}]},"fecha":1552342904410},{"frase":"papá pasear hermana fruta nadar rojo verde azul ","frecuencia":1,"complejidad":{"valor":0,"pictos componentes":[{"id":632,"esSugerencia":false},{"id":38,"esSugerencia":true},{"id":624,"esSugerencia":true},{"id":483,"esSugerencia":true},{"id":86,"esSugerencia":true},{"id":746,"esSugerencia":true},{"id":749,"esSugerencia":true},{"id":734,"esSugerencia":true}]},"fecha":1552342911762},{"frase":"papá pasear hermana fruta nadar rojo verde azul chimpancé perro ","frecuencia":2,"complejidad":{"valor":0,"pictos componentes":[{"id":632,"esSugerencia":false},{"id":38,"esSugerencia":true},{"id":624,"esSugerencia":true},{"id":483,"esSugerencia":true},{"id":86,"esSugerencia":true},{"id":746,"esSugerencia":true},{"id":749,"esSugerencia":true},{"id":734,"esSugerencia":true},{"id":302,"esSugerencia":true},{"id":342,"esSugerencia":true}]},"fecha":[1552342922031,1552342928680]},{"frase":"papá pasear hermana fruta nadar rojo verde azul chimpancé ","frecuencia":1,"complejidad":{"valor":0,"pictos componentes":[{"id":632,"esSugerencia":false},{"id":38,"esSugerencia":true},{"id":624,"esSugerencia":true},{"id":483,"esSugerencia":true},{"id":86,"esSugerencia":true},{"id":746,"esSugerencia":true},{"id":749,"esSugerencia":true},{"id":734,"esSugerencia":true},{"id":302,"esSugerencia":true}]},"fecha":1552342936080},{"frase":"cabra caballito de mar jirafa pie ","frecuencia":1,"complejidad":{"valor":0,"pictos componentes":[{"id":294},{"id":292,"esSugerencia":true},{"id":320,"esSugerencia":true},{"id":799,"esSugerencia":true}]},"fecha":1552343005978},{"frase":"cabra caballito de mar jirafa pie blanco ","frecuencia":2,"complejidad":{"valor":0,"pictos componentes":[{"id":294},{"id":292,"esSugerencia":true},{"id":320,"esSugerencia":true},{"id":799,"esSugerencia":true},{"id":736,"esSugerencia":true}]},"fecha":[1552343015848,1552343023249]},{"frase":"escuela ","frecuencia":1,"complejidad":{"valor":0,"pictos componentes":[{"id":662,"esSugerencia":false}]},"fecha":1552343095505},{"frase":"escuela ¿Qué color es? ","frecuencia":4,"complejidad":{"valor":0,"pictos componentes":[{"id":662,"esSugerencia":false},{"id":745,"esSugerencia":true}]},"fecha":[1552343139473,1552343159624,1552343164232,1552343169363]},{"frase":"escuela ¿Qué color es? ¿Qué color es? ","frecuencia":1,"complejidad":{"valor":0,"pictos componentes":[{"id":662,"esSugerencia":false},{"id":745,"esSugerencia":true},{"id":745,"esSugerencia":true}]},"fecha":1552343149078},{"frase":"escuela ¿Qué color es? ¿Qué color es? ¿Qué color es? ","frecuencia":1,"complejidad":{"valor":0,"pictos componentes":[{"id":662,"esSugerencia":false},{"id":745,"esSugerencia":true},{"id":745,"esSugerencia":true},{"id":745,"esSugerencia":false}]},"fecha":1552343153907},{"frase":"escuela ¿Qué color es? ¿Qué color es? la armónica ","frecuencia":1,"complejidad":{"valor":0,"pictos componentes":[{"id":662,"esSugerencia":false},{"id":745,"esSugerencia":true},{"id":745,"esSugerencia":true},{"id":848,"esSugerencia":true}]},"fecha":1552343183660},{"frase":"mamá quiero comer verduras caliente ","frecuencia":3,"complejidad":{"valor":0,"pictos componentes":[{"id":628,"esSugerencia":false},{"id":44,"esSugerencia":false},{"id":118,"esSugerencia":false},{"id":478,"esSugerencia":false},{"id":140,"esSugerencia":false}]},"fecha":[1552345467063,1552422922818,1552422927111]},{"frase":"mamá quiero comer verduras caliente té ","frecuencia":1,"complejidad":{"valor":0,"pictos componentes":[{"id":628,"esSugerencia":false},{"id":44,"esSugerencia":false},{"id":118,"esSugerencia":false},{"id":478,"esSugerencia":false},{"id":140,"esSugerencia":false},{"id":499,"esSugerencia":true}]},"fecha":1552422932641},{"frase":"mamá quiero comer verduras caliente té cepillarme los dientes . ¿me ayudas? aunque estoy mal ","frecuencia":3,"complejidad":{"valor":0,"pictos componentes":[{"id":628,"esSugerencia":false},{"id":44,"esSugerencia":false},{"id":118,"esSugerencia":false},{"id":478,"esSugerencia":false},{"id":140,"esSugerencia":false},{"id":499,"esSugerencia":true},{"id":11,"esSugerencia":true},{"id":385,"esSugerencia":false},{"id":889,"esSugerencia":true},{"id":22,"esSugerencia":false},{"id":205,"esSugerencia":false}]},"fecha":[1552422950924,1552422960735,1552422970406]},{"frase":"mamá tengo ","frecuencia":3,"complejidad":{"valor":0,"pictos componentes":[{"id":628,"esSugerencia":false},{"id":49,"esSugerencia":false}]},"fecha":[1552431782363,1552431785556,1552431788022]},{"frase":"mamá dame ","frecuencia":1,"complejidad":{"valor":0,"pictos componentes":[{"id":628,"esSugerencia":false},{"id":14,"esSugerencia":false}]},"fecha":1552431808990},{"frase":"mamá dame la tablet ","frecuencia":2,"complejidad":{"valor":0,"pictos componentes":[{"id":628,"esSugerencia":false},{"id":14,"esSugerencia":false},{"id":774,"esSugerencia":false}]},"fecha":[1552431819093,1552431822432]},{"frase":"mamá dame la tablet escuela ","frecuencia":3,"complejidad":{"valor":0,"pictos componentes":[{"id":628,"esSugerencia":false},{"id":14,"esSugerencia":false},{"id":774,"esSugerencia":false},{"id":662,"esSugerencia":true}]},"fecha":[1552431826619,1552431830183,1552431833118]},{"frase":"mamá dame la tablet escuela ¿Qué color es? ","frecuencia":1,"complejidad":{"valor":0,"pictos componentes":[{"id":628,"esSugerencia":false},{"id":14,"esSugerencia":false},{"id":774,"esSugerencia":false},{"id":662,"esSugerencia":true},{"id":745,"esSugerencia":false}]},"fecha":1552431836877},{"frase":"mamá dame la tablet escuela ¿Qué color es? colores ","frecuencia":1,"complejidad":{"valor":0,"pictos componentes":[{"id":628,"esSugerencia":false},{"id":14,"esSugerencia":false},{"id":774,"esSugerencia":false},{"id":662,"esSugerencia":true},{"id":745,"esSugerencia":false},{"id":737,"esSugerencia":false}]},"fecha":1552431841820},{"frase":"mamá quiero comer manzana ","frecuencia":1,"complejidad":{"valor":0,"pictos componentes":[{"id":628,"esSugerencia":false},{"id":44,"esSugerencia":false},{"id":118,"esSugerencia":false},{"id":474,"esSugerencia":false}]},"fecha":1552431866967},{"frase":"mamá quiero comer manzana camello ","frecuencia":1,"complejidad":{"valor":0,"pictos componentes":[{"id":628,"esSugerencia":false},{"id":44,"esSugerencia":false},{"id":118,"esSugerencia":false},{"id":474,"esSugerencia":false},{"id":296,"esSugerencia":true}]},"fecha":1552431870811},{"frase":"mamá quiero comer manzana camello chimpancé ","frecuencia":1,"complejidad":{"valor":0,"pictos componentes":[{"id":628,"esSugerencia":false},{"id":44,"esSugerencia":false},{"id":118,"esSugerencia":false},{"id":474,"esSugerencia":false},{"id":296,"esSugerencia":true},{"id":302,"esSugerencia":true}]},"fecha":1552431875077},{"frase":"mamá quiero comer manzana camello chimpancé dinosaurio ","frecuencia":8,"complejidad":{"valor":0,"pictos componentes":[{"id":628,"esSugerencia":false},{"id":44,"esSugerencia":false},{"id":118,"esSugerencia":false},{"id":474,"esSugerencia":false},{"id":296,"esSugerencia":true},{"id":302,"esSugerencia":true},{"id":307,"esSugerencia":true}]},"fecha":[1552431896562,1552431902420,1552431909204,1552431914716,1552431920683,1552431926182,1552431932272,1552431937972]},{"frase":"mamá quiero comer manzana camello chimpancé dinosaurio bufanda ","frecuencia":3,"complejidad":{"valor":0,"pictos componentes":[{"id":628,"esSugerencia":false},{"id":44,"esSugerencia":false},{"id":118,"esSugerencia":false},{"id":474,"esSugerencia":false},{"id":296,"esSugerencia":true},{"id":302,"esSugerencia":true},{"id":307,"esSugerencia":true},{"id":936,"esSugerencia":true}]},"fecha":[1552431944871,1552431951433,1552431958289]},{"frase":"mamá quiero comer manzana camello chimpancé dinosaurio poni ","frecuencia":1,"complejidad":{"valor":0,"pictos componentes":[{"id":628,"esSugerencia":false},{"id":44,"esSugerencia":false},{"id":118,"esSugerencia":false},{"id":474,"esSugerencia":false},{"id":296,"esSugerencia":true},{"id":302,"esSugerencia":true},{"id":307,"esSugerencia":true},{"id":347,"esSugerencia":true}]},"fecha":1552431974584},{"frase":"mamá quiero comer manzana camello chimpancé dinosaurio poni huevo frito ","frecuencia":1,"complejidad":{"valor":0,"pictos componentes":[{"id":628,"esSugerencia":false},{"id":44,"esSugerencia":false},{"id":118,"esSugerencia":false},{"id":474,"esSugerencia":false},{"id":296,"esSugerencia":true},{"id":302,"esSugerencia":true},{"id":307,"esSugerencia":true},{"id":347,"esSugerencia":true},{"id":421,"esSugerencia":true}]},"fecha":1552431993051},{"frase":"cepillarme los dientes ","frecuencia":1,"complejidad":{"valor":0,"pictos componentes":[{"id":11,"esSugerencia":true}]},"fecha":1552507747715},{"frase":"mamá quiero comer verduras dibujar ","frecuencia":2,"complejidad":{"valor":0,"pictos componentes":[{"id":628,"esSugerencia":false},{"id":44,"esSugerencia":false},{"id":118,"esSugerencia":false},{"id":478,"esSugerencia":false},{"id":15,"esSugerencia":true}]},"fecha":[1552507784291,1552507789811]},{"frase":"mamá quiero comer verduras dibujar paseo ","frecuencia":1,"complejidad":{"valor":0,"pictos componentes":[{"id":628,"esSugerencia":false},{"id":44,"esSugerencia":false},{"id":118,"esSugerencia":false},{"id":478,"esSugerencia":false},{"id":15,"esSugerencia":true},{"id":732,"esSugerencia":true}]},"fecha":1552507793532},{"frase":"mamá quiero comer verduras dibujar paseo sorpresa ","frecuencia":2,"complejidad":{"valor":0,"pictos componentes":[{"id":628,"esSugerencia":false},{"id":44,"esSugerencia":false},{"id":118,"esSugerencia":false},{"id":478,"esSugerencia":false},{"id":15,"esSugerencia":true},{"id":732,"esSugerencia":true},{"id":725,"esSugerencia":true}]},"fecha":[1552507799604,1552507807258]},{"frase":"mamá quiero comer verduras dibujar paseo sorpresa natación azul chimpancé dinosaurio ","frecuencia":2,"complejidad":{"valor":0,"pictos componentes":[{"id":628,"esSugerencia":false},{"id":44,"esSugerencia":false},{"id":118,"esSugerencia":false},{"id":478,"esSugerencia":false},{"id":15,"esSugerencia":true},{"id":732,"esSugerencia":true},{"id":725,"esSugerencia":true},{"id":1018,"esSugerencia":true},{"id":734,"esSugerencia":true},{"id":302,"esSugerencia":false},{"id":307,"esSugerencia":false}]},"fecha":[1552507826876,1552507835606]},{"frase":"mamá quiero comer verduras dibujar paseo sorpresa natación azul chimpancé dinosaurio estrella de mar cambiar de canal jugar con el juguete ","frecuencia":1,"complejidad":{"valor":0,"pictos componentes":[{"id":628,"esSugerencia":false},{"id":44,"esSugerencia":false},{"id":118,"esSugerencia":false},{"id":478,"esSugerencia":false},{"id":15,"esSugerencia":true},{"id":732,"esSugerencia":true},{"id":725,"esSugerencia":true},{"id":1018,"esSugerencia":true},{"id":734,"esSugerencia":true},{"id":302,"esSugerencia":false},{"id":307,"esSugerencia":false},{"id":309,"esSugerencia":true},{"id":8,"esSugerencia":true},{"id":34,"edad":["NINO"],"esSugerencia":true},{"id":761,"esSugerencia":false}]},"fecha":1552507882702},{"frase":"mamá quiero comer verduras dibujar paseo sorpresa natación azul chimpancé dinosaurio estrella de mar cambiar de canal jugar con el juguete blanco ","frecuencia":2,"complejidad":{"valor":0,"pictos componentes":[{"id":628,"esSugerencia":false},{"id":44,"esSugerencia":false},{"id":118,"esSugerencia":false},{"id":478,"esSugerencia":false},{"id":15,"esSugerencia":true},{"id":732,"esSugerencia":true},{"id":725,"esSugerencia":true},{"id":1018,"esSugerencia":true},{"id":734,"esSugerencia":true},{"id":302,"esSugerencia":false},{"id":307,"esSugerencia":false},{"id":309,"esSugerencia":true},{"id":8,"esSugerencia":true},{"id":34,"edad":["NINO"],"esSugerencia":true},{"id":761,"esSugerencia":false},{"id":736,"esSugerencia":false}]},"fecha":[1552507899219,1552507944511]},{"frase":"mamá quiero comer verduras dibujar paseo sorpresa natación azul chimpancé dinosaurio estrella de mar cambiar de canal jugar con el juguete blanco blanco ¿Qué color es? ¿Qué color es? ¿Qué color es? ¿Qué color es? ¿Qué color es? ","frecuencia":5,"complejidad":{"valor":0,"pictos componentes":[{"id":628,"esSugerencia":false},{"id":44,"esSugerencia":false},{"id":118,"esSugerencia":false},{"id":478,"esSugerencia":false},{"id":15,"esSugerencia":true},{"id":732,"esSugerencia":true},{"id":725,"esSugerencia":true},{"id":1018,"esSugerencia":true},{"id":734,"esSugerencia":true},{"id":302,"esSugerencia":false},{"id":307,"esSugerencia":false},{"id":309,"esSugerencia":true},{"id":8,"esSugerencia":true},{"id":34,"edad":["NINO"],"esSugerencia":true},{"id":761,"esSugerencia":false},{"id":736,"esSugerencia":false},{"id":736,"esSugerencia":true},{"id":745,"esSugerencia":true},{"id":745,"esSugerencia":false},{"id":745,"esSugerencia":false},{"id":745,"esSugerencia":false},{"id":745,"esSugerencia":false}]},"fecha":[1552507983756,1552508004491,1552508025669,1552508047528,1552508068351]},{"frase":"mamá quiero comer pollo huevo frito y ","frecuencia":1,"complejidad":{"valor":0,"pictos componentes":[{"id":628,"esSugerencia":false},{"id":44,"esSugerencia":false},{"id":118,"esSugerencia":false},{"id":504,"esSugerencia":false},{"id":421,"esSugerencia":false},{"id":923,"esSugerencia":false}]},"fecha":1552517248058},{"frase":"mamá quiero comer pollo huevo frito y amigos primavera escuchar música gato paloma perro azul la pandereta alcaucil animales ","frecuencia":4,"complejidad":{"valor":0,"pictos componentes":[{"id":628,"esSugerencia":false},{"id":44,"esSugerencia":false},{"id":118,"esSugerencia":false},{"id":504,"esSugerencia":false},{"id":421,"esSugerencia":false},{"id":923,"esSugerencia":false},{"id":615,"esSugerencia":true},{"id":817,"esSugerencia":true},{"id":20,"esSugerencia":true},{"id":313,"esSugerencia":true},{"id":335,"esSugerencia":true},{"id":342,"esSugerencia":true},{"id":734,"esSugerencia":true},{"id":862,"esSugerencia":true},{"id":392,"esSugerencia":true},{"id":286,"esSugerencia":true}]},"fecha":[1552517285305,1552517297949,1552517310245,1552517328862]},{"frase":"mamá quiero comer pollo huevo frito y amigos primavera escuchar música gato paloma perro azul la pandereta alcaucil animales rojo gelatina café pan negro un supermercado comprar ananá ","frecuencia":1,"complejidad":{"valor":0,"pictos componentes":[{"id":628,"esSugerencia":false},{"id":44,"esSugerencia":false},{"id":118,"esSugerencia":false},{"id":504,"esSugerencia":false},{"id":421,"esSugerencia":false},{"id":923,"esSugerencia":false},{"id":615,"esSugerencia":true},{"id":817,"esSugerencia":true},{"id":20,"esSugerencia":true},{"id":313,"esSugerencia":true},{"id":335,"esSugerencia":true},{"id":342,"esSugerencia":true},{"id":734,"esSugerencia":true},{"id":862,"esSugerencia":true},{"id":392,"esSugerencia":true},{"id":286,"esSugerencia":true},{"id":746,"esSugerencia":true},{"id":417,"esSugerencia":true},{"id":496,"esSugerencia":true},{"id":439,"esSugerencia":true},{"id":688,"esSugerencia":true},{"id":13,"esSugerencia":true},{"id":394,"esSugerencia":true}]},"fecha":1552517347524},{"frase":"chimpancé ","frecuencia":1,"complejidad":{"valor":0,"pictos componentes":[{"id":302,"esSugerencia":false}]},"fecha":1552517426986},{"frase":"chimpancé dinosaurio ","frecuencia":1,"complejidad":{"valor":0,"pictos componentes":[{"id":302,"esSugerencia":false},{"id":307,"esSugerencia":false}]},"fecha":1552517430208},{"frase":"chimpancé dinosaurio cisne escuela ","frecuencia":1,"complejidad":{"valor":0,"pictos componentes":[{"id":302,"esSugerencia":false},{"id":307,"esSugerencia":false},{"id":304},{"id":662,"esSugerencia":true}]},"fecha":1552517472379},{"frase":"chimpancé dinosaurio cisne ","frecuencia":4,"complejidad":{"valor":0,"pictos componentes":[{"id":302,"esSugerencia":false},{"id":307,"esSugerencia":false},{"id":304}]},"fecha":[1552517476787,1552517482696,1552517488505,1552517492062]},{"frase":"chimpancé dinosaurio poni ","frecuencia":1,"complejidad":{"valor":0,"pictos componentes":[{"id":302,"esSugerencia":false},{"id":307,"esSugerencia":false},{"id":347,"esSugerencia":false}]},"fecha":1552517500231},{"frase":"chimpancé dinosaurio poni caracol ","frecuencia":1,"complejidad":{"valor":0,"pictos componentes":[{"id":302,"esSugerencia":false},{"id":307,"esSugerencia":false},{"id":347,"esSugerencia":false},{"id":299,"esSugerencia":true}]},"fecha":1552517504303},{"frase":"chimpancé dinosaurio poni caracol chimpancé ","frecuencia":2,"complejidad":{"valor":0,"pictos componentes":[{"id":302,"esSugerencia":false},{"id":307,"esSugerencia":false},{"id":347,"esSugerencia":false},{"id":299,"esSugerencia":true},{"id":302,"esSugerencia":true}]},"fecha":[1552517508290,1552517514890]},{"frase":"chimpancé dinosaurio poni caracol chimpancé dinosaurio ","frecuencia":3,"complejidad":{"valor":0,"pictos componentes":[{"id":302,"esSugerencia":false},{"id":307,"esSugerencia":false},{"id":347,"esSugerencia":false},{"id":299,"esSugerencia":true},{"id":302,"esSugerencia":true},{"id":307,"esSugerencia":false}]},"fecha":[1552517519614,1552517525301,1552517531356]},{"frase":"chimpancé dinosaurio poni caracol chimpancé dinosaurio cisne escuela ","frecuencia":1,"complejidad":{"valor":0,"pictos componentes":[{"id":302,"esSugerencia":false},{"id":307,"esSugerencia":false},{"id":347,"esSugerencia":false},{"id":299,"esSugerencia":true},{"id":302,"esSugerencia":true},{"id":307,"esSugerencia":false},{"id":304,"esSugerencia":false},{"id":662,"esSugerencia":false}]},"fecha":1552517544747},{"frase":"mamá quiero comer verduras bueno ","frecuencia":1,"complejidad":{"valor":0,"pictos componentes":[{"id":628,"esSugerencia":false},{"id":44,"esSugerencia":false},{"id":118,"esSugerencia":false},{"id":478,"esSugerencia":false},{"id":136,"esSugerencia":true}]},"fecha":1552560170350},{"frase":"mamá quiero comer verduras bueno papá ","frecuencia":2,"complejidad":{"valor":0,"pictos componentes":[{"id":628,"esSugerencia":false},{"id":44,"esSugerencia":false},{"id":118,"esSugerencia":false},{"id":478,"esSugerencia":false},{"id":136,"esSugerencia":true},{"id":632,"esSugerencia":true}]},"fecha":[1552560175266,1552560181142]},{"frase":"mamá quiero comer verduras bueno papá ¿Cómo estás? tengo ","frecuencia":1,"complejidad":{"valor":0,"pictos componentes":[{"id":628,"esSugerencia":false},{"id":44,"esSugerencia":false},{"id":118,"esSugerencia":false},{"id":478,"esSugerencia":false},{"id":136,"esSugerencia":true},{"id":632,"esSugerencia":true},{"id":378,"esSugerencia":false},{"id":49,"esSugerencia":false}]},"fecha":1552560187502},{"frase":"mamá quiero comer verduras erizo ","frecuencia":6,"complejidad":{"valor":0,"pictos componentes":[{"id":628,"esSugerencia":false},{"id":44,"esSugerencia":false},{"id":118,"esSugerencia":false},{"id":478,"esSugerencia":false},{"id":308}]},"fecha":[1552601250476,1552601254697,1552601258094,1552845061572,1552869370334,1552945376902]},{"frase":"mamá quiero comer verduras erizo chimpancé rojo ","frecuencia":1,"complejidad":{"valor":0,"pictos componentes":[{"id":628,"esSugerencia":false},{"id":44,"esSugerencia":false},{"id":118,"esSugerencia":false},{"id":478,"esSugerencia":false},{"id":308},{"id":302,"esSugerencia":true},{"id":746,"esSugerencia":true}]},"fecha":1552601283185},{"frase":"mamá quiero comer verduras erizo chimpancé dinosaurio ","frecuencia":4,"complejidad":{"valor":0,"pictos componentes":[{"id":628,"esSugerencia":false},{"id":44,"esSugerencia":false},{"id":118,"esSugerencia":false},{"id":478,"esSugerencia":false},{"id":308},{"id":302,"esSugerencia":true},{"id":307,"esSugerencia":false}]},"fecha":[1552601295260,1552845066855,1552845084416,1552845093955]},{"frase":"mamá quiero comer verduras erizo chimpancé dinosaurio perro ","frecuencia":3,"complejidad":{"valor":0,"pictos componentes":[{"id":628,"esSugerencia":false},{"id":44,"esSugerencia":false},{"id":118,"esSugerencia":false},{"id":478,"esSugerencia":false},{"id":308},{"id":302,"esSugerencia":true},{"id":307,"esSugerencia":false},{"id":342,"esSugerencia":false}]},"fecha":[1552601334297,1552601340480,1552601372703]},{"frase":"mamá quiero comer verduras erizo chimpancé dinosaurio perro leche con cacáo ","frecuencia":1,"complejidad":{"valor":0,"pictos componentes":[{"id":628,"esSugerencia":false},{"id":44,"esSugerencia":false},{"id":118,"esSugerencia":false},{"id":478,"esSugerencia":false},{"id":308},{"id":302,"esSugerencia":true},{"id":307,"esSugerencia":false},{"id":342,"esSugerencia":false},{"id":426,"edad":["NINO"],"esSugerencia":true}]},"fecha":1552601353699},{"frase":"mamá quiero comer pollo muslo de pollo ","frecuencia":1,"complejidad":{"valor":0,"pictos componentes":[{"id":628,"esSugerencia":false},{"id":44,"esSugerencia":false},{"id":118,"esSugerencia":false},{"id":504,"esSugerencia":false},{"id":505,"esSugerencia":true}]},"fecha":1552740503325},{"frase":"mamá quiero comer pollo muslo de pollo pantalon ","frecuencia":1,"complejidad":{"valor":0,"pictos componentes":[{"id":628,"esSugerencia":false},{"id":44,"esSugerencia":false},{"id":118,"esSugerencia":false},{"id":504,"esSugerencia":false},{"id":505,"esSugerencia":true},{"id":960,"esSugerencia":true}]},"fecha":1552740508758},{"frase":"mamá quiero comer pollo muslo de pollo pantalon negro ","frecuencia":1,"complejidad":{"valor":0,"pictos componentes":[{"id":628,"esSugerencia":false},{"id":44,"esSugerencia":false},{"id":118,"esSugerencia":false},{"id":504,"esSugerencia":false},{"id":505,"esSugerencia":true},{"id":960,"esSugerencia":true},{"id":743,"esSugerencia":true}]},"fecha":1552740513484},{"frase":"mamá quiero comer pollo muslo de pollo pantalon negro acá ","frecuencia":3,"complejidad":{"valor":0,"pictos componentes":[{"id":628,"esSugerencia":false},{"id":44,"esSugerencia":false},{"id":118,"esSugerencia":false},{"id":504,"esSugerencia":false},{"id":505,"esSugerencia":true},{"id":960,"esSugerencia":true},{"id":743,"esSugerencia":true},{"id":644,"esSugerencia":true}]},"fecha":[1552740519933,1552740526201,1552740531755]},{"frase":"mamá quiero comer pollo muslo de pollo pantalon negro acá chimpancé perro chimpancé dinosaurio poni huevo frito y amigos ","frecuencia":2,"complejidad":{"valor":0,"pictos componentes":[{"id":628,"esSugerencia":false},{"id":44,"esSugerencia":false},{"id":118,"esSugerencia":false},{"id":504,"esSugerencia":false},{"id":505,"esSugerencia":true},{"id":960,"esSugerencia":true},{"id":743,"esSugerencia":true},{"id":644,"esSugerencia":true},{"id":302,"esSugerencia":true},{"id":342,"esSugerencia":false},{"id":302,"esSugerencia":true},{"id":307,"esSugerencia":false},{"id":347,"esSugerencia":false},{"id":421,"esSugerencia":false},{"id":923,"esSugerencia":false},{"id":615,"esSugerencia":false}]},"fecha":[1552740604275,1552740615765]},{"frase":"mamá quiero comer verduras chimpancé ","frecuencia":1,"complejidad":{"valor":0,"pictos componentes":[{"id":628,"esSugerencia":false},{"id":44,"esSugerencia":false},{"id":118,"esSugerencia":false},{"id":478,"esSugerencia":false},{"id":302,"esSugerencia":true}]},"fecha":1552740691111},{"frase":"mamá quiero comer verduras chimpancé dinosaurio cisne ","frecuencia":1,"complejidad":{"valor":0,"pictos componentes":[{"id":628,"esSugerencia":false},{"id":44,"esSugerencia":false},{"id":118,"esSugerencia":false},{"id":478,"esSugerencia":false},{"id":302,"esSugerencia":true},{"id":307,"esSugerencia":false},{"id":304,"esSugerencia":false}]},"fecha":1552740698178},{"frase":"mamá quiero comer verduras chimpancé dinosaurio cisne escuela ","frecuencia":2,"complejidad":{"valor":0,"pictos componentes":[{"id":628,"esSugerencia":false},{"id":44,"esSugerencia":false},{"id":118,"esSugerencia":false},{"id":478,"esSugerencia":false},{"id":302,"esSugerencia":true},{"id":307,"esSugerencia":false},{"id":304,"esSugerencia":false},{"id":662,"esSugerencia":false}]},"fecha":[1552740705038,1552740732138]},{"frase":"mamá quiero comer verduras chimpancé dinosaurio cisne escuela arándanos ","frecuencia":1,"complejidad":{"valor":0,"pictos componentes":[{"id":628,"esSugerencia":false},{"id":44,"esSugerencia":false},{"id":118,"esSugerencia":false},{"id":478,"esSugerencia":false},{"id":302,"esSugerencia":true},{"id":307,"esSugerencia":false},{"id":304,"esSugerencia":false},{"id":662,"esSugerencia":false},{"id":395,"esSugerencia":true}]},"fecha":1552740725150},{"frase":"mamá quiero comer verduras chimpancé dinosaurio cisne escuela canelones Hola ","frecuencia":1,"complejidad":{"valor":0,"pictos componentes":[{"id":628,"esSugerencia":false},{"id":44,"esSugerencia":false},{"id":118,"esSugerencia":false},{"id":478,"esSugerencia":false},{"id":302,"esSugerencia":true},{"id":307,"esSugerencia":false},{"id":304,"esSugerencia":false},{"id":662,"esSugerencia":false},{"id":400,"esSugerencia":true},{"id":377,"esSugerencia":false}]},"fecha":1552740772170},{"frase":"mamá quiero comer verduras chimpancé dinosaurio cisne escuela canelones Hola tengo verguenza seis ocho aventuras bruja dolor de cabeza dolor de Panza escuchar música gato paloma perro leche con cacáo ","frecuencia":1,"complejidad":{"valor":0,"pictos componentes":[{"id":628,"esSugerencia":false},{"id":44,"esSugerencia":false},{"id":118,"esSugerencia":false},{"id":478,"esSugerencia":false},{"id":302,"esSugerencia":true},{"id":307,"esSugerencia":false},{"id":304,"esSugerencia":false},{"id":662,"esSugerencia":false},{"id":400,"esSugerencia":true},{"id":377,"esSugerencia":false},{"id":49,"esSugerencia":false},{"id":729,"esSugerencia":false},{"id":841,"esSugerencia":true},{"id":843,"esSugerencia":true},{"id":556,"esSugerencia":true},{"id":547,"esSugerencia":true},{"id":827,"esSugerencia":true},{"id":825,"esSugerencia":true},{"id":20,"esSugerencia":true},{"id":313,"esSugerencia":false},{"id":335,"esSugerencia":false},{"id":342,"esSugerencia":false},{"id":426,"edad":["NINO"],"esSugerencia":false}]},"fecha":1552740787372},{"frase":"mamá quiero comer verduras chimpancé dinosaurio cisne escuela canelones Hola tengo verguenza seis ocho aventuras bruja dolor de cabeza dolor de Panza escuchar música gato paloma perro leche con cacáo ácido ","frecuencia":1,"complejidad":{"valor":0,"pictos componentes":[{"id":628,"esSugerencia":false},{"id":44,"esSugerencia":false},{"id":118,"esSugerencia":false},{"id":478,"esSugerencia":false},{"id":302,"esSugerencia":true},{"id":307,"esSugerencia":false},{"id":304,"esSugerencia":false},{"id":662,"esSugerencia":false},{"id":400,"esSugerencia":true},{"id":377,"esSugerencia":false},{"id":49,"esSugerencia":false},{"id":729,"esSugerencia":false},{"id":841,"esSugerencia":true},{"id":843,"esSugerencia":true},{"id":556,"esSugerencia":true},{"id":547,"esSugerencia":true},{"id":827,"esSugerencia":true},{"id":825,"esSugerencia":true},{"id":20,"esSugerencia":true},{"id":313,"esSugerencia":false},{"id":335,"esSugerencia":false},{"id":342,"esSugerencia":false},{"id":426,"edad":["NINO"],"esSugerencia":false},{"id":122}]},"fecha":1552740814818},{"frase":"mamá quiero comer verduras chimpancé dinosaurio cisne escuela canelones Hola tengo verguenza seis ocho aventuras bruja dolor de cabeza dolor de Panza escuchar música gato paloma perro leche con cacáo ácido amigos acompañar abrazar besar hacer bocadillo la castañuela ¿Qué color es? ¿Qué color es? ","frecuencia":1,"complejidad":{"valor":0,"pictos componentes":[{"id":628,"esSugerencia":false},{"id":44,"esSugerencia":false},{"id":118,"esSugerencia":false},{"id":478,"esSugerencia":false},{"id":302,"esSugerencia":true},{"id":307,"esSugerencia":false},{"id":304,"esSugerencia":false},{"id":662,"esSugerencia":false},{"id":400,"esSugerencia":true},{"id":377,"esSugerencia":false},{"id":49,"esSugerencia":false},{"id":729,"esSugerencia":false},{"id":841,"esSugerencia":true},{"id":843,"esSugerencia":true},{"id":556,"esSugerencia":true},{"id":547,"esSugerencia":true},{"id":827,"esSugerencia":true},{"id":825,"esSugerencia":true},{"id":20,"esSugerencia":true},{"id":313,"esSugerencia":false},{"id":335,"esSugerencia":false},{"id":342,"esSugerencia":false},{"id":426,"edad":["NINO"],"esSugerencia":false},{"id":122},{"id":615,"esSugerencia":true},{"id":1,"esSugerencia":true},{"id":52,"esSugerencia":true},{"id":64,"esSugerencia":true},{"id":28,"esSugerencia":true},{"id":398,"esSugerencia":true},{"id":852,"esSugerencia":true},{"id":745,"esSugerencia":true},{"id":745,"esSugerencia":false}]},"fecha":1552740835155},{"frase":"mamá quiero jugar con ","frecuencia":1,"complejidad":{"valor":0,"pictos componentes":[{"id":628,"esSugerencia":false},{"id":44,"esSugerencia":false},{"id":34,"edad":["NINO"],"esSugerencia":false}]},"fecha":1552756219840},{"frase":"mamá quiero jugar con el juguete ","frecuencia":1,"complejidad":{"valor":0,"pictos componentes":[{"id":628,"esSugerencia":false},{"id":44,"esSugerencia":false},{"id":34,"edad":["NINO"],"esSugerencia":false},{"id":761,"esSugerencia":false}]},"fecha":1552756224154},{"frase":"mamá quiero jugar con el juguete rosa ","frecuencia":1,"complejidad":{"valor":0,"pictos componentes":[{"id":628,"esSugerencia":false},{"id":44,"esSugerencia":false},{"id":34,"edad":["NINO"],"esSugerencia":false},{"id":761,"esSugerencia":false},{"id":747,"esSugerencia":false}]},"fecha":1552756228461},{"frase":"mamá quiero jugar con el juguete rosa azul ","frecuencia":1,"complejidad":{"valor":0,"pictos componentes":[{"id":628,"esSugerencia":false},{"id":44,"esSugerencia":false},{"id":34,"edad":["NINO"],"esSugerencia":false},{"id":761,"esSugerencia":false},{"id":747,"esSugerencia":false},{"id":734,"esSugerencia":true}]},"fecha":1552756235072},{"frase":"mamá quiero jugar con el juguete rosa azul yogur ","frecuencia":3,"complejidad":{"valor":0,"pictos componentes":[{"id":628,"esSugerencia":false},{"id":44,"esSugerencia":false},{"id":34,"edad":["NINO"],"esSugerencia":false},{"id":761,"esSugerencia":false},{"id":747,"esSugerencia":false},{"id":734,"esSugerencia":true},{"id":484,"esSugerencia":true}]},"fecha":[1552756239588,1552756251405,1552756259724]},{"frase":"mamá quiero jugar con el juguete rosa azul yogur yogur coche yo ","frecuencia":1,"complejidad":{"valor":0,"pictos componentes":[{"id":628,"esSugerencia":false},{"id":44,"esSugerencia":false},{"id":34,"edad":["NINO"],"esSugerencia":false},{"id":761,"esSugerencia":false},{"id":747,"esSugerencia":false},{"id":734,"esSugerencia":true},{"id":484,"esSugerencia":true},{"id":484,"esSugerencia":true},{"id":608,"esSugerencia":false},{"id":643,"esSugerencia":false}]},"fecha":1552756267310},{"frase":"mamá quiero jugar con el juguete rosa azul yogur yogur coche yo comer hamburguesa ","frecuencia":1,"complejidad":{"valor":0,"pictos componentes":[{"id":628,"esSugerencia":false},{"id":44,"esSugerencia":false},{"id":34,"edad":["NINO"],"esSugerencia":false},{"id":761,"esSugerencia":false},{"id":747,"esSugerencia":false},{"id":734,"esSugerencia":true},{"id":484,"esSugerencia":true},{"id":484,"esSugerencia":true},{"id":608,"esSugerencia":false},{"id":643,"esSugerencia":false},{"id":118,"esSugerencia":false},{"id":515,"esSugerencia":false}]},"fecha":1552756283737},{"frase":"mamá quiero jugar con el juguete rosa azul yogur yogur coche yo comer hamburguesa gato cebolla maiz ceja pestaña tronco tronco casa papá chimpancé ","frecuencia":1,"complejidad":{"valor":0,"pictos componentes":[{"id":628,"esSugerencia":false},{"id":44,"esSugerencia":false},{"id":34,"edad":["NINO"],"esSugerencia":false},{"id":761,"esSugerencia":false},{"id":747,"esSugerencia":false},{"id":734,"esSugerencia":true},{"id":484,"esSugerencia":true},{"id":484,"esSugerencia":true},{"id":608,"esSugerencia":false},{"id":643,"esSugerencia":false},{"id":118,"esSugerencia":false},{"id":515,"esSugerencia":false},{"id":313,"esSugerencia":true},{"id":403,"esSugerencia":true},{"id":430,"esSugerencia":true},{"id":779,"esSugerencia":true},{"id":798,"esSugerencia":true},{"id":808,"esSugerencia":true},{"id":808,"esSugerencia":true},{"id":653,"esSugerencia":true},{"id":632,"esSugerencia":true},{"id":302,"esSugerencia":false}]},"fecha":1552756328902},{"frase":"mamá quiero jugar con el juguete rosa azul yogur yogur coche yo comer hamburguesa gato cebolla maiz ceja pestaña tronco tronco casa ","frecuencia":2,"complejidad":{"valor":0,"pictos componentes":[{"id":628,"esSugerencia":false},{"id":44,"esSugerencia":false},{"id":34,"edad":["NINO"],"esSugerencia":false},{"id":761,"esSugerencia":false},{"id":747,"esSugerencia":false},{"id":734,"esSugerencia":true},{"id":484,"esSugerencia":true},{"id":484,"esSugerencia":true},{"id":608,"esSugerencia":false},{"id":643,"esSugerencia":false},{"id":118,"esSugerencia":false},{"id":515,"esSugerencia":false},{"id":313,"esSugerencia":true},{"id":403,"esSugerencia":true},{"id":430,"esSugerencia":true},{"id":779,"esSugerencia":true},{"id":798,"esSugerencia":true},{"id":808,"esSugerencia":true},{"id":808,"esSugerencia":true},{"id":653,"esSugerencia":true}]},"fecha":[1552756344964,1552756366028]},{"frase":"mamá quiero comer verduras erizo chimpancé dinosaurio estrella de mar ","frecuencia":2,"complejidad":{"valor":0,"pictos componentes":[{"id":628,"esSugerencia":false},{"id":44,"esSugerencia":false},{"id":118,"esSugerencia":false},{"id":478,"esSugerencia":false},{"id":308,"esSugerencia":false},{"id":302,"esSugerencia":false},{"id":307,"esSugerencia":false},{"id":309,"esSugerencia":false}]},"fecha":[1552845099211,1552845108786]},{"frase":"mamá ¿Cómo estás? estoy bien ","frecuencia":1,"complejidad":{"valor":0,"pictos componentes":[{"id":628,"esSugerencia":false},{"id":378,"esSugerencia":false},{"id":22,"esSugerencia":false},{"id":133,"esSugerencia":false}]},"fecha":1552845131082},{"frase":"mamá ¿Cómo estás? estoy bien animales abuelo ","frecuencia":1,"complejidad":{"valor":0,"pictos componentes":[{"id":628,"esSugerencia":false},{"id":378,"esSugerencia":false},{"id":22,"esSugerencia":false},{"id":133,"esSugerencia":false},{"id":286,"esSugerencia":false},{"id":614,"esSugerencia":true}]},"fecha":1552845139006},{"frase":"mamá ¿Cómo estás? estoy bien animales abuelo quiero ","frecuencia":1,"complejidad":{"valor":0,"pictos componentes":[{"id":628,"esSugerencia":false},{"id":378,"esSugerencia":false},{"id":22,"esSugerencia":false},{"id":133,"esSugerencia":false},{"id":286,"esSugerencia":false},{"id":614,"esSugerencia":true},{"id":44,"esSugerencia":false}]},"fecha":1552845143874},{"frase":"mamá ¿Cómo estás? estoy bien animales abuelo quiero comer ","frecuencia":1,"complejidad":{"valor":0,"pictos componentes":[{"id":628,"esSugerencia":false},{"id":378,"esSugerencia":false},{"id":22,"esSugerencia":false},{"id":133,"esSugerencia":false},{"id":286,"esSugerencia":false},{"id":614,"esSugerencia":true},{"id":44,"esSugerencia":false},{"id":118,"esSugerencia":false}]},"fecha":1552845150268},{"frase":"mamá quiero comer verduras erizo chimpancé ","frecuencia":4,"complejidad":{"valor":0,"pictos componentes":[{"id":628,"esSugerencia":false},{"id":44,"esSugerencia":false},{"id":118,"esSugerencia":false},{"id":478,"esSugerencia":false},{"id":308,"esSugerencia":false},{"id":302,"esSugerencia":false}]},"fecha":[1552869373846,1552869380040,1552945380749,1552945387287]},{"frase":"mamá quiero comer verduras erizo chimpancé dinosaurio poni ","frecuencia":2,"complejidad":{"valor":0,"pictos componentes":[{"id":628,"esSugerencia":false},{"id":44,"esSugerencia":false},{"id":118,"esSugerencia":false},{"id":478,"esSugerencia":false},{"id":308,"esSugerencia":false},{"id":302,"esSugerencia":false},{"id":307,"esSugerencia":false},{"id":347,"esSugerencia":false}]},"fecha":[1552869385347,1552945394780]},{"frase":"mamá quiero comer verduras erizo chimpancé dinosaurio poni caracol chimpancé alcaucil ","frecuencia":1,"complejidad":{"valor":0,"pictos componentes":[{"id":628,"esSugerencia":false},{"id":44,"esSugerencia":false},{"id":118,"esSugerencia":false},{"id":478,"esSugerencia":false},{"id":308,"esSugerencia":false},{"id":302,"esSugerencia":false},{"id":307,"esSugerencia":false},{"id":347,"esSugerencia":false},{"id":299,"esSugerencia":false},{"id":302,"esSugerencia":false},{"id":392,"esSugerencia":true}]},"fecha":1552869415331},{"frase":"mamá quiero comer verduras erizo chimpancé dinosaurio poni animales chimpancé ","frecuencia":2,"complejidad":{"valor":0,"pictos componentes":[{"id":628,"esSugerencia":false},{"id":44,"esSugerencia":false},{"id":118,"esSugerencia":false},{"id":478,"esSugerencia":false},{"id":308,"esSugerencia":false},{"id":302,"esSugerencia":false},{"id":307,"esSugerencia":false},{"id":347,"esSugerencia":false},{"id":286,"esSugerencia":false},{"id":302,"esSugerencia":false}]},"fecha":[1552869464818,1552869472783]},{"frase":"mamá quiero comer verduras erizo chimpancé dinosaurio poni caracol chimpancé ","frecuencia":2,"complejidad":{"valor":0,"pictos componentes":[{"id":628,"esSugerencia":false},{"id":44,"esSugerencia":false},{"id":118,"esSugerencia":false},{"id":478,"esSugerencia":false},{"id":308,"esSugerencia":false},{"id":302,"esSugerencia":false},{"id":307,"esSugerencia":false},{"id":347,"esSugerencia":false},{"id":299,"esSugerencia":false},{"id":302,"esSugerencia":false}]},"fecha":[1552945428577,1552945438069]},{"frase":"mamá quiero comer verduras erizo chimpancé dinosaurio poni caracol chimpancé dinosaurio estrella de mar ","frecuencia":2,"complejidad":{"valor":0,"pictos componentes":[{"id":628,"esSugerencia":false},{"id":44,"esSugerencia":false},{"id":118,"esSugerencia":false},{"id":478,"esSugerencia":false},{"id":308,"esSugerencia":false},{"id":302,"esSugerencia":false},{"id":307,"esSugerencia":false},{"id":347,"esSugerencia":false},{"id":299,"esSugerencia":false},{"id":302,"esSugerencia":false},{"id":307,"esSugerencia":false},{"id":309,"esSugerencia":false}]},"fecha":[1552945454118,1552945465362]},{"frase":"mamá quiero comer verduras erizo chimpancé dinosaurio poni caracol chimpancé dinosaurio estrella de mar mamá ","frecuencia":1,"complejidad":{"valor":0,"pictos componentes":[{"id":628,"esSugerencia":false},{"id":44,"esSugerencia":false},{"id":118,"esSugerencia":false},{"id":478,"esSugerencia":false},{"id":308,"esSugerencia":false},{"id":302,"esSugerencia":false},{"id":307,"esSugerencia":false},{"id":347,"esSugerencia":false},{"id":299,"esSugerencia":false},{"id":302,"esSugerencia":false},{"id":307,"esSugerencia":false},{"id":309,"esSugerencia":false},{"id":628,"esSugerencia":false}]},"fecha":1552945505485},{"frase":"aburrido ","frecuencia":1,"complejidad":{"valor":0,"pictos componentes":[{"id":119,"esSugerencia":false}]},"fecha":1553118043671},{"frase":"aburrido salir del agua ","frecuencia":1,"complejidad":{"valor":0,"pictos componentes":[{"id":119,"esSugerencia":false},{"id":99,"esSugerencia":false}]},"fecha":1553118047119},{"frase":"aburrido salir del agua respirar bajo el agua ","frecuencia":1,"complejidad":{"valor":0,"pictos componentes":[{"id":119,"esSugerencia":false},{"id":99,"esSugerencia":false},{"id":96,"esSugerencia":true}]},"fecha":1553118051937},{"frase":"aburrido salir del agua respirar bajo el agua boca ","frecuencia":1,"complejidad":{"valor":0,"pictos componentes":[{"id":119,"esSugerencia":false},{"id":99,"esSugerencia":false},{"id":96,"esSugerencia":true},{"id":777,"esSugerencia":true}]},"fecha":1553118056667},{"frase":"aburrido salir del agua respirar bajo el agua boca boca ","frecuencia":1,"complejidad":{"valor":0,"pictos componentes":[{"id":119,"esSugerencia":false},{"id":99,"esSugerencia":false},{"id":96,"esSugerencia":true},{"id":777,"esSugerencia":true},{"id":777,"esSugerencia":true}]},"fecha":1553118062710},{"frase":"aburrido salir del agua respirar bajo el agua boca boca boca ","frecuencia":1,"complejidad":{"valor":0,"pictos componentes":[{"id":119,"esSugerencia":false},{"id":99,"esSugerencia":false},{"id":96,"esSugerencia":true},{"id":777,"esSugerencia":true},{"id":777,"esSugerencia":true},{"id":777,"esSugerencia":false}]},"fecha":1553118068369},{"frase":"aburrido salir del agua respirar bajo el agua boca boca boca boca boca boca boca apagar ","frecuencia":3,"complejidad":{"valor":0,"pictos componentes":[{"id":119,"esSugerencia":false},{"id":99,"esSugerencia":false},{"id":96,"esSugerencia":true},{"id":777,"esSugerencia":true},{"id":777,"esSugerencia":true},{"id":777,"esSugerencia":false},{"id":777,"esSugerencia":false},{"id":777,"esSugerencia":false},{"id":777,"esSugerencia":false},{"id":777,"esSugerencia":false},{"id":2,"esSugerencia":true}]},"fecha":[1553118083188,1553118092148,1553118113188]},{"frase":"aburrido salir del agua respirar bajo el agua boca boca boca boca boca boca boca apagar la tablet ","frecuencia":1,"complejidad":{"valor":0,"pictos componentes":[{"id":119,"esSugerencia":false},{"id":99,"esSugerencia":false},{"id":96,"esSugerencia":true},{"id":777,"esSugerencia":true},{"id":777,"esSugerencia":true},{"id":777,"esSugerencia":false},{"id":777,"esSugerencia":false},{"id":777,"esSugerencia":false},{"id":777,"esSugerencia":false},{"id":777,"esSugerencia":false},{"id":2,"esSugerencia":true},{"id":774,"esSugerencia":false}]},"fecha":1553118129144},{"frase":"aburrido salir del agua respirar bajo el agua boca boca boca boca boca boca boca apagar la tablet almendras amistad sorpresa ","frecuencia":1,"complejidad":{"valor":0,"pictos componentes":[{"id":119,"esSugerencia":false},{"id":99,"esSugerencia":false},{"id":96,"esSugerencia":true},{"id":777,"esSugerencia":true},{"id":777,"esSugerencia":true},{"id":777,"esSugerencia":false},{"id":777,"esSugerencia":false},{"id":777,"esSugerencia":false},{"id":777,"esSugerencia":false},{"id":777,"esSugerencia":false},{"id":2,"esSugerencia":true},{"id":774,"esSugerencia":false},{"id":393,"esSugerencia":true},{"id":702,"esSugerencia":true},{"id":725,"esSugerencia":false}]},"fecha":1553118171618},{"frase":"aburrido salir del agua respirar bajo el agua boca boca boca boca boca boca boca apagar la tablet almendras amistad sorpresa encender verbos ir a hospital chimpancé dinosaurio ","frecuencia":1,"complejidad":{"valor":0,"pictos componentes":[{"id":119,"esSugerencia":false},{"id":99,"esSugerencia":false},{"id":96,"esSugerencia":true},{"id":777,"esSugerencia":true},{"id":777,"esSugerencia":true},{"id":777,"esSugerencia":false},{"id":777,"esSugerencia":false},{"id":777,"esSugerencia":false},{"id":777,"esSugerencia":false},{"id":777,"esSugerencia":false},{"id":2,"esSugerencia":true},{"id":774,"esSugerencia":false},{"id":393,"esSugerencia":true},{"id":702,"esSugerencia":true},{"id":725,"esSugerencia":false},{"id":17,"esSugerencia":true},{"id":728,"esSugerencia":true},{"id":30,"esSugerencia":true},{"id":668,"esSugerencia":false},{"id":302,"esSugerencia":false},{"id":307,"esSugerencia":false}]},"fecha":1553118278379},{"frase":"aburrido salir del agua respirar bajo el agua boca boca boca boca boca boca boca apagar la tablet almendras amistad sorpresa encender verbos ir a hospital chimpancé dinosaurio aburrido salir del agua respirar bajo el agua ","frecuencia":1,"complejidad":{"valor":0,"pictos componentes":[{"id":119,"esSugerencia":false},{"id":99,"esSugerencia":false},{"id":96,"esSugerencia":true},{"id":777,"esSugerencia":true},{"id":777,"esSugerencia":true},{"id":777,"esSugerencia":false},{"id":777,"esSugerencia":false},{"id":777,"esSugerencia":false},{"id":777,"esSugerencia":false},{"id":777,"esSugerencia":false},{"id":2,"esSugerencia":true},{"id":774,"esSugerencia":false},{"id":393,"esSugerencia":true},{"id":702,"esSugerencia":true},{"id":725,"esSugerencia":false},{"id":17,"esSugerencia":true},{"id":728,"esSugerencia":true},{"id":30,"esSugerencia":true},{"id":668,"esSugerencia":false},{"id":302,"esSugerencia":false},{"id":307,"esSugerencia":false},{"id":119,"esSugerencia":true},{"id":99,"esSugerencia":false},{"id":96,"esSugerencia":false}]},"fecha":1553118302108}]