[{"frase":"Hola Buenas tardes ","frecuencia":1,"complejidad":{"valor":0,"pictos componentes":[{"id":377,"esSugerencia":false},{"id":380,"horario":["MEDIODIA","TARDE"],"esSugerencia":false}]},"fecha":1553482382853},{"frase":"yo tengo ","frecuencia":1,"complejidad":{"valor":0,"pictos componentes":[{"id":643,"esSugerencia":false},{"id":49,"esSugerencia":false}]},"fecha":1553519241262},{"frase":"dibujar ","frecuencia":1,"complejidad":{"valor":0,"pictos componentes":[{"id":15}]},"fecha":1553630028709},{"frase":"dibujar ausente abeja leer ","frecuencia":2,"complejidad":{"valor":0,"pictos componentes":[{"id":15},{"id":129,"esSugerencia":true},{"id":283,"esSugerencia":true},{"id":32,"esSugerencia":true}]},"fecha":[1553630046723,1553630049736]}]